source_year,source_file,source_url,page,text
2020,E:\shared\行业报告\2020isaps-global-survey.pdf,https://www.isaps.org/media/dzjfg50s/isaps-global-survey_2020.pdf,1,"ISAPS INTERNATIONAL SURVEY ON
AESTHETIC/COSMETIC
PROCEDURES
performed in
2020
www.isaps.org"
2020,E:\shared\行业报告\2020isaps-global-survey.pdf,https://www.isaps.org/media/dzjfg50s/isaps-global-survey_2020.pdf,2,"CONTENTS
About ISAPS .........................................................................................................page 3 Surgical Totals Ranked by Category .............................................................page 33
About the International Survey on Nonsurgical Totals Ranked by Category .....................................................page 34
Aesthetic/Cosmetic Procedures .................................................................page 4 Countries Ranked by Total Number of Procedures .................................page 35
Countries Ranked by Estimated
HIGHLIGHTS OF THE 2020 STATISTICS Number of Plastic Surgeons .............................................................................page 36
2020 Statistics at a Glance ...........................................................................pages 6-7 Surgical Procedure Group Ranking by Country .......................................page 37
Nonsurgical Procedure Group Ranking by Country ...............................page 38
NUMBER OF WORLDWIDE PROCEDURES
Number of Worldwide Surgical Procedures ...........................................page 9 PROCEDURES PERFORMED BY PLASTIC SURGEONS
Number of Worldwide Nonsurgical Procedures ...................................page 10 Number of Worldwide Surgical Procedures
Surgical Procedures by Region of the Body ...........................................page 11 Performed by Plastic Surgeons ........................................................................page 40
Nonsurgical Procedures by Type of Procedure .....................................page 12 Number of Worldwide Nonsurgical Procedures
Overview of Procedures .................................................................................page 13 Performed by Plastic Surgeons ........................................................................page 41
Percent of Plastic Surgeons Performing
PROCEDURES BY COUNTRY Each Surgical Procedure ....................................................................................page 42
USA ..........................................................................................................................page 15 Percent of Plastic Surgeons Performing
Brazil ........................................................................................................................page 16 Each Nonsurgical Procedure ...........................................................................page 44
Germany ................................................................................................................page 17
Japan ......................................................................................................................page 18 DEMOGRAPHICS
Turkey ......................................................................................................................page 19 Gender Distribution for Cosmetic Procedures – Surgical.....................page 46
Mexico .....................................................................................................................page 20 Gender Distribution for Cosmetic Procedures – Nonsurgical ............page 47
Argentina...............................................................................................................page 21 Age Distribution for Certain Cosmetic Procedures ................................page 48
Italy ..........................................................................................................................page 22 Cosmetic Procedures by Location ..................................................................page 49
Russia ......................................................................................................................page 23 Medical Tourism ......................................................................................................page 50
India .........................................................................................................................page 24
Spain ........................................................................................................................page 25 PROCEDURE INFO SHEET
Greece ....................................................................................................................page 26 Info Sheet: Surgical Procedures .......................................................................page 52
Colombia ...............................................................................................................page 27 Info Sheet: Nonsurgical Procedures...............................................................page 53
Thailand .................................................................................................................page 28
Surgical Procedures by Country ..................................................................page 29 IMPACT OF COVID-19
Nonsurgical Procedures by Country .........................................................page 30 Impact of COVID-19 ............................................................................................page 55
Countries Performing the Most
Popular Surgical Procedures ............................................................................page 31 ADDITIONAL AND RESIDENT STATISTICS
Countries Performing the Most Additional Statistics ..............................................................................................page 58
Popular Nonsurgical Procedures ....................................................................page 32 Resident Statistics .................................................................................................page 59"
2020,E:\shared\行业报告\2020isaps-global-survey.pdf,https://www.isaps.org/media/dzjfg50s/isaps-global-survey_2020.pdf,3,"ABOUT ISAPS
Founded in 1970, the International Society of Aesthetic Plastic Surgery (ISAPS)
is the world’s leading professional body for board-certified aesthetic plastic
surgeons.
Regarded as the leading global authority on aesthetic and cosmetic surgery, ISAPS’
threefold mission is to offer Aesthetic Education Worldwide®, to provide accurate
information to the public, and to promote patient safety.
ISAPS membership includes the world’s best and most respected reconstructive and
aesthetic plastic surgeons in over 100 countries. Through its rigorous membership
requirements, ISAPS plastic surgeons are considered to be among the most qualified
surgeons in their respective countries. Furthermore, ISAPS has become the gold
standard for providing continuing aesthetic education to its members, providing
training and sponsoring scientific meetings around the world.
A full list of ISAPS plastic surgeons can be found online at www.isaps.org.
2020
INTERNATIONAL
SURVEY
Please credit the International Society of Aesthetic Plastic Surgery when citing statistical data. Contact ISAPS: +44 20 7038 7812 | media@isaps.org | www.isaps.org 3"
2020,E:\shared\行业报告\2020isaps-global-survey.pdf,https://www.isaps.org/media/dzjfg50s/isaps-global-survey_2020.pdf,4,"2021 ISAPS INTERNATIONAL SURVEY ON AESTHETIC/COSMETIC
PROCEDURES PERFORMED IN 2020
METHODOLOGY
Survey participants completed a questionnaire that primarily focused on the number The Aesthetic Society provided special assistance to this year’s study by permitting
of specific surgical and nonsurgical procedures performed in 2020, along with some the use of its national statistics, which were compiled from its new, Aesthetic Neural
ancillary questions related to the impact of COVID-19, surgeon demographics, and the Network (ANN) database. The ANN database includes detailed statistics on 288
prevalence of medical tourism. U.S.-based practices. We appreciate their continued support of this international
research effort.
The International Society of Aesthetic Plastic Surgery (ISAPS) issued an invitation
to participate in the study to approximately 25,000 Plastic Surgeons whose contact Studies such as this must often address outlying responses. Though the outlying values
information is housed in its proprietary database. In addition, a request was made that may be legitimate, their presence can distort the averages, which provide the basis of
all National Societies encourage their members/constituents to take part in the survey. the estimated projections. Significant outliers in this survey were adjusted in order to
Data from a total of 1,081 plastic surgeons were compiled for this survey. protect the reasonableness of the extrapolated values. Additional standard data editing
procedures were followed to ensure responses met survey guidelines. All reported data
Final figures have been projected to reflect international statistics and are exclusively values have been analyzed for statistical reasonableness.
based on the estimated number of Plastic Surgeons actively practicing in each country
and the respondent sample. This International Survey is focused on physicians who are Country-specific data are only shown for those countries that provided a sufficient
board certified (or national equivalent) Plastic Surgeons.1 survey response for the figures to be considered valid. No adjustments other than
standard data editing procedures were applied to country-specific results. The
To aid in tallying the world-wide estimate of plastic surgeons, representatives from International Survey on Aesthetic/Cosmetic Procedures Performed in 2020 was
National Societies provided recent counts for 96% of the 49,756 total estimated plastic compiled, tabulated, and analyzed by Industry Insights, Inc., an independent research
surgeons. For those cases in which the National Society did not provide its country’s firm based in Columbus, OH. The survey leader was Scott Hackworth, a CPA and data
total, a regression model was used to estimate the number of plastic surgeons in the scientist who along with his firm has conducted various forms of research on trends in
country based on its population size and Gross Domestic Product. Aesthetic Plastic Surgery for more than 30 years.
1 It is important to note that Japan’s figures were independently fielded and provided by Kotaro Yoshimura, M.D., Professor and Chair of the Department of Plastic Surgery, Jichi Medical University. Dr. Yoshimura expanded his sample beyond
plastic surgeons, which could impact comparability among Japan and other listed countries.
2020
INTERNATIONAL
SURVEY
Please credit the International Society of Aesthetic Plastic Surgery when citing statistical data. Contact ISAPS: +44 20 7038 7812 | media@isaps.org | www.isaps.org 4"
2020,E:\shared\行业报告\2020isaps-global-survey.pdf,https://www.isaps.org/media/dzjfg50s/isaps-global-survey_2020.pdf,5,"HIGHLIGHTS
OF THE INTERNATIONAL SURVEY ON
AESTHETIC/COSMETIC
PROCEDURES
PERFORMED IN 2020"
2020,E:\shared\行业报告\2020isaps-global-survey.pdf,https://www.isaps.org/media/dzjfg50s/isaps-global-survey_2020.pdf,6,"2020 STATISTICS AT A GLANCE
Top 5 Top 5 Top 5
surgical procedures surgical procedures surgical procedures
worldwide for women for men
absolute numbers and changes compared to 2019
1. Breast Augmentation 1,624,281 procedures -9.5% 1. Breast Augmentation 1,601,713 procedures 1. Eyelid Surgery 257,159 procedures
2. Liposuction 1,525,197 procedures -10.5% 2. Liposuction 1,300,020 procedures 2. Liposuction 225,177 procedures
3. Eyelid Surgery 1,225,540 procedures -2.7% 3. Eyelid Surgery 968,381 procedures 3. Gynecomastia 210,737 procedures
4. Rhinoplasty 852,554 procedures +3.7% 4. Abdominoplasty 703,778 procedures 4. Rhinoplasty 209,087 procedures
5. Abdominoplasty 765,248 procedures -17.2% 5. Rhinoplasty 643,468 procedures 5. Ear Surgery 87,338 procedures
Top 5 Top 5 Top 5
nonsurgical procedures nonsurgical procedures nonsurgical procedures
worldwide for women for men
absolute numbers and changes compared to 2019
1. Botulinum Toxin 6,213,859 procedures -0.9% 1. Botulinum Toxin 5,307,901 procedures 1. Botulinum Toxin 905,958 procedures
2. Hyaluronic Acid 4,053,016 procedures -6.1% 2. Hyaluronic Acid 3,558,511 procedures 2. Hyaluronic Acid 494,506 procedures
3. Hair Removal 1,837,052 procedures +76.1% 3. Hair Removal 1,538,982 procedures 3. Hair Removal 298,070 procedures
4. Nonsurgical Fat Reduction 560,464 procedures +21.1% 4. Photo Rejuvenation 446,250 procedures 4. Nonsurgical Fat Reduction 120,707 procedures
5. Photo Rejuvenation 517,675 procedures +32.3% 5. Nonsurgical Fat Reduction 439,757 procedures 5. Photo Rejuvenation 71,425 procedures
2020
INTERNATIONAL
SURVEY
Please credit the International Society of Aesthetic Plastic Surgery when citing statistical data. Contact ISAPS: +44 20 7038 7812 | media@isaps.org | www.isaps.org 6"
2020,E:\shared\行业报告\2020isaps-global-survey.pdf,https://www.isaps.org/media/dzjfg50s/isaps-global-survey_2020.pdf,7,"2020 STATISTICS AT A GLANCE
total procedures performed
WORLDWIDE
10,129,528 14,400,347
surgical procedures nonsurgical procedures
most common COSMETIC
procedures per
AGE GROUP
United States is the country with the
Most surgeons:
18 years or younger Rhinoplasty 55,928 procedures 7,000 plastic surgeons
19-34 years old Botulinum Toxin 1,497,540 procedures
35-50 years old Botulinum Toxin 3,121,221 procedures United States is the country with the
Most nonsurgical procedures:
51-64 years old Botulinum Toxin 1,343,436 procedures
3,182,815 procedures
65+ years old Botulinum Toxin 208,786 procedures
United States is the country with the
Most surgical procedures:
1,485,116 procedures
2020
INTERNATIONAL
SURVEY
Please credit the International Society of Aesthetic Plastic Surgery when citing statistical data. Contact ISAPS: +44 20 7038 7812 | media@isaps.org | www.isaps.org 7"
2020,E:\shared\行业报告\2020isaps-global-survey.pdf,https://www.isaps.org/media/dzjfg50s/isaps-global-survey_2020.pdf,8,"NUMBER OF
WORLDWIDE
PROCEDURES
PERFORMED BY PLASTIC SURGEONS IN 2020"
2020,E:\shared\行业报告\2020isaps-global-survey.pdf,https://www.isaps.org/media/dzjfg50s/isaps-global-survey_2020.pdf,9,"NUMBER OF WORLDWIDE SURGICAL PROCEDURES
PERFORMED BY PLASTIC SURGEONS
Percent of
Total Procedures Total Procedures Percent Change Percent Change
Rank SURGICAL PROCEDURES Total Total Surgical
in 2019 in 2016 2020 vs. 2019 2020 vs. 2016
Procedures
1 Breast Augmentation 1,624,281 16.0% 1,795,551 1,649,271 -9.5% -1.5%
2 Liposuction 1,525,197 15.1% 1,704,786 1,453,340 -10.5% 4.9%
3 Eyelid Surgery 1,225,540 12.1% 1,259,839 1,347,509 -2.7% -9.1%
4 Rhinoplasty 852,554 8.4% 821,890 786,852 3.7% 8.4%
5 Abdominoplasty 765,248 7.6% 924,031 769,067 -17.2% -0.5%
6 Breast Lift 594,691 5.9% 741,284 583,192 -19.8% 2.0%
7 Fat Grafting (face) 515,819 5.1% 598,823 596,836 -13.9% -13.6%
8 Breast Reduction 426,363 4.2% 600,219 465,665 -29.0% -8.4%
9 Facelift 419,046 4.1% 448,485 427,065 -6.6% -1.9%
10 Buttock Augmentation 396,105 3.9% 479,451 332,121 -17.4% 19.3%
11 Brow Lift 288,306 2.8% 270,917 261,663 6.4% 10.2%
12 Ear Surgery 254,931 2.5% 288,905 298,975 -11.8% -14.7%
13 Neck Lift 251,308 2.5% 260,747 264,050 -3.6% -4.8%
14 Gynecomastia 210,737 2.1% 273,344 236,371 -22.9% -10.8%
15 Breast Implant Removal 206,826 2.0% 229,680 155,453 -10.0% 33.0%
16 Labiaplasty 142,119 1.4% 164,667 138,033 -13.7% 3.0%
17 Upper Arm Lift 126,030 1.2% 168,289 125,557 -25.1% 0.4%
18 Facial Bone Contouring 106,173 1.0% 108,536 109,775 -2.2% -3.3%
19 Thigh Lift 73,948 0.7% 93,334 79,476 -20.8% -7.0%
20 Lower Body Lift 71,007 0.7% 75,895 72,253 -6.4% -1.7%
21 Buttock Lift 53,299 0.5% 54,894 37,157 -2.9% 43.4%
TOTAL SURGICAL PROCEDURES 10,129,528 11,363,569 10,189,682 -10.9% -0.6%
2020
INTERNATIONAL
SURVEY
Please credit the International Society of Aesthetic Plastic Surgery when citing statistical data. Contact ISAPS: +44 20 7038 7812 | media@isaps.org | www.isaps.org 9"
2020,E:\shared\行业报告\2020isaps-global-survey.pdf,https://www.isaps.org/media/dzjfg50s/isaps-global-survey_2020.pdf,10,"NUMBER OF WORLDWIDE NONSURGICAL PROCEDURES
PERFORMED BY PLASTIC SURGEONS
Percent of Total
Total Procedures Total Procedures Percent Change Percent Change
Rank NONSURGICAL PROCEDURES Total Nonsurgical
in 2019 in 2016 2020 vs. 2019 2020 vs. 2016
Procedures
1 Botulinum Toxin 6,213,859 43.2% 6,271,488 4,931,577 -0.9% 26.0%
2 Hyaluronic Acid 4,053,016 28.1% 4,315,859 3,372,445 -6.1% 20.2%
3 Hair Removal 1,837,052 12.8% 1,042,951 1,146,523 76.1% 60.2%
4 Nonsurgical Fat Reduction 560,464 3.9% 462,769 433,351 21.1% 29.3%
5 Photo Rejuvenation 517,675 3.6% 391,415 623,243 32.3% -16.9%
6 Chemical Peel 409,054 2.8% 369,497 585,614 10.7% -30.1%
7 Micro-Ablative Resurfacing 240,213 1.7% 270,759 183,432 -11.3% 31.0%
8 Full Field Ablative 225,141 1.6% 190,978 210,844 17.9% 6.8%
9 Calcium Hydroxylapatite 222,785 1.5% 212,762 164,911 4.7% 35.1%
10 Poly-L-Lactic Acid 121,087 0.8% 90,259 79,664 34.2% 52.0%
TOTAL NONSURGICAL PROCEDURES 14,400,347 13,618,735 11,731,603 5.7% 22.7%
2020
INTERNATIONAL
SURVEY
Please credit the International Society of Aesthetic Plastic Surgery when citing statistical data. Contact ISAPS: +44 20 7038 7812 | media@isaps.org | www.isaps.org 10"
2020,E:\shared\行业报告\2020isaps-global-survey.pdf,https://www.isaps.org/media/dzjfg50s/isaps-global-survey_2020.pdf,11,"NUMBER OF WORLDWIDE SURGICAL PROCEDURES BY
REGION OF THE BODY
Percent Change Percent Change
TOTAL SURGICAL PROCEDURES 2020 2019 2016
2020 vs. 2019 2020 vs. 2016
Brow Lift 288,306 270,917 261,663 6.4% 10.2%
Ear Surgery 254,931 288,905 298,975 -11.8% -14.7%
Eyelid Surgery 1,225,540 1,259,839 1,347,509 -2.7% -9.1%
Facelift 419,046 448,485 427,065 -6.6% -1.9%
Facial Bone Contouring 106,173 108,536 109,775 -2.2% -3.3%
Fat Grafting (face) 515,819 598,823 596,836 -13.9% -13.6%
Neck Lift 251,308 260,747 264,050 -3.6% -4.8%
Rhinoplasty 852,554 821,890 786,852 3.7% 8.4%
TOTAL FACE & HEAD 3,913,679 4,058,143 4,092,725 -3.6% -4.4%
Breast Augmentation 1,624,281 1,795,551 1,649,271 -9.5% -1.5%
Breast Implant Removal 206,826 229,680 155,453 -10.0% 33.0%
Breast Lift 594,691 741,284 583,192 -19.8% 2.0%
Breast Reduction 426,363 600,219 465,665 -29.0% -8.4%
Gynecomastia 210,737 273,344 236,371 -22.9% -10.8%
TOTAL BREAST 3,062,897 3,640,079 3,089,952 -15.9% -0.9%
Abdominoplasty 765,248 924,031 769,067 -17.2% -0.5%
Buttock Augmentation (implants and fat transfer) 396,105 479,451 332,121 -17.4% 19.3%
Buttock Lift 53,299 54,894 37,157 -2.9% 43.4%
Liposuction 1,525,197 1,704,786 1,453,340 -10.5% 4.9%
Lower Body Lift 71,007 75,895 72,253 -6.4% -1.7%
Thigh Lift 73,948 93,334 79,476 -20.8% -7.0%
Upper Arm Lift 126,030 168,289 125,557 -25.1% 0.4%
Labiaplasty (excluding vaginal rejuvenation) 142,119 164,667 138,033 -13.7% 3.0%
TOTAL BODY & EXTREMITIES 3,152,952 3,665,347 3,007,005 -14.0% 4.9%
TOTAL SURGICAL PROCEDURES 10,129,528 11,363,569 10,189,682 -10.9% -0.6%
2020
INTERNATIONAL
SURVEY
Please credit the International Society of Aesthetic Plastic Surgery when citing statistical data. Contact ISAPS: +44 20 7038 7812 | media@isaps.org | www.isaps.org 11
FACE
&
HEAD
BREAST
BODY
&
EXTREMITIES"
2020,E:\shared\行业报告\2020isaps-global-survey.pdf,https://www.isaps.org/media/dzjfg50s/isaps-global-survey_2020.pdf,12,"Percent Change Percent Change
TOTAL NONSURGICAL PROCEDURES 2020 2019 2016
2020 vs. 2019 2020 vs. 2016
Botulinum Toxin 6,213,859 6,271,488 4,931,577 -0.9% 26.0%
Calcium Hydroxylapatite 222,785 212,762 164,911 4.7% 35.1%
Hyaluronic Acid 4,053,016 4,315,859 3,372,445 -6.1% 20.2%
Poly-L-Lactic Acid 121,087 90,259 79,664 34.2% 52.0%
TOTAL INJECTABLES PROCEDURES 10,610,748 10,890,368 8,548,597 -2.6% 24.1%
Chemical Peel 409,054 369,497 585,614 10.7% -30.1%
Full Field Ablative 225,141 190,978 210,844 17.9% 6.8%
Micro-Ablative Resurfacing 240,213 270,759 183,432 -11.3% 31.0%
Photo Rejuvenation 517,675 391,415 623,243 32.3% -16.9%
TOTAL FACIAL REJUVENATION PROCEDURES 1,392,083 1,222,648 1,603,132 13.9% -13.2%
Hair Removal 1,837,052 1,042,951 1,146,523 76.1% 60.2%
Nonsurgical Fat Reduction 560,464 462,769 433,351 21.1% 29.3%
TOTAL OTHER PROCEDURES 2,397,516 1,505,719 1,579,874 59.2% 51.8%
TOTAL NONSURGICAL PROCEDURES 14,400,347 13,618,735 11,731,603 5.7% 22.7%
2020
INTERNATIONAL
SURVEY
Please credit the International Society of Aesthetic Plastic Surgery when citing statistical data. Contact ISAPS: +44 20 7038 7812 | media@isaps.org | www.isaps.org 12
REJUVENATION
INJECTABLES
OTHER
FACIAL
NUMBER OF WORLDWIDE NONSURGICAL PROCEDURES BY
TYPE OF PROCEDURE
TOTAL PROCEDURES 24,529,875 24,982,304 21,921,285 -1.8% 11.9%"
2020,E:\shared\行业报告\2020isaps-global-survey.pdf,https://www.isaps.org/media/dzjfg50s/isaps-global-survey_2020.pdf,13,"OVERVIEW OF ALL PROCEDURES
TOTAL PROCEDURES IN 2020
DECREASED BY
1.8%
Compared to 2019 statistics
TOTAL SURGICAL TOTAL NONSURGICAL
-10.9% 5.7%
PROCEDURES PROCEDURES
-10.9% 5.7%
DECREASED BY INCREASED BY
TOTAL TOTAL TOTAL TOTAL TOTAL TOTAL
FACE & HEAD BREAST BODY & EXTREMITIES INJECTABLES FACIAL OTHER
procedures procedures procedures -2.6% REJUVENATION 59.2%
-3.6% -15.9% -14.0% 13.9%
2020
INTERNATIONAL
SURVEY
Please credit the International Society of Aesthetic Plastic Surgery when citing statistical data. Contact ISAPS: +44 20 7038 7812 | media@isaps.org | www.isaps.org 13"
2020,E:\shared\行业报告\2020isaps-global-survey.pdf,https://www.isaps.org/media/dzjfg50s/isaps-global-survey_2020.pdf,14,"PROCEDURES
BY COUNTRY"
2020,E:\shared\行业报告\2020isaps-global-survey.pdf,https://www.isaps.org/media/dzjfg50s/isaps-global-survey_2020.pdf,15,"USA
TOTAL NUMBER OF
PROCEDURES IN THE USA
USA
4,667,931
TOTAL SURGICAL PROCEDURES 1,485,116 TOTAL NONSURGICAL POCEDURES PROCEDURES 3,182,815
FACE & HEAD BODY & EXTREMITIES INJECTABLES FACIAL REJUVENATION
Brow Lift 31,404 Abdominoplasty 163,073 Botulinum Toxin 1,477,000 Chemical Peel 102,900
Ear Surgery 38,273 Buttock Augmentation 40,320 Calcium Hydroxylapatite 48,688 Full Field Ablative 42,700
Eyelid Surgery 85,712 Buttock Lift 7,700 Hyaluronic Acid 807,870 Micro-Ablative Resurfacing 70,000
Facelift 56,084 Liposuction 296,601 Poly-L-Lactic Acid 47,415 Photo Rejuvenation 174,300
Facial Bone Contouring 7,997 Lower Body Lift 8,400 TOTAL INJECTABLES 2,380,973 TOTAL FACIAL REJUVENATION 389,900
Fat Grafting (face) 28,376 Thigh Lift 10,500
Neck Lift 22,947 Upper Arm Lift 21,700 OTHER MOST COMMON PROCEDURES
Rhinoplasty 55,436 Labiaplasty 13,697
Hair Removal 271,628 TOTAL % OF
TOTAL
TOTAL FACE & HEAD 326,229 TOTAL BODY & EXTREMITIES 561,991 Nonsurgical Fat Reduction 140,314
Botulinum Toxin 1,477,000 46.4%
TOTAL OTHER 411,942 Hyaluronic Acid 807,870 25.4%
BREAST MOST COMMON PROCEDURES
Hair Removal 271,628 8.5%
Breast Augmentation 371,997 TOTAL % OF
TOTAL Photo Rejuvenation 174,300 5.5%
Breast Implant Removal 49,631
Breast Augmentation 371,997 25.0% Nonsurgical Fat
Breast Lift 102,751 Liposuction 296,601 20.0% Reduction 140,314 4.4%
Breast Reduction 55,353
Abdominoplasty 163,073 11.0%
Gynecomastia 17,164
Breast Lift 102,751 6.9%
TOTAL BREAST 596,896 Eyelid Surgery 85,712 5.8%
2020
INTERNATIONAL
SURVEY
Please credit the International Society of Aesthetic Plastic Surgery when citing statistical data. Contact ISAPS: +44 20 7038 7812 | media@isaps.org | www.isaps.org 15"
2020,E:\shared\行业报告\2020isaps-global-survey.pdf,https://www.isaps.org/media/dzjfg50s/isaps-global-survey_2020.pdf,16,"BRAZIL
TOTAL NUMBER OF
PROCEDURES IN BRAZIL
BRAZIL
1,929,359
TOTAL SURGICAL PROCEDURES 1,306,962 TOTAL NONSURGICAL POCEDURES PROCEDURES 622,396
FACE & HEAD BODY & EXTREMITIES INJECTABLES FACIAL REJUVENATION
Brow Lift 50,016 Abdominoplasty 112,186 Botulinum Toxin 334,220 Chemical Peel 23,372
Ear Surgery 25,242 Buttock Augmentation 68,480 Calcium Hydroxylapatite 15,426 Full Field Ablative 12,855
Eyelid Surgery 143,037 Buttock Lift 8,648 Hyaluronic Acid 165,707 Micro-Ablative Resurfacing 0
Facelift 68,013 Liposuction 173,420 Poly-L-Lactic Acid 14,023 Photo Rejuvenation 9,115
Facial Bone Contouring 4,908 Lower Body Lift 14,257 TOTAL INJECTABLES 529,376 TOTAL FACIAL REJUVENATION 45,342
Fat Grafting (face) 65,909 Thigh Lift 10,517
Neck Lift 38,798 Upper Arm Lift 13,789 OTHER MOST COMMON PROCEDURES
Rhinoplasty 87,879 Labiaplasty 20,334 Hair Removal 47,679 TOTAL % OF
TOTAL
TOTAL FACE & HEAD 483,800 TOTAL BODY & EXTREMITIES 421,631 Nonsurgical Fat Reduction 0
Botulinum Toxin 334,220 53.7%
TOTAL OTHER 47,679 Hyaluronic Acid 165,707 26.6%
BREAST MOST COMMON PROCEDURES
Hair Removal 47,679 7.7%
Breast Augmentation 172,485 TOTAL % TO O TA F L Chemical Peel 23,372 3.8%
Breast Implant Removal 25,475
Liposuction 173,420 13.3% Calcium
Breast Lift 105,641 Breast Augmentation 172,485 13.2% Hydroxylapatite 15,426 2.5%
Breast Reduction 72,219
Eyelid Surgery 143,037 10.9%
Gynecomastia 25,709
Abdominoplasty 112,186 8.6%
TOTAL BREAST 401,531 Breast Lift 105,641 8.1%
2020
INTERNATIONAL
SURVEY
Please credit the International Society of Aesthetic Plastic Surgery when citing statistical data. Contact ISAPS: +44 20 7038 7812 | media@isaps.org | www.isaps.org 16"
2020,E:\shared\行业报告\2020isaps-global-survey.pdf,https://www.isaps.org/media/dzjfg50s/isaps-global-survey_2020.pdf,17,"GERMANY
TOTAL NUMBER OF
PROCEDURES IN GERMANY
GERMANY
1,157,738
TOTAL SURGICAL PROCEDURES 425,855 TOTAL NONSURGICAL PROCEDURES 731,883
FACE & HEAD BODY & EXTREMITIES INJECTABLES FACIAL REJUVENATION
Brow Lift 9,523 Abdominoplasty 21,389 Botulinum Toxin 400,259 Chemical Peel 1,356
Ear Surgery 11,742 Buttock Augmentation 2,943 Calcium Hydroxylapatite 7,428 Full Field Ablative 3,899
Eyelid Surgery 62,041 Buttock Lift 4,130 Hyaluronic Acid 284,407 Micro-Ablative Resurfacing 5,255
Facelift 13,237 Liposuction 77,682 Poly-L-Lactic Acid 3,221 Photo Rejuvenation 3,760
Facial Bone Contouring 2,265 Lower Body Lift 2,758 TOTAL INJECTABLES 695,315 TOTAL FACIAL REJUVENATION 14,270
Fat Grafting (face) 23,747 Thigh Lift 3,483
Neck Lift 9,107 Upper Arm Lift 7,428 OTHER MOST COMMON PROCEDURES
Rhinoplasty 26,474 Labiaplasty 11,188
Hair Removal 0 TOTAL % OF
TOTAL
TOTAL FACE & HEAD 158,137 TOTAL BODY & EXTREMITIES 131,000 Nonsurgical Fat Reduction 22,298
Botulinum Toxin 400,259 54.7%
TOTAL OTHER 22,298 Hyaluronic Acid 284,407 38.9%
BREAST MOST COMMON PROCEDURES
Nonsurgical Fat
Breast Augmentation 67,634 TOTAL % OF Reduction 22,298 3.0%
TOTAL
Breast Implant Removal 8,029 Liposuction 77,682 18.2% Calcium 7,428 1.0%
Breast Lift 26,521 Hydroxylapatite
Breast Augmentation 67,634 15.9%
Breast Reduction 23,346 Micro-Ablative
Eyelid Surgery 62,041 14.6% 5,255 0.7%
Resurfacing
Gynecomastia 11,188
Breast Lift 26,521 6.2%
TOTAL BREAST 136,718 Rhinoplasty 26,474 6.2%
2020
INTERNATIONAL
SURVEY
Please credit the International Society of Aesthetic Plastic Surgery when citing statistical data. Contact ISAPS: +44 20 7038 7812 | media@isaps.org | www.isaps.org 17"
2020,E:\shared\行业报告\2020isaps-global-survey.pdf,https://www.isaps.org/media/dzjfg50s/isaps-global-survey_2020.pdf,18,"JAPAN
TOTAL NUMBER OF
PROCEDURES IN JAPAN
JAPAN
1,058,198
TOTAL SURGICAL PROCEDURES 222,642 TOTAL NONSURGICAL PROCEDURES 835,556
FACE & HEAD BODY & EXTREMITIES INJECTABLES FACIAL REJUVENATION
Brow Lift 332 Abdominoplasty 47 Botulinum Toxin 206,634 Chemical Peel 41,156
Ear Surgery 317 Buttock Augmentation 895 Calcium Hydroxylapatite 471 Full Field Ablative 7,994
Eyelid Surgery 143,921 Buttock Lift 81 Hyaluronic Acid 66,712 Micro-Ablative Resurfacing 12,679
Facelift 20,652 Liposuction 8,467 Poly-L-Lactic Acid 4 Photo Rejuvenation 47,773
Facial Bone Contouring 4,645 Lower Body Lift 108 TOTAL INJECTABLES 273,821 TOTAL FACIAL REJUVENATION 109,602
Fat Grafting (face) 18,121 Thigh Lift 37
Neck Lift 144 Upper Arm Lift 15 OTHER MOST COMMON PROCEDURES
Rhinoplasty 15,329 Labiaplasty 3,039
Hair Removal 387,793 TOTAL % OF
TOTAL
TOTAL FACE & HEAD 203,461 TOTAL BODY & EXTREMITIES 12,689 Nonsurgical Fat Reduction 64,340
Hair Removal 387,793 46.4%
TOTAL OTHER 452,133 Botulinum Toxin 206,634 24.7%
BREAST MOST COMMON PROCEDURES
Hyaluronic Acid 66,712 8.0%
Breast Augmentation 5,209 TOTAL % TO O TA F L Nonsurgical Fat
Breast Implant Removal 885 Eyelid Surgery 143,921 64.6% Reduction 64,340 7.7%
Breast Lift 112 Facelift 20,652 9.3% Photo Rejuvenation 47,773 5.7%
Breast Reduction 154
Fat Grafting (face) 18,121 8.1%
Gynecomastia 132
Rhinoplasty 15,329 6.9%
TOTAL BREAST 6,492 Liposuction 8,467 3.8%
2020
INTERNATIONAL
SURVEY
Please credit the International Society of Aesthetic Plastic Surgery when citing statistical data. Contact ISAPS: +44 20 7038 7812 | media@isaps.org | www.isaps.org 18"
2020,E:\shared\行业报告\2020isaps-global-survey.pdf,https://www.isaps.org/media/dzjfg50s/isaps-global-survey_2020.pdf,19,"TURKEY
TOTAL NUMBER OF
PROCEDURES IN TURKEY
TURKEY
945,477
TOTAL SURGICAL PROCEDURES 360,542 TOTAL NONSURGICAL PROCEDURES 584,935
FACE & HEAD BODY & EXTREMITIES INJECTABLES FACIAL REJUVENATION
Brow Lift 9,919 Abdominoplasty 21,879 Botulinum Toxin 357,201 Chemical Peel 299
Ear Surgery 7,410 Buttock Augmentation 12,298 Calcium Hydroxylapatite 6,149 Full Field Ablative 5,031
Eyelid Surgery 35,009 Buttock Lift 650 Hyaluronic Acid 162,240 Micro-Ablative Resurfacing 5,499
Facelift 9,529 Liposuction 57,551 Poly-L-Lactic Acid 2,639 Photo Rejuvenation 9,529
Facial Bone Contouring 3,861 Lower Body Lift 2,470 TOTAL INJECTABLES 528,229 TOTAL FACIAL REJUVENATION 20,358
Fat Grafting (face) 27,131 Thigh Lift 3,211
Neck Lift 5,941 Upper Arm Lift 4,680 OTHER MOST COMMON PROCEDURES
Rhinoplasty 66,950 Labiaplasty 4,199
Hair Removal 25,779 TOTAL % OF
TOTAL
TOTAL FACE & HEAD 165,750 TOTAL BODY & EXTREMITIES 106,938 Nonsurgical Fat Reduction 10,569
Botulinum Toxin 357,201 61.1%
TOTAL OTHER 36,348 Hyaluronic Acid 162,240 27.7%
BREAST MOST COMMON PROCEDURES
Hair Removal 25,779 4.4%
Breast Augmentation 39,442 TOTAL T % O T O A F L Nonsurgical Fat
Breast Implant Removal 2,340 Rhinoplasty 66,950 18.6% Reduction 10,569 1.8%
Breast Lift 17,940 Liposuction 57,551 16.0% Photo Rejuvenation 9,529 1.6%
Breast Reduction 18,941
Breast Augmentation 39,442 10.9%
Gynecomastia 9,191
Eyelid Surgery 35,009 9.7%
TOTAL BREAST 87,854 Fat Grafting (face) 27,131 7.5%
2020
INTERNATIONAL
SURVEY
Please credit the International Society of Aesthetic Plastic Surgery when citing statistical data. Contact ISAPS: +44 20 7038 7812 | media@isaps.org | www.isaps.org 19"
2020,E:\shared\行业报告\2020isaps-global-survey.pdf,https://www.isaps.org/media/dzjfg50s/isaps-global-survey_2020.pdf,20,"MEXICO
TOTAL NUMBER OF
PROCEDURES IN MEXICO
MEXICO
860,718
TOTAL SURGICAL PROCEDURES 456,489 TOTAL NONSURGICAL PROCEDURES 404,229
FACE & HEAD BODY & EXTREMITIES INJECTABLES FACIAL REJUVENATION
Brow Lift 13,992 Abdominoplasty 34,420 Botulinum Toxin 194,226 Chemical Peel 3,778
Ear Surgery 7,871 Buttock Augmentation 49,689 Calcium Hydroxylapatite 11,159 Full Field Ablative 6,296
Eyelid Surgery 41,941 Buttock Lift 5,037 Hyaluronic Acid 123,707 Micro-Ablative Resurfacing 3,061
Facelift 16,790 Liposuction 74,105 Poly-L-Lactic Acid 2,256 Photo Rejuvenation 7,696
Facial Bone Contouring 8,972 Lower Body Lift 3,953 TOTAL INJECTABLES 331,348 TOTAL FACIAL REJUVENATION 20,831
Fat Grafting (face) 26,550 Thigh Lift 3,708
Neck Lift 15,356 Upper Arm Lift 7,258 OTHER MOST COMMON PROCEDURES
Rhinoplasty 34,875 Labiaplasty 4,792
Hair Removal 25,815 TOTAL % OF
TOTAL
TOTAL FACE & HEAD 166,347 TOTAL BODY & EXTREMITIES 182,963 Nonsurgical Fat Reduction 26,235
Botulinum Toxin 194,226 48.0%
TOTAL OTHER 52,050 Hyaluronic Acid 123,707 30.6%
BREAST MOST COMMON PROCEDURES
Nonsurgical Fat
Breast Augmentation 58,312 TOTAL % OF Reduction 26,235 6.5%
TOTAL
Breast Implant Removal 7,626 Liposuction 74,105 16.2% Hair Removal 25,815 6.4%
Breast Lift 21,075 Breast Augmentation 58,312 12.8% Calcium 11,159 2.8%
Breast Reduction 12,295 Hydroxylapatite
Buttock Augmentation
49,689 10.9%
Gynecomastia 7,871 (implants and fat transfer)
TOTAL BREAST 107,179 Eyelid Surgery 41,941 9.2%
Rhinoplasty 34,875 7.6%
2020
INTERNATIONAL
SURVEY
Please credit the International Society of Aesthetic Plastic Surgery when citing statistical data. Contact ISAPS: +44 20 7038 7812 | media@isaps.org | www.isaps.org 20"
2020,E:\shared\行业报告\2020isaps-global-survey.pdf,https://www.isaps.org/media/dzjfg50s/isaps-global-survey_2020.pdf,21,"ARGENTINA
TOTAL NUMBER OF
PROCEDURES IN ARGENTINIA
ARGENTINA
850,840
TOTAL SURGICAL PROCEDURES 284,320 TOTAL NONSURGICAL PROCEDURES 566,520
FACE & HEAD BODY & EXTREMITIES INJECTABLES FACIAL REJUVENATION
Brow Lift 6,940 Abdominoplasty 20,900 Botulinum Toxin 188,000 Chemical Peel 5,420
Ear Surgery 10,360 Buttock Augmentation 8,480 Calcium Hydroxylapatite 10,940 Full Field Ablative 6,680
Eyelid Surgery 32,100 Buttock Lift 1,060 Hyaluronic Acid 173,360 Micro-Ablative Resurfacing 8,060
Facelift 13,220 Liposuction 27,520 Poly-L-Lactic Acid 60 Photo Rejuvenation 17,680
Facial Bone Contouring 3,780 Lower Body Lift 1,060 TOTAL INJECTABLES 372,360 TOTAL FACIAL REJUVENATION 37,840
Fat Grafting (face) 9,940 Thigh Lift 1,260
Neck Lift 8,640 Upper Arm Lift 2,780 OTHER MOST COMMON PROCEDURES
Rhinoplasty 40,520 Labiaplasty 2,740
Hair Removal 124,000 TOTAL % OF
TOTAL
TOTAL FACE & HEAD 125,500 TOTAL BODY & EXTREMITIES 65,800 Nonsurgical Fat Reduction 32,320
Botulinum Toxin 188,000 33.2%
TOTAL OTHER 156,320 Hyaluronic Acid 173,360 30.6%
BREAST MOST COMMON PROCEDURES
Hair Removal 124,000 21.9%
Breast Augmentation 56,640 TOTAL T % O T O A F L Nonsurgical Fat
32,320 5.7%
Breast Implant Removal 6,740 Reduction
Breast Augmentation 56,640 19.9%
Breast Lift 13,640 Photo Rejuvenation 17,680 3.1%
Rhinoplasty 40,520 14.3%
Breast Reduction 9,740
Eyelid Surgery 32,100 11.3%
Gynecomastia 6,260
Liposuction 27,520 9.7%
TOTAL BREAST 93,020 Abdominoplasty 20,900 7.4%
2020
INTERNATIONAL
SURVEY
Please credit the International Society of Aesthetic Plastic Surgery when citing statistical data. Contact ISAPS: +44 20 7038 7812 | media@isaps.org | www.isaps.org 21"
2020,E:\shared\行业报告\2020isaps-global-survey.pdf,https://www.isaps.org/media/dzjfg50s/isaps-global-survey_2020.pdf,22,"ITALY
TOTAL NUMBER OF
PROCEDURES IN ITALY
ITALY
830,868
TOTAL SURGICAL PROCEDURES 245,400 TOTAL NONSURGICAL PROCEDURES 585,468
FACE & HEAD BODY & EXTREMITIES INJECTABLES FACIAL REJUVENATION
Brow Lift 9,516 Abdominoplasty 11,712 Botulinum Toxin 204,084 Chemical Peel 30,648
Ear Surgery 6,960 Buttock Augmentation 2,988 Calcium Hydroxylapatite 12,732 Full Field Ablative 13,908
Eyelid Surgery 37,956 Buttock Lift 672 Hyaluronic Acid 240,264 Micro-Ablative Resurfacing 13,668
Facelift 11,088 Liposuction 24,672 Poly-L-Lactic Acid 3,480 Photo Rejuvenation 22,044
Facial Bone Contouring 2,808 Lower Body Lift 1,728 TOTAL INJECTABLES 460,560 TOTAL FACIAL REJUVENATION 80,268
Fat Grafting (face) 17,736 Thigh Lift 2,640
Neck Lift 8,784 Upper Arm Lift 4,860 OTHER MOST COMMON PROCEDURES
Rhinoplasty 22,452 Labiaplasty 3,720
Hair Removal 27,840 TOTAL % OF
TOTAL
TOTAL FACE & HEAD 117,300 TOTAL BODY & EXTREMITIES 52,992 Nonsurgical Fat Reduction 16,800
Hyaluronic Acid 240,264 41.0%
TOTAL OTHER 44,640 Botulinum Toxin 204,084 34.9%
BREAST MOST COMMON PROCEDURES
Chemical Peel 30,648 5.2%
Breast Augmentation 39,276 TOTAL T % O T O A F L Hair Removal 27,840 4.8%
Breast Implant Removal 5,880
Breast Augmentation 39,276 16.0% Photo Rejuvenation 22,044 3.8%
Breast Lift 15,840
Eyelid Surgery 37,956 15.5%
Breast Reduction 9,108
Liposuction 24,672 10.1%
Gynecomastia 5,004
Rhinoplasty 22,452 9.1%
TOTAL BREAST 75,108 Fat Grafting (face) 17,736 7.2%
2020
INTERNATIONAL
SURVEY
Please credit the International Society of Aesthetic Plastic Surgery when citing statistical data. Contact ISAPS: +44 20 7038 7812 | media@isaps.org | www.isaps.org 22"
2020,E:\shared\行业报告\2020isaps-global-survey.pdf,https://www.isaps.org/media/dzjfg50s/isaps-global-survey_2020.pdf,23,"RUSSIA
TOTAL NUMBER OF
PROCEDURES IN RUSSIA
RUSSIA
621,600
TOTAL SURGICAL PROCEDURES 478,200 TOTAL NONSURGICAL PROCEDURES 143,400
FACE & HEAD BODY & EXTREMITIES INJECTABLES FACIAL REJUVENATION
Brow Lift 24,800 Abdominoplasty 26,160 Botulinum Toxin 46,700 Chemical Peel 80
Ear Surgery 14,760 Buttock Augmentation 8,940 Calcium Hydroxylapatite 7,840 Full Field Ablative 14,700
Eyelid Surgery 92,080 Buttock Lift 460 Hyaluronic Acid 49,080 Micro-Ablative Resurfacing 920
Facelift 34,460 Liposuction 48,000 Poly-L-Lactic Acid 5,700 Photo Rejuvenation 5,380
Facial Bone Contouring 12,160 Lower Body Lift 620 TOTAL INJECTABLES 109,320 TOTAL FACIAL REJUVENATION 21,080
Fat Grafting (face) 29,240 Thigh Lift 3,000
Neck Lift 22,000 Upper Arm Lift 2,380 OTHER MOST COMMON PROCEDURES
Rhinoplasty 39,380 Labiaplasty 10,240
Hair Removal 9,920 TOTAL % OF
TOTAL
TOTAL FACE & HEAD 268,880 TOTAL BODY & EXTREMITIES 99,800 Nonsurgical Fat Reduction 3,080
Hyaluronic Acid 49,080 34.2%
TOTAL OTHER 13,000 Botulinum Toxin 46,700 32.6%
BREAST MOST COMMON PROCEDURES
Full Field Ablative 14,700 10.3%
Breast Augmentation 59,840 TOTAL T % O T O A F L Hair Removal 9,920 6.9%
Breast Implant Removal 6,540
Eyelid Surgery 92,080 19.3% Calcium
7,840 5.5%
Breast Lift 25,460 Hydroxylapatite
Breast Augmentation 59,840 12.5%
Breast Reduction 12,840
Liposuction 48,000 10.0%
Gynecomastia 4,840
Rhinoplasty 39,380 8.2%
TOTAL BREAST 109,520 Facelift 34,460 7.2%
2020
INTERNATIONAL
SURVEY
Please credit the International Society of Aesthetic Plastic Surgery when citing statistical data. Contact ISAPS: +44 20 7038 7812 | media@isaps.org | www.isaps.org 23"
2020,E:\shared\行业报告\2020isaps-global-survey.pdf,https://www.isaps.org/media/dzjfg50s/isaps-global-survey_2020.pdf,24,"INDIA
TOTAL NUMBER OF
PROCEDURES IN INDIA
INDIA
524,064
TOTAL SURGICAL PROCEDURES 255,528 TOTAL NONSURGICAL PROCEDURES 268,536
FACE & HEAD BODY & EXTREMITIES INJECTABLES FACIAL REJUVENATION
Brow Lift 3,936 Abdominoplasty 16,968 Botulinum Toxin 44,880 Chemical Peel 44,784
Ear Surgery 10,752 Buttock Augmentation 3,048 Calcium Hydroxylapatite 384 Full Field Ablative 8,832
Eyelid Surgery 13,584 Buttock Lift 648 Hyaluronic Acid 45,120 Micro-Ablative Resurfacing 5,784
Facelift 3,936 Liposuction 60,120 Poly-L-Lactic Acid 0 Photo Rejuvenation 11,016
Facial Bone Contouring 4,032 Lower Body Lift 2,352 TOTAL INJECTABLES 90,384 TOTAL FACIAL REJUVENATION 70,416
Fat Grafting (face) 17,232 Thigh Lift 1,416
Neck Lift 3,000 Upper Arm Lift 2,568 OTHER MOST COMMON PROCEDURES
Rhinoplasty 34,800 Labiaplasty 2,784
Hair Removal 97,920 TOTAL % OF
TOTAL
TOTAL FACE & HEAD 91,272 TOTAL BODY & EXTREMITIES 89,904 Nonsurgical Fat Reduction 9,816
Hair Removal 97,920 36.5%
TOTAL OTHER 107,736 Hyaluronic Acid 45,120 16.8%
BREAST MOST COMMON PROCEDURES
Botulinum Toxin 44,880 16.7%
Breast Augmentation 27,648 TOTAL T % O T O A F L Chemical Peel 44,784 16.7%
Breast Implant Removal 1,920
Liposuction 60,120 23.5% Photo Rejuvenation 11,016 4.1%
Breast Lift 6,000
Rhinoplasty 34,800 13.6%
Breast Reduction 16,320
Breast Augmentation 27,648 10.8%
Gynecomastia 22,464
Gynecomastia 22,464 8.8%
TOTAL BREAST 74,352 Fat Grafting-face 17,232 6.7%
2020
INTERNATIONAL
SURVEY
Please credit the International Society of Aesthetic Plastic Surgery when citing statistical data. Contact ISAPS: +44 20 7038 7812 | media@isaps.org | www.isaps.org 24"
2020,E:\shared\行业报告\2020isaps-global-survey.pdf,https://www.isaps.org/media/dzjfg50s/isaps-global-survey_2020.pdf,25,"SPAIN
TOTAL NUMBER OF
PROCEDURES IN SPAIN
SPAIN
397,512
TOTAL SURGICAL PROCEDURES 165,906 TOTAL NONSURGICAL PROCEDURES 231,606
FACE & HEAD BODY & EXTREMITIES INJECTABLES FACIAL REJUVENATION
Brow Lift 3,897 Abdominoplasty 8,334 Botulinum Toxin 100,296 Chemical Peel 6,867
Ear Surgery 6,930 Buttock Augmentation 4,068 Calcium Hydroxylapatite 8,604 Full Field Ablative 963
Eyelid Surgery 20,268 Buttock Lift 0 Hyaluronic Acid 98,829 Micro-Ablative Resurfacing 1,863
Facelift 3,267 Liposuction 18,900 Poly-L-Lactic Acid 765 Photo Rejuvenation 1,404
Facial Bone Contouring 936 Lower Body Lift 234 TOTAL INJECTABLES 208,494 TOTAL FACIAL REJUVENATION 11,097
Fat Grafting (face) 9,198 Thigh Lift 1,035
Neck Lift 2,700 Upper Arm Lift 1,629 OTHER MOST COMMON PROCEDURES
Rhinoplasty 10,467 Labiaplasty 3,303
Hair Removal 11,250 TOTAL % OF
TOTAL
TOTAL FACE & HEAD 57,663 TOTAL BODY & EXTREMITIES 37,503 Nonsurgical Fat Reduction 765
Botulinum Toxin 100,296 43.3%
TOTAL OTHER 12,015 Hyaluronic Acid 98,829 42.7%
BREAST MOST COMMON PROCEDURES
Hair Removal 11,250 4.9%
Breast Augmentation 44,406 TOTAL T % O T O A F L Calcium
Breast Implant Removal 4,833 Breast Augmentation 44,406 26.8% Hydroxylapatite 8,604 3.7%
Breast Lift 10,566 Eyelid Surgery 20,268 12.2% Chemical Peel 6,867 3.0%
Breast Reduction 7,200
Liposuction 18,900 11.4%
Gynecomastia 3,735
Breast Lift 10,566 6.4%
TOTAL BREAST 70,740 Rhinoplasty 10,467 6.3%
2020
INTERNATIONAL
SURVEY
Please credit the International Society of Aesthetic Plastic Surgery when citing statistical data. Contact ISAPS: +44 20 7038 7812 | media@isaps.org | www.isaps.org 25"
2020,E:\shared\行业报告\2020isaps-global-survey.pdf,https://www.isaps.org/media/dzjfg50s/isaps-global-survey_2020.pdf,26,"GREECE
TOTAL NUMBER OF
PROCEDURES IN GREECE
GREECE
397,033
TOTAL SURGICAL PROCEDURES 78,131 TOTAL NONSURGICAL PROCEDURES 318,903
FACE & HEAD BODY & EXTREMITIES INJECTABLES FACIAL REJUVENATION
Brow Lift 1,187 Abdominoplasty 4,676 Botulinum Toxin 97,213 Chemical Peel 9,163
Ear Surgery 2,989 Buttock Augmentation 3,199 Calcium Hydroxylapatite 1,925 Full Field Ablative 4,788
Eyelid Surgery 11,288 Buttock Lift 588 Hyaluronic Acid 80,462 Micro-Ablative Resurfacing 8,901
Facelift 3,486 Liposuction 11,151 Poly-L-Lactic Acid 1,239 Photo Rejuvenation 9,713
Facial Bone Contouring 1,113 Lower Body Lift 802 TOTAL INJECTABLES 180,838 TOTAL FACIAL REJUVENATION 32,564
Fat Grafting (face) 4,988 Thigh Lift 613
Neck Lift 2,814 Upper Arm Lift 1,327 OTHER MOST COMMON PROCEDURES
Rhinoplasty 6,339 Labiaplasty 1,337
Hair Removal 86,289 TOTAL % OF
TOTAL
TOTAL FACE & HEAD 34,202 TOTAL BODY & EXTREMITIES 23,692 Nonsurgical Fat Reduction 19,212
Botulinum Toxin 97,213 30.5%
TOTAL OTHER 105,501 Hair Removal 86,289 27.1%
BREAST MOST COMMON PROCEDURES
Hyaluronic Acid 80,462 25.2%
Breast Augmentation 10,238 TOTAL % OF
TOTAL Nonsurgical Fat
Breast Implant Removal 1,113 Eyelid Surgery 11,288 14.4% Reduction 19,212 6.0%
Breast Lift 3,801 Liposuction 11,151 14.3% Photo Rejuvenation 9,713 3.0%
Breast Reduction 2,912
Breast Augmentation 10,238 13.1%
Gynecomastia 2,174
Rhinoplasty 6,339 8.1%
TOTAL BREAST 20,237 Fat Grafting (face) 4,988 6.4%
2020
INTERNATIONAL
SURVEY
Please credit the International Society of Aesthetic Plastic Surgery when citing statistical data. Contact ISAPS: +44 20 7038 7812 | media@isaps.org | www.isaps.org 26"
2020,E:\shared\行业报告\2020isaps-global-survey.pdf,https://www.isaps.org/media/dzjfg50s/isaps-global-survey_2020.pdf,27,"COLOMBIA
TOTAL NUMBER OF
PROCEDURES IN COLOMBIA
COLOMBIA
366,312
TOTAL SURGICAL PROCEDURES 208,416 TOTAL NONSURGICAL PROCEDURES 157,896
FACE & HEAD BODY & EXTREMITIES INJECTABLES FACIAL REJUVENATION
Brow Lift 3,228 Abdominoplasty 18,684 Botulinum Toxin 59,340 Chemical Peel 1,788
Ear Surgery 4,452 Buttock Augmentation 20,868 Calcium Hydroxylapatite 4,704 Full Field Ablative 4,428
Eyelid Surgery 15,924 Buttock Lift 1,296 Hyaluronic Acid 46,752 Micro-Ablative Resurfacing 4,584
Facelift 4,308 Liposuction 34,656 Poly-L-Lactic Acid 1,128 Photo Rejuvenation 4,536
Facial Bone Contouring 1,032 Lower Body Lift 1,296 TOTAL INJECTABLES 111,924 TOTAL FACIAL REJUVENATION 15,336
Fat Grafting (face) 9,840 Thigh Lift 780
Neck Lift 3,768 Upper Arm Lift 1,440 OTHER MOST COMMON PROCEDURES
Rhinoplasty 14,472 Labiaplasty 2,592 Hair Removal 21,456 TOTAL % OF
TOTAL
TOTAL FACE & HEAD 57,024 TOTAL BODY & EXTREMITIES 81,612 Nonsurgical Fat Reduction 9,180
Botulinum Toxin 59,340 37.6%
TOTAL OTHER 30,636 Hyaluronic Acid 46,752 29.6%
BREAST MOST COMMON PROCEDURES
Hair Removal 21,456 13.6%
Breast Augmentation 32,724 TOTAL T % O T O A F L Nonsurgical Fat
9,180 5.8%
Breast Implant Removal 6,636 Reduction
Liposuction 34.656 16.6%
Breast Lift 15,336 Calcium
Breast Augmentation 32.724 15.7% 4,704 3.0%
Breast Reduction 11,244 Hydroxylapatite
Buttock Augmentation
20.868 10.0%
Gynecomastia 3,840 (implants and fat transfer)
TOTAL BREAST 69,780 Abdominoplasty 18.684 9.0%
Eyelid Surgery 15.924 7.6%
2020
INTERNATIONAL
SURVEY
Please credit the International Society of Aesthetic Plastic Surgery when citing statistical data. Contact ISAPS: +44 20 7038 7812 | media@isaps.org | www.isaps.org 27"
2020,E:\shared\行业报告\2020isaps-global-survey.pdf,https://www.isaps.org/media/dzjfg50s/isaps-global-survey_2020.pdf,28,"THAILAND
TOTAL NUMBER OF
PROCEDURES IN THAILAND
THAILAND
154,547
TOTAL SURGICAL PROCEDURES 102,407 TOTAL NONSURGICAL PROCEDURES 52,140
FACE & HEAD BODY & EXTREMITIES INJECTABLES FACIAL REJUVENATION
Brow Lift 3,864 Abdominoplasty 4,743 Botulinum Toxin 36,721 Chemical Peel 107
Ear Surgery 1,818 Buttock Augmentation 1,609 Calcium Hydroxylapatite 0 Full Field Ablative 0
Eyelid Surgery 20,223 Buttock Lift 172 Hyaluronic Acid 11,574 Micro-Ablative Resurfacing 42
Facelift 4,157 Liposuction 9,142 Poly-L-Lactic Acid 0 Photo Rejuvenation 2,911
Facial Bone Contouring 2,776 Lower Body Lift 981 TOTAL INJECTABLES 48,295 TOTAL FACIAL REJUVENATION 3,060
Fat Grafting (face) 6,431 Thigh Lift 423
Neck Lift 3,018 Upper Arm Lift 693 OTHER MOST COMMON PROCEDURES
Rhinoplasty 21,083 Labiaplasty 851
Hair Removal 586 TOTAL % OF
TOTAL
TOTAL FACE & HEAD 63,370 TOTAL BODY & EXTREMITIES 18,614 Nonsurgical Fat Reduction 200
Botulinum Toxin 36,721 70.4%
TOTAL OTHER 786 Hyaluronic Acid 11,574 22.2%
BREAST MOST COMMON PROCEDURES
Photo Rejuvenation 2,911 5.6%
Breast Augmentation 12,490 TOTAL T % O T O A F L Hair Removal 586 1.1%
Breast Implant Removal 1,437
Rhinoplasty 21,083 20.6% Nonsurgical Fat
Breast Lift 2,897 Eyelid Surgery 20,223 19.7% Reduction 200 0.4%
Breast Reduction 2,590
Breast Augmentation 12,490 12.2%
Gynecomastia 1,009
Liposuction 9,142 8.9%
TOTAL BREAST 20,423 Fat Grafting (face) 6,431 6.3%
2020
INTERNATIONAL
SURVEY
Please credit the International Society of Aesthetic Plastic Surgery when citing statistical data. Contact ISAPS: +44 20 7038 7812 | media@isaps.org | www.isaps.org 28"
2020,E:\shared\行业报告\2020isaps-global-survey.pdf,https://www.isaps.org/media/dzjfg50s/isaps-global-survey_2020.pdf,29,"SURGICAL PROCEDURES BY COUNTRY
SURGICAL PROCEDURES WORLD-WIDE USA** BRAZIL GERMANY JAPAN* TURKEY MEXICO ARGENTINA ITALY RUSSIA INDIA SPAIN GREECE COLOMBIA THAILAND
FACE & HEAD
Brow Lift 288,306 31,404 50,016 9,523 332 9,919 13,992 6,940 9,516 24,800 3,936 3,897 1,187 3,228 3,864
Ear Surgery 254,931 38,273 25,242 11,742 317 7,410 7,871 10,360 6,960 14,760 10,752 6,930 2,989 4,452 1,818
Eyelid Surgery 1,225,540 85,712 143,037 62,041 143,921 35,009 41,941 32,100 37,956 92,080 13,584 20,268 11,288 15,924 20,223
Facelift 419,046 56,084 68,013 13,237 20,652 9,529 16,790 13,220 11,088 34,460 3,936 3,267 3,486 4,308 4,157
Facial Bone Contouring 106,173 7,997 4,908 2,265 4,645 3,861 8,972 3,780 2,808 12,160 4,032 936 1,113 1,032 2,776
Fat Grafting (face) 515,819 28,376 65,909 23,747 18,121 27,131 26,550 9,940 17,736 29,240 17,232 9,198 4,988 9,840 6,431
Neck Lift 251,308 22,947 38,798 9,107 144 5,941 15,356 8,640 8,784 22,000 3,000 2,700 2,814 3,768 3,018
Rhinoplasty 852,554 55,436 87,879 26,474 15,329 66,950 34,875 40,520 22,452 39,380 34,800 10,467 6,339 14,472 21,083
Total Face & Head Procedures 3,913,679 326,229 483,800 158,137 203,461 165,750 166,347 125,500 117,300 268,880 91,272 57,663 34,202 57,024 63,370
BREAST
Breast Augmentation 1,624,281 371,997 172,485 67,634 5,209 39,442 58,312 56,640 39,276 59,840 27,648 44,406 10,238 32,724 12,490
Breast Implant Removal 206,826 49,631 25,475 8,029 885 2,340 7,626 6,740 5,880 6,540 1,920 4,833 1,113 6,636 1,437
Breast Lift 594,691 102,751 105,641 26,521 112 17,940 21,075 13,640 15,840 25,460 6,000 10,566 3,801 15,336 2,897
Breast Reduction 426,363 55,353 72,219 23,346 154 18,941 12,295 9,740 9,108 12,840 16,320 7,200 2,912 11,244 2,590
Gynecomastia 210,737 17,164 25,709 11,188 132 9,191 7,871 6,260 5,004 4,840 22,464 3,735 2,174 3,840 1,009
Total Breast Procedures 3,062,897 596,896 401,531 136,718 6,492 87,854 107,179 93,020 75,108 109,520 74,352 70,740 20,237 69,780 20,423
BODY & EXTREMITIES
Abdominoplasty 765,248 163,073 112,186 21,389 47 21,879 34,420 20,900 11,712 26,160 16,968 8,334 4,676 18,684 4,743
Buttock Augmentation (implants and fat
396,105 40,320 68,480 2,943 895 12,298 49,689 8,480 2,988 8,940 3,048 4,068 3,199 20,868 1,609
transfer)
Buttock Lift 53,299 7,700 8,648 4,130 81 650 5,037 1,060 672 460 648 0 588 1,296 172
Liposuction 1,525,197 296,601 173,420 77,682 8,467 57,551 74,105 27,520 24,672 48,000 60,120 18,900 11,151 34,656 9,142
Lower Body Lift 71,007 8,400 14,257 2,758 108 2,470 3,953 1,060 1,728 620 2,352 234 802 1,296 981
Thigh Lift 73,948 10,500 10,517 3,483 37 3,211 3,708 1,260 2,640 3,000 1,416 1,035 613 780 423
Upper Arm Lift 126,030 21,700 13,789 7,428 15 4,680 7,258 2,780 4,860 2,380 2,568 1,629 1,327 1,440 693
Labiaplasty (excluding vaginal
142,119 13,697 20,334 11,188 3,039 4,199 4,792 2,740 3,720 10,240 2,784 3,303 1,337 2,592 851
rejuvenation)
Total Body & Extremities Procedures 3,152,952 561,991 421,631 131,000 12,689 106,938 182,963 65,800 52,992 99,800 89,904 37,503 23,692 81,612 18,614
Total Surgical Procedures 10,129,528 1,485,116 1,306,962 425,855 222,642 360,542 456,489 284,320 245,400 478,200 255,528 165,906 78,131 208,416 102,407
2020
INTERNATIONAL
SURVEY
Please credit the International Society of Aesthetic Plastic Surgery when citing statistical data. Contact ISAPS: +44 20 7038 7812 | media@isaps.org | www.isaps.org 29"
2020,E:\shared\行业报告\2020isaps-global-survey.pdf,https://www.isaps.org/media/dzjfg50s/isaps-global-survey_2020.pdf,30,"NONSURGICAL PROCEDURES BY COUNTRY
NONSURGICAL PROCEDURES WORLD-WIDE USA** BRAZIL GERMANY JAPAN* TURKEY MEXICO ARGENTINA ITALY RUSSIA INDIA SPAIN GREECE COLOMBIA THAILAND
INJECTABLES
Botulinum Toxin 6,213,859 1,477,000 334,220 400,259 206,634 357,201 194,226 188,000 204,084 46,700 44,880 100,296 97,213 59,340 36,721
Calcium Hydroxylapatite 222,785 48,688 15,426 7,428 471 6,149 11,159 10,940 12,732 7,840 384 8,604 1,925 4,704 0
Hyaluronic Acid 4,053,016 807,870 165,707 284,407 66,712 162,240 123,707 173,360 240,264 49,080 45,120 98,829 80,462 46,752 11,574
Poly-L-Lactic Acid 121,087 47,415 14,023 3,221 4 2,639 2,256 60 3,480 5,700 0 765 1,239 1,128 0
Total Injectables Procedures 10,610,748 2,380,973 529,376 695,315 273,821 528,229 331,348 372,360 460,560 109,320 90,384 208,494 180,838 111,924 48,295
FACIAL REJUVENATION
Chemical Peel 409,054 102,900 23,372 1,356 41,156 299 3,778 5,420 30,648 80 44,784 6,867 9,163 1,788 107
Full Field Ablative 225,141 42,700 12,855 3,899 7,994 5,031 6,296 6,680 13,908 14,700 8,832 963 4,788 4,428 0
Micro-Ablative Resurfacing 240,213 70,000 0 5,255 12,679 5,499 3,061 8,060 13,668 920 5,784 1,863 8,901 4,584 42
Photo Rejuvenation 517,675 174,300 9,115 3,760 47,773 9,529 7,696 17,680 22,044 5,380 11,016 1,404 9,713 4,536 2,911
Total Facial Rejuvenation 1,392,083 389,900 45,342 14,270 109,602 20,358 20,831 37,840 80,268 21,080 70,416 11,097 32,564 15,336 3,060
Procedures
OTHER
Hair Removal 1,837,052 271,628 47,679 0 387,793 25,779 25,815 124,000 27,840 9,920 97,920 11,250 86,289 21,456 586
Nonsurgical Fat Reduction 560,464 140,314 0 22,298 64,340 10,569 26,235 32,320 16,800 3,080 9,816 765 19,212 9,180 200
Total Other Procedures 2,397,516 411,942 47,679 22,298 452,133 36,348 52,050 156,320 44,640 13,000 107,736 12,015 105,501 30,636 786
Total Nonsurgical Procedures 14,400,347 3,182,815 622,396 731,883 835,556 584,935 404,229 566,520 585,468 143,400 268,536 231,606 318,903 157,896 52,140
Total Procedures 24,529,875 4,667,931 1,929,359 1,157,738 1,058,198 945,477 860,718 850,840 830,868 621,600 524,064 397,512 397,033 366,312 154,547
* Japan fielded the survey independently and provided the listed results.
** U.S. data are largely based on data provided reported by ASAPS‘ National Databank.
NOTE: Results for individual countries are limited to those that received a sufficient sample of participants.
2020
INTERNATIONAL
SURVEY
Please credit the International Society of Aesthetic Plastic Surgery when citing statistical data. Contact ISAPS: +44 20 7038 7812 | media@isaps.org | www.isaps.org 30"
2020,E:\shared\行业报告\2020isaps-global-survey.pdf,https://www.isaps.org/media/dzjfg50s/isaps-global-survey_2020.pdf,31,"COUNTRIES PERFORMING THE MOST POPULAR
SURGICAL PROCEDURES
BREAST AUGMENTATION EYELID SURGERY ABDOMINOPLASTY
NUMBER OF PERCENTAGE NUMBER OF PERCENTAGE NUMBER OF PERCENTAGE
RANK * COUNTRY RANK * COUNTRY RANK * COUNTRY
PROCEDURES OF TOTAL PROCEDURES OF TOTAL PROCEDURES OF TOTAL
1 USA 371,997 22.9% 1 Japan 143,921 11.7% 1 USA 163,073 21.3%
2 Brazil 172,485 10.6% 2 Brazil 143,037 11.7% 2 Brazil 112,186 14.7%
3 Germany 67,634 4.2% 3 Russia 92,080 7.5% 3 Mexico 34,420 4.5%
4 Russia 59,840 3.7% 4 USA 85,712 7.0% 4 Russia 26,160 3.4%
5 Mexico 58,312 3.6% 5 Germany 62,041 5.1% 5 Turkey 21,879 2.9%
6 Argentina 56,640 3.5% 6 Mexico 41,941 3.4% 6 Germany 21,389 2.8%
7 Spain 44,406 2.7% 7 Italy 37,956 3.1% 7 Argentina 20,900 2.7%
8 Turkey 39,442 2.4% 8 Turkey 35,009 2.9% 8 Colombia 18,684 2.4%
9 Italy 39,276 2.4% 9 Argentina 32,100 2.6% 9 India 16,968 2.2%
10 Colombia 32,724 2.0% 10 Spain 20,268 1.7% 10 Italy 11,712 1.5%
LIPOSUCTION RHINOPLASTY
NUMBER OF PERCENTAGE NUMBER OF PERCENTAGE
RANK * COUNTRY RANK * COUNTRY
PROCEDURES OF TOTAL PROCEDURES OF TOTAL
1 USA 296,601 19.4% 1 Brazil 87,879 10.3%
2 Brazil 173,420 11.4% 2 Turkey 66,950 7.9%
3 Germany 77,682 5.1% 3 USA 55,436 6.5%
4 Mexico 74,105 4.9% 4 Argentina 40,520 4.8%
5 India 60,120 3.9% 5 Russia 39,380 4.6%
6 Turkey 57,551 3.8% 6 Mexico 34,875 4.1%
7 Russia 48,000 3.1% 7 India 34,800 4.1%
8 Colombia 34,656 2.3% 8 Germany 26,474 3.1%
9 Argentina 27,520 1.8% 9 Italy 22,452 2.6%
10 Italy 24,672 1.6% 10 Thailand 21,083 2.5% *Rankings are based solely on those countries from which a sufficient survey
response was received and data were considered to be representative.
2020
INTERNATIONAL
SURVEY
Please credit the International Society of Aesthetic Plastic Surgery when citing statistical data. Contact ISAPS: +44 20 7038 7812 | media@isaps.org | www.isaps.org 31"
2020,E:\shared\行业报告\2020isaps-global-survey.pdf,https://www.isaps.org/media/dzjfg50s/isaps-global-survey_2020.pdf,32,"COUNTRIES PERFORMING THE MOST POPULAR
NONSURGICAL PROCEDURES
BOTULINUM TOXIN HAIR REMOVAL PHOTO REJUVENATION
NUMBER OF PERCENTAGE NUMBER OF PERCENTAGE NUMBER OF PERCENTAGE
RANK * COUNTRY RANK * COUNTRY RANK * COUNTRY
PROCEDURES OF TOTAL PROCEDURES OF TOTAL PROCEDURES OF TOTAL
1 USA 1,477,000 23.8% 1 Japan 387,793 21.1% 1 USA 174,300 33.7%
2 Germany 400,259 6.4% 2 USA 271,628 14.8% 2 Japan 47,773 9.2%
3 Turkey 357,201 5.7% 3 Argentina 124,000 6.7% 3 Italy 22,044 4.3%
4 Brazil 334,220 5.4% 4 India 97,920 5.3% 4 Argentina 17,680 3.4%
5 Japan 206,634 3.3% 5 Greece 86,289 4.7% 5 India 11,016 2.1%
6 Italy 204,084 3.3% 6 Brazil 47,679 2.6% 6 Greece 9,713 1.9%
7 Mexico 194,226 3.1% 7 Italy 27,840 1.5% 7 Turkey 9,529 1.8%
8 Argentina 188,000 3.0% 8 Mexico 25,815 1.4% 8 Brazil 9,115 1.8%
9 Spain 100,296 1.6% 9 Turkey 25,779 1.4% 9 Mexico 7,696 1.5%
10 Greece 97,213 1.6% 10 Colombia 21,456 1.2% 10 Russia 5,380 1.0%
HYALURONIC ACID NONSURGICAL FAT REDUCTION
NUMBER OF PERCENTAGE NUMBER OF PERCENTAGE
RANK * COUNTRY RANK * COUNTRY
PROCEDURES OF TOTAL PROCEDURES OF TOTAL
1 USA 807,870 19.9% 1 USA 140,314 25.0%
2 Germany 284,407 7.0% 2 Japan 64,340 11.5%
3 Italy 240,264 5.9% 3 Argentina 32,320 5.8%
4 Argentina 173,360 4.3% 4 Mexico 26,235 4.7%
5 Brazil 165,707 4.1% 5 Germany 22,298 4.0%
6 Turkey 162,240 4.0% 6 Greece 19,212 3.4%
7 Mexico 123,707 3.1% 7 Italy 16,800 3.0%
8 Spain 98,829 2.4% 8 Turkey 10,569 1.9%
9 Greece 80,462 2.0% 9 India 9,816 1.8%
10 Japan 66,712 1.6% 10 Colombia 9,180 1.6% *Rankings are based solely on those countries from which a sufficient survey
response was received and data were considered to be representative.
2020
INTERNATIONAL
SURVEY
Please credit the International Society of Aesthetic Plastic Surgery when citing statistical data. Contact ISAPS: +44 20 7038 7812 | media@isaps.org | www.isaps.org 32"
2020,E:\shared\行业报告\2020isaps-global-survey.pdf,https://www.isaps.org/media/dzjfg50s/isaps-global-survey_2020.pdf,33,"SURGICAL TOTALS RANKED BY CATEGORY
NUMBER OF PERCENTAGE
RANK * COUNTRY
PROCEDURES OF TOTAL
1 Brazil 483,800 12.4%
2 USA 326,229 8.3%
3 Russia 268,880 6.9%
4 Japan 203,461 5.2%
5 Mexico 166,347 4.3%
6 Turkey 165,750 4.2%
7 Germany 158,137 4.0%
8 Argentina 125,500 3.2%
9 Italy 117,300 3.0%
10 India 91,272 2.3%
2020
INTERNATIONAL
SURVEY
Please credit the International Society of Aesthetic Plastic Surgery when citing statistical data. Contact ISAPS: +44 20 7038 7812 | media@isaps.org | www.isaps.org 33
FACE
&
HEAD
NUMBER OF PERCENTAGE
RANK * COUNTRY
PROCEDURES OF TOTAL
1 USA 561,991 17.8%
2 Brazil 421,631 13.4%
3 Mexico 182,963 5.8%
4 Germany 131,000 4.2%
5 Turkey 106,938 3.4%
6 Russia 99,800 3.2%
7 India 89,904 2.9%
8 Colombia 81,612 2.6%
9 Argentina 65,800 2.1%
10 Italy 52,992 1.7%
NUMBER OF PERCENTAGE
RANK * COUNTRY
PROCEDURES OF TOTAL
1 USA 596,896 19.5%
2 Brazil 401,531 13.1%
3 Germany 136,718 4.5%
4 Russia 109,520 3.6%
5 Mexico 107,179 3.5%
6 Argentina 93,020 3.0%
7 Turkey 87,854 2.9%
8 Italy 75,108 2.5%
9 India 74,352 2.4%
10 Spain 70,740 2.3%
BREAST
BODY
&
EXTREMITIES
*Rankings are based solely on those countries from which a sufficient survey
response was received and data were considered to be representative."
2020,E:\shared\行业报告\2020isaps-global-survey.pdf,https://www.isaps.org/media/dzjfg50s/isaps-global-survey_2020.pdf,34,"NONSURGICAL TOTALS RANKED BY CATEGORY
NUMBER OF PERCENTAGE
RANK * COUNTRY
PROCEDURES OF TOTAL
1 USA 2,380,973 22.4%
2 Germany 695,315 6.6%
3 Brazil 529,376 5.0%
4 Turkey 528,229 5.0%
5 Italy 460,560 4.3%
6 Argentina 372,360 3.5%
7 Mexico 331,348 3.1%
8 Japan 273,821 2.6%
9 Spain 208,494 2.0%
10 Greece 180,838 1.7%
2020
INTERNATIONAL
SURVEY
Please credit the International Society of Aesthetic Plastic Surgery when citing statistical data. Contact ISAPS: +44 20 7038 7812 | media@isaps.org | www.isaps.org 34
IINJECTABLES
NUMBER OF PERCENTAGE
RANK * COUNTRY
PROCEDURES OF TOTAL
1 Japan 452,133 18.9%
2 USA 411,942 17.2%
3 Argentina 156,320 6.5%
4 India 107,736 4.5%
5 Greece 105,501 4.4%
6 Mexico 52,050 2.2%
7 Brazil 47,679 2.0%
8 Italy 44,640 1.9%
9 Turkey 36,348 1.5%
10 Colombia 30,636 1.3%
NUMBER OF PERCENTAGE
RANK * COUNTRY
PROCEDURES OF TOTAL
1 USA 389,900 28.0%
2 Japan 109,602 7.9%
3 Italy 80,268 5.8%
4 India 70,416 5.1%
5 Brazil 45,342 3.3%
6 Argentina 37,840 2.7%
7 Greece 32,564 2.3%
8 Russia 21,080 1.5%
9 Mexico 20,831 1.5%
10 Turkey 20,358 1.5%
FACIAL
REJUVENATION
OTHER
*Rankings are based solely on those countries from which a sufficient survey response was
received and data were considered to be representative."
2020,E:\shared\行业报告\2020isaps-global-survey.pdf,https://www.isaps.org/media/dzjfg50s/isaps-global-survey_2020.pdf,35,"COUNTRIES RANKED BY TOTAL NUMBER OF PROCEDURES
TOP 10
COUNTRIES RANKED BY TOTAL NUMBER OF PROCEDURES
PERCENTAGE
PERCENTAGE OF
TOTAL SURGICAL TOTAL NONSURGICAL OF TOTAL NUMBER OF PERCENTAGE
RANK * COUNTRY TOTAL SURGICAL
PROCEDURES PROCEDURES NONSURGICAL PROCEDURES OF TOTAL
PROCEDURES
PROCEDURES
1 USA 1,485,116 14.7% 3,182,815 22.1% 4,667,931 19.0%
2 Brazil 1,306,962 12.9% 622,396 4.3% 1,929,359 7.9%
3 Germany 425,855 4.2% 731,883 5.1% 1,157,738 4.7%
4 Japan 222,642 2.2% 835,556 5.8% 1,058,198 4.3%
5 Turkey 360,542 3.6% 584,935 4.1% 945,477 3.9%
6 Mexico 456,489 4.5% 404,229 2.8% 860,718 3.5%
7 Argentina 284,320 2.8% 566,520 3.9% 850,840 3.5%
8 Italy 245,400 2.4% 585,468 4.1% 830,868 3.4%
9 Russia 478,200 4.7% 143,400 1.0% 621,600 2.5%
10 India 255,528 2.5% 268,536 1.9% 524,064 2.1%
*Rankings are based solely on those countries from which a sufficient survey response was received and data were considered to be representative.
2020
INTERNATIONAL
SURVEY
Please credit the International Society of Aesthetic Plastic Surgery when citing statistical data. Contact ISAPS: +44 20 7038 7812 | media@isaps.org | www.isaps.org 35"
2020,E:\shared\行业报告\2020isaps-global-survey.pdf,https://www.isaps.org/media/dzjfg50s/isaps-global-survey_2020.pdf,36,"COUNTRIES RANKED BY ESTIMATED NUMBER
OF PLASTIC SURGEONS
TOP 30
COUNTRIES RANKED BY ESTIMATED
NUMBER OF PLASTIC SURGEONS
NUMBER OF % OF NUMBER OF % OF
RANK COUNTRY RANK COUNTRY
SURGEONS TOTAL SURGEONS TOTAL
1 USA 7,000 16.1% 16 Taiwan 759 1.7%
2 Brazil 5,843 13.4% 17 Venezuela 700 1.6%
3 China 3,000 6.9% 18 United Kingdom 619 1.4%
4 Japan 2,707 6.2% 19 Netherlands 605 1.4%
5 South Korea 2,581 5.9% 20 Egypt 570 1.3%
6 India 2,400 5.5% 21 Peru 563 1.3%
7 Russia 2,000 4.6% 22 Thailand 465 1.1%
8 Argentina 2,000 4.6% 23 Canada 460 1.1%
9 Mexico 1,749 4.0% 24 Australia 424 1.0%
10 Germany 1,541 3.5% 25 Greece 350 0.8%
11 Turkey 1,300 3.0% 26 Ukraine 350 0.8%
12 Italy 1,200 2.8% 27 Romania 342 0.8%
13 Colombia 1,200 2.8% 28 Iran 310 0.7%
14 France 1,020 2.3% 29 Belgium 280 0.6%
15 Spain 900 2.1% 30 Austria 260 0.6%
2020
INTERNATIONAL
SURVEY
Please credit the International Society of Aesthetic Plastic Surgery when citing statistical data. Contact ISAPS: +44 20 7038 7812 | media@isaps.org | www.isaps.org 36"
2020,E:\shared\行业报告\2020isaps-global-survey.pdf,https://www.isaps.org/media/dzjfg50s/isaps-global-survey_2020.pdf,37,"SURGICAL PROCEDURE GROUP RANKING BY COUNTRY
% OF % OF
RANK TOTAL RANK TOTAL
TOTAL TOTAL
USA TURKEY
1 Total Breast Procedures 596,896 40.2% 1 Total Face & Head Procedures 165,750 46.0%
2 Total Body & Extremities Procedures 561,991 37.8% 2 Total Body & Extremities Procedures 106,938 29.7%
3 Total Face & Head Procedures 326,229 22.0% 3 Total Breast Procedures 87,854 24.4%
BRAZIL ARGENTINA
1 Total Face & Head Procedures 483,800 37.0% 1 Total Face & Head Procedures 125,500 44.1%
2 Total Body & Extremities Procedures 421,631 32.3% 2 Total Breast Procedures 93,020 32.7%
3 Total Breast Procedures 401,531 30.7% 3 Total Body & Extremities Procedures 65,800 23.1%
RUSSIA INDIA
1 Total Face & Head Procedures 268,880 56.2% 1 Total Face & Head Procedures 91,272 35.7%
2 Total Breast Procedures 109,520 22.9% 2 Total Body & Extremities Procedures 89,904 35.2%
3 Total Body & Extremities Procedures 99,800 20.9% 3 Total Breast Procedures 74,352 29.1%
MEXICO ITALY
1 Total Body & Extremities Procedures 182,963 40.1% 1 Total Face & Head Procedures 117,300 47.8%
2 Total Face & Head Procedures 166,347 36.4% 2 Total Breast Procedures 75,108 30.6%
3 Total Breast Procedures 107,179 23.5% 3 Total Body & Extremities Procedures 52,992 21.6%
GERMANY JAPAN
1 Total Face & Head Procedures 158,137 37.1% 1 Total Face & Head Procedures 203,461 91.4%
2 Total Breast Procedures 136,718 32.1% 2 Total Body & Extremities Procedures 12,689 5.7%
3 Total Body & Extremities Procedures 131,000 30.8% 3 Total Breast Procedures 6,492 2.9%
2020
INTERNATIONAL
SURVEY
Please credit the International Society of Aesthetic Plastic Surgery when citing statistical data. Contact ISAPS: +44 20 7038 7812 | media@isaps.org | www.isaps.org 37"
2020,E:\shared\行业报告\2020isaps-global-survey.pdf,https://www.isaps.org/media/dzjfg50s/isaps-global-survey_2020.pdf,38,"NONSURGICAL PROCEDURE GROUP RANKING BY COUNTRY
% OF % OF
RANK TOTAL RANK TOTAL
TOTAL TOTAL
USA TURKEY
1 Total Injectables Procedures 2,380,973 74.8% 1 Total Injectables Procedures 528,229 90.3%
2 Total Other Procedures 411,942 12.9% 2 Total Other Procedures 36,348 6.2%
3 Total Facial Rejuvenation Procedures 389,900 12.3% 3 Total Facial Rejuvenation Procedures 20,358 3.5%
JAPAN ARGENTINA
1 Total Other Procedures 452,133 54.1% 1 Total Injectables Procedures 372,360 65.7%
2 Total Injectables Procedures 273,821 32.8% 2 Total Other Procedures 156,320 27.6%
3 Total Facial Rejuvenation Procedures 109,602 13.1% 3 Total Facial Rejuvenation Procedures 37,840 6.7%
GERMANY MEXICO
1 Total Injectables Procedures 695,315 95.0% 1 Total Injectables Procedures 331,348 82.0%
2 Total Other Procedures 22,298 3.0% 2 Total Other Procedures 52,050 12.9%
3 Total Facial Rejuvenation Procedures 14,270 1.9% 3 Total Facial Rejuvenation Procedures 20,831 5.2%
BRAZIL GREECE
1 Total Injectables Procedures 529,376 85.1% 1 Total Injectables Procedures 180,838 56.7%
2 Total Other Procedures 47,679 7.7% 2 Total Other Procedures 105,501 33.1%
3 Total Facial Rejuvenation Procedures 45,342 7.3% 3 Total Facial Rejuvenation Procedures 32,564 10.2%
ITALY INDIA
1 Total Injectables Procedures 460,560 78.7% 1 Total Other Procedures 107,736 40.1%
2 Total Facial Rejuvenation Procedures 80,268 13.7% 2 Total Injectables Procedures 90,384 33.7%
3 Total Other Procedures 44,640 7.6% 3 Total Facial Rejuvenation Procedures 70,416 26.2%
2020
INTERNATIONAL
SURVEY
Please credit the International Society of Aesthetic Plastic Surgery when citing statistical data. Contact ISAPS: +44 20 7038 7812 | media@isaps.org | www.isaps.org 38"
2020,E:\shared\行业报告\2020isaps-global-survey.pdf,https://www.isaps.org/media/dzjfg50s/isaps-global-survey_2020.pdf,39,"PROCEDURES PERFORMED BY
PLASTIC SURGEONS
IN 2020"
2020,E:\shared\行业报告\2020isaps-global-survey.pdf,https://www.isaps.org/media/dzjfg50s/isaps-global-survey_2020.pdf,40,"NUMBER OF WORLDWIDE SURGICAL PROCEDURES
PERFORMED BY PLASTIC SURGEONS
PERCENTAGE OF TOTAL
RANK SURGICAL PROCEDURES TOTAL
SURGICAL PROCEDURES
1 Breast Augmentation 1,624,281 16.0%
2 Liposuction 1,525,197 15.1%
3 Eyelid Surgery 1,225,540 12.1%
4 Rhinoplasty 852,554 8.4%
5 Abdominoplasty 765,248 7.6%
6 Breast Lift 594,691 5.9%
7 Fat Grafting (face) 515,819 5.1%
8 Breast Reduction 426,363 4.2%
9 Facelift 419,046 4.1%
10 Buttock Augmentation (implants and fat transfer) 396,105 3.9%
11 Brow Lift 288,306 2.8%
12 Ear Surgery 254,931 2.5%
13 Neck Lift 251,308 2.5%
14 Gynecomastia 210,737 2.1%
15 Breast Implant Removal 206,826 2.0%
16 Labiaplasty (excluding vaginal rejuvenation) 142,119 1.4%
17 Upper Arm Lift 126,030 1.2%
18 Facial Bone Contouring 106,173 1.0%
19 Thigh Lift 73,948 0.7%
20 Lower Body Lift 71,007 0.7%
21 Buttock Lift 53,299 0.5%
Total Surgical Procedures 10,129,528
2020
INTERNATIONAL
SURVEY
Please credit the International Society of Aesthetic Plastic Surgery when citing statistical data. Contact ISAPS: +44 20 7038 7812 | media@isaps.org | www.isaps.org 40"
2020,E:\shared\行业报告\2020isaps-global-survey.pdf,https://www.isaps.org/media/dzjfg50s/isaps-global-survey_2020.pdf,41,"NUMBER OF WORLDWIDE NONSURGICAL PROCEDURES
PERFORMED BY PLASTIC SURGEONS
PERCENTAGE OF TOTAL
RANK NONSURGICAL PROCEDURES TOTAL
NONSURGICAL PROCEDURES
1 Botulinum Toxin 6,213,859 43.2%
2 Hyaluronic Acid 4,053,016 28.1%
3 Hair Removal 1,837,052 12.8%
4 Nonsurgical Fat Reduction 560,464 3.9%
5 Photo Rejuvenation 517,675 3.6%
6 Chemical Peel 409,054 2.8%
7 Micro-Ablative Resurfacing 240,213 1.7%
8 Full Field Ablative 225,141 1.6%
9 Calcium Hydroxylapatite 222,785 1.5%
10 Poly-L-Lactic Acid 121,087 0.8%
Total Nonsurgical Procedures 14,400,347
2020
INTERNATIONAL
SURVEY
Please credit the International Society of Aesthetic Plastic Surgery when citing statistical data. Contact ISAPS: +44 20 7038 7812 | media@isaps.org | www.isaps.org 41"
2020,E:\shared\行业报告\2020isaps-global-survey.pdf,https://www.isaps.org/media/dzjfg50s/isaps-global-survey_2020.pdf,42,"PERCENT OF PLASTIC SURGEONS
PERFORMING EACH SURGICAL PROCEDURE
PERCENT OF PLASTIC SURGEONS PERFORMING EACH SURGICAL PROCEDURE
SURGICAL PROCEDURES W W O I R D L E D- ARGENTINA BRAZIL COLOMBIA GERMANY GREECE INDIA ITALY MEXICO RUSSIA SPAIN THAILAND TURKEY USA
FACE & HEAD
Brow Lift 61.0% 63.2% 68.0% 46.9% 70.6% 50.0% 36.4% 73.2% 71.3% 88.5% 70.4% 68.6% 63.3% 70.6%
Ear Surgery 73.8% 76.3% 76.0% 81.6% 64.7% 89.3% 59.1% 80.5% 77.5% 84.6% 88.9% 62.9% 83.3% 58.8%
Eyelid Surgery 90.3% 94.7% 76.0% 95.9% 88.2% 100.0% 75.0% 97.6% 95.4% 88.5% 92.6% 91.4% 93.3% 88.2%
Facelift 71.6% 79.0% 76.0% 55.1% 70.6% 89.3% 40.9% 75.6% 82.2% 84.6% 66.7% 65.7% 80.0% 88.2%
Facial Bone Contouring 36.4% 44.7% 28.0% 24.5% 17.7% 32.1% 43.2% 31.7% 62.0% 46.2% 25.9% 54.3% 36.7% 35.3%
Fat Grafting (face) 70.7% 60.5% 64.0% 57.1% 73.5% 71.4% 77.3% 80.5% 76.0% 84.6% 74.1% 71.4% 90.0% 58.8%
Neck Lift 62.6% 65.8% 64.0% 55.1% 55.9% 82.1% 34.1% 63.4% 82.2% 69.2% 70.4% 54.3% 70.0% 88.2%
Hair Transplantation 13.2% 7.9% 16.0% 8.2% 5.9% 3.6% 61.4% 9.8% 14.0% 7.7% 7.4% 8.6% 23.3% 29.4%
Rhinoplasty 76.3% 84.2% 72.0% 83.7% 41.2% 89.3% 86.4% 85.4% 90.7% 50.0% 88.9% 82.9% 90.0% 76.5%
BREAST
Breast Augmentation (saline) 3.4% 2.6% 4.0% 4.1% 0.0% 0.0% 2.3% 0.0% 2.3% 0.0% 3.7% 0.0% 3.3% 29.4%
Breast Augmentation (silicone) 89.3% 89.5% 84.0% 95.9% 88.2% 92.9% 84.1% 97.6% 94.6% 80.8% 92.6% 91.4% 90.0% 82.4%
Breast Augmentation (fat transfer) 50.7% 44.7% 44.0% 44.9% 76.5% 60.7% 54.6% 70.7% 55.0% 57.7% 70.4% 20.0% 46.7% 41.2%
Breast Implant Removal 75.3% 73.7% 76.0% 81.6% 88.2% 82.1% 45.5% 85.4% 85.3% 65.4% 85.2% 80.0% 66.7% 82.4%
Breast Lift 84.7% 86.8% 84.0% 91.8% 88.2% 85.7% 61.4% 95.1% 91.5% 80.8% 81.5% 77.1% 83.3% 82.4%
Breast Reduction 82.9% 76.3% 84.0% 83.7% 88.2% 85.7% 81.8% 92.7% 86.8% 76.9% 85.2% 71.4% 86.7% 82.4%
Gynecomastia 75.5% 81.6% 80.0% 79.6% 76.5% 85.7% 95.5% 82.9% 81.4% 53.9% 81.5% 45.7% 86.7% 76.5%
2020
INTERNATIONAL
SURVEY
Please credit the International Society of Aesthetic Plastic Surgery when citing statistical data. Contact ISAPS: +44 20 7038 7812 | media@isaps.org | www.isaps.org 42"
2020,E:\shared\行业报告\2020isaps-global-survey.pdf,https://www.isaps.org/media/dzjfg50s/isaps-global-survey_2020.pdf,43,"PERCENT OF PLASTIC SURGEONS
PERFORMING EACH SURGICAL PROCEDURE
PERCENT OF PLASTIC SURGEONS PERFORMING EACH SURGICAL PROCEDURE
SURGICAL PROCEDURES WORLD- ARGENTINA BRAZIL COLOMBIA GERMANY GREECE INDIA ITALY MEXICO RUSSIA SPAIN THAILAND TURKEY USA
WIDE
BODY & EXTREMITIES
Abdominoplasty 86.6% 81.6% 84.0% 93.9% 88.2% 92.9% 86.4% 95.1% 93.0% 88.5% 85.2% 71.4% 93.3% 88.2%
Buttock Augmentation
22.3% 21.1% 20.0% 44.9% 5.9% 10.7% 11.4% 17.1% 44.2% 19.2% 22.2% 25.7% 6.7% 5.9%
(implants only)
Buttock Augmentation (fat transfer) 56.4% 47.4% 60.0% 81.6% 44.1% 57.1% 34.1% 39.0% 87.6% 61.5% 66.7% 25.7% 66.7% 58.8%
Buttock Lift 22.3% 5.3% 20.0% 22.5% 20.6% 39.3% 18.2% 12.2% 39.5% 15.4% 0.0% 11.4% 20.0% 17.7%
Liposuction 88.3% 89.5% 96.0% 93.9% 88.2% 89.3% 86.4% 95.1% 94.6% 88.5% 88.9% 68.6% 90.0% 88.2%
Lower Body Lift 26.6% 10.5% 24.0% 22.5% 26.5% 32.1% 31.8% 12.2% 40.3% 19.2% 11.1% 20.0% 43.3% 52.9%
Penile Enlargement 6.9% 0.0% 0.0% 6.1% 2.9% 17.9% 2.3% 14.6% 5.4% 0.0% 11.1% 5.7% 10.0% 0.0%
Thigh Lift 40.6% 21.1% 60.0% 24.5% 47.1% 53.6% 29.6% 53.7% 41.9% 38.5% 55.6% 25.7% 53.3% 35.3%
Upper Arm Lift 57.1% 42.1% 56.0% 36.7% 79.4% 75.0% 34.1% 75.6% 66.7% 53.9% 77.8% 34.3% 70.0% 70.6%
Upper Body Lift 17.2% 7.9% 16.0% 14.3% 26.5% 17.9% 25.0% 4.9% 23.3% 0.0% 0.0% 11.4% 16.7% 23.5%
Labiaplasty 54.9% 50.0% 72.0% 40.8% 76.5% 71.4% 47.7% 68.3% 57.4% 53.9% 74.1% 31.4% 70.0% 41.2%
Vaginal Rejuvenation 21.3% 23.7% 28.0% 24.5% 8.8% 17.9% 50.0% 17.1% 22.5% 11.5% 11.1% 14.3% 20.0% 11.8%
2020
INTERNATIONAL
SURVEY
Please credit the International Society of Aesthetic Plastic Surgery when citing statistical data. Contact ISAPS: +44 20 7038 7812 | media@isaps.org | www.isaps.org 43"
2020,E:\shared\行业报告\2020isaps-global-survey.pdf,https://www.isaps.org/media/dzjfg50s/isaps-global-survey_2020.pdf,44,"PERCENT OF PLASTIC SURGEONS
PERFORMING EACH NONSURGICAL PROCEDURE
PERCENT OF PLASTIC SURGEONS PERFORMING EACH NONSURGICAL PROCEDURE
NONSURGICAL PROCEDURES W W O I R D L E D- ARGENTINA BRAZIL COLOMBIA GERMANY GREECE INDIA ITALY MEXICO RUSSIA SPAIN THAILAND TURKEY USA
INJECTABLES
Botulinum Toxin 84.0% 94.7% 72.0% 89.8% 88.2% 100.0% 65.9% 95.1% 95.4% 46.2% 85.2% 68.6% 96.7% 88.2%
Calcium Hydroxylapatite 19.7% 34.2% 16.0% 16.3% 20.6% 21.4% 4.6% 36.6% 27.9% 11.5% 33.3% 0.0% 16.7% 29.4%
Hyaluronic Acid 78.6% 89.5% 72.0% 77.6% 88.2% 100.0% 47.7% 95.1% 92.3% 46.2% 81.5% 45.7% 96.7% 76.5%
Poly-L-Lactic Acid 9.1% 2.6% 16.0% 8.2% 17.7% 17.9% 0.0% 17.1% 10.9% 11.5% 18.5% 0.0% 6.7% 23.5%
FACIAL REJUVENATION
Chemical Peel 22.2% 18.4% 16.0% 16.3% 11.8% 35.7% 36.4% 51.2% 20.2% 3.8% 51.9% 5.7% 6.7% 47.1%
Full Field Ablative 17.9% 15.8% 20.0% 18.4% 11.8% 39.3% 18.2% 43.9% 16.3% 23.1% 11.1% 0.0% 20.0% 29.4%
Micro-Ablative Resurfacing 12.7% 15.8% 0.0% 10.2% 2.9% 39.3% 13.6% 24.4% 10.9% 3.8% 18.5% 2.9% 13.3% 47.1%
Dermabrasion 11.7% 13.2% 4.0% 12.2% 20.6% 7.1% 20.5% 7.3% 10.1% 7.7% 11.1% 2.9% 13.3% 5.9%
Microdermabrasion 14.6% 26.3% 4.0% 14.3% 5.9% 28.6% 31.8% 2.4% 22.5% 0.0% 11.1% 2.9% 6.7% 35.3%
Nonsurgical Skin Tightening 23.3% 21.1% 4.0% 24.5% 35.3% 46.4% 25.0% 26.8% 31.8% 15.4% 25.9% 11.4% 20.0% 41.2%
Photo Rejuvenation 12.0% 21.1% 8.0% 8.2% 8.8% 21.4% 9.1% 12.2% 10.9% 15.4% 11.1% 8.6% 20.0% 41.2%
Polymethylmethacrylate 1.8% 2.6% 0.0% 2.0% 2.9% 3.6% 2.3% 2.4% 0.8% 0.0% 0.0% 0.0% 0.0% 5.9%
OTHER
Cellulite Treatment 17.3% 18.4% 8.0% 18.4% 17.7% 53.6% 6.8% 31.7% 26.4% 3.8% 25.9% 2.9% 10.0% 17.7%
Hair Removal 18.4% 23.7% 8.0% 14.3% 0.0% 60.7% 38.6% 34.2% 17.8% 3.8% 11.1% 8.6% 16.7% 41.2%
Nonsurgical Fat Reduction 18.5% 10.5% 0.0% 24.5% 29.4% 64.3% 15.9% 24.4% 22.5% 3.8% 18.5% 5.7% 20.0% 35.3%
Tattoo Removal 14.9% 18.4% 12.0% 10.2% 2.9% 25.0% 52.3% 24.4% 11.6% 7.7% 0.0% 5.7% 13.3% 17.7%
Treatment of Leg Veins 8.7% 7.9% 4.0% 6.1% 0.0% 21.4% 15.9% 4.9% 7.8% 3.8% 7.4% 2.9% 13.3% 17.7%
Sclerotherapy 9.7% 0.0% 0.0% 6.1% 2.9% 21.4% 13.6% 9.8% 12.4% 3.8% 18.5% 8.6% 13.3% 5.9%
2020
INTERNATIONAL
SURVEY
Please credit the International Society of Aesthetic Plastic Surgery when citing statistical data. Contact ISAPS: +44 20 7038 7812 | media@isaps.org | www.isaps.org 44"
2020,E:\shared\行业报告\2020isaps-global-survey.pdf,https://www.isaps.org/media/dzjfg50s/isaps-global-survey_2020.pdf,45,DEMOGRAPHICS
2020,E:\shared\行业报告\2020isaps-global-survey.pdf,https://www.isaps.org/media/dzjfg50s/isaps-global-survey_2020.pdf,46,"GENDER DISTRIBUTION FOR COSMETIC PROCEDURES – SURGICAL
GENDER DISTRIBUTION FOR COSMETIC PROCEDURES: SURGICAL
RANK FEMALE NUMBER OF PERCENTAGE RANK MALE NUMBER OF PERCENTAGE
PROCEDURES OF TOTAL PROCEDURES OF TOTAL
1 Breast Augmentation 1,601,713 98.6% 1 Eyelid Surgery 257,159 21.0%
2 Liposuction 1,300,020 85.2% 2 Liposuction 225,177 14.8%
3 Eyelid Surgery 968,381 79.0% 3 Gynecomastia 210,737 100.0%
4 Abdominoplasty 703,778 92.0% 4 Rhinoplasty 209,087 24.5%
5 Rhinoplasty 643,468 75.5% 5 Ear Surgery 87,338 34.3%
6 Breast Lift 594,691 100.0% 6 Fat Grafting (face) 86,037 16.7%
7 Fat Grafting (face) 429,782 83.3% 7 Abdominoplasty 61,470 8.0%
8 Breast Reduction 426.363 100.0% 8 Facelift 60.829 14.5%
9 Buttock Augmentation 377,262 95.2% 9 Brow Lift 49,112 17.0%
10 Facelift 358,217 85.5% 10 Neck Lift 41,885 16.7%
11 Brow Lift 239,194 83.0% 11 Facial Bone Contouring 26,447 24.9%
12 Neck Lift 209,424 83.3% 12 Breast Augmentation 22,568 1.4%
13 Breast Implant Removal 204,654 99.0% 13 Buttock Augmentation 18,843 4.8%
14 Ear Surgery 167,594 65.7% 14 Lower Body Lift 11,026 15.5%
15 Labiaplasty 142,119 100.0% 15 Upper Arm Lift 6,519 5.2%
16 Upper Arm Lift 119,511 94.8% 16 Thigh Lift 4,871 6.6%
17 Facial Bone Contouring 79,726 75.1% 17 Buttock Lift 3,607 6.8%
18 Thigh Lift 69,077 93.4% 18 Breast Implant Removal 2,171 1.0%
19 Lower Body Lift 59,981 84.5%
20 Buttock Lift 49,692 93.2%
Total Surgical Procedures 8,744,646 86.3% 1,384,883 13.7%
2020
INTERNATIONAL
SURVEY
Please credit the International Society of Aesthetic Plastic Surgery when citing statistical data. Contact ISAPS: +44 20 7038 7812 | media@isaps.org | www.isaps.org 46"
2020,E:\shared\行业报告\2020isaps-global-survey.pdf,https://www.isaps.org/media/dzjfg50s/isaps-global-survey_2020.pdf,47,"GENDER DISTRIBUTION FOR COSMETIC
PROCEDURES – NONSURGICAL
GENDER DISTRIBUTION FOR COSMETIC PROCEDURES: NONSURGICAL
NUMBER OF PERCENTAGE NUMBER OF PERCENTAGE
RANK FEMALE RANK MALE
PROCEDURES OF TOTAL PROCEDURES OF TOTAL
1 Botulinum Toxin 5,307,901 85.4% 1 Botulinum Toxin 905,958 14.6%
2 Hyaluronic Acid 3,558,511 87.8% 2 Hyaluronic Acid 494,506 12.2%
3 Hair Removal 1,538,982 83.8% 3 Hair Removal 298,070 16.2%
4 Photo Rejuvenation 446,250 86.2% 4 Nonsurgical Fat Reduction 120,707 21.5%
5 Nonsurgical Fat Reduction 439,757 78.5% 5 Photo Rejuvenation 71,425 13.8%
6 Chemical Peel 356,970 87.3% 6 Chemical Peel 52,085 12.7%
7 Micro-Ablative Resurfacing 210,448 87.6% 7 Full Field Ablative 37,523 16.7%
8 Calcium Hydroxylapatite 187,683 84.2% 8 Calcium Hydroxylapatite 35,103 15.8%
9 Full Field Ablative 187,617 83.3% 9 Micro-Ablative Resurfacing 29,766 12.4%
10 Poly-L-Lactic Acid 105,293 87.0% 10 Poly-L-Lactic Acid 15,794 13.0%
Total NonSurgical Procedures 12,339,411 85.7% Total Nonsurgical Procedures 2,060,936 14.3%
Total Procedures 21,084,057 86.0% 3,445,818 14.0%
2020
INTERNATIONAL
SURVEY
Please credit the International Society of Aesthetic Plastic Surgery when citing statistical data. Contact ISAPS: +44 20 7038 7812 | media@isaps.org | www.isaps.org 47"
2020,E:\shared\行业报告\2020isaps-global-survey.pdf,https://www.isaps.org/media/dzjfg50s/isaps-global-survey_2020.pdf,48,"AGE DISTRIBUTION FOR CERTAIN COSMETIC PROCEDURES
AGE DISTRIBUTION FOR CERTAIN COSMETIC PROCEDURES
18 YEARS 19-34 YEARS 35-50 YEARS 51-64 YEARS 65 YEARS
OR YOUNGER OLD OLD OLD OR OLDER
Breast augmentations 25,826 1.6% 930,226 57.3% 559,890 34.5% 98,594 6.1% 9,746 0.6%
Liposuction 26,233 1.7% 734,840 48.2% 621,823 40.8% 132,082 8.7% 10,219 0.7%
Rhinoplasty 55,928 6.6% 578,629 67.9% 188,074 22.1% 26,770 3.1% 3,154 0.4%
Botulinum Toxin 42,876 0.7% 1,497,540 24.1% 3,121,221 50.2% 1,343,436 21.6% 208,786 3.4%
Nonsurgical Fat Reduction 8,911 1.6% 227,100 40.5% 243,634 43.5% 68,433 12.2% 12,386 2.2%
BREAST AUGMENTATIONS FOR WOMEN
17 YEARS OLD OR YOUNGER
World-Wide 17.4% REASONS FOR PROCEDURE
Argentina 8.1% Congenital absent breast (i.e.. Poland’s syndrome) 6.1%
Brazil 21.7% Severe asymmetry 18.4%
Colombia 16.7% Congenital micromastia 11.5%
Germany 25.0% Tubular breast 16.6%
Greece 14.3% Purely cosmetic bilateral augmentation 43.3%
India 9.3% Other 4.1%
Italy 25.6%
Mexico 15.5%
Russia 22.7%
Spain 25.0%
Thailand 15.2%
Turkey 25.0%
USA 6.7%
2020
INTERNATIONAL
SURVEY
Please credit the International Society of Aesthetic Plastic Surgery when citing statistical data. Contact ISAPS: +44 20 7038 7812 | media@isaps.org | www.isaps.org 48"
2020,E:\shared\行业报告\2020isaps-global-survey.pdf,https://www.isaps.org/media/dzjfg50s/isaps-global-survey_2020.pdf,49,"COSMETIC PROCEDURES BY LOCATION
COSMETIC PROCEDURES BY LOCATION
AN OFFICE A FREE-STANDING
A HOSPITAL OTHER
FACILITY SURGICENTER
World-Wide 32.4% 43.8% 23.2% 0.6%
Argentina 29.3% 21.6% 48.8% 0.3%
Brazil 31.1% 41.7% 27.1% 0.1%
Colombia 22.2% 34.5% 42.3% 1.1%
Germany 48.8% 31.5% 19.1% 0.7%
Greece 48.5% 46.5% 5.0% 0.0%
India 18.5% 71.6% 9.9% 0.0%
Italy 39.8% 26.7% 31.9% 1.7%
Mexico 39.9% 38.1% 21.9% 0.2%
Russia 2.8% 61.1% 35.4% 0.7%
Spain 33.2% 59.5% 7.0% 0.4%
Thailand 34.9% 56.8% 8.2% 0.0%
Turkey 31.0% 53.6% 13.5% 1.9%
USA 45.0% 19.7% 34.3% 1.1%
2020
INTERNATIONAL
SURVEY
Please credit the International Society of Aesthetic Plastic Surgery when citing statistical data. Contact ISAPS: +44 20 7038 7812 | media@isaps.org | www.isaps.org 49"
2020,E:\shared\行业报告\2020isaps-global-survey.pdf,https://www.isaps.org/media/dzjfg50s/isaps-global-survey_2020.pdf,50,"MEDICAL TOURISM
TOP 3
MEDICAL TOURISM MOST FREQUENTLY-CITED
COUNTRIES OF FOREIGN PATIENTS
PERCENTAGE OF PATIENTS ATTENDING FROM OTHER COUNTRIES
MEDIAN AVERAGE 1 2 3
World-Wide 10.0% 15.9%
Argentina 3.0% 5.9% Spain USA Brazil
Brazil 10.0% 10.9% USA Portugal Spain
Colombia 15.0% 21.8% USA Spain Chile
Germany 5.0% 11.7% Switzerland Austria Russia
Greece 10.0% 11.5% United Kingdom Germany Switzerland
India 5.0% 5.2% United Arab Emirates USA Bangaladesh
Italy 5.0% 9.6% Switzerland Romania United Kingdom
Mexico 20.0% 28.2% USA Canada Colombia
Russia 2.5% 5.0% USA United Kingdom Finland
Spain 7.5% 14.8% United Kingdom Germany Italy
Thailand 10.0% 20.9% Australia USA China
Turkey 17.0% 25.8% Germany United Kingdom France
USA 10.0% 9.2% Mexico Canada United Kingdom
2020
INTERNATIONAL
SURVEY
Please credit the International Society of Aesthetic Plastic Surgery when citing statistical data. Contact ISAPS: +44 20 7038 7812 | media@isaps.org | www.isaps.org 50"
2020,E:\shared\行业报告\2020isaps-global-survey.pdf,https://www.isaps.org/media/dzjfg50s/isaps-global-survey_2020.pdf,51,"PROCEDURE
INFO SHEET"
2020,E:\shared\行业报告\2020isaps-global-survey.pdf,https://www.isaps.org/media/dzjfg50s/isaps-global-survey_2020.pdf,52,"PROCEDURE INFO SHEET - SURGICAL
SURGICAL PROCEDURES Best for Cost* Length of Procedure Number of Treatments Out of Office?
Breast Augmentation Small breasts or breast asymmetry $$$ 1-2 hours 1 1-2 weeks
Breast Lift Sagging, poorly shaped breasts $$$ 1.5-3.5 hours 1 1-2 weeks
Breast Reduction Large, heavy, loose, or disproportionate breasts $$$ 2-4 hours 1 1-2 weeks
Brow Lift Sagging eyebrows, forehead creases, frown lines $$$ 1-2 hours 1 Up to 10 days
Buttock Augmentation Weight loss or minimal volume buttock $$$ 1-2 hours Varies 1 week
Buttock Lift Sagging skin or excess fat, weakened muscles in thigh/buttocks $$$ 2 hours 1 2-4 weeks
Chin Augmentation / Genioplasty Receding chin $$ 1 hour 1 1-2 weeks
Ear Surgery Protruding or disproportionate ears $$$ 2-3 hours 1 1-2 weeks
Excess fat, wrinkled or drooping skin, upper eyelids, bags, puffiness
Eyelid Surgery $$$ 1-3 hours 1 Up to 10 days
under eyes
Facelift Loos skin, deep lines, wrinkles, jowls $$$ 2-3 hours 1 Up to 2 weeks
Fat Transfer (breast) Lack of volume $$$ 2-4 hours 2+ 2-3 days
Fat Transfer (face) Lack of volume $$ 1-2 hours 1+ 2 weeks
Labiaplasty Enlarged, asymmetric, or protruding labia minora $$ 1 hour 1 1 week
Liposuction Isolated fatty areas $$$ 1-2 hours 1 1-2 weeks
Lower Body Lift Loose thighs, buttock, and abdomen $$$ Up to 8 hours 1 Up to 4 weeks
Male Breast Reduction Gynecomastia $$$ 2 hours 1 1 week
Neck Lift Loose, sagging, excess skin $$$ 2-3 hours 1 Up to 2 weeks
Rhinoplasty Large or wide nose, deformity $$$ 1-2 hours 1 1-2 weeks
Thigh Lift Loose, excess skin $$$ 2 hours 1 2-4 weeks
Tummy Tuck Protruding abdomen, excess fat and skin $$$ 2-5 hours 1 2-4 weeks
Upper Arm Lift Excess skin and fat $$$ 2 hours 1 1-2 weeks
*Surgeon fees may vary.
2020
INTERNATIONAL
SURVEY
Please credit the International Society of Aesthetic Plastic Surgery when citing statistical data. Contact ISAPS: +44 20 7038 7812 | media@isaps.org | www.isaps.org 52"
2020,E:\shared\行业报告\2020isaps-global-survey.pdf,https://www.isaps.org/media/dzjfg50s/isaps-global-survey_2020.pdf,53,"PROCEDURE INFO SHEET - NONSURGICAL
NONSURGICAL PROCEDURES Best for Cost* Length of Procedure Number of Treatments Out of Office?
Botulinum Toxin Repeat treatments
Frown lines, crow’s feet $ 30 minutes 0 days
every 4-6 months
Calcium Hydroxylapatite Frown lines, crow’s feet, Repeat treatments
$ < 1 hour 0 days
nasolabial folds, lips every 2+ years
Sun-damaged or unevenly Varies depending on Varies depending on Varies depending
Chemical Peel $
pigmented skin type of peel type of peel on type of peel
Full Field Ablative Fair and non-oily, sun-damaged facial skin, Varies depending on
$$ Varies Varies
mouth and eye wrinkles, acne scars laser and skin condition
Hyaluronic Acid Nasolabial folds, forehead wrinkles, smile Repeat treatments
$ < 1 hour 0 days
lines, and lips every 4-12 months
Laser Hair Removal Unwanted facial or body hair $ Varies depending on area Multiple sessions 0 days
Micro-Ablative Resurfacing Acitinic changes, acne scars, pigment,
$$ 30-60 minutes Varies Varies
superficial lines
Nonsurgical Fat Reduction
Resistant fat, mild lipodystrophy $$ 1-3 hours 1-6 0 days
Photo Rejuvenation
Pigment, superficial lines $ 10-30 minutes 3-5 0 days
Poly-L-Lactic Acid Cheeks, temple, jawline, volume loss, facial
$ < 1 hour 2-4 0 days
fat
Sclerotherapy Spider veins $ 30-60 minutes 3-4 0 days
*Surgeon fees may vary.
2020
INTERNATIONAL
SURVEY
Please credit the International Society of Aesthetic Plastic Surgery when citing statistical data. Contact ISAPS: +44 20 7038 7812 | media@isaps.org | www.isaps.org 53"
2020,E:\shared\行业报告\2020isaps-global-survey.pdf,https://www.isaps.org/media/dzjfg50s/isaps-global-survey_2020.pdf,54,"IMPACT OF
COVID -19"
2020,E:\shared\行业报告\2020isaps-global-survey.pdf,https://www.isaps.org/media/dzjfg50s/isaps-global-survey_2020.pdf,55,"COVID IMPACT
WHICH OF THE FOLLOWING, IF ANY, OCCURRCEODV AITD YIMOPUARC PTRACTICE BECAUSE OF COVID-19?
WORLD-WIDE ARGENTINA BRAZIL COLOMBIA GERMANY GREECE INDIA ITALY MEXICO RUSSIA SPAIN THAILAND TURKEY USA
WHICH OF THE FOLLOWING. IF ANY. OCCURRED AT YOUR PRACTICE BECAUSE OF COVID-19?
Closed practice temporarily 77.8% 80.0% 87.5% 91.8% 57.6% 85.2% 70.5% 87.2% 83.6% 58.3% 96.0% 67.7% 86.7% 76.5%
Modified office hours 52.3% 71.4% 54.2% 59.2% 30.3% 55.6% 54.6% 28.2% 68.8% 25.0% 56.0% 35.3% 50.0% 52.9%
Patient demand decreased due to safety/
42.4% 65.7% 45.8% 65.3% 15.2% 37.0% 61.4% 33.3% 46.9% 8.3% 24.0% 55.9% 43.3% 35.3%
virus concerns
Patient demand decreased due to patients’
31.5% 51.4% 29.2% 46.9% 3.0% 29.6% 54.6% 25.6% 31.3% 20.8% 24.0% 52.9% 40.0% 11.8%
lost wages and income concerns
Patient demand increased due to patients'
26.1% 28.6% 20.8% 4.1% 57.6% 22.2% 11.4% 25.6% 33.6% 16.7% 44.0% 11.8% 16.7% 52.9%
work flexibility
Implemented salary reductions 16.4% 17.1% 12.5% 26.5% 6.1% 14.8% 22.7% 2.6% 13.3% 12.5% 24.0% 41.2% 6.7% 5.9%
Reduced fees for procedures 15.9% 17.1% 4.2% 26.5% 0.0% 18.5% 43.2% 12.8% 17.2% 4.2% 12.0% 35.3% 3.3% 5.9%
Increased staff because of added
10.2% 8.6% 4.2% 10.2% 9.1% 18.5% 6.8% 15.4% 14.1% 0.0% 4.0% 2.9% 13.3% 11.8%
protocols and protections
Laid off/furloughed staff 9.8% 5.7% 0.0% 20.4% 6.1% 14.8% 9.1% 0.0% 12.5% 0.0% 12.0% 8.8% 3.3% 29.4%
Moved to a new employment situation or
9.3% 5.7% 8.3% 10.2% 3.0% 3.7% 2.3% 7.7% 11.7% 12.5% 8.0% 5.9% 3.3% 5.9%
practice
Staff shortages 9.3% 0.0% 4.2% 6.1% 12.1% 7.4% 29.6% 0.0% 7.8% 8.3% 12.0% 5.9% 10.0% 17.7%
Reduced number of surgeons 5.4% 0.0% 12.5% 6.1% 3.0% 0.0% 4.6% 5.1% 6.3% 4.2% 12.0% 11.8% 3.3% 0.0%
Closed practice permanently 4.5% 2.9% 4.2% 16.3% 3.0% 0.0% 2.3% 0.0% 5.5% 4.2% 4.0% 0.0% 10.0% 0.0%
Other 2.1% 2.9% 4.2% 2.0% 0.0% 0.0% 0.0% 0.0% 0.8% 4.2% 0.0% 2.9% 0.0% 5.9%
None 3.4% 2.9% 0.0% 2.0% 3.0% 3.7% 2.3% 0.0% 1.6% 12.5% 0.0% 2.9% 10.0% 11.8%
2020
INTERNATIONAL
SURVEY
Please credit the International Society of Aesthetic Plastic Surgery when citing statistical data. Contact ISAPS: +44 20 7038 7812 | media@isaps.org | www.isaps.org 55"
2020,E:\shared\行业报告\2020isaps-global-survey.pdf,https://www.isaps.org/media/dzjfg50s/isaps-global-survey_2020.pdf,56,"COVID IMPACT
WHICH OF THE FOLLOWING, IF ANY, OCCURRCEODV AITD YIMOPUARC PTRACTICE BECAUSE OF COVID-19?
WORLD-WIDE ARGENTINA BRAZIL COLOMBIA GERMANY GREECE INDIA ITALY MEXICO RUSSIA SPAIN THAILAND TURKEY USA
WHEN DO YOU EXPECT YOUR PRACTICE WILL RETURN TO A “PRE-PANDEMIC” PATIENT VOLUME?
We have already returned to pre-
45.0% 23.3% 30.4% 26.1% 73.3% 48.2% 18.4% 46.0% 46.5% 65.0% 62.5% 3.2% 50.0% 81.3%
Pandemic levels
Less than 1 month from now 1.7% 3.3% 0.0% 4.4% 0.0% 0.0% 0.0% 5.4% 1.8% 0.0% 4.2% 3.2% 0.0% 0.0%
1 to 2 months from now 5.1% 6.7% 4.4% 4.4% 10.0% 0.0% 10.5% 5.4% 5.3% 0.0% 0.0% 0.0% 3.6% 0.0%
3 to 6 months from now 12.9% 20.0% 21.7% 15.2% 6.7% 11.1% 36.8% 16.2% 14.0% 5.0% 0.0% 12.9% 3.6% 0.0%
7 to 12 months from now 11.8% 23.3% 13.0% 19.6% 0.0% 14.8% 2.6% 16.2% 14.9% 10.0% 4.2% 19.4% 10.7% 6.3%
1 to 2 years from now 16.8% 16.7% 17.4% 23.9% 6.7% 22.2% 26.3% 8.1% 13.2% 15.0% 16.7% 41.9% 32.1% 0.0%
More than 2 years from now 4.3% 6.7% 8.7% 2.2% 0.0% 3.7% 5.3% 0.0% 0.0% 5.0% 8.3% 16.1% 0.0% 6.3%
Never - our practice's daily operations will
2.4% 0.0% 4.4% 4.4% 3.3% 0.0% 0.0% 2.7% 4.4% 0.0% 4.2% 3.2% 0.0% 6.3%
never return to pre-Pandemic levels
2020
INTERNATIONAL
SURVEY
Please credit the International Society of Aesthetic Plastic Surgery when citing statistical data. Contact ISAPS: +44 20 7038 7812 | media@isaps.org | www.isaps.org 56"
2020,E:\shared\行业报告\2020isaps-global-survey.pdf,https://www.isaps.org/media/dzjfg50s/isaps-global-survey_2020.pdf,57,"ADDITIONAL
& RESIDENT
STATISTICS"
2020,E:\shared\行业报告\2020isaps-global-survey.pdf,https://www.isaps.org/media/dzjfg50s/isaps-global-survey_2020.pdf,58,"ADDITIONAL STATISTICS
WHICH OF THE FOLLOWING, IF ANYA,D ODCITCIUORNRAELD S ATAT TYIOSTUIRC SPRACTICE BECAUSE OF COVID-19?
WORLD-WIDE ARGENTINA BRAZIL COLOMBIA GERMANY GREECE INDIA ITALY MEXICO RUSSIA SPAIN THAILAND TURKEY USA
HOW MANY YEARS HAVE YOU BEEN IN PRACTICE?
Median 20 20 30 17 20 20 16 25 23 16 23 15 19 30
Average 20 24 27 19 19 19 16 24 21 17 24 17 17 27
WHAT IS YOUR GENDER?
Male 77.5% 81.6% 66.7% 76.6% 73.5% 88.9% 88.6% 85.4% 79.2% 53.9% 55.6% 82.4% 86.7% 82.4%
Female 22.5% 18.4% 33.3% 23.4% 26.5% 11.1% 11.4% 14.6% 20.8% 46.2% 44.4% 17.7% 13.3% 17.7%
ARE YOU CURRENTLY A MEMBER OF ISAPS?
Yes 80.2% 89.5% 100.0% 65.3% 94.1% 71.4% 81.8% 97.6% 69.0% 80.8% 92.6% 74.3% 56.7% 94.1%
No 19.8% 10.5% 0.0% 34.7% 5.9% 28.6% 18.2% 2.4% 31.0% 19.2% 7.4% 25.7% 43.3% 5.9%
PERCENT OF PHYSICIANS PERFORMING THE FOLLOWING PROCEDURES IN 2020:
Bichatectomy 41.9% 42.9% 22.7% 78.3% 25.0% 16.0% 16.2% 22.9% 89.7% 28.6% 52.2% 19.4% 79.3% 28.6%
Brachioplasty 59.4% 44.4% 63.6% 37.2% 75.0% 67.9% 30.8% 82.1% 68.3% 57.1% 87.5% 43.8% 63.3% 87.5%
Mommy Makeover 56.4% 33.3% 61.9% 54.4% 60.0% 59.3% 52.6% 54.1% 68.9% 45.5% 82.6% 45.2% 79.3% 80.0%
Sex Reassignment Surgery
9.2% 5.7% 0.0% 7.5% 13.3% 7.7% 31.6% 5.7% 4.2% 5.3% 17.4% 38.7% 4.0% 0.0%
(Sex Change)
Vaginal Rejuvenation using
4.9% 2.9% 0.0% 4.8% 7.1% 15.4% 5.4% 3.0% 5.0% 5.3% 0.0% 0.0% 7.4% 7.1%
Radio Frequency
2020
INTERNATIONAL
SURVEY
Please credit the International Society of Aesthetic Plastic Surgery when citing statistical data. Contact ISAPS: +44 20 7038 7812 | media@isaps.org | www.isaps.org 58"
2020,E:\shared\行业报告\2020isaps-global-survey.pdf,https://www.isaps.org/media/dzjfg50s/isaps-global-survey_2020.pdf,59,"RESIDENT STATISTICS
RESIDENT STATISTICS
WORLD-WIDE ARGENTINA BRAZIL COLOMBIA GERMANY GREECE INDIA ITALY MEXICO RUSSIA SPAIN THAILAND TURKEY USA
DO YOU HAVE ADDITIONAL SURGEONS OR RESIDENTS IN YOUR PRACTICE?
Yes 42.7% 46.0% 56.0% 21.3% 50.0% 32.1% 37.2% 60.0% 41.9% 66.7% 28.0% 42.9% 26.7% 58.8%
No 57.3% 54.1% 44.0% 78.7% 50.0% 67.9% 62.8% 40.0% 58.1% 33.3% 72.0% 57.1% 73.3% 41.2%
IF YES, PLEASE PROVIDE COUNTS (AVERAGES):
Surgeons - Male 174 241 * * 153 * 125 183 106 429 * * * *
Surgeons - Female 112 82 * * 82 * 31 88 62 241 * * * *
Surgeons - Total 286 323 * * 235 * 156 271 168 670 * * * *
Residents - Male 191 212 * * 65 * 94 67 209 271 * * * *
Residents - Female 122 71 * * 53 * 19 46 96 176 * * * *
Residents - Total 313 283 * * 118 * 113 113 305 447 * * * *
ARE THE RESIDENTS IN YOUR PRACTICE PART OF A TRAINING PROGRAM TO BECOME A PLASTIC SURGEON?
Yes 70.7% 82.4% * * 60.0% * * 57.9% 61.7% 87.5% * * * *
No 29.3% 17.7% * * 40.0% * * 42.1% 38.3% 12.5% * * * *
IS THERE A REQUIREMENT FOR YOUR RESIDENTS TO COMPLETE A LOGBOOK OF PROCEDURES AS PART OF THEIR TRAINING?
Yes 72.2% * * * * * * 46.7% 57.5% 73.3% * * * *
No 27.8% * * * * * * 53.3% 42.5% 26.7% * * * *
2020
INTERNATIONAL
SURVEY
Please credit the International Society of Aesthetic Plastic Surgery when citing statistical data. Contact ISAPS: +44 20 7038 7812 | media@isaps.org | www.isaps.org 59"
2020,E:\shared\行业报告\2020isaps-global-survey.pdf,https://www.isaps.org/media/dzjfg50s/isaps-global-survey_2020.pdf,60,"2020
INTERNATIONAL
SURVEY
ISAPS BOARD OF DIRECTORS
PRESIDENT Nazim CERKES, MD, PHD - Turkey
ISAPS EXECUTIVE OFFICE PRESIDENT-ELECT Lina TRIANA, MD - Colombia
10 Benning Street, Suite 160 #264 SECRETARY Arturo RAMIREZ-MONTANANA, MD - Mexico
West Lebanon, NH 03784-3402
TREASURER Tim PAPADOPOULOS, MD - Australia
United States
Phone: +44 20 7038 7812 MEMBERSHIP CHAIR Vakis Kontoes, MD, PhD - Greece
Email: ISAPS@isaps.org
MEMBER-AT-LARGE Fabian CORTINAS, MD - Argentina
www.ISAPS.org
MEMBER-AT-LARGE Kai-Uwe SCHLAUDRAFF, MD, FEBOPRAS - Switzerland
MEMBER-AT-LARGE Ivar VAN HEIJNINGEN, MD - Belgium
MARKETING OFFICE
MEMBER-AT-LARGE Niveo STEFFEN, MD - Brazil
boeld communication
Reitmorstraße 25, 80538 Munich, Germany NATIONAL SECRETARIES CHAIR Michel ROUIF, MD - France
marketing@isaps.org
PARLIAMENTARIAN Sanguan KUNAPORN, MD - Thailand
www.bb-mc.com
EDUCATION COUNCIL CHAIR Ozan SOZER, MD - United States
EDUCATION COUNCIL VICE-CHAIR Francisco BRAVO, MD - Spain
FOR PRESS INQUIRIES,
PAST PRESIDENT Dirk RICHTER, MD - Germany
PLEASE CONTACT:
media@isaps.org TRUSTEE Renato SALTZ MD, FACS - United States
+49 89 189 046135
EXECUTIVE DIRECTOR Sarah JOHNSON - United Kingdom
design by www.bb-mc.com
photo credits by stock.adobe.com"
2021,E:\shared\行业报告\2021isaps-global-survey.pdf,https://www.isaps.org/media/vdpdanke/isaps-global-survey_2021.pdf,1,"ISAPS INTERNATIONAL SURVEY ON
AESTHETIC/COSMETIC
PROCEDURES
performed in
2021
www.isaps.org"
2021,E:\shared\行业报告\2021isaps-global-survey.pdf,https://www.isaps.org/media/vdpdanke/isaps-global-survey_2021.pdf,2,"CONTENTS
About ISAPS .....................................................................................................page 3 Countries Performing the Most
About the International Survey on Popular Non-Surgical Procedures..............................................................page 32
Aesthetic/Cosmetic Procedures ................................................................page 4 Surgical Totals Ranked by Category .............................................................page 33
Non-Surgical Totals Ranked by Category ...................................................page 34
HIGHLIGHTS OF THE 2021 STATISTICS Countries Ranked by Total Number of Procedures ...............................page 35
2021 Statistics at a Glance ............................................................................pages 6-7 Countries Ranked by Estimated
Number of Plastic Surgeons ............................................................................page 36
NUMBER OF WORLDWIDE PROCEDURES Surgical Procedure Group Ranking by Country ......................................page 37
Number of Worldwide Surgical Procedures ...........................................page 9 Non-Surgical Procedure Group Ranking by Country ............................page 38
Number of Worldwide Non-Surgical Procedures .................................page 10
Surgical Procedures by Region of the Body............................................page 11 PROCEDURES PERFORMED BY PLASTIC SURGEONS
Non-Surgical Procedures by Type of Procedure ...................................page 12 Number of Worldwide Surgical Procedures
Overview of Procedures ...............................................................................page 13 Performed by Plastic Surgeons .......................................................................page 40
Number of Worldwide Non-Surgical Procedures
PROCEDURES BY COUNTRY Performed by Plastic Surgeons .......................................................................page 41
USA .............................................................................................................................page 15 Percent of Plastic Surgeons Performing
Brazil ...........................................................................................................................page 16 Each Surgical Procedure ....................................................................................page 42
Japan ..........................................................................................................................page 17 Percent of Plastic Surgeons Performing
Mexico .......................................................................................................................page 18 Each Non-Surgical Procedure ........................................................................page 44
Germany ...................................................................................................................page 19
Argentina ..................................................................................................................page 20 DEMOGRAPHICS
Turkey .........................................................................................................................page 21 Gender Distribution for Cosmetic Procedures – Surgical ...................page 46
India ............................................................................................................................page 22 Gender Distribution for Cosmetic Procedures – Non-Surgical .........page 47
Italy ..............................................................................................................................page 23 Patient Age Related to Cosmetic Procedure ............................................page 48
Colombia ..................................................................................................................page 24 Cosmetic Procedures by Location ................................................................page 49
Spain ...........................................................................................................................page 25 Medical Tourism ....................................................................................................page 50
Greece .......................................................................................................................page 26
Romania .....................................................................................................................page 27 IMPACT OF COVID-19
Thailand .....................................................................................................................page 28 COVID-19 Impact ........................................................................................pages 52–53
Surgical Procedures by Country.....................................................................page 29
Non-Surgical Procedures by Country ..........................................................page 30 ADDITIONAL AND RESIDENT STATISTICS
Countries Performing the Most Additional Statistics .............................................................................................page 55
Popular Surgical Procedures .......................................................................page 31 Resident Statistics ................................................................................................page 56"
2021,E:\shared\行业报告\2021isaps-global-survey.pdf,https://www.isaps.org/media/vdpdanke/isaps-global-survey_2021.pdf,3,"ABOUT ISAPS
Founded in 1970, the International Society of Aesthetic Plastic Surgery (ISAPS)
is the world’s leading professional body for board-certified aesthetic plastic
surgeons.
Regarded as the leading global authority on aesthetic and cosmetic surgery, ISAPS’
threefold mission is to offer Aesthetic Education Worldwide®, to provide accurate
information to the public, and to promote patient safety.
ISAPS membership includes the world’s best and most respected reconstructive and
aesthetic plastic surgeons in over 117 countries. Through its rigorous membership
requirements, ISAPS plastic surgeons are considered to be among the most qualified
surgeons in their respective countries. Furthermore, ISAPS has become the gold
standard for providing continuing aesthetic education to its members, providing
training, and sponsoring scientific meetings around the world.
A full list of ISAPS plastic surgeons can be found online at www.isaps.org.
2021
INTERNATIONAL
SURVEY Please credit the International Society of Aesthetic Plastic Surgery when citing statistical data. Contact ISAPS: +44 20 7038 7812 | media@isaps.org | www.isaps.org 3"
2021,E:\shared\行业报告\2021isaps-global-survey.pdf,https://www.isaps.org/media/vdpdanke/isaps-global-survey_2021.pdf,4,"2022 ISAPS INTERNATIONAL SURVEY ON AESTHETIC/COSMETIC
PROCEDURES PERFORMED IN 2021
METHODOLOGY
Survey participants completed a questionnaire that primarily focused on the The Aesthetic Society provided special assistance to this year’s study by permitting the
number of specific surgical and non-surgical procedures performed in 2021, use of its national statistics, which were compiled from its Aesthetic Neural Network
along with some ancillary questions related to the impact of COVID-19, surgeon (ANN) database. The ANN database includes detailed statistics on 294 U.S.-based
demographics, and the prevalence of medical tourism. practices. We appreciate their continued support of this international research effort.
The International Society of Aesthetic Plastic Surgery (ISAPS) issued an invitation Studies such as this must often address outlying responses. Though the outlying
to participate in the study to approximately 25,000 plastic surgeons whose contact values may be legitimate, their presence can distort the averages, which provide the
information is housed in its proprietary database. In addition, a request was made basis of the estimated projections. Significant outliers in this survey were adjusted in
that all National Societies encourage their members/constituents to take part in the order to protect the reasonableness of the extrapolated values. Additional standard
survey. Data from a total of 1,003 plastic surgeons were compiled for this survey. data editing procedures were followed to ensure responses met survey guidelines. All
reported data values have been analyzed for statistical reasonableness.
Final figures have been projected to reflect international statistics and are
exclusively based on the estimated number of plastic surgeons actively practicing Country-specific data are only shown for those countries that provided a sufficient
in each country and the respondent sample. This International Survey is focused on survey response for the figures to be considered valid. No adjustments other than
physicians who are board certified (or national equivalent) plastic surgeons.1 standard data editing procedures were applied to country-specific results. The
International Survey on Aesthetic/Cosmetic Procedures Performed in 2021 was compiled,
To aid in tallying the worldwide estimate of plastic surgeons, representatives from tabulated, and analyzed by Industry Insights, Inc. (www.industryinsights.com), an
National Societies provided counts in 2021 for 96% of the 50,000 total estimated independent research firm based in Columbus, OH. The survey leader was Scott
plastic surgeons. For those cases in which the National Society did not provide Hackworth, a CPA and data scientist who along with his firm has conducted various
its country’s total, a regression model was used to estimate the number of plastic forms of research on trends in Aesthetic Plastic Surgery for more than 30 years.
surgeons in the country based on its population size and Gross Domestic Product.
1 It is important to note that Japan’s figures were independently fielded and provided by Kotaro Yoshimura, M.D., Professor and Chair of the Department of Plastic Surgery, Jichi Medical University. Dr. Yoshimura expanded his sample beyond
plastic surgeons, which could impact comparability among Japan and other listed countries.
2021
INTERNATIONAL
SURVEY Please credit the International Society of Aesthetic Plastic Surgery when citing statistical data. Contact ISAPS: +44 20 7038 7812 | media@isaps.org | www.isaps.org 4"
2021,E:\shared\行业报告\2021isaps-global-survey.pdf,https://www.isaps.org/media/vdpdanke/isaps-global-survey_2021.pdf,5,"HIGHLIGHTS
OF THE INTERNATIONAL SURVEY ON
AESTHETIC/COSMETIC
PROCEDURES
PERFORMED IN 2021"
2021,E:\shared\行业报告\2021isaps-global-survey.pdf,https://www.isaps.org/media/vdpdanke/isaps-global-survey_2021.pdf,6,"2021 STATISTICS AT A GLANCE
Top 5 Top 5 Top 5
surgical procedures surgical procedures surgical procedures
worldwide for women for men
absolute numbers and changes compared to 2020
1. Liposuction 1,903,063 procedures +24.8% 1. Breast Augmentation 1,658,673 procedures 1. Eyelid Surgery 303,932 procedures
2. Breast Augmentation 1,685,471 procedures +3.8% 2. Liposuction 1,625,283 procedures 2. Gynecomastia 282,997 procedures
3. Eyelid Surgery 1,446,890 procedures +18.1% 3. Eyelid Surgery 1,142,957 procedures 3. Liposuction 277,779 procedures
4. Rhinoplasty 995,149 procedures +16.7% 4. Abdominoplasty 904,846 procedures 4. Rhinoplasty 256,406 procedures
5. Abdominoplasty 991,361 procedures +29.5% 5. Breast Lift 781,404 procedures 5. Fat Grafting – Face 110,319 procedures
Top 5 Top 5 Top 5
non-surgical procedures non-surgical procedures non-surgical procedures
worldwide for women for men
absolute numbers and changes compared to 2020
1. Botulinum Toxin 7,312,616 procedures +17.7% 1. Botulinum Toxin 6,252,548 procedures 1. Botulinum Toxin 1,060,068 procedures
2. Hyaluronic Acid 5,279,344 procedures +30.3% 2. Hyaluronic Acid 4,694,030 procedures 2. Hyaluronic Acid 585,315 procedures
3. Hair Removal 1,836,111 procedures -0.1% 3. Hair Removal 1,585,732 procedures 3. Hair Removal 250,379 procedures
4. Non-Surgical Skin Tightening 1,003,731 procedures N/A 4. Non-Surgical Skin Tightening 875,595 procedures 4. Non-Surgical Skin Tightening 128,136 procedures
5. Non-Surgical Fat Reduction 730,980 procedures +30.4% 5. Non-Surgical Fat Reduction6 05,669 procedures 5. Non-Surgical Fat Reduction 125,311 procedures
2021
INTERNATIONAL
SURVEY Please credit the International Society of Aesthetic Plastic Surgery when citing statistical data. Contact ISAPS: +44 20 7038 7812 | media@isaps.org | www.isaps.org 6"
2021,E:\shared\行业报告\2021isaps-global-survey.pdf,https://www.isaps.org/media/vdpdanke/isaps-global-survey_2021.pdf,7,"2021 STATISTICS AT A GLANCE
total procedures performed
WORLDWIDE
12,840,688 17,598,888
surgical procedures Non-Surgical procedures
most common COSMETIC
procedures per
AGE GROUP
United States is the country with the
most surgeons:
18 years or younger Botulinum Toxin 106,033 procedures 7,500 plastic surgeons
19–34 years old Botulinum Toxin 1,767,459 procedures
35–50 years old Botulinum Toxin 3,450,092 procedures United States is the country with the
most Non-Surgical procedures:
51–64 years old Botulinum Toxin 1,690,677 procedures
5,355,604 procedures
65 years or older Botulinum Toxin 298,355 procedures
United States is the country with the
most surgical procedures:
1,992,296 procedures
2021
INTERNATIONAL
SURVEY Please credit the International Society of Aesthetic Plastic Surgery when citing statistical data. Contact ISAPS: +44 20 7038 7812 | media@isaps.org | www.isaps.org 7"
2021,E:\shared\行业报告\2021isaps-global-survey.pdf,https://www.isaps.org/media/vdpdanke/isaps-global-survey_2021.pdf,8,"NUMBER OF
WORLDWIDE
PROCEDURES
PERFORMED BY PLASTIC SURGEONS IN 2021"
2021,E:\shared\行业报告\2021isaps-global-survey.pdf,https://www.isaps.org/media/vdpdanke/isaps-global-survey_2021.pdf,9,"NUMBER OF WORLDWIDE SURGICAL PROCEDURES
PERFORMED BY PLASTIC SURGEONS
Percent of
Total Procedures Total Procedures Percent Change Percent Change
Rank SURGICAL PROCEDURES Total Total Surgical
in 2020 in 2017 2021 vs. 2020 2021 vs. 2017
Procedures
1 Liposuction 1,903,063 14.8% 1,525,197 1,573,680 24.8% 20.9%
2 Breast Augmentation 1,685,471 13.1% 1.624,281 1,677,320 3.8% 0.5%
3 Eyelid Surgery 1,446,890 11.3% 1.225,540 1,346,886 18.1% 7.4%
4 Rhinoplasty 995,149 7.7% 852,554 877,254 16.7% 13.4%
5 Abdominoplasty 991,361 7.7% 765,248 802,234 29.5% 23.6%
6 Breast Lift 781,404 6.1% 594,691 657,832 31.4% 18.8%
7 Lip Enhancement/Perioral Procedure 717,596 5.6% N/A N/A N/A N/A
8 Fat Grafting – Face 589,494 4.6% 515,819 602,760 14.3% -2.2%
9 Buttock Augmentation 523,331 4.1% 396,105 372,497 32.1% 40.5%
10 Breast Reduction 507,363 4.0% 426,363 489,146 19.0% 3.7%
11 Facelift 477,705 3.7% 419,046 465,296 14.0% 2.7%
12 Neck Lift 290,844 2.3% 251,308 263,219 15.7% 10.5%
13 Brow Lift 290,107 2.3% 288,306 249,343 0.6% 16.3%
14 Gynecomastia 282,997 2.2% 210,737 243,272 34.3% 16.3%
15 Ear Surgery 272,493 2.1% 254,931 287,070 6.9% -5.1%
16 Breast Implant Removal 253,594 2.0% 206,826 169,553 22.6% 49.6%
17 Labiaplasty 171,088 1.3% 142,119 138,765 20.4% 23.3%
18 Upper Arm Lift 140,158 1.1% 126,030 137,030 11.2% 2.3%
19 Facial Bone Contouring 131,656 1.0% 106,173 98,003 24.0% 34.3%
20 Thigh Lift 113,206 0.9% 73,948 86,728 53.1% 30.5%
21 Lower Body Lift 96,312 0.8% 71,007 88,029 35.6% 9.4%
22 Vaginal Rejuvenation 71,018 0.6% N/A N/A N/A N/A
23 Buttock Lift 63,190 0.5% 53,299 43,364 18.6% 45.7%
24 Upper Body Lift 45,200 0.4% N/A N/A N/A N/A
TOTAL SURGICAL PROCEDURES 12,840,688 10,129,528 10,669,279 18.5% 12.5%
2021
INTERNATIONAL
SURVEY Please credit the International Society of Aesthetic Plastic Surgery when citing statistical data. Contact ISAPS: +44 20 7038 7812 | media@isaps.org | www.isaps.org 9"
2021,E:\shared\行业报告\2021isaps-global-survey.pdf,https://www.isaps.org/media/vdpdanke/isaps-global-survey_2021.pdf,10,"NUMBER OF WORLDWIDE NON-SURGICAL PROCEDURES
PERFORMED BY PLASTIC SURGEONS
Percent of Total
Total Procedures Total Procedures Percent Change Percent Change
Rank NON-SURGICAL PROCEDURES Total Non-Surgical
in 2020 in 2017 2021 vs. 2020 2021 vs. 2017
Procedures
1 Botulinum Toxin 7,312,616 41.6% 6,213,859 5,033,693 17.7% 45.3%
2 Hyaluronic Acid 5,279,344 30.0% 4,053,016 3,298,266 30.3% 60.1%
3 Hair Removal 1,836,111 10.4% 1,837,052 997,372 -0.1% 84.1%
4 Non-Surgical Skin Tightening 1,003,731 5.7% N/A N/A N/A N/A
5 Non-Surgical Fat Reduction 730,980 4.2% 560,464 478,739 30.4% 52.7%
6 Chemical Peel 534,831 3.0% 409,054 357,753 30.7% 49.5%
7 Cellulite Treatment 379,224 2.2% N/A N/A N/A N/A
8 Calcium Hydroxylapatite 290,095 1.6% 222,785 167,385 30.2% 73.3%
9 Full Field Ablative 231,955 1.3% 225,141 170,854 3.0% 35.8%
TOTAL NON-SURGICAL PROCEDURES 17,598,888 13,521,371 10,504,062 19.9% 54.4%
2021
INTERNATIONAL
SURVEY Please credit the International Society of Aesthetic Plastic Surgery when citing statistical data. Contact ISAPS: +44 20 7038 7812 | media@isaps.org | www.isaps.org 10"
2021,E:\shared\行业报告\2021isaps-global-survey.pdf,https://www.isaps.org/media/vdpdanke/isaps-global-survey_2021.pdf,11,"NUMBER OF WORLDWIDE SURGICAL PROCEDURES BY
REGION OF THE BODY
Percent Change Percent Change
TOTAL SURGICAL PROCEDURES 2021 2020 2017
2021 vs. 2020 2021 vs. 2017
Eyelid Surgery 1,446,890 1,225,540 1,346,886 18.1% 7.4%
Rhinoplasty 995,149 852,554 877,254 16.7% 13.4%
Lip Enhancement/Perioral Procedure 717,596 N/A N/A N/A N/A
Fat Grafting – Face 589,494 515,819 602,760 14.3% -2.2%
Facelift 477,705 419,046 465,296 14.0% 2.7%
Neck Lift 290,844 251,308 263,219 15.7% 10.5%
Brow Lift 290,107 288,306 249,343 0.6% 16.3%
Ear Surgery 272,493 254,931 287,070 6.9% -5.1%
Facial Bone Contouring 131,656 106,173 98,003 24.0% 34.3%
TOTAL FACE & HEAD PROCEDURES 5,211,933 3,913,679 4,189,830 14.8% 7.3%
Breast Augmentation 1,685,471 1,624,281 1,677,320 3.8% 0.5%
Breast Implant Removal 253,594 206,826 169,553 22.6% 49.6%
Breast Lift 781,404 594,691 657,832 31.4% 18.8%
Breast Reduction 507,363 426,363 489,146 19.0% 3.7%
Gynecomastia 282,997 210,737 243,272 34.3% 16.3%
TOTAL BREAST PROCEDURES 3,510,830 3,062,897 3,237,123 14.6% 8.5%
Abdominoplasty 991,361 765,248 802,234 29.5% 23.6%
Buttock Augmentation – Implants and Fat Transfer 523,331 396,105 372,497 32.1% 40.5%
Buttock Lift 63,190 53.299 43,364 18.6% 45.7%
Liposuction 1,903,063 1,525,197 1,573,680 24.8% 20.9%
Lower Body Lift 96,312 71,007 88,029 35.6% 9.4%
Thigh Lift 113,206 73,948 86,728 53.1% 30.5%
Upper Arm Lift 140,158 126,030 137,030 11.2% 2.3%
Upper Body Lift 45,200 N/A N/A N/A N/A
Labiaplasty 171,088 142,119 138,765 20.4% 23.3%
Vaginal Rejuvenation 71,018 N/A N/A N/A N/A
TOTAL BODY & EXTREMITIES PROCEDURES 4,117,926 3,152,952 3,242,326 26.9% 23.4%
TOTAL SURGICAL PROCEDURES 12,840,688 10,129,528 10,669,279 18.5% 12.5%
2021
INTERNATIONAL
SURVEY Please credit the International Society of Aesthetic Plastic Surgery when citing statistical data. Contact ISAPS: +44 20 7038 7812 | media@isaps.org | www.isaps.org 11
FACE
&
HEAD
BREAST
BODY
&
EXTREMITIES"
2021,E:\shared\行业报告\2021isaps-global-survey.pdf,https://www.isaps.org/media/vdpdanke/isaps-global-survey_2021.pdf,12,"Percent Change Percent Change
TOTAL NON-SURGICAL PROCEDURES 2021 2020 2017
2021 vs. 2020 2021 vs. 2017
Botulinum Toxin 7,312,616 6,213,859 5,033,693 17.7% 45.3%
Calcium Hydroxylapatite 290,095 222,785 167,385 30.2% 73.3%
Hyaluronic Acid 5,279,344 4,053,016 3,298,266 30.3% 60.1%
TOTAL INJECTABLES PROCEDURES 12,882.055 10,489,661 8,499,344 22.8% 51.6%
Chemical Peel 534,831 409,054 357,753 30.7% 49.5%
Full Field Ablative 231,955 225,141 170,854 3.0% 35.8%
Non-Surgical Skin Tightening 1,003,731 N/A N/A N/A N/A
TOTAL FACIAL REJUVENATION PROCEDURES 1,770,517 634,195 528,607 20.9% 45.1%
Cellulite Treatment 379,224 N/A N/A N/A N/A
Hair Removal 1,836,111 1,837,052 997,372 -0.1% 84.1%
Non-Surgical Fat Reduction 730,980 560,464 478,739 30.4% 52.7%
TOTAL OTHER PROCEDURES 2,946,316 2,397,516 1,476,111 7.1% 73.9%
TOTAL NON-SURGICAL PROCEDURES 17,598,888 13,521,371 10,504,062 19.9% 54.4%
2021
INTERNATIONAL
SURVEY Please credit the International Society of Aesthetic Plastic Surgery when citing statistical data. Contact ISAPS: +44 20 7038 7812 | media@isaps.org | www.isaps.org 12
REJUVENATION
INJECTABLES
OTHER
FACIAL
NUMBER OF WORLDWIDE NON-SURGICAL PROCEDURES BY
TYPE OF PROCEDURE
TOTAL PROCEDURES 30,439,576 23,650,900 21,173,340 19.3% 33.3%"
2021,E:\shared\行业报告\2021isaps-global-survey.pdf,https://www.isaps.org/media/vdpdanke/isaps-global-survey_2021.pdf,13,"OVERVIEW OF ALL PROCEDURES
TOTAL PROCEDURES IN 2021
INCREASED BY
19.3%
Compared to 2020 statistics
TOTAL SURGICAL TOTAL NON-SURGICAL
18.5% 19.9%
PROCEDURES PROCEDURES
18.5% 19.9%
INCREASED BY INCREASED BY
TOTAL TOTAL TOTAL TOTAL TOTAL FACIAL TOTAL
FACE & HEAD BREAST BODY & EXTREMITIES INJECTABLES REJUVENATION OTHER
procedures procedures procedures procedures procedures procedures
14.8% 14.6% 26.9% 22.8% 20.9% 7.1%
2021
INTERNATIONAL
SURVEY Please credit the International Society of Aesthetic Plastic Surgery when citing statistical data. Contact ISAPS: +44 20 7038 7812 | media@isaps.org | www.isaps.org 13"
2021,E:\shared\行业报告\2021isaps-global-survey.pdf,https://www.isaps.org/media/vdpdanke/isaps-global-survey_2021.pdf,14,"PROCEDURES
BY COUNTRY"
2021,E:\shared\行业报告\2021isaps-global-survey.pdf,https://www.isaps.org/media/vdpdanke/isaps-global-survey_2021.pdf,15,"USA
TOTAL NUMBER OF
PROCEDURES IN THE USA
USA
7,347,900
TOTAL SURGICAL PROCEDURES 1,992,296 TOTAL NON-SURGICAL PROCEDURES 5,355,604
FACE & HEAD BODY & EXTREMITIES INJECTABLES FACIAL REJUVENATION
Brow Lift 41,008 Abdominoplasty 228,000 Botulinum Toxin 2,520,000 Chemical Peel 105,000
Ear Surgery 40,048 Buttock Augmentation 62,252 Calcium Hydroxylapatite 92,867 Full Field Ablative 45,750
Eyelid Surgery 149,668 Buttock Lift 750 Hyaluronic Acid 1,671,605 Non-Surgical Skin Tightening 391,855
Facelift 87,007 Liposuction 381,000 TOTAL INJECTABLES 4,284,472 TOTAL FACIAL REJUVENATION 542,605
Facial Bone Contouring 10,482 Lower Body Lift 975
OTHER MOST COMMON PROCEDURES
Fat Grafting – Face 39,129 Thigh Lift 11,250
Lip Enhancement/ Upper Arm Lift 21,000 Cellulite Treatment 6,000 TOTAL % OF
33,750 TOTAL
Perioral Procedure Upper Body Lift 3,750 Hair Removal 305,250
Botulinum Toxin 2,520,000 47.1%
Neck Lift 39,943 Labiaplasty 18,911 Non-Surgical Fat Reduction 217,277
Hyaluronic Acid 1,671,605 31.2%
Rhinoplasty 76,128
Vaginal Rejuvenation 18,533 TOTAL OTHER 528,527 Non-Surgical Skin
TOTAL FACE & HEAD 517,163 TOTAL BODY & EXTREMITIES 746,422 Tightening 391,855 7.3%
Hair Removal 305,250 5.7%
BREAST MOST COMMON PROCEDURES Non-Surgical Fat
217,277 4.1%
Reduction
Breast Augmentation 378,700 TOTAL % OF
TOTAL
Breast Implant Removal 71,284
Liposuction 381,000 19.1%
Breast Lift 167,395
Breast Augmentation 378,700 19.0%
Breast Reduction 82,643
Abdominoplasty 228,000 11.4%
Gynecomastia 28,689
Breast Lift 167,395 8.4%
TOTAL BREAST 728,711 Eyelid Surgery 149,668 7.5%
2021
INTERNATIONAL
SURVEY Please credit the International Society of Aesthetic Plastic Surgery when citing statistical data. Contact ISAPS: +44 20 7038 7812 | media@isaps.org | www.isaps.org 15"
2021,E:\shared\行业报告\2021isaps-global-survey.pdf,https://www.isaps.org/media/vdpdanke/isaps-global-survey_2021.pdf,16,"BRAZIL
TOTAL NUMBER OF
PROCEDURES IN BRAZIL
BRAZIL
2,723,640
TOTAL SURGICAL PROCEDURES 1,634,220 TOTAL NON-SURGICAL PROCEDURES 1,089,420
FACE & HEAD BODY & EXTREMITIES INJECTABLES FACIAL REJUVENATION
Brow Lift 40,140 Abdominoplasty 128,280 Botulinum Toxin 542,520 Chemical Peel 18,480
Ear Surgery 25,620 Buttock Augmentation 102,900 Calcium Hydroxylapatite 34,140 Full Field Ablative 25,860
Eyelid Surgery 177,240 Buttock Lift 17,100 Hyaluronic Acid 348,000 Non-Surgical Skin Tightening 44,520
Facelift 78,480 Liposuction 258,720 TOTAL INJECTABLES 924,660 TOTAL FACIAL REJUVENATION 88,860
Facial Bone Contouring 19,860 Lower Body Lift 18,720
Fat Grafting – Face 73,860 Thigh Lift 18,720 OTHER MOST COMMON PROCEDURES
Lip Enhancement/ Upper Arm Lift 27,000
82,140 Cellulite Treatment 38,280 TOTAL % OF
Perioral Procedure Upper Body Lift 8,100 TOTAL
Hair Removal 3,900
Neck Lift 36,900 Botulinum Toxin 542,520 49.8%
Labiaplasty 30,480
Non-Surgical Fat Reduction 33,720
Rhinoplasty 78,720 Vaginal Rejuvenation 13,140 Hyaluronic Acid 348,000 31.9%
TOTAL OTHER 75,900 Non-Surgical Skin
TOTAL FACE & HEAD 612,960 TOTAL BODY & EXTREMITIES 623,160 44,520 4.1%
Tightening
Cellulite Treatment 38,280 3.5%
BREAST MOST COMMON PROCEDURES
Calcium
34,140 3.1%
Breast Augmentation 177,960 TOTAL % OF Hydroxylapatite
TOTAL
Breast Implant Removal 23,520
Liposuction 258,720 15.8%
Breast Lift 105,000
Breast Augmentation 177,960 10.9%
Breast Reduction 67,140
Eyelid Surgery 177,240 10.8%
Gynecomastia 24,480
Abdominoplasty 128,280 7.8%
TOTAL BREAST 398,100 Breast Lift 105,000 6.4%
2021
INTERNATIONAL
SURVEY Please credit the International Society of Aesthetic Plastic Surgery when citing statistical data. Contact ISAPS: +44 20 7038 7812 | media@isaps.org | www.isaps.org 16"
2021,E:\shared\行业报告\2021isaps-global-survey.pdf,https://www.isaps.org/media/vdpdanke/isaps-global-survey_2021.pdf,17,"JAPAN
TOTAL NUMBER OF
PROCEDURES IN JAPAN
JAPAN
1,745,621
TOTAL SURGICAL PROCEDURES 265,733 TOTAL NON-SURGICAL PROCEDURES 1,479,888
FACE & HEAD BODY & EXTREMITIES INJECTABLES FACIAL REJUVENATION
Brow Lift 175 Abdominoplasty 342 Botulinum Toxin 458,749 Chemical Peel 158,990
Ear Surgery 166 Buttock Augmentation 1,102 Calcium Hydroxylapatite 79 Full Field Ablative 851
Eyelid Surgery 152,852 Buttock Lift 85 Hyaluronic Acid 106,613 Non-Surgical Skin Tightening 146,215
Facelift 45,982 Liposuction 10,703 TOTAL INJECTABLES 565,441 TOTAL FACIAL REJUVENATION 306,056
Facial Bone Contouring 744 Lower Body Lift 253
Fat Grafting – Face 23,125 Thigh Lift 20 OTHER MOST COMMON PROCEDURES
Lip Enhancement/ Upper Arm Lift 13
N/A Cellulite Treatment 1,166 TOTAL % OF
Perioral Procedure Upper Body Lift 9 TOTAL
Hair Removal 484,529
Neck Lift 250 Hair Removal 484,529 32.7%
Labiaplasty 3,330
Non-Surgical Fat Reduction 122,696
Rhinoplasty 20,128 Vaginal Rejuvenation 360 Botulinum Toxin 458,749 31.0%
TOTAL OTHER 608,391 Chemical Peel 158,990 10.7%
TOTAL FACE & HEAD 243,422 TOTAL BODY & EXTREMITIES 16,217
Non-Surgical Skin
146,215 9.9%
Tightening
BREAST MOST COMMON PROCEDURES
Non-Surgical Fat
122,696 8.3%
Breast Augmentation 4,095 TOTAL % OF Reduction
TOTAL
Breast Implant Removal 517
Eyelid Surgery 152,852 57.5%
Breast Lift 65
Facelift 45,982 17.3%
Breast Reduction 1,395
Fat Grafting – Face 23,125 8.7%
Gynecomastia 22
Rhinoplasty 20,128 7.6%
TOTAL BREAST 6,094 Liposuction 10,703 4.0%
2021
INTERNATIONAL
SURVEY Please credit the International Society of Aesthetic Plastic Surgery when citing statistical data. Contact ISAPS: +44 20 7038 7812 | media@isaps.org | www.isaps.org 17"
2021,E:\shared\行业报告\2021isaps-global-survey.pdf,https://www.isaps.org/media/vdpdanke/isaps-global-survey_2021.pdf,18,"MEXICO
TOTAL NUMBER OF
PROCEDURES IN MEXICO
MEXICO
1,270,605
TOTAL SURGICAL PROCEDURES 672,683 TOTAL NON-SURGICAL PROCEDURES 597,923
FACE & HEAD BODY & EXTREMITIES INJECTABLES FACIAL REJUVENATION
Brow Lift 15,785 Abdominoplasty 52,465 Botulinum Toxin 266,928 Chemical Peel 9,240
Ear Surgery 11,533 Buttock Augmentation 63,963 Calcium Hydroxylapatite 11,095 Full Field Ablative 9,573
Eyelid Surgery 53,253 Buttock Lift 9,083 Hyaluronic Acid 167,598 Non-Surgical Skin Tightening 25,655
Facelift 18,690 Liposuction 102,760 TOTAL INJECTABLES 445,620 TOTAL FACIAL REJUVENATION 44,468
Facial Bone Contouring 13,703 Lower Body Lift 7,543
Fat Grafting – Face 36,295 Thigh Lift 4,673 OTHER MOST COMMON PROCEDURES
Lip Enhancement/ Upper Arm Lift 8,698
39,305 Cellulite Treatment 31,115 TOTAL % OF
Perioral Procedure Upper Body Lift 3,168 TOTAL
Hair Removal 48,825
Neck Lift 19,915 Botulinum Toxin 266,928 44.6%
Labiaplasty 5,198
Non-Surgical Fat Reduction 27,895
Rhinoplasty 51,835 Vaginal Rejuvenation 3,185 Hyaluronic Acid 167,598 28.0%
TOTAL OTHER 107,835 Hair Removal 48,825 8.2%
TOTAL FACE & HEAD 260,313 TOTAL BODY & EXTREMITIES 260,733
Cellulite Treatment 31,115 5.2%
Non-Surgical Fat
BREAST MOST COMMON PROCEDURES 27,895 4.7%
Reduction
Breast Augmentation 77,700 TOTAL % OF
TOTAL
Breast Implant Removal 11,165
Liposuction 102,760 15.3%
Breast Lift 33,355
Breast Augmentation 77,700 11.6%
Breast Reduction 17,728
Buttock
63,963 9.5%
Gynecomastia 11,690 Augmentation
TOTAL BREAST 151,638 Eyelid Surgery 53,253 7.9%
Abdominoplasty 52,465 7.8%
2021
INTERNATIONAL
SURVEY Please credit the International Society of Aesthetic Plastic Surgery when citing statistical data. Contact ISAPS: +44 20 7038 7812 | media@isaps.org | www.isaps.org 18"
2021,E:\shared\行业报告\2021isaps-global-survey.pdf,https://www.isaps.org/media/vdpdanke/isaps-global-survey_2021.pdf,19,"GERMANY
TOTAL NUMBER OF
PROCEDURES IN GERMANY
GERMANY
1,082,892
TOTAL SURGICAL PROCEDURES 476,951 TOTAL NON-SURGICAL PROCEDURES 605,942
FACE & HEAD BODY & EXTREMITIES INJECTABLES FACIAL REJUVENATION
Brow Lift 12,493 Abdominoplasty 31,047 Botulinum Toxin 306,296 Chemical Peel 806
Ear Surgery 11,300 Buttock Augmentation 2,651 Calcium Hydroxylapatite 9,548 Full Field Ablative 4,604
Eyelid Surgery 69,843 Buttock Lift 2,449 Hyaluronic Acid 254,743 Non-Surgical Skin Tightening 17,748
Facelift 17,097 Liposuction 80,244 TOTAL INJECTABLES 570,586 TOTAL FACIAL REJUVENATION 23,157
Facial Bone Contouring 2,000 Lower Body Lift 3,255
Fat Grafting – Face 14,198 Thigh Lift 7,208 OTHER MOST COMMON PROCEDURES
Lip Enhancement/ Upper Arm Lift 5,348
37,975 Cellulite Treatment 744 TOTAL % OF
Perioral Procedure Upper Body Lift 1,643 TOTAL
Hair Removal 0
Neck Lift 11,594 Botulinum Toxin 306,296 50.5%
Labiaplasty 10,556
Non-Surgical Fat Reduction 11,455
Rhinoplasty 13,454 Vaginal Rejuvenation 1,457 Hyaluronic Acid 254,743 42.0%
TOTAL OTHER 12,199 Non-Surgical Skin
TOTAL FACE & HEAD 189,953 TOTAL BODY & EXTREMITIES 145,855 17,748 2.9%
Tightening
Non-Surgical Fat
11,455 1.9%
BREAST MOST COMMON PROCEDURES Reduction
Breast Augmentation 66,945 TOTAL % OF Calcium
TOTAL Hydroxylapatite 9,548 1.6%
Breast Implant Removal 10,246
Liposuction 80,244 16.8%
Breast Lift 30,256
Eyelid Surgery 69,843 14.6%
Breast Reduction 23,545
Breast Augmentation 66,945 14.0%
Gynecomastia 10,153
Lip Enhancement/
37,975 8.0%
TOTAL BREAST 141,143 Perioral Procedure
Abdominoplasty 31,047 6.5%
2021
INTERNATIONAL
SURVEY Please credit the International Society of Aesthetic Plastic Surgery when citing statistical data. Contact ISAPS: +44 20 7038 7812 | media@isaps.org | www.isaps.org 19"
2021,E:\shared\行业报告\2021isaps-global-survey.pdf,https://www.isaps.org/media/vdpdanke/isaps-global-survey_2021.pdf,20,"ARGENTINA
TOTAL NUMBER OF
PROCEDURES IN ARGENTINIA
ARGENTINA
1,068,260
TOTAL SURGICAL PROCEDURES 398,980 TOTAL NON-SURGICAL PROCEDURES 669,280
FACE & HEAD BODY & EXTREMITIES INJECTABLES FACIAL REJUVENATION
Brow Lift 6,780 Abdominoplasty 28,780 Botulinum Toxin 158,900 Chemical Peel 11,800
Ear Surgery 9,800 Buttock Augmentation 12,840 Calcium Hydroxylapatite 15,880 Full Field Ablative 13,160
Eyelid Surgery 41,880 Buttock Lift 1,360 Hyaluronic Acid 175,540 Non-Surgical Skin Tightening 48,780
Facelift 19,420 Liposuction 38,580 TOTAL INJECTABLES 350,320 TOTAL FACIAL REJUVENATION 73,740
Facial Bone Contouring 5,940 Lower Body Lift 1,480
Fat Grafting – Face 19,480 Thigh Lift 1,800 OTHER MOST COMMON PROCEDURES
Lip Enhancement/ Upper Arm Lift 2,460
33,220 Cellulite Treatment 56,700 TOTAL % OF
Perioral Procedure Upper Body Lift 840 TOTAL
Hair Removal 133,160
Neck Lift 13,220 Hyaluronic Acid 175,540 26.2%
Labiaplasty 3,220
Non-Surgical Fat Reduction 55,360
Rhinoplasty 44,460 Vaginal Rejuvenation 900 Botulinum Toxin 158,900 23.7%
TOTAL OTHER 245,220 Hair Removal 133,160 19.9%
TOTAL FACE & HEAD 194,200 TOTAL BODY & EXTREMITIES 92,260
Cellulite Treatment 56,700 8.5%
Non-Surgical Fat
BREAST MOST COMMON PROCEDURES 55,360 8.3%
Reduction
Breast Augmentation 67,480 TOTAL % OF
TOTAL
Breast Implant Removal 9,880
Breast Augmentation 67,480 16.9%
Breast Lift 16,840
Rhinoplasty 44,460 11.1%
Breast Reduction 12,580
Eyelid Surgery 41,880 10.5%
Gynecomastia 5,740
Liposuction 38,580 9.7%
TOTAL BREAST 112,520 Lip Enhancement/
33,220 8.3%
Perioral Procedure
2021
INTERNATIONAL
SURVEY Please credit the International Society of Aesthetic Plastic Surgery when citing statistical data. Contact ISAPS: +44 20 7038 7812 | media@isaps.org | www.isaps.org 20"
2021,E:\shared\行业报告\2021isaps-global-survey.pdf,https://www.isaps.org/media/vdpdanke/isaps-global-survey_2021.pdf,21,"TURKEY
TOTAL NUMBER OF
PROCEDURES IN TURKEY
TURKEY
950,365
TOTAL SURGICAL PROCEDURES 464,490 TOTAL NON-SURGICAL PROCEDURES 485,875
FACE & HEAD BODY & EXTREMITIES INJECTABLES FACIAL REJUVENATION
Brow Lift 12,896 Abdominoplasty 27,794 Botulinum Toxin 229,346 Chemical Peel 975
Ear Surgery 10,075 Buttock Augmentation 15,652 Calcium Hydroxylapatite 9,100 Full Field Ablative 6,500
Eyelid Surgery 32,877 Buttock Lift 1,196 Hyaluronic Acid 192,023 Non-Surgical Skin Tightening 15,548
Facelift 11,700 Liposuction 59,696 TOTAL INJECTABLES 430,469 TOTAL FACIAL REJUVENATION 23,023
Facial Bone Contouring 8,073 Lower Body Lift 2,769
Fat Grafting – Face 26,104 Thigh Lift 5,525 OTHER MOST COMMON PROCEDURES
Lip Enhancement/ Upper Arm Lift 5,902
28,002 Cellulite Treatment 1,573 TOTAL % OF
Perioral Procedure Upper Body Lift 1,950 TOTAL
Hair Removal 28,171
Neck Lift 10,829 Botulinum Toxin 229,346 47.2%
Labiaplasty 4,004
Non-Surgical Fat Reduction 2,639
Rhinoplasty 68,029 Vaginal Rejuvenation 1,898 Hyaluronic Acid 192,023 39.5%
TOTAL OTHER 32,383 Hair Removal 28,171 5.8%
TOTAL FACE & HEAD 208,585 TOTAL BODY & EXTREMITIES 126,386
Non-Surgical Skin
15,548 3.2%
Tightening
BREAST MOST COMMON PROCEDURES
Calcium
9,100 1.9%
Breast Augmentation 49,023 TOTAL % OF Hydroxylapatite
TOTAL
Breast Implant Removal 7,046
Rhinoplasty 68,029 14.6%
Breast Lift 31,629
Liposuction 59,696 12.9%
Breast Reduction 25,402
Breast Augmentation 49,023 10.6%
Gynecomastia 16,419
Eyelid Surgery 32,877 7.1%
TOTAL BREAST 129,519 Breast Lift 31,629 6.8%
2021
INTERNATIONAL
SURVEY Please credit the International Society of Aesthetic Plastic Surgery when citing statistical data. Contact ISAPS: +44 20 7038 7812 | media@isaps.org | www.isaps.org 21"
2021,E:\shared\行业报告\2021isaps-global-survey.pdf,https://www.isaps.org/media/vdpdanke/isaps-global-survey_2021.pdf,22,"INDIA
TOTAL NUMBER OF
PROCEDURES IN INDIA
INDIA
774,672
TOTAL SURGICAL PROCEDURES 370,656 TOTAL NON-SURGICAL PROCEDURES 404,016
FACE & HEAD BODY & EXTREMITIES INJECTABLES FACIAL REJUVENATION
Brow Lift 4,176 Abdominoplasty 24,096 Botulinum Toxin 99,384 Chemical Peel 53,280
Ear Surgery 15,024 Buttock Augmentation 5,952 Calcium Hydroxylapatite 168 Full Field Ablative 10,008
Eyelid Surgery 24,480 Buttock Lift 1,248 Hyaluronic Acid 66,792 Non-Surgical Skin Tightening 28,704
Facelift 5,280 Liposuction 82,488 TOTAL INJECTABLES 166,344 TOTAL FACIAL REJUVENATION 91,992
Facial Bone Contouring 5,688 Lower Body Lift 3,696
Fat Grafting – Face 23,640 Thigh Lift 2,976 OTHER MOST COMMON PROCEDURES
Lip Enhancement/ Upper Arm Lift 2,136
17,952 Cellulite Treatment 8,352 TOTAL % OF
Perioral Procedure Upper Body Lift 1,512 TOTAL
Hair Removal 127,728
Neck Lift 6,216 Hair Removal 127,728 31.6%
Labiaplasty 5,688
Non-Surgical Fat Reduction 9,600
Rhinoplasty 40,632 Vaginal Rejuvenation 5,016 Botulinum Toxin 99,384 24.6%
TOTAL OTHER 145,680 Hyaluronic Acid 66,792 16.5%
TOTAL FACE & HEAD 143,088 TOTAL BODY & EXTREMITIES 134,808
Chemical Peel 53,280 13.2%
Non-Surgical Skin
BREAST MOST COMMON PROCEDURES 28,704 7.1%
Tightening
Breast Augmentation 31,608 TOTAL % OF
TOTAL
Breast Implant Removal 3,288
Liposuction 82,488 22.3%
Breast Lift 11,520
Rhinoplasty 40,632 11.0%
Breast Reduction 15,240
Breast Augmentation 31,608 8.5%
Gynecomastia 31,104
Gynecomastia 31,104 8.4%
TOTAL BREAST 92,760 Eyelid Surgery 24,480 6.6%
2021
INTERNATIONAL
SURVEY Please credit the International Society of Aesthetic Plastic Surgery when citing statistical data. Contact ISAPS: +44 20 7038 7812 | media@isaps.org | www.isaps.org 22"
2021,E:\shared\行业报告\2021isaps-global-survey.pdf,https://www.isaps.org/media/vdpdanke/isaps-global-survey_2021.pdf,23,"ITALY
TOTAL NUMBER OF
PROCEDURES IN ITALY
ITALY
668,784
TOTAL SURGICAL PROCEDURES 283,668 TOTAL NON-SURGICAL PROCEDURES 385,116
FACE & HEAD BODY & EXTREMITIES INJECTABLES FACIAL REJUVENATION
Brow Lift 6,528 Abdominoplasty 18,036 Botulinum Toxin 129,720 Chemical Peel 16,128
Ear Surgery 8,988 Buttock Augmentation 3,624 Calcium Hydroxylapatite 8,496 Full Field Ablative 6,036
Eyelid Surgery 33,420 Buttock Lift 372 Hyaluronic Acid 179,664 Non-Surgical Skin Tightening 12,984
Facelift 8,064 Liposuction 27,324 TOTAL INJECTABLES 317,880 TOTAL FACIAL REJUVENATION 35,148
Facial Bone Contouring 1,872 Lower Body Lift 1,812
Fat Grafting – Face 13,656 Thigh Lift 2,520 OTHER MOST COMMON PROCEDURES
Lip Enhancement/ Upper Arm Lift 3,600
32,124 Cellulite Treatment 10,368 TOTAL % OF
Perioral Procedure Upper Body Lift 252 TOTAL
Hair Removal 11,904
Neck Lift 4,032 Hyaluronic Acid 179,664 46.7%
Labiaplasty 5,112
Non-Surgical Fat Reduction 9,816
Rhinoplasty 25,632 Vaginal Rejuvenation 768 Botulinum Toxin 129,720 33.7%
TOTAL OTHER 32,088 Chemical Peel 16,128 4.2%
TOTAL FACE & HEAD 134,316 TOTAL BODY & EXTREMITIES 63,420
Non-Surgical Skin
12,984 3.4%
Tightening
BREAST MOST COMMON PROCEDURES
Hair Removal 11,904 3.1%
Breast Augmentation 41,412 TOTAL % OF
TOTAL
Breast Implant Removal 5,904
Breast Augmentation 41,412 14.6%
Breast Lift 17,136
Eyelid Surgery 33,420 11.8%
Breast Reduction 13,020
Lip Enhancement/
32,124 11.3%
Gynecomastia 8,460 Perioral Procedure
TOTAL BREAST 85,932 Liposuction 27,324 9.6%
Rhinoplasty 25,632 9.0%
2021
INTERNATIONAL
SURVEY Please credit the International Society of Aesthetic Plastic Surgery when citing statistical data. Contact ISAPS: +44 20 7038 7812 | media@isaps.org | www.isaps.org 23"
2021,E:\shared\行业报告\2021isaps-global-survey.pdf,https://www.isaps.org/media/vdpdanke/isaps-global-survey_2021.pdf,24,"COLOMBIA
TOTAL NUMBER OF
PROCEDURES IN COLOMBIA
COLOMBIA
555,276
TOTAL SURGICAL PROCEDURES 374,076 TOTAL NON-SURGICAL PROCEDURES 181,200
FACE & HEAD BODY & EXTREMITIES INJECTABLES FACIAL REJUVENATION
Brow Lift 7,200 Abdominoplasty 36,756 Botulinum Toxin 66,804 Chemical Peel 5,520
Ear Surgery 6,516 Buttock Augmentation 33,924 Calcium Hydroxylapatite 4,044 Full Field Ablative 1,644
Eyelid Surgery 32,676 Buttock Lift 4,284 Hyaluronic Acid 49,116 Non-Surgical Skin Tightening 8,040
Facelift 7,716 Liposuction 50,484 TOTAL INJECTABLES 119,964 TOTAL FACIAL REJUVENATION 15,204
Facial Bone Contouring 5,040 Lower Body Lift 3,120
Fat Grafting – Face 13,680 Thigh Lift 4,644 OTHER MOST COMMON PROCEDURES
Lip Enhancement/ Upper Arm Lift 2,640
7,476 Cellulite Treatment 3,840 TOTAL % OF
Perioral Procedure Upper Body Lift 2,316 TOTAL
Hair Removal 30,996
Neck Lift 7,764 Botulinum Toxin 66,804 36.9%
Labiaplasty 5,244
Non-Surgical Fat Reduction 11,196
Rhinoplasty 29,244 Vaginal Rejuvenation 1,836 Hyaluronic Acid 49,116 27.1%
TOTAL OTHER 46,032 Hair Removal 30,996 17.1%
TOTAL FACE & HEAD 117,312 TOTAL BODY & EXTREMITIES 145,248
Non-Surgical Fat
11,196 6.2%
Reduction
BREAST MOST COMMON PROCEDURES
Non-Surgical Skin
8,040 4.4%
Breast Augmentation 43,716 TOTAL % OF Tightening
TOTAL
Breast Implant Removal 10,764
Liposuction 50,484 13.5%
Breast Lift 30,036
Breast Augmentation 43,716 11.7%
Breast Reduction 18,600
Abdominoplasty 36,756 9.8%
Gynecomastia 8,400
Buttock
33,924 9.1%
TOTAL BREAST 111,516 Augmentation
Eyelid Surgery 32,676 8.7%
2021
INTERNATIONAL
SURVEY Please credit the International Society of Aesthetic Plastic Surgery when citing statistical data. Contact ISAPS: +44 20 7038 7812 | media@isaps.org | www.isaps.org 24"
2021,E:\shared\行业报告\2021isaps-global-survey.pdf,https://www.isaps.org/media/vdpdanke/isaps-global-survey_2021.pdf,25,"SPAIN
TOTAL NUMBER OF
PROCEDURES IN SPAIN
SPAIN
428,364
TOTAL SURGICAL PROCEDURES 219,600 TOTAL NON-SURGICAL PROCEDURES 208,764
FACE & HEAD BODY & EXTREMITIES INJECTABLES FACIAL REJUVENATION
Brow Lift 3,852 Abdominoplasty 11,520 Botulinum Toxin 75,348 Chemical Peel 9,648
Ear Surgery 7,668 Buttock Augmentation 4,176 Calcium Hydroxylapatite 3,996 Full Field Ablative 2,952
Eyelid Surgery 26,640 Buttock Lift 216 Hyaluronic Acid 88,884 Non-Surgical Skin Tightening 4,500
Facelift 3,168 Liposuction 17,028 TOTAL INJECTABLES 168,228 TOTAL FACIAL REJUVENATION 17,100
Facial Bone Contouring 4,320 Lower Body Lift 1,908
Fat Grafting – Face 9,828 Thigh Lift 2,664 OTHER MOST COMMON PROCEDURES
Lip Enhancement/ Upper Arm Lift 1,008
21,312 Cellulite Treatment 6,264 TOTAL % OF
Perioral Procedure Upper Body Lift 540 TOTAL
Hair Removal 10,116
Neck Lift 2,916 Hyaluronic Acid 88,884 42.6%
Labiaplasty 4,212
Non-Surgical Fat Reduction 7,056
Rhinoplasty 16,776 Vaginal Rejuvenation 1,512 Botulinum Toxin 75,348 36.1%
TOTAL OTHER 23,436 Hair Removal 10,116 4.8%
TOTAL FACE & HEAD 96,480 TOTAL BODY & EXTREMITIES 44,784
Chemical Peel 9,648 4.6%
Non-Surgical Fat
BREAST MOST COMMON PROCEDURES 7,056 3.4%
Reduction
Breast Augmentation 37,944 TOTAL % OF
TOTAL
Breast Implant Removal 4,608
Breast Augmentation 37,944 17.3%
Breast Lift 18,900
Eyelid Surgery 26,640 12.1%
Breast Reduction 12,348
Lip Enhancement/
21,312 9.7%
Gynecomastia 4,536 Perioral Procedure
TOTAL BREAST 78,336 Breast Lift 18,900 8.6%
Liposuction 17,028 7.8%
2021
INTERNATIONAL
SURVEY Please credit the International Society of Aesthetic Plastic Surgery when citing statistical data. Contact ISAPS: +44 20 7038 7812 | media@isaps.org | www.isaps.org 25"
2021,E:\shared\行业报告\2021isaps-global-survey.pdf,https://www.isaps.org/media/vdpdanke/isaps-global-survey_2021.pdf,26,"GREECE
TOTAL NUMBER OF
PROCEDURES IN GREECE
GREECE
309,089
TOTAL SURGICAL PROCEDURES 66,164 TOTAL NON-SURGICAL PROCEDURES 242,925
FACE & HEAD BODY & EXTREMITIES INJECTABLES FACIAL REJUVENATION
Brow Lift 844 Abdominoplasty 3,917 Botulinum Toxin 76,626 Chemical Peel 6,934
Ear Surgery 2,373 Buttock Augmentation 973 Calcium Hydroxylapatite 844 Full Field Ablative 6,573
Eyelid Surgery 10,164 Buttock Lift 154 Hyaluronic Acid 75,044 Non-Surgical Skin Tightening 7,077
Facelift 2,139 Liposuction 9,345 TOTAL INJECTABLES 152,513 TOTAL FACIAL REJUVENATION 20,584
Facial Bone Contouring 427 Lower Body Lift 53
Fat Grafting – Face 4,564 Thigh Lift 648 OTHER MOST COMMON PROCEDURES
Lip Enhancement/ Upper Arm Lift 1,334
5,394 Cellulite Treatment 8,554 TOTAL % OF
Perioral Procedure Upper Body Lift 280 TOTAL
Hair Removal 49,077
Neck Lift 1,918 Botulinum Toxin 76,626 31.5%
Labiaplasty 767
Non-Surgical Fat Reduction 12,198
Rhinoplasty 5,667 Vaginal Rejuvenation 39 Hyaluronic Acid 75,044 30.9%
TOTAL OTHER 69,829 Hair Removal 49,077 20.2%
TOTAL FACE & HEAD 33,488 TOTAL BODY & EXTREMITIES 17,507
Non-Surgical Fat
12,198 5.0%
Reduction
BREAST MOST COMMON PROCEDURES
Cellulite Treatment 8,554 3.5%
Breast Augmentation 7,389 TOTAL % OF
TOTAL
Breast Implant Removal 623
Eyelid Surgery 10,164 15.4%
Breast Lift 2,996
Liposuction 9,345 14.1%
Breast Reduction 2,296
Breast Augmentation 7,389 11.2%
Gynecomastia 1,866
Rhinoplasty 5,667 8.6%
TOTAL BREAST 15,169 Lip Enhancement/
5,394 8.2%
Perioral Procedure
2021
INTERNATIONAL
SURVEY Please credit the International Society of Aesthetic Plastic Surgery when citing statistical data. Contact ISAPS: +44 20 7038 7812 | media@isaps.org | www.isaps.org 26"
2021,E:\shared\行业报告\2021isaps-global-survey.pdf,https://www.isaps.org/media/vdpdanke/isaps-global-survey_2021.pdf,27,"ROMANIA
TOTAL NUMBER OF
PROCEDURES IN ROMANIA
ROMANIA
170,650
TOTAL SURGICAL PROCEDURES 59,245 TOTAL NON-SURGICAL PROCEDURES 111,405
FACE & HEAD BODY & EXTREMITIES INJECTABLES FACIAL REJUVENATION
Brow Lift 1,022 Abdominoplasty 2,566 Botulinum Toxin 42,924 Chemical Peel 2,863
Ear Surgery 1,607 Buttock Augmentation 711 Calcium Hydroxylapatite 2,205 Full Field Ablative 270
Eyelid Surgery 7,109 Buttock Lift 105 Hyaluronic Acid 45,357 Non-Surgical Skin Tightening 4,155
Facelift 770 Liposuction 4,718 TOTAL INJECTABLES 90,486 TOTAL FACIAL REJUVENATION 7,287
Facial Bone Contouring 1,166 Lower Body Lift 326
Fat Grafting – Face 3,115 Thigh Lift 259 OTHER MOST COMMON PROCEDURES
Lip Enhancement/ Upper Arm Lift 294
9,996 Cellulite Treatment 3,724 TOTAL % OF
Perioral Procedure Upper Body Lift 70 TOTAL
Hair Removal 6,195
Neck Lift 567 Hyaluronic Acid 45,357 40.7%
Labiaplasty 1,267
Non-Surgical Fat Reduction 3,714
Rhinoplasty 5,835 Vaginal Rejuvenation 25 Botulinum Toxin 42,924 38.5%
TOTAL OTHER 13,633 Hair Removal 6,195 5.6%
TOTAL FACE & HEAD 31,185 TOTAL BODY & EXTREMITIES 10,339
Non-Surgical Skin
4,155 3.7%
Tightening
BREAST MOST COMMON PROCEDURES
Cellulite Treatment 3,724 3.3%
Breast Augmentation 11,431 TOTAL % OF
TOTAL
Breast Implant Removal 564
Breast Augmentation 11,431 19.3%
Breast Lift 3,000
Lip Enhancement/
9,996 16.9%
Breast Reduction 1,859 Perioral Procedure
Gynecomastia 868 Eyelid Surgery 7,109 12.0%
TOTAL BREAST 17,721 Rhinoplasty 5,835 9.8%
Liposuction 4,718 8.0%
2021
INTERNATIONAL
SURVEY Please credit the International Society of Aesthetic Plastic Surgery when citing statistical data. Contact ISAPS: +44 20 7038 7812 | media@isaps.org | www.isaps.org 27"
2021,E:\shared\行业报告\2021isaps-global-survey.pdf,https://www.isaps.org/media/vdpdanke/isaps-global-survey_2021.pdf,28,"THAILAND
TOTAL NUMBER OF
PROCEDURES IN THAILAND
THAILAND
136,211
TOTAL SURGICAL PROCEDURES 106,372 TOTAL NON-SURGICAL PROCEDURES 29,840
FACE & HEAD BODY & EXTREMITIES INJECTABLES FACIAL REJUVENATION
Brow Lift 4,807 Abdominoplasty 3,995 Botulinum Toxin 22,952 Chemical Peel 138
Ear Surgery 1,705 Buttock Augmentation 770 Calcium Hydroxylapatite 0 Full Field Ablative 138
Eyelid Surgery 19,879 Buttock Lift 532 Hyaluronic Acid 4,137 Non-Surgical Skin Tightening 936
Facelift 5,225 Liposuction 8,607 TOTAL INJECTABLES 27,089 TOTAL FACIAL REJUVENATION 1,211
Facial Bone Contouring 3,829 Lower Body Lift 879
Fat Grafting – Face 5,824 Thigh Lift 979 OTHER MOST COMMON PROCEDURES
Lip Enhancement/ Upper Arm Lift 713
2,066 Cellulite Treatment 0 TOTAL % OF
Perioral Procedure Upper Body Lift 152 TOTAL
Hair Removal 352
Neck Lift 3,591 Botulinum Toxin 22,952 76.9%
Labiaplasty 936
Non-Surgical Fat Reduction 1,188
Rhinoplasty 23,570 Vaginal Rejuvenation 114 Hyaluronic Acid 4,137 13.9%
TOTAL OTHER 1,539 Non-Surgical Fat
TOTAL FACE & HEAD 70,495 TOTAL BODY & EXTREMITIES 17,675 1,188 4.0%
Reduction
Non-Surgical Skin
936 3.1%
BREAST MOST COMMON PROCEDURES Tightening
Breast Augmentation 9,666 TOTAL % OF Hair Removal 352 1.2%
TOTAL
Breast Implant Removal 1,202
Rhinoplasty 23,570 22.2%
Breast Lift 3,800
Eyelid Surgery 19,879 18.7%
Breast Reduction 2,332
Breast Augmentation 9,666 9.1%
Gynecomastia 1,202
Liposuction 8,607 8.1%
TOTAL BREAST 18,202 Fat Grafting – Face 5,824 5.5%
2021
INTERNATIONAL
SURVEY Please credit the International Society of Aesthetic Plastic Surgery when citing statistical data. Contact ISAPS: +44 20 7038 7812 | media@isaps.org | www.isaps.org 28"
2021,E:\shared\行业报告\2021isaps-global-survey.pdf,https://www.isaps.org/media/vdpdanke/isaps-global-survey_2021.pdf,29,"SURGICAL PROCEDURES BY COUNTRY
SURGICAL PROCEDURES WORLDWIDE USA** BRAZIL JAPAN* MEXICO GERMANY ARGENTINA TURKEY INDIA ITALY COLOMBIA SPAIN GREECE ROMANIA THAILAND
FACE & HEAD
Brow Lift 290,107 41,008 40,140 175 15,785 12,493 6,780 12,896 4,176 6,528 7,200 3,852 844 1,022 4,807
Ear Surgery 272,493 40,048 25,620 166 11,533 11,300 9,800 10,075 15,024 8,988 6,516 7,668 2,373 1,607 1,705
Eyelid Surgery 1,446,890 149,668 177,240 152,852 53,253 69,843 41,880 32,877 24,480 33,420 32,676 26,640 10,164 7,109 19,879
Facelift 477,705 87,007 78,480 45,982 18,690 17,097 19,420 11,700 5,280 8,064 7,716 3,168 2,139 770 5,225
Facial Bone Contouring 131,656 10,482 19,860 744 13,703 2,000 5,940 8,073 5,688 1,872 5,040 4,320 427 1,166 3,829
Fat Grafting – Face 589,494 39,129 73,860 23,125 36,295 14,198 19,480 26,104 23,640 13,656 13,680 9,828 4,564 3,115 5,824
Lip Enhancement
717,596 33,750 82,140 * 39,305 37,975 33,220 28,002 17,952 32,124 7,476 21,312 5,394 9,996 2,066
Perioral Procedure
Neck Lift 290,844 39,943 36,900 250 19,915 11,594 13,220 10,829 6,216 4,032 7,764 2,916 1,918 567 3,591
Rhinoplasty 995,149 76,128 78,720 20,128 51,835 13,454 44,460 68,029 40,632 25,632 29,244 16,776 5,667 5,835 23,570
Total Face & Head Procedures 5,211,933 517,163 612,960 243,422 260,313 189,953 194,200 208,585 143,088 134,316 117,312 96,480 33,488 31,185 70,495
BREAST
Breast Augmentation 1,685,471 378,700 177,960 4,095 77,700 66,945 67,480 49,023 31,608 41,412 43,716 37,944 7,389 11,431 9,666
Breast Implant Removal 253,594 71,284 23,520 517 11,165 10,246 9,880 7,046 3,288 5,904 10,764 4,608 623 564 1,202
Breast Lift 781,404 167,395 105,000 65 33,355 30,256 16,840 31,629 11,520 17,136 30,036 18,900 2,996 3,000 3,800
Breast Reduction 507,363 82,643 67,140 1,395 17,728 23,545 12,580 25,402 15,240 13,020 18,600 12,348 2,296 1,859 2,332
Gynecomastia 282,997 28,689 24,480 22 11,690 10,153 5,740 16,419 31,104 8,460 8,400 4,536 1,866 868 1,202
Total Breast Procedures 3,510,830 728,711 398,100 6,094 151,638 141,143 112,520 129,519 92,760 85,932 111,516 78,336 15,169 17,721 18,202
BODY & EXTREMITIES
Abdominoplasty 991,361 228,000 128,280 342 52,465 31,047 28,780 27,794 24,096 18,036 36,756 11,520 3,917 2,566 3,995
Buttock Augmentation –
523,331 62,252 102,900 1,102 63,963 2,651 12,840 15,652 5,952 3,624 33,924 4,176 973 711 770
Implants and Fat Transfer
Buttock Lift 63,190 750 17,100 85 9,083 2,449 1,360 1,196 1,248 372 4,284 216 154 105 532
Liposuction 1,903,063 381,000 258,720 10,703 102,760 80,244 38,580 59,696 82,488 27,324 50,484 17,028 9,345 4,718 8,607
Lower Body Lift 96,312 975 18,720 253 7,543 3,255 1,480 2,769 3,696 1,812 3,120 1,908 53 326 879
Thigh Lift 113,206 11,250 18,720 20 4,673 7,208 1,800 5,525 2,976 2,520 4,644 2,664 648 259 979
Upper Arm Lift 140,158 21,000 27,000 13 8,698 5,348 2,460 5,902 2,136 3,600 2,640 1,008 1,334 294 713
Upper Body Lift 45,200 3,750 8,100 9 3,168 1,643 840 1,950 1,512 252 2,316 540 280 70 152
Labiaplasty 171,088 18,911 30,480 3,330 5,198 10,556 3,220 4,004 5,688 5,112 5,244 4,212 767 1,267 936
Vaginal Rejuvenation 71,018 18,533 13,140 360 3,185 1,457 900 1,898 5,016 768 1,836 1,512 39 25 114
Total Body & Extremities Procedures 4,117,926 746,422 623,160 16,217 260,733 145,855 92,260 126,386 134,808 63,420 145,248 44,784 17,507 10,339 17,675
Total Surgical Procedures 12,840,688 1,992,296 1,634,220 265,733 672,683 476,951 398,980 464,490 370,656 283,668 374,076 219,600 66,164 59,245 106,372
* Japan fielded the survey independently and provided the listed results. | ** U.S. data are largely based on data provided reported by ASAPS‘ National Databank. | NOTE: Results for individual countries are limited to those that received
a sufficient sample of participants.
2021
INTERNATIONAL
SURVEY Please credit the International Society of Aesthetic Plastic Surgery when citing statistical data. Contact ISAPS: +44 20 7038 7812 | media@isaps.org | www.isaps.org 29"
2021,E:\shared\行业报告\2021isaps-global-survey.pdf,https://www.isaps.org/media/vdpdanke/isaps-global-survey_2021.pdf,30,"NON-SURGICAL PROCEDURES BY COUNTRY
NON-SURGICAL PROCEDURES WORLDWIDE USA** BRAZIL JAPAN* MEXICO GERMANY ARGENTINA TURKEY INDIA ITALY COLOMBIA SPAIN GREECE ROMANIA THAILAND
INJECTABLES
Botulinum Toxin 7,312,616 2,520,000 542,520 458,749 266,928 306,296 158,900 229,346 99,384 129,720 66,804 75,348 76,626 42,924 22,952
Calcium Hydroxylapatite 290,095 92,867 34,140 79 11,095 9,548 15,880 9,100 168 8,496 4,044 3,996 844 2,205 0
Hyaluronic Acid 5,279,344 1,671,605 348,000 106,613 167,598 254,743 175,540 192,023 66,792 179,664 49,116 88,884 75,044 45,357 4,137
Total Injectables Procedures 12,882,055 4,284,472 924,660 565,441 445,620 570,586 350,320 430,469 166,344 317,880 119,964 168,228 152,513 90,486 27,089
FACIAL REJUVENATION
Chemical Peel 534,831 105,000 18,480 158,990 9,240 806 11,800 975 53,280 16,128 5,520 9,648 6,934 2,863 138
Full Field Ablative 231,955 45,750 25,860 851 9,573 4,604 13,160 6,500 10,008 6,036 1,644 2,952 6,573 270 138
Non-Surgical Skin Tightening 1,003,731 391,855 44,520 146,215 25,655 17,748 48,780 15,548 28,704 12,984 8,040 4,500 7,077 4,155 936
Total Facial Rejuvenation 1,770,517 542,605 88,860 306,056 44,468 23,157 73,740 23,023 91,992 35,148 15,204 17,100 20,584 7,287 1,211
Procedures
OTHER
Cellulite Treatment 379,224 6,000 38,280 1,166 31,115 744 56,700 1,573 8,352 10,368 3,840 6,264 8,554 3,724 0
Hair Removal 1,836,111 305,250 3,900 484,529 48,825 0 133,160 28,171 127,728 11,904 30,996 10,116 49,077 6,195 352
Non-Surgical Fat Reduction 730,980 217,277 33,720 122,696 27,895 11,455 55,360 2,639 9,600 9,816 11,196 7,056 12,198 3,714 1,188
Total Other Procedures 2,946,316 528,527 75,900 608,391 107,835 12,199 245,220 32,383 145,680 32,088 46,032 23,436 69,829 13,633 1,539
Total Non-Surgical Procedures 17,598,888 5,355,604 1,089,420 1,479,888 597,923 605,942 669,280 485,875 404,016 385,116 181,200 208,764 242,925 111,405 29,840
Total Procedures 30,439,576 7,347,900 2,723,640 1,745,621 1,270,605 1,082,892 1,068,260 950,365 774,672 668,784 555,276 428,364 309,089 170,650 136,211
* Japan fielded the survey independently and provided the listed results.
** U.S. data are largely based on data provided reported by ASAPS‘ National Databank.
NOTE: Results for individual countries are limited to those that received a sufficient sample of participants.
2021
INTERNATIONAL
SURVEY Please credit the International Society of Aesthetic Plastic Surgery when citing statistical data. Contact ISAPS: +44 20 7038 7812 | media@isaps.org | www.isaps.org 30"
2021,E:\shared\行业报告\2021isaps-global-survey.pdf,https://www.isaps.org/media/vdpdanke/isaps-global-survey_2021.pdf,31,"COUNTRIES PERFORMING THE MOST POPULAR SURGICAL
PROCEDURES
LIPOSUCTION EYELID SURGERY ABDOMINOPLASTY
NUMBER OF PERCENTAGE NUMBER OF PERCENTAGE NUMBER OF PERCENTAGE
RANK * COUNTRY RANK * COUNTRY RANK * COUNTRY
PROCEDURES OF TOTAL PROCEDURES OF TOTAL PROCEDURES OF TOTAL
1 USA 381,000 20.0% 1 Brazil 177,240 12.2% 1 USA 228,000 23.0%
2 Brazil 258,720 13.6% 2 Japan 152,852 10.6% 2 Brazil 128,280 12.9%
3 Mexico 102,760 5.4% 3 USA 149,668 10.3% 3 Mexico 52,465 5.3%
4 India 82,488 4.3% 4 Germany 69,843 4.8% 4 Colombia 36,756 3.7%
5 Germany 80,244 4.2% 5 Mexico 53,253 3.7% 5 Germany 31,047 3.1%
6 Turkey 59,696 3.1% 6 Argentina 41,880 2.9% 6 Argentina 28,780 2.9%
7 Colombia 50,484 2.7% 7 Italy 33,420 2.3% 7 Turkey 27,794 2.8%
8 Argentina 38,580 2.0% 8 Turkey 32,877 2.3% 8 India 24,096 2.4%
9 Italy 27,324 1.4% 9 Colombia 32,676 2.3% 9 Italy 18,036 1.8%
10 Spain 17,028 0.9% 10 Spain 26,640 1.8% 10 Spain 11,520 1.2%
BREAST AUGMENTATION RHINOPLASTY
NUMBER OF PERCENTAGE NUMBER OF PERCENTAGE
RANK * COUNTRY RANK * COUNTRY
PROCEDURES OF TOTAL PROCEDURES OF TOTAL
1 USA 378,700 22.5% 1 Brazil 78,720 7.9%
2 Brazil 177,960 10.6% 2 USA 76,128 7.6%
3 Mexico 77,700 4.6% 3 Turkey 68,029 6.8%
4 Argentina 67,480 4.0% 4 Mexico 51,835 5.2%
5 Germany 66,945 4.0% 5 Argentina 44,460 4.5%
6 Turkey 49,023 2.9% 6 India 40,632 4.1%
7 Colombia 43,716 2.6% 7 Colombia 29,244 2.9%
8 Italy 41,412 2.5% 8 Italy 25,632 2.6%
9 Spain 37,944 2.3% 9 Thailand 23,570 2.4%
10 India 31,608 1.9% 10 Japan 20,128 2.0% * Rankings are based solely on those countries from which a sufficient survey
response was received and data were considered to be representative.
2021
INTERNATIONAL
SURVEY Please credit the International Society of Aesthetic Plastic Surgery when citing statistical data. Contact ISAPS: +44 20 7038 7812 | media@isaps.org | www.isaps.org 31"
2021,E:\shared\行业报告\2021isaps-global-survey.pdf,https://www.isaps.org/media/vdpdanke/isaps-global-survey_2021.pdf,32,"COUNTRIES PERFORMING THE MOST POPULAR NON-SURGICAL
PROCEDURES
BOTULINUM TOXIN HAIR REMOVAL NON-SURGICAL FAT REDUCTION
NUMBER OF PERCENTAGE NUMBER OF PERCENTAGE NUMBER OF PERCENTAGE
RANK * COUNTRY RANK * COUNTRY RANK * COUNTRY
PROCEDURES OF TOTAL PROCEDURES OF TOTAL PROCEDURES OF TOTAL
1 USA 2,520,000 34.5% 1 Japan 484,529 26.4% 1 USA 217,277 29.7%
2 Brazil 542,520 7.4% 2 USA 305,250 16.6% 2 Japan 122,696 16.8%
3 Japan 458,749 6.3% 3 Argentina 133,160 7.3% 3 Argentina 55,360 7.6%
4 Germany 306,296 4.2% 4 India 127,728 7.0% 4 Brazil 33,720 4.6%
5 Mexico 266,928 3.7% 5 Greece 49,077 2.7% 5 Mexico 27,895 3.8%
6 Turkey 229,346 3.1% 6 Mexico 48,825 2.7% 6 Greece 12,198 1.7%
7 Argentina 158,900 2.2% 7 Colombia 30,996 1.7% 7 Germany 11,455 1.6%
8 Italy 129,720 1.8% 8 Turkey 28,171 1.5% 8 Colombia 11,196 1.5%
9 India 99,384 1.4% 9 Italy 11,904 0.6% 9 Italy 9,816 1.3%
10 Greece 76,626 1.0% 10 Spain 10,116 0.6% 10 India 9,600 1.3%
HYALURONIC ACID NON-SURGICAL SKIN TIGHTENING
NUMBER OF PERCENTAGE NUMBER OF PERCENTAGE
RANK * COUNTRY RANK * COUNTRY
PROCEDURES OF TOTAL PROCEDURES OF TOTAL
1 USA 1,671,605 31.7% 1 USA 391,855 39.0%
2 Brazil 348,000 6.6% 2 Japan 146,215 14.6%
3 Germany 254,743 4.8% 3 Argentina 48,780 4.9%
4 Turkey 192,023 3.6% 4 Brazil 44,520 4.4%
5 Italy 179,664 3.4% 5 India 28,704 2.9%
6 Argentina 175,540 3.3% 6 Mexico 25,655 2.6%
7 Mexico 167,598 3.2% 7 Germany 17,748 1.8%
8 Japan 106,613 2.0% 8 Turkey 15,548 1.5%
9 Spain 88,884 1.7% 9 Italy 12,984 1.3%
10 Greece 75,044 1.4% 10 Colombia 8,040 0.8% * Rankings are based solely on those countries from which a sufficient survey
response was received and data were considered to be representative.
2021
INTERNATIONAL
SURVEY Please credit the International Society of Aesthetic Plastic Surgery when citing statistical data. Contact ISAPS: +44 20 7038 7812 | media@isaps.org | www.isaps.org 32"
2021,E:\shared\行业报告\2021isaps-global-survey.pdf,https://www.isaps.org/media/vdpdanke/isaps-global-survey_2021.pdf,33,"SURGICAL TOTALS RANKED BY CATEGORY
NUMBER OF PERCENTAGE
RANK * COUNTRY
PROCEDURES OF TOTAL
1 Brazil 612,960 11.8%
2 USA 517,163 9.9%
3 Mexico 260,313 5.0%
4 Japan 243,422 4.7%
5 Turkey 208,585 4.0%
6 Argentina 194,200 3.7%
7 Germany 189,953 3.6%
8 India 143,088 2.7%
9 Italy 134,316 2.6%
10 Colombia 117,312 2.3%
2021
INTERNATIONAL
SURVEY Please credit the International Society of Aesthetic Plastic Surgery when citing statistical data. Contact ISAPS: +44 20 7038 7812 | media@isaps.org | www.isaps.org 33
FACE
&
HEAD
NUMBER OF PERCENTAGE
RANK * COUNTRY
PROCEDURES OF TOTAL
1 USA 746,422 18.1%
2 Brazil 623,160 15.1%
3 Mexico 260,733 6.3%
4 Germany 145,855 3.5%
5 Colombia 145,248 3.5%
6 India 134,808 3.3%
7 Turkey 126,386 3.1%
8 Argentina 92,260 2.2%
9 Italy 63,420 1.5%
10 Spain 44,784 1.1%
NUMBER OF PERCENTAGE
RANK * COUNTRY
PROCEDURES OF TOTAL
1 USA 728,711 20.8%
2 Brazil 398,100 11.3%
3 Mexico 151,638 4.3%
4 Germany 141,143 4.0%
5 Turkey 129,519 3.7%
6 Argentina 112,520 3.2%
7 Colombia 111,516 3.2%
8 India 92,760 2.6%
9 Italy 85,932 2.4%
10 Spain 78,336 2.2%
BREAST
BODY
&
EXTREMITIES
* Rankings are based solely on those countries from which a sufficient survey response was
received and data were considered to be representative."
2021,E:\shared\行业报告\2021isaps-global-survey.pdf,https://www.isaps.org/media/vdpdanke/isaps-global-survey_2021.pdf,34,"NON-SURGICAL TOTALS RANKED BY CATEGORY
NUMBER OF PERCENTAGE
RANK * COUNTRY
PROCEDURES OF TOTAL
1 USA 4,284,472 33.3%
2 Brazil 924,660 7.2%
3 Germany 570,586 4.4%
4 Japan 565,441 4.4%
5 Mexico 445,620 3.5%
6 Turkey 430,469 3.3%
7 Argentina 350,320 2.7%
8 Italy 317,880 2.5%
9 Spain 168,228 1.3%
10 India 166,344 1.3%
2021
INTERNATIONAL
SURVEY Please credit the International Society of Aesthetic Plastic Surgery when citing statistical data. Contact ISAPS: +44 20 7038 7812 | media@isaps.org | www.isaps.org 34
INJECTABLES
NUMBER OF PERCENTAGE
RANK * COUNTRY
PROCEDURES OF TOTAL
1 Japan 608,391 20.6%
2 USA 528,527 17.9%
3 Argentina 245,220 8.3%
4 India 145,680 4.9%
5 Mexico 107,835 3.7%
6 Brazil 75,900 2.6%
7 Greece 69,829 2.4%
8 Colombia 46,032 1.6%
9 Turkey 32,383 1.1%
10 Italy 32,088 1.1%
NUMBER OF PERCENTAGE
RANK * COUNTRY
PROCEDURES OF TOTAL
1 USA 542,605 30.6%
2 Japan 306,056 17.3%
3 India 91,992 5.2%
4 Brazil 88,860 5.0%
5 Argentina 73,740 4.2%
6 Mexico 44,468 2.5%
7 Italy 35,148 2.0%
8 Germany 23,157 1.3%
9 Turkey 23,023 1.3%
10 Greece 20,584 1.2%
FACIAL
REJUVENATION
OTHER
* Rankings are based solely on those countries from which a sufficient survey response was
received and data were considered to be representative."
2021,E:\shared\行业报告\2021isaps-global-survey.pdf,https://www.isaps.org/media/vdpdanke/isaps-global-survey_2021.pdf,35,"COUNTRIES RANKED BY TOTAL NUMBER OF PROCEDURES
TOP 10
COUNTRIES RANKED BY TOTAL NUMBER OF PROCEDURES
PERCENTAGE
PERCENTAGE OF
TOTAL SURGICAL TOTAL NON-SURGICAL OF TOTAL NUMBER OF PERCENTAGE
RANK * COUNTRY TOTAL SURGICAL
PROCEDURES PROCEDURES NON-SURGICAL PROCEDURES OF TOTAL
PROCEDURES
PROCEDURES
1 USA 1,992,296 15.5% 5,355,604 30.4% 7,347,900 24.1%
2 Brazil 1,634,220 12.7% 1,089,420 6.2% 2,723,640 8.9%
3 Japan 265,733 2.1% 1,479,888 8.4% 1,745,621 5.7%
4 Mexico 672,683 5.2% 597,923 3.4% 1,270,605 4.2%
5 Germany 476,951 3.7% 605,942 3.4% 1,082,892 3.6%
6 Argentina 398,980 3.1% 669,280 3.8% 1,068,260 3.5%
7 Turkey 464,490 3.6% 485,875 2.8% 950,365 3.1%
8 India 370,656 2.9% 404,016 2.3% 774,672 2.5%
9 Italy 283,668 2.2% 385,116 2.2% 668,784 2.2%
10 Colombia 374,076 2.9% 181,200 1.0% 555,276 1.8%
*Rankings are based solely on those countries from which a sufficient survey response was received and data were considered to be representative.
2021
INTERNATIONAL
SURVEY Please credit the International Society of Aesthetic Plastic Surgery when citing statistical data. Contact ISAPS: +44 20 7038 7812 | media@isaps.org | www.isaps.org 35"
2021,E:\shared\行业报告\2021isaps-global-survey.pdf,https://www.isaps.org/media/vdpdanke/isaps-global-survey_2021.pdf,36,"COUNTRIES RANKED BY ESTIMATED NUMBER
OF PLASTIC SURGEONS
TOP 30
COUNTRIES RANKED BY ESTIMATED
NUMBER OF PLASTIC SURGEONS
NUMBER OF % OF NUMBER OF % OF
RANK COUNTRY RANK COUNTRY
SURGEONS TOTAL SURGEONS TOTAL
1 USA 7,500 17.0% 16 Taiwan 750 1.7%
2 Brazil 6,000 13.6% 17 Venezuela 700 1.6%
3 China 3,000 6.8% 18 United Kingdom 600 1.4%
4 Japan 2,750 6.2% 19 Netherlands 600 1.4%
5 South Korea 2,600 5.9% 20 Egypt 600 1.4%
6 India 2,400 5.4% 21 Peru 575 1.3%
7 Russia 2,000 4.5% 22 Thailand 475 1.1%
8 Argentina 2,000 4.5% 23 Canada 450 1.0%
9 Mexico 1,750 4.0% 24 Australia 425 1.0%
10 Germany 1,550 3.5% 25 Greece 350 0.8%
11 Turkey 1,300 2.9% 26 Ukraine 350 0.8%
12 Italy 1,200 2.7% 27 Romania 350 0.8%
13 Colombia 1,200 2.7% 28 Iran 300 0.7%
14 France 1,000 2.3% 29 Belgium 275 0.6%
15 Spain 900 2.0% 30 Austria 250 0.6%
2021
INTERNATIONAL
SURVEY Please credit the International Society of Aesthetic Plastic Surgery when citing statistical data. Contact ISAPS: +44 20 7038 7812 | media@isaps.org | www.isaps.org 36"
2021,E:\shared\行业报告\2021isaps-global-survey.pdf,https://www.isaps.org/media/vdpdanke/isaps-global-survey_2021.pdf,37,"SURGICAL PROCEDURE GROUP RANKING BY COUNTRY
% OF % OF
RANK TOTAL RANK TOTAL
TOTAL TOTAL
USA ARGENTINA
1 Total Body & Extremities Procedures 746,422 37.5% 1 Total Face & Head Procedures 194,200 48.7%
2 Total Breast Procedures 728,711 36.6% 2 Total Breast Procedures 112,520 28.2%
3 Total Face & Head Procedures 517,163 26.0% 3 Total Body & Extremities Procedures 92,260 23.1%
BRAZIL COLOMBIA
1 Total Body & Extremities Procedures 623,160 38.1% 1 Total Body & Extremities Procedures 145,248 38.8%
2 Total Face & Head Procedures 612,960 37.5% 2 Total Face & Head Procedures 117,312 31.4%
3 Total Breast Procedures 398,100 24.4% 3 Total Breast Procedures 111,516 29.8%
MEXICO INDIA
1 Total Body & Extremities Procedures 260,733 38.8% 1 Total Face & Head Procedures 143,088 38.6%
2 Total Face & Head Procedures 260,313 38.7% 2 Total Body & Extremities Procedures 134,808 36.4%
3 Total Breast Procedures 151,638 22.5% 3 Total Breast Procedures 92,760 25.0%
GERMANY ITALY
1 Total Face & Head Procedures 189,953 39.8% 1 Total Face & Head Procedures 134,316 47.3%
2 Total Body & Extremities Procedures 145,855 30.6% 2 Total Breast Procedures 85,932 30.3%
3 Total Breast Procedures 141,143 29.6% 3 Total Body & Extremities Procedures 63,420 22.4%
TURKEY JAPAN
1 Total Face & Head Procedures 208,585 44.9% 1 Total Face & Head Procedures 243,422 91.6%
2 Total Breast Procedures 129,519 27.9% 2 Total Body & Extremities Procedures 16,217 6.1%
3 Total Body & Extremities Procedures 126,386 27.2% 3 Total Breast Procedures 6,094 2.3%
2021
INTERNATIONAL
SURVEY Please credit the International Society of Aesthetic Plastic Surgery when citing statistical data. Contact ISAPS: +44 20 7038 7812 | media@isaps.org | www.isaps.org 37"
2021,E:\shared\行业报告\2021isaps-global-survey.pdf,https://www.isaps.org/media/vdpdanke/isaps-global-survey_2021.pdf,38,"NON-SURGICAL PROCEDURE GROUP RANKING BY COUNTRY
% OF % OF
RANK TOTAL RANK TOTAL
TOTAL TOTAL
USA MEXICO
1 Total Injectables Procedures 4,284,472 80.0% 1 Total Injectables Procedures 445,620 74.5%
2 Total Facial Rejuvenation Procedures 542,605 10.1% 2 Total Other Procedures 107,835 18.0%
3 Total Other Procedures 528,527 9.9% 3 Total Facial Rejuvenation Procedures 44,468 7.4%
JAPAN TURKEY
1 Total Other Procedures 608,391 41.1% 1 Total Injectables Procedures 430,469 88.6%
2 Total Injectables Procedures 565,441 38.2% 2 Total Other Procedures 32,383 6.7%
3 Total Facial Rejuvenation Procedures 306,056 20.7% 3 Total Facial Rejuvenation Procedures 23,023 4.7%
BRAZIL INDIA
1 Total Injectables Procedures 924,660 84.9% 1 Total Injectables Procedures 166,344 41.2%
2 Total Facial Rejuvenation Procedures 88,860 8.2% 2 Total Other Procedures 145,680 36.1%
3 Total Other Procedures 75,900 7.0% 3 Total Facial Rejuvenation Procedures 91,992 22.8%
ARGENTINA ITALY
1 Total Injectables Procedures 350,320 52.3% 1 Total Injectables Procedures 317,880 82.5%
2 Total Other Procedures 245,220 36.6% 2 Total Facial Rejuvenation Procedures 35,148 9.1%
3 Total Facial Rejuvenation Procedures 73,740 11.0% 3 Total Other Procedures 32,088 8.3%
GERMANY GREECE
1 Total Injectables Procedures 570,586 94.2% 1 Total Injectables Procedures 152,513 62.8%
2 Total Facial Rejuvenation Procedures 23,157 3.8% 2 Total Other Procedures 69,829 28.7%
3 Total Other Procedures 12,199 2.0% 3 Total Facial Rejuvenation Procedures 20,584 8.5%
2021
INTERNATIONAL
SURVEY Please credit the International Society of Aesthetic Plastic Surgery when citing statistical data. Contact ISAPS: +44 20 7038 7812 | media@isaps.org | www.isaps.org 38"
2021,E:\shared\行业报告\2021isaps-global-survey.pdf,https://www.isaps.org/media/vdpdanke/isaps-global-survey_2021.pdf,39,"PROCEDURES PERFORMED BY
PLASTIC SURGEONS
IN 2021"
2021,E:\shared\行业报告\2021isaps-global-survey.pdf,https://www.isaps.org/media/vdpdanke/isaps-global-survey_2021.pdf,40,"NUMBER OF WORLDWIDE SURGICAL PROCEDURES
PERFORMED BY PLASTIC SURGEONS
PERCENTAGE OF TOTAL
RANK SURGICAL PROCEDURES TOTAL
SURGICAL PROCEDURES
1 Liposuction 1,903,063 14.8%
2 Breast Augmentation 1,685,471 13.1%
3 Eyelid Surgery 1,446,890 11.3%
4 Rhinoplasty 995,149 7.7%
5 Abdominoplasty 991,361 7.7%
6 Breast Lift 781,404 6.1%
7 Lip Enhancement/Perioral Procedure 717,596 5.6%
8 Fat Grafting – Face 589,494 4.6%
9 Buttock Augmentation – Implants and Fat Transfer 523,331 4.1%
10 Breast Reduction 507,363 4.0%
11 Facelift 477,705 3.7%
12 Neck Lift 290,844 2.3%
13 Brow Lift 290,107 2.3%
14 Gynecomastia 282,997 2.2%
15 Ear Surgery 272,493 2.1%
16 Breast Implant Removal 253,594 2.0%
17 Labiaplasty 171,088 1.3%
18 Upper Arm Lift 140,158 1.1%
19 Facial Bone Contouring 131,656 1.0%
20 Thigh Lift 113,206 0.9%
21 Lower Body Lift 96,312 0.8%
22 Vaginal Rejuvenation 71,018 0.6%
23 Buttock Lift 63,190 0.5%
24 Upper Body Lift 45,200 0.4%
Total Surgical Procedures 12,840,688
2021
INTERNATIONAL
SURVEY Please credit the International Society of Aesthetic Plastic Surgery when citing statistical data. Contact ISAPS: +44 20 7038 7812 | media@isaps.org | www.isaps.org 40"
2021,E:\shared\行业报告\2021isaps-global-survey.pdf,https://www.isaps.org/media/vdpdanke/isaps-global-survey_2021.pdf,41,"NUMBER OF WORLDWIDE NON-SURGICAL PROCEDURES
PERFORMED BY PLASTIC SURGEONS
PERCENTAGE OF TOTAL NON-
RANK NON-SURGICAL PROCEDURES TOTAL
SURGICAL PROCEDURES
1 Botulinum Toxin 7,312,616 41.6%
2 Hyaluronic Acid 5,279,344 30.0%
3 Hair Removal 1,836,111 10.4%
4 Non-Surgical Skin Tightening 1,003,731 5.7%
5 Non-Surgical Fat Reduction 730,980 4.2%
6 Chemical Peel 534,831 3.0%
7 Cellulite Treatment 379,224 2.2%
8 Calcium Hydroxylapatite 290,095 1.6%
9 Full Field Ablative 231,955 1.3%
Total Non-Surgical Procedures 17,598,888
2021
INTERNATIONAL
SURVEY Please credit the International Society of Aesthetic Plastic Surgery when citing statistical data. Contact ISAPS: +44 20 7038 7812 | media@isaps.org | www.isaps.org 41"
2021,E:\shared\行业报告\2021isaps-global-survey.pdf,https://www.isaps.org/media/vdpdanke/isaps-global-survey_2021.pdf,42,"PERCENT OF PLASTIC SURGEONS PERFORMING
EACH SURGICAL PROCEDURE
PERCENT OF PLASTIC SURGEONS PERFORMING EACH SURGICAL PROCEDURE
SURGICAL PROCEDURES W W O I R D L E D- ARGENTINA BRAZIL COLOMBIA GERMANY GREECE INDIA ITALY MEXICO ROMANIA SPAIN THAILAND TURKEY USA
FACE & HEAD
Brow Lift 62.3% 58.1% 53.9% 76.7% 64.5% 37.0% 43.5% 51.3% 81.9% 45.9% 76.0% 67.7% 58.3% 62.8%
Ear Surgery 76.0% 87.1% 53.9% 80.0% 61.3% 77.8% 80.4% 82.1% 84.6% 65.6% 96.0% 61.8% 83.3% 49.8%
Eyelid Surgery 90.4% 93.6% 80.8% 93.3% 83.9% 85.2% 87.0% 92.3% 98.7% 83.6% 96.0% 91.2% 100.0% 78.7%
Facelift 67.8% 74.2% 76.9% 76.7% 67.7% 59.3% 45.7% 69.2% 87.3% 39.3% 60.0% 64.7% 70.8% 76.4%
Facial Bone Contouring 41.5% 45.2% 15.4% 53.3% 19.4% 25.9% 43.5% 23.1% 75.2% 27.9% 32.0% 61.8% 45.8% 34.7%
Fat Grafting – Face 69.5% 64.5% 76.9% 66.7% 61.3% 70.4% 93.5% 61.5% 84.6% 31.2% 92.0% 47.1% 79.2% 57.9%
Lip Enhancement/
66.7% 67.7% 42.3% 73.3% 64.5% 51.9% 63.0% 66.7% 83.9% 75.4% 72.0% 44.1% 87.5% 62.5%
Perioral Procedure
Neck Lift 57.6% 64.5% 57.7% 73.3% 58.1% 55.6% 37.0% 46.2% 83.2% 21.3% 60.0% 55.9% 66.7% 69.8%
Hair Transplantation 13.5% 16.1% 15.4% 13.3% 9.7% 11.1% 63.0% 5.1% 11.4% 4.9% 4.0% 2.9% 20.8% 14.1%
Rhinoplasty 75.9% 90.3% 65.4% 86.7% 41.9% 81.5% 84.8% 74.4% 92.6% 45.9% 88.0% 91.2% 83.3% 66.4%
BREAST
Breast Augmentation – Saline 2.1% 3.2% 3.8% 3.3% 0.0% 0.0% 4.3% 0.0% 0.0% 1.6% 8.0% 0.0% 0.0% 8.5%
Breast Augmentation – Silicone 88.3% 93.6% 88.5% 93.3% 87.1% 85.2% 87.0% 94.9% 98.0% 77.1% 88.0% 70.6% 95.8% 76.7%
Breast Augmentation – Fat Transfer 53.3% 58.1% 42.3% 60.0% 71.0% 37.0% 67.4% 61.5% 60.4% 29.5% 56.0% 14.7% 62.5% 45.1%
Breast Implant Removal 74.6% 87.1% 65.4% 90.0% 83.9% 59.3% 52.2% 71.8% 94.0% 50.8% 84.0% 61.8% 79.2% 76.9%
Breast Lift 83.1% 90.3% 76.9% 86.7% 83.9% 81.5% 60.9% 84.6% 98.7% 68.9% 88.0% 67.7% 87.5% 77.6%
Breast Reduction 82.9% 80.7% 73.1% 93.3% 87.1% 74.1% 82.6% 84.6% 94.6% 68.9% 88.0% 58.8% 91.7% 71.7%
Gynecomastia 78.6% 83.9% 73.1% 80.0% 80.7% 81.5% 100.0% 84.6% 89.9% 55.7% 80.0% 47.1% 91.7% 62.3%
2021
INTERNATIONAL
SURVEY Please credit the International Society of Aesthetic Plastic Surgery when citing statistical data. Contact ISAPS: +44 20 7038 7812 | media@isaps.org | www.isaps.org 42"
2021,E:\shared\行业报告\2021isaps-global-survey.pdf,https://www.isaps.org/media/vdpdanke/isaps-global-survey_2021.pdf,43,"PERCENT OF PLASTIC SURGEONS PERFORMING
EACH SURGICAL PROCEDURE
PERCENTAGE OF ALL PLASTIC SURGEONS PERFORMING EACH SURGICAL PROCEDURE
SURGICAL PROCEDURES W W O I R D L E D- ARGENTINA BRAZIL COLOMBIA GERMANY GREECE INDIA ITALY MEXICO ROMANIA SPAIN THAILAND TURKEY USA
BODY & EXTREMITIES
Abdominoplasty 87.5% 96.8% 92.3% 93.3% 83.9% 88.9% 91.3% 92.3% 98.7% 68.9% 92.0% 64.7% 95.8% 79.3%
Buttock Augmentation –
21.0% 19.4% 19.2% 53.3% 6.5% 3.7% 13.0% 10.3% 46.3% 3.3% 16.0% 17.7% 8.3% 4.0%
Implants only
Buttock Augmentation –
54.7% 58.1% 57.7% 83.3% 35.5% 37.0% 52.2% 25.6% 92.0% 24.6% 60.0% 20.6% 45.8% 46.2%
Fat Transfer
Buttock Lift 26.4% 9.7% 30.8% 43.3% 32.3% 29.6% 17.4% 12.8% 46.3% 8.2% 12.0% 14.7% 16.7% 17.6%
Liposuction 85.5% 90.3% 80.8% 93.3% 87.1% 85.2% 97.8% 92.3% 96.0% 60.7% 92.0% 58.8% 91.7% 80.1%
Lower Body Lift 30.0% 16.1% 30.8% 36.7% 29.0% 11.1% 34.8% 23.1% 46.3% 11.5% 40.0% 17.7% 29.2% 31.5%
Penile Enlargement 8.0% 0.0% 0.0% 6.7% 9.7% 14.8% 8.7% 12.8% 10.7% 13.1% 4.0% 2.9% 12.5% 1.0%
Thigh Lift 42.5% 29.0% 38.5% 70.0% 54.8% 37.0% 34.8% 38.5% 48.3% 26.2% 60.0% 26.5% 50.0% 39.7%
Upper Arm Lift 34.7% 19.4% 34.6% 43.3% 35.5% 40.7% 23.9% 33.3% 54.4% 14.8% 40.0% 17.7% 37.5% 59.3%
Upper Body Lift 20.5% 6.5% 23.1% 30.0% 16.1% 3.7% 26.1% 7.7% 34.2% 8.2% 20.0% 8.8% 25.0% 16.8%
Labiaplasty (excluding vaginal
53.7% 38.7% 61.5% 63.3% 64.5% 59.3% 45.7% 61.5% 59.1% 52.5% 80.0% 26.5% 45.8% 33.6%
rejuvenation)
Vaginal Rejuvenation 21.6% 16.1% 34.6% 36.7% 9.7% 7.4% 50.0% 12.8% 30.9% 3.3% 28.0% 5.9% 29.2% 8.5%
2021
INTERNATIONAL
SURVEY Please credit the International Society of Aesthetic Plastic Surgery when citing statistical data. Contact ISAPS: +44 20 7038 7812 | media@isaps.org | www.isaps.org 43"
2021,E:\shared\行业报告\2021isaps-global-survey.pdf,https://www.isaps.org/media/vdpdanke/isaps-global-survey_2021.pdf,44,"PERCENT OF PLASTIC SURGEONS PERFORMING
EACH NON-SURGICAL PROCEDURE
PERCENTAGE OF ALL PLASTIC SURGEONS PERFORMING EACH NON-SURGICAL PROCEDURE
NON-SURGICAL PROCEDURES W W O I R D L E D- ARGENTINA BRAZIL COLOMBIA GERMANY GREECE INDIA ITALY MEXICO ROMANIA SPAIN THAILAND TURKEY USA
INJECTABLES
Botulinum Toxin 85.5% 100.0% 76.9% 90.0% 90.3% 88.9% 67.4% 84.6% 98.7% 90.2% 84.0% 61.8% 91.7% 87.1%
Calcium Hydroxylapatite 17.6% 25.8% 26.9% 16.7% 19.4% 14.8% 2.2% 25.6% 25.5% 18.0% 28.0% 0.0% 20.8% 26.6%
Hyaluronic Acid 76.7% 83.9% 65.4% 80.0% 80.7% 81.5% 63.0% 84.6% 93.3% 90.2% 76.0% 32.4% 87.5% 71.7%
Poly-L-Lactic Acid 9.5% 9.7% 23.1% 0.0% 9.7% 29.6% 4.3% 7.7% 13.4% 8.2% 4.0% 0.0% 8.3% 24.4%
FACIAL REJUVENATION
Chemical Peel 24.4% 25.8% 19.2% 16.7% 16.1% 37.0% 43.5% 46.2% 25.5% 26.2% 52.0% 2.9% 8.3% 45.1%
Full Field Ablative 16.4% 25.8% 11.5% 6.7% 9.7% 40.7% 21.7% 35.9% 14.8% 11.5% 20.0% 2.9% 4.2% 35.2%
Micro-Ablative Resurfacing 0.0% 0.0% 0.0% 0.0% 0.0% 0.0% 0.0% 0.0% 0.0% 0.0% 0.0% 0.0% 0.0% 21.9%
Dermabrasion 13.5% 22.6% 3.8% 10.0% 0.0% 11.1% 23.9% 12.8% 18.1% 6.6% 16.0% 8.8% 8.3% 10.6%
Microdermabrasion 13.0% 22.6% 3.8% 13.3% 3.2% 25.9% 19.6% 5.1% 25.5% 9.8% 4.0% 2.9% 0.0% 16.7%
Non-Surgical Skin Tightening 26.5% 29.0% 15.4% 26.7% 35.5% 33.3% 34.8% 23.1% 33.6% 21.3% 32.0% 8.8% 12.5% 23.4%
Photo Rejuvenation 11.1% 25.8% 7.7% 6.7% 9.7% 7.4% 6.5% 10.3% 15.4% 4.9% 20.0% 14.7% 4.2% 33.3%
Polymethylmethacrylate 1.0% 3.2% 0.0% 0.0% 0.0% 0.0% 2.2% 0.0% 2.0% 0.0% 0.0% 0.0% 0.0% 6.2%
OTHER
Cellulite Treatment 18.6% 29.0% 19.2% 16.7% 3.2% 51.9% 6.5% 25.6% 29.5% 16.4% 36.0% 0.0% 0.0% 10.1%
Hair Removal 17.4% 32.3% 3.8% 13.3% 0.0% 51.9% 37.0% 15.4% 16.1% 13.1% 16.0% 5.9% 4.2% 33.3%
Non-Surgical Fat Reduction 22.3% 25.8% 7.7% 33.3% 35.5% 51.9% 15.2% 20.5% 32.9% 18.0% 28.0% 11.8% 0.0% 29.1%
Tattoo Removal 14.8% 19.4% 0.0% 10.0% 3.2% 29.6% 50.0% 18.0% 18.8% 6.6% 12.0% 2.9% 0.0% 18.7%
Treatment of Leg Veins 6.5% 12.9% 3.8% 3.3% 3.2% 11.1% 8.7% 12.8% 5.4% 9.8% 12.0% 0.0% 0.0% 10.6%
Sclerotherapy 9.7% 6.5% 3.8% 3.3% 6.5% 18.5% 10.9% 10.3% 14.1% 21.3% 20.0% 5.9% 4.2% 15.3%
2021
INTERNATIONAL
SURVEY Please credit the International Society of Aesthetic Plastic Surgery when citing statistical data. Contact ISAPS: +44 20 7038 7812 | media@isaps.org | www.isaps.org 44"
2021,E:\shared\行业报告\2021isaps-global-survey.pdf,https://www.isaps.org/media/vdpdanke/isaps-global-survey_2021.pdf,45,DEMOGRAPHICS
2021,E:\shared\行业报告\2021isaps-global-survey.pdf,https://www.isaps.org/media/vdpdanke/isaps-global-survey_2021.pdf,46,"GENDER DISTRIBUTION FOR COSMETIC PROCEDURES – SURGICAL
GENDER DISTRIBUTION FOR SURGICAL COSMETIC PROCEDURES
RANK FEMALE NUMBER OF PERCENTAGE RANK MALE NUMBER OF PERCENTAGE
PROCEDURES OF TOTAL PROCEDURES OF TOTAL
1 Breast Augmentation 1,658,673 98.4% 1 Eyelid Surgery 303,932 21.0%
2 Liposuction 1,625,283 85.4% 2 Gynecomastia 282,997 100.0%
3 Eyelid Surgery 1,142,957 79.0% 3 Liposuction 277,779 14.6%
4 Abdominoplasty 904,846 91.3% 4 Rhinoplasty 256,406 25.8%
5 Breast Lift 781,404 100.0% 5 Fat Grafting – Face 110,319 18.7%
6 Rhinoplasty 738,743 74.2% 6 Ear Surgery 101,382 37.2%
Lip Enhancement/ 7 Abdominoplasty 86,515 8.7%
7 669,361 93.3%
Perioral Procedure
8 Facelift 79,232 16.6%
8 Breast Reduction 507,363 100.0%
9 Neck Lift 54,225 18.6%
Buttock Augmentation –
9 497,320 95.0% 10 Brow Lift 51,378 17.7%
Implants and Fat Transfer
Lip Enhancement/
10 Fat Grafting – Face 479,174 81.3% 11 48,235 6.7%
Perioral Procedure
11 Facelift 398,473 83.4%
12 Facial Bone Contouring 31,597 24.0%
12 Breast Implant Removal 249,735 98.5%
13 Breast Augmentation 26,799 1.6%
13 Brow Lift 238,729 82.3%
Buttock Augmentation –
14 26,011 5.0%
14 Neck Lift 236,619 81.4% Implants and Fat Transfer
15 Ear Surgery 171,111 62.8% 15 Upper Arm Lift 12,209 8.7%
16 Labiaplasty 171,088 100.0% 16 Lower Body Lift 11,793 12.2%
17 Upper Arm Lift 127,949 91.3% 17 Thigh Lift 8,815 7.8%
18 Thigh Lift 104,391 92.2% 18 Upper Body Lift 5,318 11.8%
19 Facial Bone Contouring 100,058 76.0% 19 Buttock Lift 4,557 7.2%
20 Lower Body Lift 84,518 87.8% 20 Breast Implant Removal 3,859 1.5%
21 Vaginal Rejuvenation 71,018 100.0%
22 Buttock Lift 58,633 92.8%
23 Upper Body Lift 39,882 88.2%
Total Surgical Procedures 11,057,328 86.1% Total Surgical Procedures 1,783,360 13.9%
2021
INTERNATIONAL
SURVEY Please credit the International Society of Aesthetic Plastic Surgery when citing statistical data. Contact ISAPS: +44 20 7038 7812 | media@isaps.org | www.isaps.org 46"
2021,E:\shared\行业报告\2021isaps-global-survey.pdf,https://www.isaps.org/media/vdpdanke/isaps-global-survey_2021.pdf,47,"GENDER DISTRIBUTION FOR COSMETIC PROCEDURES –
NON-SURGICAL
GENDER DISTRIBUTION FOR NON-SURGICAL COSMETIC PROCEDURES
NUMBER OF PERCENTAGE NUMBER OF PERCENTAGE
RANK FEMALE RANK MALE
PROCEDURES OF TOTAL PROCEDURES OF TOTAL
1 Botulinum Toxin 6,252,548 85.5% 1 Botulinum Toxin 1,060,068 14.5%
2 Hyaluronic Acid 4,694,030 88.9% 2 Hyaluronic Acid 585,315 11.1%
3 Hair Removal 1,585,732 86.4% 3 Hair Removal 250,379 13.6%
4 Non-Surgical Skin Tightening 875,595 87.2% Non-Surgical Skin
4 128,136 12.8%
Tightening
5 Non-Surgical Fat Reduction 605,669 82.9%
5 Non-Surgical Fat Reduction 125,311 17.1%
6 Chemical Peel 463,573 86.7%
6 Chemical Peel 71,257 13.3%
7 Cellulite Treatment 361,436 95.3%
7 Calcium Hydroxylapatite 47,448 16.4%
8 Calcium Hydroxylapatite 242,647 83.6%
8 Full Field Ablative 32,043 13.8%
9 Full Field Ablative 199,912 86.2%
9 Cellulite Treatment 17,788 4.7%
Total Non-Surgical Procedures 15,281,143 86.8%
Total Non-Surgical Procedures 2,317,745 13.2%
Total Procedures 26,338,471 86.5%
Total Procedures 4,101,105 13.5%
2021
INTERNATIONAL
SURVEY Please credit the International Society of Aesthetic Plastic Surgery when citing statistical data. Contact ISAPS: +44 20 7038 7812 | media@isaps.org | www.isaps.org 47"
2021,E:\shared\行业报告\2021isaps-global-survey.pdf,https://www.isaps.org/media/vdpdanke/isaps-global-survey_2021.pdf,48,"PATIENT AGE RELATED TO COSMETIC PROCEDURE
AGE DISTRIBUTION OF PATIENTS UNDERTAKING CERTAIN COSMETIC PROCEDURES
18 YEARS 19–34 YEARS 35–50 YEARS 51–64 YEARS 65 YEARS
OR YOUNGER OLD OLD OLD OR OLDER
Breast Augmentations 33,204 2.0% 894,648 53.1% 623,962 37.0% 116,298 6.9% 17,360 1.0%
Liposuction 38,822 2.0% 784,633 41.2% 846,482 44.5% 210,669 11.1% 22,456 1.2%
Rhinoplasty 72,845 7.3% 633,811 63.7% 241,324 24.3% 42,493 4.3% 4,677 0.5%
Botulinum Toxin 106,033 1.5% 1,767,459 24.2% 3,450,092 47.2% 1,690,677 23.1% 298,355 4.1%
Non-Surgical Fat Reduction 24,488 3.4% 284,790 39.0% 323,166 44.2% 87,937 12.0% 10,599 1.5%
PERCENTAGE OF SURGEONS PERFORMING BREAST AUGMENTATION
IN WOMEN OF 17 YEARS OLD OR YOUNGER
COUNTRY PERCENTAGE OF SURGEONS PERFORMING REASONS FOR PROCEDURE
BREAST AUGMENTATION IN MINORS
Tubular breast 26.4%
Worldwide 7.3%
Severe asymmetry 25.8%
Argentina 0.0%
Congenital absent breast (i.e., Poland’s syndrome) 14.9%
Brazil 27.3%
Congenital micromastia 12.6%
Colombia 10.7%
Purely cosmetic bilateral augmentation 11.1%
Germany 3.7%
Other 9.1%
Greece 0.0%
India 2.3%
Italy 10.8%
Mexico 10.8%
Romania 6.8%
Spain 4.2%
Thailand 3.1%
Turkey 13.6%
USA 4.7%
2021
INTERNATIONAL
SURVEY Please credit the International Society of Aesthetic Plastic Surgery when citing statistical data. Contact ISAPS: +44 20 7038 7812 | media@isaps.org | www.isaps.org 48"
2021,E:\shared\行业报告\2021isaps-global-survey.pdf,https://www.isaps.org/media/vdpdanke/isaps-global-survey_2021.pdf,49,"COSMETIC PROCEDURES BY LOCATION
COSMETIC PROCEDURES BY LOCATION
AN OFFICE A FREE-STANDING
A HOSPITAL OTHER
FACILITY SURGICENTER
Worldwide 35.6% 43.5% 20.0% 0.8%
Argentina 47.3% 19.1% 33.6% 0.0%
Brazil 23.0% 70.0% 7.1% 0.0%
Colombia 23.5% 25.7% 50.8% 0.0%
Germany 39.4% 41.4% 15.7% 3.6%
Greece 53.4% 38.0% 8.7% 0.0%
India 26.3% 65.1% 8.6% 0.0%
Italy 35.4% 45.3% 19.1% 0.3%
Mexico 33.9% 40.1% 25.4% 0.6%
Romania 47.5% 37.3% 14.9% 0.3%
Spain 41.0% 52.6% 6.5% 0.0%
Thailand 40.2% 50.2% 9.6% 0.0%
Turkey 22.5% 69.3% 8.2% 0.0%
USA 37.1% 25.3% 37.1% 0.5%
2021
INTERNATIONAL
SURVEY Please credit the International Society of Aesthetic Plastic Surgery when citing statistical data. Contact ISAPS: +44 20 7038 7812 | media@isaps.org | www.isaps.org 49"
2021,E:\shared\行业报告\2021isaps-global-survey.pdf,https://www.isaps.org/media/vdpdanke/isaps-global-survey_2021.pdf,50,"MEDICAL TOURISM
TOP 3
MEDICAL TOURISM MOST FREQUENTLY-CITED
COUNTRIES OF FOREIGN PATIENTS
PERCENTAGE OF PATIENTS ATTENDING FROM OTHER COUNTRIES
MEDIAN AVERAGE 1 2 3
Worldwide 10.0% 17.6%
Argentina 5.0% 7.0% Paraguay USA Chile
Brazil 3.0% 6.6% USA Portugal Spain
Colombia 15.0% 29.6% USA Spain Chile
Germany 5.0% 9.9% Switzerland Austria Turkey
Greece 4.0% 6.6% United Kingdom Germany Albania
India 10.0% 9.8% USA United Arab Emirates United Kingdom
Italy 5.0% 10.1% United Kingdom France Switzerland
Mexico 20.0% 29.4% USA Canada Colombia
Romania 5.0% 11.9% Italy Germany United Kingdom
Spain 10.0% 13.8% United Kingdom Colombia France
Thailand 10.0% 23.2% Australia China USA
Turkey 27.5% 32.1% Germany United Kingdom Spain
USA 13.8% 11.0% Mexico Canada United Kingdom
2021
INTERNATIONAL
SURVEY Please credit the International Society of Aesthetic Plastic Surgery when citing statistical data. Contact ISAPS: +44 20 7038 7812 | media@isaps.org | www.isaps.org 50"
2021,E:\shared\行业报告\2021isaps-global-survey.pdf,https://www.isaps.org/media/vdpdanke/isaps-global-survey_2021.pdf,51,"IMPACT OF
COVID -19"
2021,E:\shared\行业报告\2021isaps-global-survey.pdf,https://www.isaps.org/media/vdpdanke/isaps-global-survey_2021.pdf,52,"COVID-19 IMPACT
WHICH OF THE FOLLOWING, IF ANY, OCCURRCEODV IADT- 1Y9O IMURPA PCRTACTICE BECAUSE OF COVID-19?
WORLDWIDE ARGENTINA BRAZIL COLOMBIA GERMANY GREECE INDIA ITALY MEXICO ROMANIA SPAIN THAILAND TURKEY USA
WHICH OF THE FOLLOWING, IF ANY, OCCURRED AT YOUR PRACTICE BECAUSE OF COVID-19 IN THE YEAR 2021?
Closed practice temporarily 54.4% 77.4% 73.9% 75.9% 3.2% 60.0% 56.8% 63.9% 57.8% 51.7% 47.8% 61.8% 45.0% 65.4%
Modified office hours 47.2% 77.4% 34.8% 69.0% 32.3% 48.0% 45.5% 33.3% 59.9% 40.0% 47.8% 23.5% 15.0% 50.0%
Patient demand decreased due to safety/
40.1% 54.8% 30.4% 55.2% 16.1% 40.0% 50.0% 44.4% 40.9% 30.0% 21.7% 52.9% 55.0% 37.7%
virus concerns
Patient demand decreased due to patients’
27.5% 41.9% 26.1% 27.6% 6.5% 24.0% 50.0% 27.8% 24.7% 25.0% 8.7% 32.4% 30.0% 19.6%
lost wages and income concerns
Patient demand increased due to patients'
22.7% 25.8% 17.4% 20.7% 32.3% 24.0% 15.9% 19.4% 35.9% 11.7% 30.4% 8.8% 15.0% 37.8%
work flexibility
Implemented salary reductions 10.7% 9.7% 4.4% 24.1% 3.2% 8.0% 13.6% 5.6% 7.0% 10.0% 4.4% 23.5% 5.0% 8.3%
Reduced fees for procedures 13.1% 16.1% 0.0% 10.3% 3.2% 12.0% 20.5% 13.9% 17.6% 15.0% 13.0% 23.5% 5.0% 9.5%
Increased staff because of added
8.0% 6.5% 4.4% 13.8% 3.2% 4.0% 6.8% 8.3% 12.7% 8.3% 4.4% 2.9% 5.0% 9.9%
protocols and protections
Laid off/furloughed staff 6.9% 19.4% 13.0% 20.7% 0.0% 4.0% 0.0% 2.8% 7.8% 1.7% 8.7% 8.8% 5.0% 18.2%
Moved to a new employment situation or
9.8% 22.6% 13.0% 20.7% 0.0% 12.0% 4.6% 0.0% 12.7% 13.3% 4.4% 8.8% 10.0% 7.8%
practice
Staff shortages 11.4% 6.5% 0.0% 6.9% 12.9% 12.0% 22.7% 11.1% 10.6% 8.3% 17.4% 11.8% 5.0% 14.5%
Reduced number of surgeons 4.7% 3.2% 0.0% 0.0% 6.5% 8.0% 6.8% 13.9% 3.5% 1.7% 4.4% 0.0% 5.0% 2.3%
Closed practice permanently 3.8% 3.2% 0.0% 13.8% 0.0% 4.0% 4.6% 2.8% 3.5% 3.3% 0.0% 0.0% 0.0% 1.9%
Other 2.1% 0.0% 4.4% 3.5% 3.2% 0.0% 2.3% 0.0% 1.4% 0.0% 0.0% 5.9% 5.0% 4.0%
None 6.9% 0.0% 8.7% 0.0% 29.0% 0.0% 2.3% 8.3% 3.5% 11.7% 8.7% 2.9% 10.0% 9.3%
2021
INTERNATIONAL
SURVEY Please credit the International Society of Aesthetic Plastic Surgery when citing statistical data. Contact ISAPS: +44 20 7038 7812 | media@isaps.org | www.isaps.org 52"
2021,E:\shared\行业报告\2021isaps-global-survey.pdf,https://www.isaps.org/media/vdpdanke/isaps-global-survey_2021.pdf,53,"COVID-19 IMPACT
WHICH OF THE FOLLOWING, IF ANY, OCCURRCEODV IADT-1 Y9O IMUPRA PCRTACTICE BECAUSE OF COVID-19?
WORLDWIDE ARGENTINA BRAZIL COLOMBIA GERMANY GREECE INDIA ITALY MEXICO ROMANIA SPAIN THAILAND TURKEY USA
WHEN DO YOU EXPECT YOUR PRACTICE WILL RETURN TO A “PRE-PANDEMIC” PATIENT VOLUME?
We have already returned to
61.6% 67.7% 60.9% 79.3% 75.9% 61.5% 57.8% 50.0% 67.4% 49.2% 83.3% 35.3% 76.2% 85.7%
pre-Pandemic levels
Less than 1 month from now 1.0% 0.0% 4.4% 0.0% 0.0% 0.0% 0.0% 2.6% 1.4% 0.0% 0.0% 2.9% 4.8% 0.3%
1 to 2 months from now 3.0% 6.5% 4.4% 0.0% 3.5% 0.0% 4.4% 2.6% 4.2% 0.0% 0.0% 5.9% 0.0% 0.7%
3 to 6 months from now 8.0% 6.5% 8.7% 10.3% 0.0% 7.7% 15.6% 10.5% 4.2% 8.2% 0.0% 17.7% 0.0% 2.0%
7 to 12 months from now 7.6% 3.2% 0.0% 0.0% 6.9% 3.9% 13.3% 13.2% 8.3% 9.8% 8.3% 17.7% 9.5% 3.5%
1 to 2 years from now 11.6% 12.9% 17.4% 10.3% 10.3% 15.4% 4.4% 7.9% 8.3% 18.0% 4.2% 14.7% 4.8% 2.9%
More than 2 years from now 2.8% 0.0% 0.0% 0.0% 0.0% 11.5% 4.4% 2.6% 0.0% 11.5% 4.2% 0.0% 0.0% 2.3%
Never - our practice's daily operations will
4.3% 3.2% 4.4% 0.0% 3.5% 0.0% 0.0% 10.5% 6.3% 3.3% 0.0% 5.9% 4.8% 2.6%
never return to pre-Pandemic levels
2021
INTERNATIONAL
SURVEY Please credit the International Society of Aesthetic Plastic Surgery when citing statistical data. Contact ISAPS: +44 20 7038 7812 | media@isaps.org | www.isaps.org 53"
2021,E:\shared\行业报告\2021isaps-global-survey.pdf,https://www.isaps.org/media/vdpdanke/isaps-global-survey_2021.pdf,54,"ADDITIONAL
& RESIDENT
STATISTICS"
2021,E:\shared\行业报告\2021isaps-global-survey.pdf,https://www.isaps.org/media/vdpdanke/isaps-global-survey_2021.pdf,55,"ADDITIONAL STATISTICS
WHICH OF THE FOLLOWING, IF ANYA, DODCICTIUORNRAELD S ATTA TYIOSUTIRC SPRACTICE BECAUSE OF COVID-19?
WORLDWIDE ARGENTINA BRAZIL COLOMBIA GERMANY GREECE INDIA ITALY MEXICO ROMANIA SPAIN THAILAND TURKEY USA
HOW MANY YEARS HAVE YOU BEEN IN PRACTICE?
Median 17 22 26 16 22 10 7 25 20 8 25 15 12 20
Average 18 22 24 17 20 13 11 23 21 11 23 18 13 22
WHAT IS YOUR GENDER?
Male 79.5% 80.7% 87.0% 82.1% 80.7% 81.5% 80.0% 73.7% 83.6% 55.7% 76.0% 82.4% 91.3% 83.3%
Female 20.6% 19.4% 13.0% 17.9% 19.4% 18.5% 20.0% 26.3% 16.4% 44.3% 24.0% 17.7% 8.7% 16.7%
ARE YOU CURRENTLY A MEMBER OF ISAPS?
Yes 69.8% 90.0% 95.7% 51.7% 100.0% 37.0% 80.0% 50.0% 59.7% 23.3% 92.0% 54.6% 87.0% 97.1%
No 30.3% 10.0% 4.4% 48.3% 0.0% 63.0% 20.0% 50.0% 40.3% 76.7% 8.0% 45.5% 13.0% 2.9%
PERCENT OF PHYSICIANS PERFORMING THE FOLLOWING PROCEDURES IN 2021:
Bichectomy 47.1% 47.8% 36.8% 77.8% 18.5% 5.9% 38.7% 16.1% 89.6% 23.5% 41.7% 19.4% 69.6% 40.0%
Brachioplasty 63.0% 41.7% 63.2% 76.9% 75.9% 61.9% 55.6% 59.4% 83.3% 27.5% 75.0% 35.5% 75.0% 83.3%
Mommy Makeover 61.6% 45.8% 58.8% 67.9% 71.4% 52.6% 72.5% 32.3% 74.3% 37.7% 58.3% 35.5% 87.0% 85.7%
Sex Reassignment Surgery
10.8% 33.3% 5.3% 7.7% 11.5% 15.8% 32.4% 12.9% 5.8% 0.0% 16.7% 28.1% 5.9% 0.0%
(Sex Change)
Vaginal Rejuvenation using
6.7% 4.6% 15.8% 4.2% 0.0% 5.9% 14.7% 6.9% 7.4% 4.1% 4.2% 6.9% 0.0% 16.7%
Radio Frequency
2021
INTERNATIONAL
SURVEY Please credit the International Society of Aesthetic Plastic Surgery when citing statistical data. Contact ISAPS: +44 20 7038 7812 | media@isaps.org | www.isaps.org 55"
2021,E:\shared\行业报告\2021isaps-global-survey.pdf,https://www.isaps.org/media/vdpdanke/isaps-global-survey_2021.pdf,56,"RESIDENT STATISTICS
RESIDENT STATISTICS
WORLDWIDE ARGENTINA BRAZIL COLOMBIA GERMANY GREECE INDIA ITALY MEXICO ROMANIA SPAIN THAILAND TURKEY USA
DO YOU HAVE ADDITIONAL SURGEONS OR RESIDENTS IN YOUR PRACTICE?
Yes 37.3% 45.2% 56.5% 41.4% 60.0% 51.9% 45.5% 39.5% 27.0% 33.9% 24.0% 42.4% 22.7% 41.6%
No 62.7% 54.8% 43.5% 58.6% 40.0% 48.2% 54.6% 60.5% 73.1% 66.1% 76.0% 57.6% 77.3% 58.4%
IF YES, PLEASE PROVIDE COUNTS (AVERAGES):
Surgeons – Male 183 157 N/A N/A 182 N/A 180 133 131 235 N/A N/A N/A N/A
Surgeons – Female 96 36 N/A N/A 112 N/A 30 47 64 290 N/A N/A N/A N/A
Surgeons – Total 279 193 N/A N/A 294 N/A 210 180 195 525 N/A N/A N/A N/A
Residents – Male 184 193 N/A N/A 94 N/A 70 47 306 115 N/A N/A N/A N/A
Residents – Female 124 143 N/A N/A 82 N/A 45 20 106 100 N/A N/A N/A N/A
Residents – Total 308 336 N/A N/A 176 N/A 115 67 412 215 N/A N/A N/A N/A
ARE THE RESIDENTS IN YOUR PRACTICE PART OF A TRAINING PROGRAM TO BECOME A PLASTIC SURGEON?
Yes 74.0% 85.7% N/A N/A 73.3% N/A 35.3% 66.7% 72.7% 94.7% N/A N/A N/A N/A
No 26.1% 14.3% N/A N/A 26.7% N/A 64.7% 33.3% 27.3% 5.3% N/A N/A N/A N/A
IS THERE A REQUIREMENT FOR YOUR RESIDENTS TO COMPLETE A LOGBOOK OF PROCEDURES AS PART OF THEIR TRAINING?
Yes 67.0% 84.6% N/A N/A N/A N/A 69.2% 50.0% 71.0% 55.6% N/A N/A N/A N/A
No 33.0% 15.4% N/A N/A N/A N/A 30.8% 50.0% 29.0% 44.4% N/A N/A N/A N/A
2021
INTERNATIONAL
SURVEY Please credit the International Society of Aesthetic Plastic Surgery when citing statistical data. Contact ISAPS: +44 20 7038 7812 | media@isaps.org | www.isaps.org 56"
2021,E:\shared\行业报告\2021isaps-global-survey.pdf,https://www.isaps.org/media/vdpdanke/isaps-global-survey_2021.pdf,57,"2021
INTERNATIONAL
SURVEY
ISAPS BOARD OF DIRECTORS
PRESIDENT Lina TRIANA, MD – Colombia
PRESIDENT-ELECT Arturo RAMÍREZ-MONTAÑANA, MD – Mexico
GLOBAL SURVEY EDITOR
SECRETARY Paraskevas KONTOES, MD, PhD – Greece
Gianluca CAMPIGLIO – Italy
TREASURER Kai SCHLAUDRAFF, MD, FEBOPRAS – Switzerland
PAST PRESIDENT Nazim CERKES, MD, PhD – Turkey
ISAPS EXECUTIVE OFFICE
19 Mantua Road MEMBERSHIP CHAIR Andre CERVANTES, MD – Brazil
Mount Royal, NJ 08061
MEMBER-AT-LARGE Fabian CORTIÑAS, MD – Argentina
United States
Phone: +44 20 7038 7812 MEMBER-AT-LARGE Montserrat FONTBONA, MD – Chile
Email: ISAPS@isaps.org
MEMBER-AT-LARGE Tim PAPADOPOULOS, MD – Australia
www.ISAPS.org
MEMBER-AT-LARGE Ivar VAN HEIJNINGEN, MD – Belgium
NATIONAL SECRETARIES CHAIR Bertha TORRES GOMEZ, MD – Mexico
MARKETING OFFICE
boeld communication EDUCATION COUNCIL CHAIR Ozan SOZER, MD – United States
Reitmorstraße 25, 80538 Munich, Germany
TRUSTEE & ETHICS COMMITTEE CHAIR Kai KAYE, MD, PHD – Spain
marketing@isaps.org
www.bb-mc.com PARLIAMENTARIAN Sanguan KUNAPORN, MD – Thailand
EDUCATION COUNCIL VICE-CHAIR Francisco BRAVO, MD – Spain
FOR PRESS INQUIRIES, PLEASE CONTACT: EXECUTIVE DIRECTOR Sarah JOHNSON – United Kingdom
media@isaps.org
design by www.bb-mc.com
photo credits by stock.adobe.com"
2022,E:\shared\行业报告\2022isaps-global-survey.pdf,https://www.isaps.org/media/a0qfm4h3/isaps-global-survey_2022.pdf,1,"ISAPS INTERNATIONAL SURVEY ON
AESTHETIC/COSMETIC
PROCEDURES
performed in
2 0 2 2
www.isaps.org"
2022,E:\shared\行业报告\2022isaps-global-survey.pdf,https://www.isaps.org/media/a0qfm4h3/isaps-global-survey_2022.pdf,2,"CONTENTS
About ISAPS .....................................................................................................page 3 Countries Performing the Most
About the International Survey on Popular Surgical Procedures .......................................................................page 33
Aesthetic/Cosmetic Procedures ................................................................page 4 Countries Performing the Most
Popular Non-Surgical Procedures..............................................................page 34
HIGHLIGHTS OF THE 2021 STATISTICS Surgical Totals Ranked by Category .............................................................page 35
2021 Statistics at a Glance ............................................................................pages 6-7 Non-Surgical Totals Ranked by Category ...................................................page 36
Countries Ranked by Total Number of Procedures ...............................page 37
NUMBER OF WORLDWIDE PROCEDURES Countries Ranked by Estimated
Number of Worldwide Surgical Procedures ...........................................page 9 Number of Plastic Surgeons ............................................................................page 38
Number of Worldwide Non-Surgical Procedures .................................page 10 Surgical Procedure Group Ranking by Country ......................................page 39
Surgical Procedures by Region of the Body............................................page 11 Non-Surgical Procedure Group Ranking by Country ............................page 40
Non-Surgical Procedures by Type of Procedure ...................................page 12
Overview of Procedures ...............................................................................page 13 PROCEDURES PERFORMED BY PLASTIC SURGEONS
Number of Worldwide Surgical Procedures
PROCEDURES BY COUNTRY Performed by Plastic Surgeons .......................................................................page 42
US .................................................................................................................................page 15 Number of Worldwide Non-Surgical Procedures
Brazil ...........................................................................................................................page 16 Performed by Plastic Surgeons .......................................................................page 43
Japan ..........................................................................................................................page 17 Percentage of Plastic Surgeons Performing
Mexico .......................................................................................................................page 18 Each Surgical Procedure ....................................................................................page 44
Turkey .........................................................................................................................page 19 Percentage of Plastic Surgeons Performing
Germany ...................................................................................................................page 20 Each Non-Surgical Procedure ........................................................................page 46
Argentina ..................................................................................................................page 21
Italy ..............................................................................................................................page 22 DEMOGRAPHICS
Colombia ..................................................................................................................page 23 Gender Distribution for Cosmetic Procedures – Surgical ...................page 48
India ............................................................................................................................page 24 Gender Distribution for Cosmetic Procedures – Non-Surgical .........page 49
Spain ...........................................................................................................................page 25 Patient Age Related to Cosmetic Procedure ............................................page 50
Greece .......................................................................................................................page 26 Cosmetic Procedures by Location ................................................................page 51
Iran...............................................................................................................................page 27 Medical Tourism ....................................................................................................page 52
Romania .....................................................................................................................page 28
United Kingdom .....................................................................................................page 29 ADDITIONAL AND RESIDENT STATISTICS
Thailand .....................................................................................................................page 30 Additional Statistics .............................................................................................page 54
Surgical Procedures by Country.....................................................................page 31 Resident Statistics ................................................................................................page 55
Non-Surgical Procedures by Country ..........................................................page 32"
2022,E:\shared\行业报告\2022isaps-global-survey.pdf,https://www.isaps.org/media/a0qfm4h3/isaps-global-survey_2022.pdf,3,"ABOUT ISAPS
Founded in 1970, the International Society of Aesthetic Plastic Surgery (ISAPS)
is the world’s leading professional body for board-certified aesthetic plastic
surgeons.
Regarded as the leading global authority on aesthetic and cosmetic surgery, ISAPS’
threefold mission is to offer Aesthetic Education Worldwide®, to provide accurate
information to the public, and to promote patient safety.
ISAPS membership includes the world’s best and most respected reconstructive and
aesthetic plastic surgeons in over 117 countries. Through its rigorous membership
requirements, ISAPS plastic surgeons are considered to be among the most qualified
surgeons in their respective countries. Furthermore, ISAPS has become the gold
standard for providing continuing aesthetic education to its members, providing
training, and sponsoring scientific meetings around the world.
A full list of ISAPS plastic surgeons can be found online at www.isaps.org.
2022
INTERNATIONAL
Please credit the International Society of Aesthetic Plastic Surgery when citing statistical data. Contact ISAPS: +44 20 7038 7812 | media@isaps.org | www.isaps.org 3
SURVEY"
2022,E:\shared\行业报告\2022isaps-global-survey.pdf,https://www.isaps.org/media/a0qfm4h3/isaps-global-survey_2022.pdf,4,"2023 ISAPS INTERNATIONAL SURVEY ON AESTHETIC/COSMETIC
PROCEDURES PERFORMED IN 2022
METHODOLOGY
Survey participants completed a questionnaire that primarily focused on the Aesthetic Neural Network (ANN) database. The ANN database includes detailed
number of specific surgical and non-surgical procedures performed in 2022, statistics on 200 U.S.-based practices. We appreciate their continued support of
along with some ancillary questions related to surgeon demographics and the this international research effort.
prevalence of medical tourism.
Studies such as this must often address outlying responses. Though the outlying
The International Society of Aesthetic Plastic Surgery (ISAPS) issued an invitation to values may be legitimate, their presence can distort the averages, which provide
participate in the study to approximately 25,000 contacts in its proprietary database. the basis of the estimated projections. Significant outliers in this survey were
In addition, a request was made that all National Societies encourage their members/ adjusted in order to protect the reasonableness of the extrapolated values.
constituents to take part in the survey. Data from a total of 1,103 plastic surgeons were Additional standard data editing procedures were followed to ensure responses
compiled for this survey. met survey guidelines. All reported data values have been analyzed for statistical
reasonableness.
Final figures have been projected to reflect international statistics and are
exclusively based on the estimated number of plastic surgeons actively practicing Country-specific data are only shown for those countries that provided
in each country and the respondent sample. This International Survey is focused a sufficient survey response for the figures to be considered valid. No
on physicians who are board certified (or national equivalent) plastic surgeons.1 adjustments other than standard data editing procedures were applied to
country-specific results. The International Survey on Aesthetic/Cosmetic
To aid in tallying the worldwide estimate of plastic surgeons, representatives from Procedures Performed in 2022 was compiled, tabulated, and analyzed by
National Societies provided recent counts for 96% of the 53,220 total estimated Industry Insights, Inc. (www.industryinsights.com), an independent research
plastic surgeons. For those cases in which the National Society did not provide firm based in Columbus, OH. The survey leader was Scott Hackworth, a CPA
its country’s total, a regression model was used to estimate the number of plastic and data scientist who along with his firm has conducted various forms of
surgeons in the country based on its population size and Gross Domestic Product. research on trends in aesthetic plastic surgery for more than 30 years.
The Aesthetic Society provided special assistance to this year’s study by
permitting the use of its national statistics, which were compiled from its
1 It is important to note that Japan’s figures were independently fielded and provided by Kotaro Yoshimura, M.D., Professor and Chair of the Department of Plastic Surgery, Jichi Medical University. Dr. Yoshimura expanded his sample
beyond plastic surgeons, which could impact comparability among Japan and other listed countries.
2022
INTERNATIONAL
Please credit the International Society of Aesthetic Plastic Surgery when citing statistical data. Contact ISAPS: +44 20 7038 7812 | media@isaps.org | www.isaps.org 4
SURVEY"
2022,E:\shared\行业报告\2022isaps-global-survey.pdf,https://www.isaps.org/media/a0qfm4h3/isaps-global-survey_2022.pdf,5,"HIGHLIGHTS
OF THE INTERNATIONAL SURVEY ON
AESTHETIC/COSMETIC PROCEDURES
PERFORMED IN 2022"
2022,E:\shared\行业报告\2022isaps-global-survey.pdf,https://www.isaps.org/media/a0qfm4h3/isaps-global-survey_2022.pdf,6,"2022 STATISTICS AT A GLANCE
Top 5 Top 5 Top 5
surgical procedures surgical procedures surgical procedures
worldwide for women for men
absolute numbers and changes compared to 2021
1. Liposuction 2,303,929 procedures +21.1% 1. Breast Augmentation 2,131,976 procedures 1. Liposuction 365,935 procedures
2. Breast Augmentation 2,174,616 procedures +29.0% 2. Liposuction 1,937,995 procedures 2. Eyelid Surgery 312,950 procedures
3. Eyelid Surgery 1,409,103 procedures -2.6% 3. Eyelid Surgery 1,096,152 procedures 3. Gynecomastia 305,340 procedures
4. Abdominoplasty 1,180,623 procedures +19.1% 4. Abdominoplasty 1,076,945 procedures 4. Rhinoplasty 239,971 procedures
5. Breast Lift 955,026 procedures +22.2% 5. Breast Lift 955,026 procedures 5. Fat Grafting – Face 126,493 procedures
Top 5 Top 5 Top 5
non-surgical procedures non-surgical procedures non-surgical procedures
worldwide for women for men
absolute numbers and changes compared to 2021
1. Botulinum Toxin 9,221,419 procedures +26.1% 1. Botulinum Toxin 7,850,924 procedures 1. Botulinum Toxin 1,370,495 procedures
2. Hyaluronic Acid 4,312,037 procedures -18.3% 2. Hyaluronic Acid 3,740,777 procedures 2. Hyaluronic Acid 571,260 procedures
3. Hair Removal 1,798,253 procedures -2.1% 3. Hair Removal 1,517,217 procedures 3. Hair Removal 281,036 procedures
4. Chemical Peel 844,616 procedures +57.9% 4. Chemical Peel 701,864 procedures 4. Chemical Peel 142,752 procedures
5. Non-Surgical Fat Reduction 778,716 procedures +6.5% 5. Non-Surgical Fat Reduction 642,067 procedures 5. Non-Surgical Fat Reduction 136,650 procedures
2022
INTERNATIONAL
Please credit the International Society of Aesthetic Plastic Surgery when citing statistical data. Contact ISAPS: +44 20 7038 7812 | media@isaps.org | www.isaps.org 6
SURVEY"
2022,E:\shared\行业报告\2022isaps-global-survey.pdf,https://www.isaps.org/media/a0qfm4h3/isaps-global-survey_2022.pdf,7,"2022 STATISTICS AT A GLANCE
total procedures performed
WORLDWIDE
14,986,982 18,857,311
most common COSMETIC surgical procedures non-surgical procedures
procedures by
AGE GROUP
United States is the country with the
US
most surgeons:
17 years or younger Botulinum Toxin 55,329 procedures 7,461 plastic surgeons
18–34 years old Botulinum Toxin 2,213,141 procedures
35–50 years old Botulinum Toxin 4,417,060 procedures United States is the country with the
most non-surgical procedures:
51–64 years old Botulinum Toxin 2,148,591 procedures
5,802,761 procedures
65 years or older Botulinum Toxin 387,300 procedures
Brazil is the country with the
BRAZIL most surgical procedures:
2,049,257 procedures
2022
INTERNATIONAL
Please credit the International Society of Aesthetic Plastic Surgery when citing statistical data. Contact ISAPS: +44 20 7038 7812 | media@isaps.org | www.isaps.org 7
SURVEY"
2022,E:\shared\行业报告\2022isaps-global-survey.pdf,https://www.isaps.org/media/a0qfm4h3/isaps-global-survey_2022.pdf,8,"NUMBER OF
WORLDWIDE
PROCEDURES
PERFORMED BY PLASTIC SURGEONS IN 2022"
2022,E:\shared\行业报告\2022isaps-global-survey.pdf,https://www.isaps.org/media/a0qfm4h3/isaps-global-survey_2022.pdf,9,"NUMBER OF WORLDWIDE SURGICAL PROCEDURES
PERFORMED BY PLASTIC SURGEONS
Percentage of Percentage Percentage
Total Procedures Total Procedures
Rank SURGICAL PROCEDURES Total Total Surgical Change Change
in 2021 in 2018
Procedures 2022 vs. 2021 2022 vs. 2018
1 Liposuction 2,303,929 15.4% 1,903,063 1,732,620 21.1% 33.0%
2 Breast Augmentation 2,174,616 14.5% 1,685,471 1,862,506 29.0% 16.8%
3 Eyelid Surgery 1,409,103 9.4% 1,446,890 1,099,960 -2.6% 28.1%
4 Abdominoplasty 1,180,623 7.9% 991,361 888,712 19.1% 32.8%
5 Breast Lift 955,026 6.4% 781,404 710,014 22.2% 34.5%
6 Rhinoplasty 944,468 6.3% 995,149 726,907 -5.1% 29.9%
7 Buttock Augmentation 820,762 5.5% 523,331 346,432 56.8% 136.9%
8 Lip Enhancement/Perioral Procedure 699,264 4.7% 717,596 N/A -2.6% N/A
9 Fat Grafting – Face 648,894 4.3% 589,494 542,305 10.1% 19.7%
10 Breast Reduction 632,860 4.2% 507,363 534,294 24.7% 18.4%
11 Face Lift 541,491 3.6% 477,705 398,798 13.4% 35.8%
12 Neck Lift 400,593 2.7% 290,844 225,578 37.7% 77.6%
13 Brow Lift 352,324 2.4% 290,107 220,055 21.4% 60.1%
14 Breast Implant Removal 320,765 2.1% 253,594 207,545 26.5% 54.6%
15 Gynecomastia 305,340 2.0% 282,997 269,720 7.9% 13.2%
16 Ear Surgery 303,906 2.0% 272,493 262,078 11.5% 16.0%
17 Upper Arm Lift 204,011 1.4% 140,158 138,922 45.6% 46.9%
18 Labiaplasty 194,086 1.3% 171,088 132,664 13.4% 46.3%
19 Facial Bone Contouring 138,115 0.9% 131,656 98,727 4.9% 39.9%
20 Lower Body Lift 123,123 0.8% 96,312 81,147 27.8% 51.7%
21 Thigh Lift 113,746 0.8% 113,206 84,508 0.5% 34.6%
22 Buttock Lift 95,174 0.6% 63,190 43,734 50.6% 117.6%
23 Vaginal Rejuvenation 70,645 0.5% 71,018 N/A -0.5% N/A
24 Upper Body Lift 54,120 0.4% 45,200 N/A 19.7% N/A
TOTAL SURGICAL PROCEDURES 14,986,982 12,840,688 10,607,227 16.7% 41.3%
2022
INTERNATIONAL
Please credit the International Society of Aesthetic Plastic Surgery when citing statistical data. Contact ISAPS: +44 20 7038 7812 | media@isaps.org | www.isaps.org 9
SURVEY"
2022,E:\shared\行业报告\2022isaps-global-survey.pdf,https://www.isaps.org/media/a0qfm4h3/isaps-global-survey_2022.pdf,10,"NUMBER OF WORLDWIDE NON-SURGICAL PROCEDURES
PERFORMED BY PLASTIC SURGEONS
Percentage of Percentage Percentage
Total Procedures Total Procedures
Rank NON-SURGICAL PROCEDURES Total Total Non-Surgical Change Change
in 2021 in 2018
Procedures 2022 vs. 2021 2022 vs. 2018
1 Botulinum Toxin 9,221,419 48.9% 7,312,616 6,097,516 26.1% 51.2%
2 Hyaluronic Acid 4,312,037 22.9% 5,279,344 3,729,833 -18.3% 15.6%
3 Hair Removal 1,798,253 9.5% 1,836,111 916,869 -2.1% 96.1%
4 Chemical Peel 844,616 4.5% 534,831 408,485 57.9% 106.8%
5 Non-Surgical Fat Reduction 778,716 4.1% 730,980 473,316 6.5% 64.5%
6 Non-Surgical Skin Tightening 734,257 3.9% 1,003,731 N/A -26.8% N/A
7 Cellulite Treatment 449,314 2.4% 379,224 N/A 18.5% N/A
8 Full Field Ablative 367,983 2.0% 231,955 192,880 58.6% 90.8%
9 Calcium Hydroxylapatite 350,716 1.9% 290,095 129,038 20.9% 171.8%
TOTAL NON-SURGICAL PROCEDURES 18,857,311 17,598,888 11,947,937 7.2% 57.8%
2022
INTERNATIONAL
Please credit the International Society of Aesthetic Plastic Surgery when citing statistical data. Contact ISAPS: +44 20 7038 7812 | media@isaps.org | www.isaps.org 10
SURVEY"
2022,E:\shared\行业报告\2022isaps-global-survey.pdf,https://www.isaps.org/media/a0qfm4h3/isaps-global-survey_2022.pdf,11,"NUMBER OF WORLDWIDE SURGICAL PROCEDURES
BY REGION OF THE BODY
Percentage Percentage
TOTAL SURGICAL PROCEDURES 2022 2021 2018 Change Change
2022 vs. 2021 2022 vs. 2018
Brow Lift 352,324 290,107 220,055 21.4% 60.1%
Ear Surgery 303,906 272,493 262,078 11.5% 16.0%
Eyelid Surgery 1,409,103 1,446,890 1,099,960 -2.6% 28.1%
Face Lift 541,491 477,705 398,798 13.4% 35.8%
Facial Bone Contouring 138,115 131,656 98,727 4.9% 39.9%
Fat Grafting – Face 648,894 589,494 542,305 10.1% 19.7%
Lip Enhancement/Perioral Procedure 699,264 717,596 N/A -2.6% N/A
Neck Lift 400,593 290,844 225,578 37.7% 77.6%
Rhinoplasty 944,468 995,149 726,907 -5.1% 29.9%
TOTAL FACE & HEAD PROCEDURES 5,438,157 5,211,933 3,574,408 4.3% 52.1%
Breast Augmentation 2,174,616 1,685,471 1,862,506 29.0% 16.8%
Breast Implant Removal 320,765 253,594 207,545 26.5% 54.6%
Breast Lift 955,026 781,404 710,014 22.2% 34.5%
Breast Reduction 632,860 507,363 534,294 24.7% 18.4%
Gynecomastia 305,340 282,997 269,720 7.9% 13.2%
TOTAL BREAST PROCEDURES 4,388,607 3,510,830 3,584,079 25.0% 22.4%
Abdominoplasty 1,180,623 991,361 888,712 19.1% 32.8%
Buttock Augmentation 820,762 523,331 346,432 56.8% 136.9%
Buttock Lift 95,174 63,190 43,734 50.6% 117.6%
Liposuction 2,303,929 1,903,063 1,732,620 21.1% 33.0%
Lower Body Lift 123,123 96,312 81,147 27.8% 51.7%
Thigh Lift 113,746 113,206 84,508 0.5% 34.6%
Upper Arm Lift 204,011 140,158 138,922 45.6% 46.9%
Upper Body Lift 54,120 45,200 N/A 19.7% N/A
Labiaplasty 194,086 171,088 132,664 13.4% 46.3%
Vaginal Rejuvenation 70,645 71,018 N/A -0.5% N/A
TOTAL BODY & EXTREMITIES PROCEDURES 5,160,218 4,117,926 3,448,740 25.3% 49.6%
TOTAL SURGICAL PROCEDURES 14,986,982 12,840,688 10,607,227 16.7% 41.3%
2022
INTERNATIONAL
Please credit the International Society of Aesthetic Plastic Surgery when citing statistical data. Contact ISAPS: +44 20 7038 7812 | media@isaps.org | www.isaps.org 11
SURVEY
FACE
&
HEAD
BREAST
BODY
&
EXTREMITIES"
2022,E:\shared\行业报告\2022isaps-global-survey.pdf,https://www.isaps.org/media/a0qfm4h3/isaps-global-survey_2022.pdf,12,"Percentage Percentage
TOTAL NON-SURGICAL PROCEDURES 2022 2021 2018 Change Change
2022 vs. 2021 2022 vs. 2018
Botulinum Toxin 9,221,419 7,312,616 6,097,516 26.1% 51.2%
Calcium Hydroxylapatite 350,716 290,095 129,038 20.9% 171.8%
Hyaluronic Acid 4,312,037 5,279,344 3,729,833 -18.3% 15.6%
TOTAL INJECTABLES PROCEDURES 13,884,172 12,882,055 9,956,387 7.8% 39.4%
Chemical Peel 844,616 534,831 408,485 57.9% 106.8%
Full Field Ablative 367,983 231,955 192,880 58.6% 90.8%
Non-Surgical Skin Tightening 734,257 1,003,731 N/A -26.8% N/A
TOTAL FACIAL REJUVENATION PROCEDURES 1,946,855 1,770,517 601,365 10.0% 223.7%
Cellulite Treatment 449,314 379,224 N/A 18.5% N/A
Hair Removal 1,798,253 1,836,111 916,869 -2.1% 96.1%
Non-Surgical Fat Reduction 778,716 730,980 473,316 6.5% 64.5%
TOTAL OTHER PROCEDURES 3,026,284 2,946,316 1,390,185 2.7% 117.7%
TOTAL NON-SURGICAL PROCEDURES 18,857,311 17,598,888 11,947,937 7.2% 57.8%
2022
INTERNATIONAL
Please credit the International Society of Aesthetic Plastic Surgery when citing statistical data. Contact ISAPS: +44 20 7038 7812 | media@isaps.org | www.isaps.org 12
SURVEY
REJUVENATION
INJECTABLES
OTHER
FACIAL
NUMBER OF WORLDWIDE NON-SURGICAL PROCEDURES
BY TYPE OF PROCEDURE
TOTAL PROCEDURES 33,844,293 30,439,576 23,266,375 11.2% 45.5%"
2022,E:\shared\行业报告\2022isaps-global-survey.pdf,https://www.isaps.org/media/a0qfm4h3/isaps-global-survey_2022.pdf,13,"OVERVIEW OF ALL PROCEDURES
TOTAL PROCEDURES IN 2022
INCREASED BY
11 . 2%
Compared to 2021 statistics
TOTAL SURGICAL TOTAL NON-SURGICAL
16.7% 7.2%
PROCEDURES PROCEDURES
16.7% 7.2%
INCREASED BY INCREASED BY
TOTAL TOTAL TOTAL TOTAL TOTAL FACIAL TOTAL
FACE & HEAD BREAST BODY & EXTREMITIES INJECTABLES REJUVENATION OTHER
procedures procedures procedures procedures procedures procedures
4.3% 25.0% 25.3% 7.8% 10.0% 2.7%
2022
INTERNATIONAL
Please credit the International Society of Aesthetic Plastic Surgery when citing statistical data. Contact ISAPS: +44 20 7038 7812 | media@isaps.org | www.isaps.org 13
SURVEY"
2022,E:\shared\行业报告\2022isaps-global-survey.pdf,https://www.isaps.org/media/a0qfm4h3/isaps-global-survey_2022.pdf,14,"PROCEDURES
BY COUNTRY"
2022,E:\shared\行业报告\2022isaps-global-survey.pdf,https://www.isaps.org/media/a0qfm4h3/isaps-global-survey_2022.pdf,15,"US
TOTAL NUMBER OF
PROCEDURES IN THE US
US
7,448,196
TOTAL SURGICAL PROCEDURES 1,645,435 TOTAL NON-SURGICAL PROCEDURES 5,802,761
FACE & HEAD BODY & EXTREMITIES INJECTABLES FACIAL REJUVENATION
Brow Lift 25,367 Abdominoplasty 207,262 Botulinum Toxin 3,945,282 Chemical Peel 371,228
Ear Surgery 26,972 Buttock Augmentation 42,528 Calcium Hydroxylapatite 90,519 Full Field Ablative 75,605
Eyelid Surgery 104,214 Buttock Lift 12,160 Hyaluronic Acid 521,169 Non-Surgical Skin Tightening 162,398
Face Lift 69,984 Liposuction 405,328 TOTAL INJECTABLES 4,556,970 TOTAL FACIAL REJUVENATION 609,231
Facial Bone Contouring 8,360 Lower Body Lift 10,445
OTHER MOST COMMON PROCEDURES
Fat Grafting – Face 22,458 Thigh Lift 12,671
Lip Enhancement/ Upper Arm Lift 22,781 Cellulite Treatment 33,575 TOTAL % OF
9,768 TOTAL
Perioral Procedure Upper Body Lift 7,511 Hair Removal 398,772
Botulinum Toxin 3,945,282 68.0%
Neck Lift 34,917 Labiaplasty 18,653 Non-Surgical Fat
204,214 Hyaluronic Acid 521,169 9.0%
Rhinoplasty 45,166 Reduction
Vaginal Rejuvenation 3,368
Hair Removal 398,772 6.9%
TOTAL FACE & HEAD 347,207 TOTAL BODY & EXTREMITIES 742,706 TOTAL OTHER 636,560 Chemical Peel 371,228 6.4%
Non-Surgical
204,214 3.5%
BREAST MOST COMMON PROCEDURES Fat Reduction
Breast Augmentation 255,200 TOTAL % OF
TOTAL
Breast Implant Removal 65,076
Liposuction 405,328 24.6%
Breast Lift 138,358
Breast Augmentation 255,200 15.5%
Breast Reduction 74,492
Abdominoplasty 207,262 12.6%
Gynecomastia 22,396
Breast Lift 138,358 8.4%
TOTAL BREAST 555,522 Eyelid Surgery 104,214 6.3%
2022
INTERNATIONAL
Please credit the International Society of Aesthetic Plastic Surgery when citing statistical data. Contact ISAPS: +44 20 7038 7812 | media@isaps.org | www.isaps.org 15
SURVEY"
2022,E:\shared\行业报告\2022isaps-global-survey.pdf,https://www.isaps.org/media/a0qfm4h3/isaps-global-survey_2022.pdf,16,"BRAZIL
TOTAL NUMBER OF
PROCEDURES IN BRAZIL
BRAZIL
3,020,552
TOTAL SURGICAL PROCEDURES 2,049,257 TOTAL NON-SURGICAL PROCEDURES 971,294
FACE & HEAD BODY & EXTREMITIES INJECTABLES FACIAL REJUVENATION
Brow Lift 54,324 Abdominoplasty 151,218 Botulinum Toxin 433,263 Chemical Peel 34,002
Ear Surgery 38,604 Buttock Augmentation 175,899 Calcium Hydroxylapatite 33,107 Full Field Ablative 28,487
Eyelid Surgery 201,396 Buttock Lift 14,409 Hyaluronic Acid 327,563 Non-Surgical Skin Tightening 39,556
Face Lift 105,447 Liposuction 275,191 TOTAL INJECTABLES 793,934 TOTAL FACIAL REJUVENATION 102,045
Facial Bone Contouring 15,078 Lower Body Lift 19,883
Fat Grafting – Face 96,890 Thigh Lift 11,166 OTHER MOST COMMON PROCEDURES
Lip Enhancement/ Upper Arm Lift 23,014
87,699 Cellulite Treatment 46,990 TOTAL % OF
Perioral Procedure Upper Body Lift 4,784 TOTAL
Hair Removal 10,080
Neck Lift 76,323 Botulinum Toxin 433,263 44.6%
Labiaplasty 37,170
Non-Surgical Fat Reduction 18,247
Rhinoplasty 109,230 Vaginal Rejuvenation 8,561 Hyaluronic Acid 327,563 33.7%
TOTAL OTHER 75,316 Cellulite Treatment 46,990 4.8%
TOTAL FACE & HEAD 784,992 TOTAL BODY & EXTREMITIES 721,296
Non-Surgical
39,556 4.1%
Skin Tightening
BREAST MOST COMMON PROCEDURES
Chemical Peel 34,002 3.5%
Breast Augmentation 243,923 TOTAL % OF
TOTAL
Breast Implant Removal 29,417
Liposuction 275,191 13.4%
Breast Lift 143,065
Breast Augmentation 243,923 11.9%
Breast Reduction 91,909
Eyelid Surgery 201,396 9.8%
Gynecomastia 34,657
Buttock Augmentation 175,899 8.6%
TOTAL BREAST 542,970 Abdominoplasty 151,218 7.4%
2022
INTERNATIONAL
Please credit the International Society of Aesthetic Plastic Surgery when citing statistical data. Contact ISAPS: +44 20 7038 7812 | media@isaps.org | www.isaps.org 16
SURVEY"
2022,E:\shared\行业报告\2022isaps-global-survey.pdf,https://www.isaps.org/media/a0qfm4h3/isaps-global-survey_2022.pdf,17,"JAPAN
TOTAL NUMBER OF
PROCEDURES IN JAPAN
JAPAN
2,459,326
TOTAL SURGICAL PROCEDURES 359,157 TOTAL NON-SURGICAL PROCEDURES 2,100,169
FACE & HEAD BODY & EXTREMITIES INJECTABLES FACIAL REJUVENATION
Brow Lift 1,456 Abdominoplasty 629 Botulinum Toxin 841,620 Chemical Peel 208,664
Ear Surgery 284 Buttock Augmentation 1,111 Calcium Hydroxylapatite 1,882 Full Field Ablative 3,868
Eyelid Surgery 176,384 Buttock Lift 2,211 Hyaluronic Acid 154,806 Non-Surgical Skin Tightening 176,250
Face Lift 74,819 Liposuction 29,359 TOTAL INJECTABLES 998,308 TOTAL FACIAL REJUVENATION 388,782
Facial Bone Contouring 3,017 Lower Body Lift 1,396
Fat Grafting – Face 28,950 Thigh Lift 266 OTHER MOST COMMON PROCEDURES
Lip Enhancement/ Upper Arm Lift 871
N/A Cellulite Treatment 1,796 TOTAL % OF
Perioral Procedure* Upper Body Lift 205 TOTAL
Hair Removal 595,232
Neck Lift 536 Botulinum Toxin 841,620 40.1%
Labiaplasty 4,745
Non-Surgical Fat Reduction 116,051
Rhinoplasty 17,016 Vaginal Rejuvenation 426 Hair Removal 595,232 28.3%
TOTAL OTHER 713,079 Chemical Peel 208,664 9.9%
TOTAL FACE & HEAD 302,462 TOTAL BODY & EXTREMITIES 41,219
Non-Surgical
176,250 8.4%
Skin Tightening
BREAST MOST COMMON PROCEDURES
Hyaluronic Acid 154,806 7.4%
Breast Augmentation 8,238 TOTAL % OF
TOTAL
Breast Implant Removal 2,790
Eyelid Surgery 176,384 49.1%
Breast Lift 260
Face Lift 74,819 20.8%
Breast Reduction 4,108
Liposuction 29,359 8.2%
Gynecomastia 80
Fat Grafting – Face 28,950 8.1%
TOTAL BREAST 15,476 Rhinoplasty 17,016 4.7%
* Item not captured for survey.
2022
INTERNATIONAL
Please credit the International Society of Aesthetic Plastic Surgery when citing statistical data. Contact ISAPS: +44 20 7038 7812 | media@isaps.org | www.isaps.org 17
SURVEY"
2022,E:\shared\行业报告\2022isaps-global-survey.pdf,https://www.isaps.org/media/a0qfm4h3/isaps-global-survey_2022.pdf,18,"MEXICO
TOTAL NUMBER OF
PROCEDURES IN MEXICO
MEXICO
1,693,325
TOTAL SURGICAL PROCEDURES 938,096 TOTAL NON-SURGICAL PROCEDURES 755,229
FACE & HEAD BODY & EXTREMITIES INJECTABLES FACIAL REJUVENATION
Brow Lift 25,377 Abdominoplasty 71,131 Botulinum Toxin 345,939 Chemical Peel 14,265
Ear Surgery 14,522 Buttock Augmentation 95,521 Calcium Hydroxylapatite 20,624 Full Field Ablative 12,569
Eyelid Surgery 81,419 Buttock Lift 9,511 Hyaluronic Acid 197,441 Non-Surgical Skin Tightening 45,976
Face Lift 30,043 Liposuction 136,218 TOTAL INJECTABLES 564,004 TOTAL FACIAL REJUVENATION 72,810
Facial Bone Contouring 15,703 Lower Body Lift 10,633
Fat Grafting – Face 49,579 Thigh Lift 7,610 OTHER MOST COMMON PROCEDURES
Lip Enhancement/ Upper Arm Lift 14,792
52,328 Cellulite Treatment 35,861 TOTAL % OF
Perioral Procedure Upper Body Lift 4,601 TOTAL
Hair Removal 43,715
Neck Lift 32,511 Botulinum Toxin 345,939 45.8%
Labiaplasty 6,335
Non-Surgical Fat Reduction 38,839
Rhinoplasty 64,285 Vaginal Rejuvenation 4,933 Hyaluronic Acid 197,441 26.1%
TOTAL OTHER 118,415 Non-Surgical
TOTAL FACE & HEAD 365,768 TOTAL BODY & EXTREMITIES 361,285 45,976 6.1%
Skin Tightening
Hair Removal 43,715 5.8%
BREAST MOST COMMON PROCEDURES
Non-Surgical
38,839 5.1%
Breast Augmentation 103,524 TOTAL % OF Fat Reduction
TOTAL
Breast Implant Removal 17,592
Liposuction 136,218 14.5%
Breast Lift 49,159
Breast Augmentation 103,524 11.0%
Breast Reduction 26,272
Buttock
95,521 10.2%
Gynecomastia 14,496 Augmentation
TOTAL BREAST 211,043 Eyelid Surgery 81,419 8.7%
Abdominoplasty 71,131 7.6%
2022
INTERNATIONAL
Please credit the International Society of Aesthetic Plastic Surgery when citing statistical data. Contact ISAPS: +44 20 7038 7812 | media@isaps.org | www.isaps.org 18
SURVEY"
2022,E:\shared\行业报告\2022isaps-global-survey.pdf,https://www.isaps.org/media/a0qfm4h3/isaps-global-survey_2022.pdf,19,"TURKEY
TOTAL NUMBER OF
PROCEDURES IN TURKEY
TURKEY
1,097,054
TOTAL SURGICAL PROCEDURES 470,875 TOTAL NON-SURGICAL PROCEDURES 626,179
FACE & HEAD BODY & EXTREMITIES INJECTABLES FACIAL REJUVENATION
Brow Lift 16,110 Abdominoplasty 28,199 Botulinum Toxin 260,206 Chemical Peel 4,684
Ear Surgery 7,740 Buttock Augmentation 18,611 Calcium Hydroxylapatite 6,201 Full Field Ablative 12,546
Eyelid Surgery 42,630 Buttock Lift 2,721 Hyaluronic Acid 227,321 Non-Surgical Skin Tightening 37,934
Face Lift 10,777 Liposuction 64,613 TOTAL INJECTABLES 493,729 TOTAL FACIAL REJUVENATION 55,164
Facial Bone Contouring 6,055 Lower Body Lift 4,306
Fat Grafting – Face 30,762 Thigh Lift 5,507 OTHER MOST COMMON PROCEDURES
Lip Enhancement/ Upper Arm Lift 6,951
28,211 Cellulite Treatment 7,515 TOTAL % OF
Perioral Procedure Upper Body Lift 2,917 TOTAL
Hair Removal 57,982
Neck Lift 7,995 Botulinum Toxin 260,206 41.6%
Labiaplasty 5,223
Non-Surgical Fat Reduction 11,789
Rhinoplasty 56,650 Vaginal Rejuvenation 2,493 Hyaluronic Acid 227,321 36.3%
TOTAL OTHER 77,286 Hair Removal 57,982 9.3%
TOTAL FACE & HEAD 206,930 TOTAL BODY & EXTREMITIES 141,540
Non-Surgical
37,934 6.1%
Skin Tightening
BREAST MOST COMMON PROCEDURES
Full Field Ablative 12,546 2.0%
Breast Augmentation 55,254 TOTAL % OF
TOTAL
Breast Implant Removal 5,778
Liposuction 64,613 13.7%
Breast Lift 28,917
Rhinoplasty 56,650 12.0%
Breast Reduction 22,569
Breast Augmentation 55,254 11.7%
Gynecomastia 9,887
Eyelid Surgery 42,630 9.1%
TOTAL BREAST 122,405 Fat Grafting – Face 30,762 6.5%
2022
INTERNATIONAL
Please credit the International Society of Aesthetic Plastic Surgery when citing statistical data. Contact ISAPS: +44 20 7038 7812 | media@isaps.org | www.isaps.org 19
SURVEY"
2022,E:\shared\行业报告\2022isaps-global-survey.pdf,https://www.isaps.org/media/a0qfm4h3/isaps-global-survey_2022.pdf,20,"GERMANY
TOTAL NUMBER OF
PROCEDURES IN GERMANY
GERMANY
1,032,791
TOTAL SURGICAL PROCEDURES 461,130 TOTAL NON-SURGICAL PROCEDURES 571,661
FACE & HEAD BODY & EXTREMITIES INJECTABLES FACIAL REJUVENATION
Brow Lift 10,186 Abdominoplasty 33,001 Botulinum Toxin 293,736 Chemical Peel 2,924
Ear Surgery 7,621 Buttock Augmentation 2,945 Calcium Hydroxylapatite 6,583 Full Field Ablative 18,144
Eyelid Surgery 59,796 Buttock Lift 2,290 Hyaluronic Acid 196,466 Non-Surgical Skin Tightening 22,102
Face Lift 16,657 Liposuction 80,172 TOTAL INJECTABLES 496,785 TOTAL FACIAL REJUVENATION 43,171
Facial Bone Contouring 1,809 Lower Body Lift 2,853
Fat Grafting – Face 20,832 Thigh Lift 5,132 OTHER MOST COMMON PROCEDURES
Lip Enhancement/ Upper Arm Lift 7,052
24,445 Cellulite Treatment 948 TOTAL % OF
Perioral Procedure Upper Body Lift 1,801 TOTAL
Hair Removal 3,769
Neck Lift 9,657 Botulinum Toxin 293,736 51.4%
Labiaplasty 10,528
Non-Surgical Fat Reduction 26,989
Rhinoplasty 8,001 Vaginal Rejuvenation 2,286 Hyaluronic Acid 196,466 34.4%
TOTAL OTHER 31,706 Non-Surgical
TOTAL FACE & HEAD 159,003 TOTAL BODY & EXTREMITIES 148,060 26,989 4.7%
Fat Reduction
Non-Surgical
22,102 3.9%
BREAST MOST COMMON PROCEDURES Skin Tightening
Breast Augmentation 76,658 TOTAL % OF Full Field Ablative 18,144 3.2%
TOTAL
Breast Implant Removal 9,495
Liposuction 80,172 17.4%
Breast Lift 31,948
Breast Augmentation 76,658 16.6%
Breast Reduction 24,168
Eyelid Surgery 59,796 13.0%
Gynecomastia 11,798
Abdominoplasty 33,001 7.2%
TOTAL BREAST 154,066 Breast Lift 31,948 6.9%
2022
INTERNATIONAL
Please credit the International Society of Aesthetic Plastic Surgery when citing statistical data. Contact ISAPS: +44 20 7038 7812 | media@isaps.org | www.isaps.org 20
SURVEY"
2022,E:\shared\行业报告\2022isaps-global-survey.pdf,https://www.isaps.org/media/a0qfm4h3/isaps-global-survey_2022.pdf,21,"ARGENTINA
TOTAL NUMBER OF
PROCEDURES IN ARGENTINA
ARGENTINA
1,016,517
TOTAL SURGICAL PROCEDURES 461,589 TOTAL NON-SURGICAL PROCEDURES 554,929
FACE & HEAD BODY & EXTREMITIES INJECTABLES FACIAL REJUVENATION
Brow Lift 9,509 Abdominoplasty 35,247 Botulinum Toxin 167,367 Chemical Peel 10,035
Ear Surgery 11,729 Buttock Augmentation 17,900 Calcium Hydroxylapatite 8,995 Full Field Ablative 9,246
Eyelid Surgery 44,831 Buttock Lift 1,931 Hyaluronic Acid 178,226 Non-Surgical Skin Tightening 14,756
Face Lift 15,386 Liposuction 49,015 TOTAL INJECTABLES 354,588 TOTAL FACIAL REJUVENATION 34,037
Facial Bone Contouring 2,890 Lower Body Lift 2,094
Fat Grafting – Face 14,540 Thigh Lift 2,481 OTHER MOST COMMON PROCEDURES
Lip Enhancement/ Upper Arm Lift 6,311
44,073 Cellulite Treatment 43,560 TOTAL % OF
Perioral Procedure Upper Body Lift 1,412 TOTAL
Hair Removal 74,566
Neck Lift 11,188 Hyaluronic Acid 178,226 32.1%
Labiaplasty 4,116
Non-Surgical Fat Reduction 48,178
Rhinoplasty 42,838 Vaginal Rejuvenation 1,191 Botulinum Toxin 167,367 30.2%
TOTAL OTHER 166,304 Hair Removal 74,566 13.4%
TOTAL FACE & HEAD 196,983 TOTAL BODY & EXTREMITIES 121,697
Non-Surgical
48,178 8.7%
Fat Reduction
BREAST MOST COMMON PROCEDURES
Cellulite Treatment 43,560 7.8%
Breast Augmentation 77,710 TOTAL % OF
TOTAL
Breast Implant Removal 10,408
Breast Augmentation 77,710 16.8%
Breast Lift 26,228
Liposuction 49,015 10.6%
Breast Reduction 20,671
Eyelid Surgery 44,831 9.7%
Gynecomastia 7,891
Lip Enhancement/
44,073 9.5%
TOTAL BREAST 142,908 Perioral Procedure
Rhinoplasty 42,838 9.3%
2022
INTERNATIONAL
Please credit the International Society of Aesthetic Plastic Surgery when citing statistical data. Contact ISAPS: +44 20 7038 7812 | media@isaps.org | www.isaps.org 21
SURVEY"
2022,E:\shared\行业报告\2022isaps-global-survey.pdf,https://www.isaps.org/media/a0qfm4h3/isaps-global-survey_2022.pdf,22,"ITALY
TOTAL NUMBER OF
PROCEDURES IN ITALY
ITALY
747,391
TOTAL SURGICAL PROCEDURES 262,556 TOTAL NON-SURGICAL PROCEDURES 484,834
FACE & HEAD BODY & EXTREMITIES INJECTABLES FACIAL REJUVENATION
Brow Lift 5,064 Abdominoplasty 17,653 Botulinum Toxin 161,254 Chemical Peel 21,516
Ear Surgery 7,121 Buttock Augmentation 5,099 Calcium Hydroxylapatite 12,830 Full Field Ablative 8,423
Eyelid Surgery 33,519 Buttock Lift 817 Hyaluronic Acid 212,671 Non-Surgical Skin Tightening 16,465
Face Lift 6,934 Liposuction 25,719 TOTAL INJECTABLES 386,754 TOTAL FACIAL REJUVENATION 46,403
Facial Bone Contouring 1,938 Lower Body Lift 1,890
Fat Grafting-face 11,612 Thigh Lift 3,163 OTHER MOST COMMON PROCEDURES
Lip Enhancement/ Upper Arm Lift 5,089
21,087 Cellulite Treatment 17,771 TOTAL % OF
Perioral Procedure Upper Body Lift 706 TOTAL
Hair Removal 20,835
Neck Lift 5,491 Hyaluronic Acid 212,671 43.9%
Labiaplasty 3,247
Non-Surgical Fat Reduction 13,071
Rhinoplasty 20,722 Vaginal Rejuvenation 721 Botulinum Toxin 161,254 33.3%
TOTAL OTHER 51,677 Chemical Peel 21,516 4.4%
TOTAL FACE & HEAD 113,488 TOTAL BODY & EXTREMITIES 64,104
Hair Removal 20,835 4.3%
Cellulite Treatment 17,771 3.7%
BREAST MOST COMMON PROCEDURES
Breast Augmentation 42,058 TOTAL % OF
TOTAL
Breast Implant Removal 6,409
Breast Augmentation 42,058 16.0%
Breast Lift 19,760
Eyelid Surgery 33,519 12.8%
Breast Reduction 11,683
Liposuction 25,719 9.8%
Gynecomastia 5,054
Lip Enhancement/
21,087 8.0%
TOTAL BREAST 84,964 Perioral Procedure
Rhinoplasty 20,722 7.9%
2022
INTERNATIONAL
Please credit the International Society of Aesthetic Plastic Surgery when citing statistical data. Contact ISAPS: +44 20 7038 7812 | media@isaps.org | www.isaps.org 22
SURVEY"
2022,E:\shared\行业报告\2022isaps-global-survey.pdf,https://www.isaps.org/media/a0qfm4h3/isaps-global-survey_2022.pdf,23,"COLOMBIA
TOTAL NUMBER OF
PROCEDURES IN COLOMBIA
COLOMBIA
732,783
TOTAL SURGICAL PROCEDURES 466,453 TOTAL NON-SURGICAL PROCEDURES 266,330
FACE & HEAD BODY & EXTREMITIES INJECTABLES FACIAL REJUVENATION
Brow Lift 7,893 Abdominoplasty 41,087 Botulinum Toxin 96,368 Chemical Peel 5,556
Ear Surgery 7,734 Buttock Augmentation 55,667 Calcium Hydroxylapatite 8,797 Full Field Ablative 6,534
Eyelid Surgery 29,206 Buttock Lift 3,875 Hyaluronic Acid 71,734 Non-Surgical Skin Tightening 19,162
Face Lift 9,427 Liposuction 79,708 TOTAL INJECTABLES 176,899 TOTAL FACIAL REJUVENATION 31,252
Facial Bone Contouring 3,362 Lower Body Lift 3,518
Fat Grafting – Face 17,295 Thigh Lift 3,202 OTHER MOST COMMON PROCEDURES
Lip Enhancement/ Upper Arm Lift 5,186
16,212 Cellulite Treatment 14,323 TOTAL % OF
Perioral Procedure Upper Body Lift 1,753 TOTAL
Hair Removal 10,411
Neck Lift 8,264 Botulinum Toxin 96,368 36.2%
Labiaplasty 4,673
Non-Surgical Fat Reduction 33,445
Rhinoplasty 29,240 Vaginal Rejuvenation 2,753 Hyaluronic Acid 71,734 26.9%
TOTAL OTHER 58,179 Non-Surgical
TOTAL FACE & HEAD 128,633 TOTAL BODY & EXTREMITIES 201,421 33,445 12.6%
Fat Reduction
Non-Surgical
19,162 7.2%
BREAST MOST COMMON PROCEDURES Skin Tightening
Breast Augmentation 63,204 TOTAL % OF Cellulite Treatment 14,323 5.4%
TOTAL
Breast Implant Removal 13,606
Liposuction 79,708 17.1%
Breast Lift 33,028
Breast Augmentation 63,204 13.5%
Breast Reduction 19,034
Buttock
55,667 11.9%
Gynecomastia 7,529 Augmentation
TOTAL BREAST 136,399 Abdominoplasty 41,087 8.8%
Breast Lift 33,028 7.1%
2022
INTERNATIONAL
Please credit the International Society of Aesthetic Plastic Surgery when citing statistical data. Contact ISAPS: +44 20 7038 7812 | media@isaps.org | www.isaps.org 23
SURVEY"
2022,E:\shared\行业报告\2022isaps-global-survey.pdf,https://www.isaps.org/media/a0qfm4h3/isaps-global-survey_2022.pdf,24,"INDIA
TOTAL NUMBER OF
PROCEDURES IN INDIA
INDIA
711,922
TOTAL SURGICAL PROCEDURES 387,767 TOTAL NON-SURGICAL PROCEDURES 324,155
FACE & HEAD BODY & EXTREMITIES INJECTABLES FACIAL REJUVENATION
Brow Lift 6,927 Abdominoplasty 22,609 Botulinum Toxin 60,129 Chemical Peel 41,142
Ear Surgery 21,291 Buttock Augmentation 4,363 Calcium Hydroxylapatite 1,539 Full Field Ablative 17,220
Eyelid Surgery 30,067 Buttock Lift 1,190 Hyaluronic Acid 50,365 Non-Surgical Skin Tightening 28,521
Face Lift 5,737 Liposuction 82,630 TOTAL INJECTABLES 112,033 TOTAL FACIAL REJUVENATION 86,884
Facial Bone Contouring 7,230 Lower Body Lift 5,285
Fat Grafting – Face 25,919 Thigh Lift 2,101 OTHER MOST COMMON PROCEDURES
Lip Enhancement/ Upper Arm Lift 6,849
15,426 Cellulite Treatment 2,578 TOTAL % OF
Perioral Procedure Upper Body Lift 1,893 TOTAL
Hair Removal 98,008
Neck Lift 5,177 Hair Removal 98,008 30.2%
Labiaplasty 6,444
Non-Surgical Fat Reduction 24,653
Rhinoplasty 40,747 Vaginal Rejuvenation 6,729 Botulinum Toxin 60,129 18.5%
TOTAL OTHER 125,238 Hyaluronic Acid 50,365 15.5%
TOTAL FACE & HEAD 158,521 TOTAL BODY & EXTREMITIES 140,093
Chemical Peel 41,142 12.7%
Non-Surgical
BREAST MOST COMMON PROCEDURES 28,521 8.8%
Skin Tightening
Breast Augmentation 29,986 TOTAL % OF
TOTAL
Breast Implant Removal 2,269
Liposuction 82,630 21.3%
Breast Lift 7,865
Rhinoplasty 40,747 10.5%
Breast Reduction 15,412
Gynecomastia 33,621 8.7%
Gynecomastia 33,621
Eyelid Surgery 30,067 7.8%
TOTAL BREAST 89,153 Breast Augmentation 29,986 7.7%
2022
INTERNATIONAL
Please credit the International Society of Aesthetic Plastic Surgery when citing statistical data. Contact ISAPS: +44 20 7038 7812 | media@isaps.org | www.isaps.org 24
SURVEY"
2022,E:\shared\行业报告\2022isaps-global-survey.pdf,https://www.isaps.org/media/a0qfm4h3/isaps-global-survey_2022.pdf,25,"SPAIN
TOTAL NUMBER OF
PROCEDURES IN SPAIN
SPAIN
431,315
TOTAL SURGICAL PROCEDURES 220,960 TOTAL NON-SURGICAL PROCEDURES 210,355
FACE & HEAD BODY & EXTREMITIES INJECTABLES FACIAL REJUVENATION
Brow Lift 4,957 Abdominoplasty 9,201 Botulinum Toxin 74,826 Chemical Peel 8,227
Ear Surgery 6,690 Buttock Augmentation 3,491 Calcium Hydroxylapatite 4,612 Full Field Ablative 5,476
Eyelid Surgery 28,388 Buttock Lift 560 Hyaluronic Acid 75,823 Non-Surgical Skin Tightening 6,862
Face Lift 5,393 Liposuction 20,426 TOTAL INJECTABLES 155,261 TOTAL FACIAL REJUVENATION 20,565
Facial Bone Contouring 2,159 Lower Body Lift 935
Fat Grafting – Face 11,344 Thigh Lift 1,759 OTHER MOST COMMON PROCEDURES
Lip Enhancement/ Upper Arm Lift 1,778
18,275 Cellulite Treatment 16,277 TOTAL % OF
Perioral Procedure Upper Body Lift 95 TOTAL
Hair Removal 11,731
Neck Lift 5,460 Hyaluronic Acid 75,823 36.0%
Labiaplasty 4,130
Non-Surgical Fat Reduction 6,521
Rhinoplasty 13,848 Vaginal Rejuvenation 662 Botulinum Toxin 74,826 35.6%
TOTAL OTHER 34,529 Cellulite Treatment 16,277 7.7%
TOTAL FACE & HEAD 96,515 TOTAL BODY & EXTREMITIES 43,037
Hair Removal 11,731 5.6%
Chemical Peel 8,227 3.9%
BREAST MOST COMMON PROCEDURES
Breast Augmentation 39,519 TOTAL % OF
TOTAL
Breast Implant Removal 8,432
Breast Augmentation 39,519 17.9%
Breast Lift 18,480
Eyelid Surgery 28,388 12.8%
Breast Reduction 10,512
Liposuction 20,426 9.2%
Gynecomastia 4,464
Breast Lift 18,480 8.4%
TOTAL BREAST 81,407 Lip Enhancement/
18,275 8.3%
Perioral Procedure
2022
INTERNATIONAL
Please credit the International Society of Aesthetic Plastic Surgery when citing statistical data. Contact ISAPS: +44 20 7038 7812 | media@isaps.org | www.isaps.org 25
SURVEY"
2022,E:\shared\行业报告\2022isaps-global-survey.pdf,https://www.isaps.org/media/a0qfm4h3/isaps-global-survey_2022.pdf,26,"GREECE
TOTAL NUMBER OF
PROCEDURES IN GREECE
GREECE
426,323
TOTAL SURGICAL PROCEDURES 102,437 TOTAL NON-SURGICAL PROCEDURES 323,886
FACE & HEAD BODY & EXTREMITIES INJECTABLES FACIAL REJUVENATION
Brow Lift 2,477 Abdominoplasty 4,935 Botulinum Toxin 104,368 Chemical Peel 8,887
Ear Surgery 3,486 Buttock Augmentation 3,888 Calcium Hydroxylapatite 2,405 Full Field Ablative 9,823
Eyelid Surgery 14,501 Buttock Lift 407 Hyaluronic Acid 107,493 Non-Surgical Skin Tightening 9,294
Face Lift 4,084 Liposuction 14,822 TOTAL INJECTABLES 214,265 TOTAL FACIAL REJUVENATION 28,005
Facial Bone Contouring 476 Lower Body Lift 428
Fat Grafting – Face 7,547 Thigh Lift 843 OTHER MOST COMMON PROCEDURES
Lip Enhancement/ Upper Arm Lift 1,548
9,258 Cellulite Treatment 13,592 TOTAL % OF
Perioral Procedure Upper Body Lift 212 TOTAL
Hair Removal 56,773
Neck Lift 2,926 Hyaluronic Acid 107,493 33.2%
Labiaplasty 1,463
Non-Surgical Fat Reduction 11,251
Rhinoplasty 4,778 Vaginal Rejuvenation 1,002 Botulinum Toxin 104,368 32.2%
TOTAL OTHER 81,616 Hair Removal 56,773 17.5%
TOTAL FACE & HEAD 49,532 TOTAL BODY & EXTREMITIES 29,548
Cellulite Treatment 13,592 4.2%
Non-Surgical
BREAST MOST COMMON PROCEDURES 11,251 3.5%
Fat Reduction
Breast Augmentation 11,386 TOTAL % OF
TOTAL
Breast Implant Removal 1,619
Liposuction 14,822 14.5%
Breast Lift 4,406
Eyelid Surgery 14,501 14.2%
Breast Reduction 3,673
Breast Augmentation 11,386 11.1%
Gynecomastia 2,272
Lip Enhancement/
9,258 9.0%
TOTAL BREAST 23,357 Perioral Procedure
Fat Grafting – Face 7,547 7.4%
2022
INTERNATIONAL
Please credit the International Society of Aesthetic Plastic Surgery when citing statistical data. Contact ISAPS: +44 20 7038 7812 | media@isaps.org | www.isaps.org 26
SURVEY"
2022,E:\shared\行业报告\2022isaps-global-survey.pdf,https://www.isaps.org/media/a0qfm4h3/isaps-global-survey_2022.pdf,27,"IRAN (ISLAMIC REPUBLIC OF)
TOTAL NUMBER OF
PROCEDURES IN IRAN
IRAN
321,094
TOTAL SURGICAL PROCEDURES 182,814 TOTAL NON-SURGICAL PROCEDURES 138,280
FACE & HEAD BODY & EXTREMITIES INJECTABLES FACIAL REJUVENATION
Brow Lift 7,072 Abdominoplasty 16,199 Botulinum Toxin 85,157 Chemical Peel 39
Ear Surgery 2,844 Buttock Augmentation 10,978 Calcium Hydroxylapatite 0 Full Field Ablative 2,462
Eyelid Surgery 20,882 Buttock Lift 579 Hyaluronic Acid 41,274 Non-Surgical Skin Tightening 1,424
Face Lift 5,678 Liposuction 21,853 TOTAL INJECTABLES 126,431 TOTAL FACIAL REJUVENATION 3,925
Facial Bone Contouring 1,992 Lower Body Lift 1,274
Fat Grafting – Face 12,708 Thigh Lift 1,287 OTHER MOST COMMON PROCEDURES
Lip Enhancement/ Upper Arm Lift 3,269
7,470 Cellulite Treatment 982 TOTAL % OF
Perioral Procedure Upper Body Lift 553 TOTAL
Hair Removal 5,577
Neck Lift 5,073 Botulinum Toxin 85,157 61.6%
Labiaplasty 1,197
Non-Surgical Fat Reduction 1,364
Rhinoplasty 23,720 Vaginal Rejuvenation 326 Hyaluronic Acid 41,274 29.8%
TOTAL OTHER 7,924 Hair Removal 5,577 4.0%
TOTAL FACE & HEAD 87,439 TOTAL BODY & EXTREMITIES 57,516
Full Field Ablative 2,462 1.8%
Non-Surgical
BREAST MOST COMMON PROCEDURES 1,424 1.0%
Skin Tightening
Breast Augmentation 15,049 TOTAL % OF
TOTAL
Breast Implant Removal 794
Rhinoplasty 23,720 13.0%
Breast Lift 7,846
Liposuction 21,853 12.0%
Breast Reduction 9,361
Eyelid Surgery 20,882 11.4%
Gynecomastia 4,809
Abdominoplasty 16,199 8.9%
TOTAL BREAST 37,859 Breast Augmentation 15,049 8.2%
2022
INTERNATIONAL
Please credit the International Society of Aesthetic Plastic Surgery when citing statistical data. Contact ISAPS: +44 20 7038 7812 | media@isaps.org | www.isaps.org 27
SURVEY"
2022,E:\shared\行业报告\2022isaps-global-survey.pdf,https://www.isaps.org/media/a0qfm4h3/isaps-global-survey_2022.pdf,28,"ROMANIA
TOTAL NUMBER OF
PROCEDURES IN ROMANIA
ROMANIA
235,604
TOTAL SURGICAL PROCEDURES 93,558 TOTAL NON-SURGICAL PROCEDURES 142,046
FACE & HEAD BODY & EXTREMITIES INJECTABLES FACIAL REJUVENATION
Brow Lift 1,952 Abdominoplasty 4,436 Botulinum Toxin 65,935 Chemical Peel 4,313
Ear Surgery 1,944 Buttock Augmentation 1,966 Calcium Hydroxylapatite 3,373 Full Field Ablative 2,218
Eyelid Surgery 9,933 Buttock Lift 722 Hyaluronic Acid 50,568 Non-Surgical Skin Tightening 4,166
Face Lift 2,409 Liposuction 6,540 TOTAL INJECTABLES 119,876 TOTAL FACIAL REJUVENATION 10,698
Facial Bone Contouring 1,508 Lower Body Lift 602
Fat Grafting – Face 6,039 Thigh Lift 640 OTHER MOST COMMON PROCEDURES
Lip Enhancement/ Upper Arm Lift 818
11,250 Cellulite Treatment 2,543 TOTAL % OF
Perioral Procedure Upper Body Lift 214 TOTAL
Hair Removal 6,175
Neck Lift 2,184 Botulinum Toxin 65,935 46.4%
Labiaplasty 1,485
Non-Surgical Fat Reduction 2,753
Rhinoplasty 9,285 Vaginal Rejuvenation 480 Hyaluronic Acid 50,568 35.6%
TOTAL OTHER 11,472 Hair Removal 6,175 4.3%
TOTAL FACE & HEAD 46,504 TOTAL BODY & EXTREMITIES 17,903
Chemical Peel 4,313 3.0%
Non-Surgical
BREAST MOST COMMON PROCEDURES 4,166 2.9%
Skin Tightening
Breast Augmentation 16,957 TOTAL % OF
TOTAL
Breast Implant Removal 1,058
Breast Augmentation 16,957 18.1%
Breast Lift 6,169
Lip Enhancement/
11,250 12.0%
Breast Reduction 3,397 Perioral Procedure
Gynecomastia 1,571 Eyelid Surgery 9,933 10.6%
TOTAL BREAST 29,151 Rhinoplasty 9,285 9.9%
Liposuction 6,540 7.0%
2022
INTERNATIONAL
Please credit the International Society of Aesthetic Plastic Surgery when citing statistical data. Contact ISAPS: +44 20 7038 7812 | media@isaps.org | www.isaps.org 28
SURVEY"
2022,E:\shared\行业报告\2022isaps-global-survey.pdf,https://www.isaps.org/media/a0qfm4h3/isaps-global-survey_2022.pdf,29,"UNITED KINGDOM
UNITED TOTAL NUMBER OF
PROCEDURES IN UK
KINGDOM
208,296
TOTAL SURGICAL PROCEDURES 130,372 TOTAL NON-SURGICAL PROCEDURES 77,924
FACE & HEAD BODY & EXTREMITIES INJECTABLES FACIAL REJUVENATION
Brow Lift 2,155 Abdominoplasty 10,942 Botulinum Toxin 35,232 Chemical Peel 1,571
Ear Surgery 2,739 Buttock Augmentation 4,082 Calcium Hydroxylapatite 1,546 Full Field Ablative 1,136
Eyelid Surgery 10,868 Buttock Lift 386 Hyaluronic Acid 27,015 Non-Surgical Skin Tightening 3,167
Face Lift 3,879 Liposuction 18,922 TOTAL INJECTABLES 63,792 TOTAL FACIAL REJUVENATION 5,874
Facial Bone Contouring 1,006 Lower Body Lift 1,044
Fat Grafting – Face 3,875 Thigh Lift 1,601 OTHER MOST COMMON PROCEDURES
Lip Enhancement/ Upper Arm Lift 2,200
6,453 Cellulite Treatment 1,679 TOTAL % OF
Perioral Procedure Upper Body Lift 389 TOTAL
Hair Removal 4,436
Neck Lift 2,845 Botulinum Toxin 35,232 45.2%
Labiaplasty 2,317
Non-Surgical Fat Reduction 2,142
Rhinoplasty 7,513 Vaginal Rejuvenation 293 Hyaluronic Acid 27,015 34.7%
TOTAL OTHER 8,258 Hair Removal 4,436 5.7%
TOTAL FACE & HEAD 41,333 TOTAL BODY & EXTREMITIES 42,177
Non-Surgical
3,167 4.1%
Skin Tightening
BREAST MOST COMMON PROCEDURES
Non-Surgical
2,142 2.7%
Breast Augmentation 20,991 TOTAL % OF Fat Reduction
TOTAL
Breast Implant Removal 4,193
Breast Augmentation 20,991 16.1%
Breast Lift 10,450
Liposuction 18,922 14.5%
Breast Reduction 8,645
Abdominoplasty 10,942 8.4%
Gynecomastia 2,583
Eyelid Surgery 10,868 8.3%
TOTAL BREAST 46,863 Breast Lift 10,450 8.0%
2022
INTERNATIONAL
Please credit the International Society of Aesthetic Plastic Surgery when citing statistical data. Contact ISAPS: +44 20 7038 7812 | media@isaps.org | www.isaps.org 29
SURVEY"
2022,E:\shared\行业报告\2022isaps-global-survey.pdf,https://www.isaps.org/media/a0qfm4h3/isaps-global-survey_2022.pdf,30,"THAILAND
TOTAL NUMBER OF
PROCEDURES IN THAILAND
THAILAND
170,664
TOTAL SURGICAL PROCEDURES 127,235 TOTAL NON-SURGICAL PROCEDURES 43,429
FACE & HEAD BODY & EXTREMITIES INJECTABLES FACIAL REJUVENATION
Brow Lift 5,941 Abdominoplasty 6,240 Botulinum Toxin 30,330 Chemical Peel 35
Ear Surgery 1,956 Buttock Augmentation 1,479 Calcium Hydroxylapatite 6 Full Field Ablative 131
Eyelid Surgery 22,363 Buttock Lift 395 Hyaluronic Acid 7,233 Non-Surgical Skin Tightening 2,199
Face Lift 6,481 Liposuction 11,527 TOTAL INJECTABLES 37,569 TOTAL FACIAL REJUVENATION 2,365
Facial Bone Contouring 3,240 Lower Body Lift 804
Fat Grafting – Face 6,441 Thigh Lift 740 OTHER MOST COMMON PROCEDURES
Lip Enhancement/ Upper Arm Lift 1,501
2,060 Cellulite Treatment 13 TOTAL % OF
Perioral Procedure Upper Body Lift 488 TOTAL
Hair Removal 894
Neck Lift 5,770 Botulinum Toxin 30,330 69.8%
Labiaplasty 806
Non-Surgical Fat Reduction 2,588
Rhinoplasty 19,399 Vaginal Rejuvenation 640 Hyaluronic Acid 7,233 16.7%
TOTAL OTHER 3,495 Non-Surgical
TOTAL FACE & HEAD 73,650 TOTAL BODY & EXTREMITIES 24,619 2,588 6.0%
Fat Reduction
Non-Surgical
2,199 5.1%
BREAST MOST COMMON PROCEDURES Skin Tightening
Breast Augmentation 16,019 TOTAL % OF Hair Removal 894 2.1%
TOTAL
Breast Implant Removal 2,293
Eyelid Surgery 22,363 17.6%
Breast Lift 5,553
Rhinoplasty 19,399 15.2%
Breast Reduction 3,198
Breast Augmentation 16,019 12.6%
Gynecomastia 1,903
Liposuction 11,527 9.1%
TOTAL BREAST 28,966 Face Lift 6,481 5.1%
2022
INTERNATIONAL
Please credit the International Society of Aesthetic Plastic Surgery when citing statistical data. Contact ISAPS: +44 20 7038 7812 | media@isaps.org | www.isaps.org 30
SURVEY"
2022,E:\shared\行业报告\2022isaps-global-survey.pdf,https://www.isaps.org/media/a0qfm4h3/isaps-global-survey_2022.pdf,31,"SURGICAL PROCEDURES BY COUNTRY
SURGICAL PROCEDURES W W O I R D L E D- US** BRAZIL JAPAN* MEXICO TURKEY GERMANY ARGENTINA ITALY COLOMBIA INDIA SPAIN GREECE IRAN ROMANIA K U IN N G IT D E O D M THAILAND
FACE & HEAD
Brow Lift 352,324 25,367 54,324 1,456 25,377 16,110 10,186 9,509 5,064 7,893 6,927 4,957 2,477 7,072 1,952 2,155 5,941
Ear Surgery 303,906 26,972 38,604 284 14,522 7,740 7,621 11,729 7,121 7,734 21,291 6,690 3,486 2,844 1,944 2,739 1,956
Eyelid Surgery 1,409,103 104,214 201,396 176,384 81,419 42,630 59,796 44,831 33,519 29,206 30,067 28,388 14,501 20,882 9,933 10,868 22,363
Face Lift 541,491 69,984 105,447 74,819 30,043 10,777 16,657 15,386 6,934 9,427 5,737 5,393 4,084 5,678 2,409 3,879 6,481
Facial Bone Contouring 138,115 8,360 15,078 3,017 15,703 6,055 1,809 2,890 1,938 3,362 7,230 2,159 476 1,992 1,508 1,006 3,240
Fat Grafting – Face 648,894 22,458 96,890 28,950 49,579 30,762 20,832 14,540 11,612 17,295 25,919 11,344 7,547 12,708 6,039 3,875 6,441
Lip Enhancement
699,264 9,768 87,699 N/A 52,328 28,211 24,445 44,073 21,087 16,212 15,426 18,275 9,258 7,470 11,250 6,453 2,060
Perioral Procedure
Neck Lift 400,593 34,917 76,323 536 32,511 7,995 9,657 11,188 5,491 8,264 5,177 5,460 2,926 5,073 2,184 2,845 5,770
Rhinoplasty 944,468 45,166 109,230 17,016 64,285 56,650 8,001 42,838 20,722 29,240 40,747 13,848 4,778 23,720 9,285 7,513 19,399
Total Face & Head
5,438,157 347,207 784,992 302,462 365,768 206,930 159,003 196,983 113,488 128,633 158,521 96,515 49,532 87,439 46,504 41,333 73,650
Procedures
BREAST
Breast Augmentation 2,174,616 255,200 243,923 8,238 103,524 55,254 76,658 77,710 42,058 63,204 29,986 39,519 11,386 15,049 16,957 20,991 16,019
Breast Implant Removal 320,765 65,076 29,417 2,790 17,592 5,778 9,495 10,408 6,409 13,606 2,269 8,432 1,619 794 1,058 4,193 2,293
Breast Lift 955,026 138,358 143,065 260 49,159 28,917 31,948 26,228 19,760 33,028 7,865 18,480 4,406 7,846 6,169 10,450 5,553
Breast Reduction 632,860 74,492 91,909 4,108 26,272 22,569 24,168 20,671 11,683 19,034 15,412 10,512 3,673 9,361 3,397 8,645 3,198
Gynecomastia 305,340 22,396 34,657 80 14,496 9,887 11,798 7,891 5,054 7,529 33,621 4,464 2,272 4,809 1,571 2,583 1,903
Total Breast Procedures 4,388,607 555,522 542,970 15,476 211,043 122,405 154,066 142,908 84,964 136,399 89,153 81,407 23,357 37,859 29,151 46,863 28,966
BODY & EXTREMITIES
Abdominoplasty 1,180,623 207,262 151,218 629 71,131 28,199 33,001 35,247 17,653 41,087 22,609 9,201 4,935 16,199 4,436 10,942 6,240
Buttock Augmentation 820,762 42,528 175,899 1,111 95,521 18,611 2,945 17,900 5,099 55,667 4,363 3,491 3,888 10,978 1,966 4,082 1,479
Buttock Lift 95,174 12,160 14,409 2,211 9,511 2,721 2,290 1,931 817 3,875 1,190 560 407 579 722 386 395
Liposuction 2,303,929 405,328 275,191 29,359 136,218 64,613 80,172 49,015 25,719 79,708 82,630 20,426 14,822 21,853 6,540 18,922 11,527
Lower Body Lift 123,123 10,445 19,883 1,396 10,633 4,306 2,853 2,094 1,890 3,518 5,285 935 428 1,274 602 1,044 804
Thigh Lift 113,746 12,671 11,166 266 7,610 5,507 5,132 2,481 3,163 3,202 2,101 1,759 843 1,287 640 1,601 740
Upper Arm Lift 204,011 22,781 23,014 871 14,792 6,951 7,052 6,311 5,089 5,186 6,849 1,778 1,548 3,269 818 2,200 1,501
Upper Body Lift 54,120 7,511 4,784 205 4,601 2,917 1,801 1,412 706 1,753 1,893 95 212 553 214 389 488
Labiaplasty 194,086 18,653 37,170 4,745 6,335 5,223 10,528 4,116 3,247 4,673 6,444 4,130 1,463 1,197 1,485 2,317 806
Vaginal Rejuvenation 70,645 3,368 8,561 426 4,933 2,493 2,286 1,191 721 2,753 6,729 662 1,002 326 480 293 640
Total Body &
5,160,218 742,706 721,296 41,219 361,285 141,540 148,060 121,697 64,104 201,421 140,093 43,037 29,548 57,516 17,903 42,177 24,619
Extremities Procedures
Total Surgical
14,986,982 1,645,435 2,049,257 359,157 938,096 470,875 461,130 461,589 262,556 466,453 387,767 220,960 102,436 182,814 93,558 130,372 127,235
Procedures
* Japan fielded the survey independently and provided the listed results. | ** U.S. data are largely based on data provided reported by ASAPS‘ National Databank. | NOTE: Results for individual countries are limited to those that received
a sufficient sample of participants.
2022
INTERNATIONAL
Please credit the International Society of Aesthetic Plastic Surgery when citing statistical data. Contact ISAPS: +44 20 7038 7812 | media@isaps.org | www.isaps.org 31
SURVEY"
2022,E:\shared\行业报告\2022isaps-global-survey.pdf,https://www.isaps.org/media/a0qfm4h3/isaps-global-survey_2022.pdf,32,"NON-SURGICAL PROCEDURES BY COUNTRY
N PR O O N C -S E U D R U G R I E C S AL W W O I R D L E D- US** BRAZIL JAPAN* MEXICO TURKEY GERMANY ARGENTINA ITALY COLOMBIA INDIA SPAIN GREECE IRAN ROMANIA K U IN N G IT D E O D M THAILAND
INJECTABLES
Botulinum Toxin 9,221,419 3,945,282 433,263 841,620 345,939 260,206 293,736 167,367 161,254 96,368 60,129 74,826 104,368 85,157 65,935 35,232 30,330
Calcium Hydroxylapatite 350,716 90,519 33,107 1,882 20,624 6,201 6,583 8,995 12,830 8,797 1,539 4,612 2,405 0 3,373 1,546 6
Hyaluronic Acid 4,312,037 521,169 327,563 154,806 197,441 227,321 196,466 178,226 212,671 71,734 50,365 75,823 107,493 41,274 50,568 27,015 7,233
Total Injectables
13,884,172 4,556,970 793,934 998,308 564,004 493,729 496,785 354,588 386,754 176,899 112,033 155,261 214,265 126,431 119,876 63,792 37,569
Procedures
FACIAL REJUVENATION
Chemical Peel 844,616 371,228 34,002 208,664 14,265 4,684 2,924 10,035 21,516 5,556 41,142 8,227 8,887 39 4,313 1,571 35
Full Field Ablative 367,983 75,605 28,487 3,868 12,569 12,546 18,144 9,246 8,423 6,534 17,220 5,476 9,823 2,462 2,218 1,136 131
Non-Surgical Skin
734,257 162,398 39,556 176,250 45,976 37,934 22,102 14,756 16,465 19,162 28,521 6,862 9,294 1,424 4,166 3,167 2,199
Tightening
Total Facial Rejuvenation
1,946,855 609,231 102,045 388,782 72,810 55,164 43,171 34,037 46,403 31,252 86,884 20,565 28,005 3,925 10,698 5,874 2,365
Procedures
OTHER
Cellulite Treatment 449,314 33,575 46,990 1,796 35,861 7,515 948 43,560 17,771 14,323 2,578 16,277 13,592 982 2,543 1,679 13
Hair Removal 1,798,253 398,772 10,080 595,232 43,715 57,982 3,769 74,566 20,835 10,411 98,008 11,731 56,773 5,577 6,175 4,436 894
Non-Surgical Fat Reduction 778,716 204,214 18,247 116,051 38,839 11,789 26,989 48,178 13,071 33,445 24,653 6,521 11,251 1,364 2,753 2,142 2,588
Total Other Procedures 3,026,284 636,560 75,316 713,079 118,415 77,286 31,706 166,304 51,677 58,179 125,238 34,529 81,616 7,924 11,472 8,258 3,495
Total Non-Surgical
18,857,311 5,802,761 971,294 2,100,169 755,229 626,179 571,661 554,929 484,834 266,330 324,155 210,355 323,886 138,280 142,046 77,924 43,429
Procedures
Total Procedures 33,844,293 7,448,196 3,020,552 2,459,326 1,693,325 1,097,054 1,032,791 1,016,517 747,391 732,783 711,922 431,315 426,323 321,094 235,604 208,296 170,664
* Japan fielded the survey independently and provided the listed results.
** U.S. data are largely based on data provided reported by ASAPS‘ National Databank.
NOTE: Results for individual countries are limited to those that received a sufficient sample of participants.
2022
INTERNATIONAL
Please credit the International Society of Aesthetic Plastic Surgery when citing statistical data. Contact ISAPS: +44 20 7038 7812 | media@isaps.org | www.isaps.org 32
SURVEY"
2022,E:\shared\行业报告\2022isaps-global-survey.pdf,https://www.isaps.org/media/a0qfm4h3/isaps-global-survey_2022.pdf,33,"COUNTRIES PERFORMING THE MOST POPULAR
SURGICAL PROCEDURES
LIPOSUCTION EYELID SURGERY BREAST LIFT
NUMBER OF PERCENTAGE NUMBER OF PERCENTAGE NUMBER OF PERCENTAGE
RANK * COUNTRY RANK * COUNTRY RANK * COUNTRY
PROCEDURES OF TOTAL PROCEDURES OF TOTAL PROCEDURES OF TOTAL
1 US 405,328 17.6% 1 Brazil 201,396 14.3% 1 Brazil 143,065 15.0%
2 Brazil 275,191 11.9% 2 Japan 176,384 12.5% 2 US 138,358 14.5%
3 Mexico 136,218 5.9% 3 US 104,214 7.4% 3 Mexico 49,159 5.1%
4 India 82,630 3.6% 4 Mexico 81,419 5.8% 4 Colombia 33,028 3.5%
5 Germany 80,172 3.5% 5 Germany 59,796 4.2% 5 Germany 31,948 3.3%
6 Colombia 79,708 3.5% 6 Argentina 44,831 3.2% 6 Turkey 28,917 3.0%
7 Turkey 64,613 2.8% 7 Turkey 42,630 3.0% 7 Argentina 26,228 2.7%
8 Argentina 49,015 2.1% 8 Italy 33,519 2.4% 8 Italy 19,760 2.1%
9 Japan 29,359 1.3% 9 India 30,067 2.1% 9 Spain 18,480 1.9%
10 Italy 25,719 1.1% 10 Colombia 29,206 2.1% 10 United Kingdom 10,450 1.1%
BREAST AUGMENTATION ABDOMINOPLASTY
NUMBER OF PERCENTAGE NUMBER OF PERCENTAGE
RANK * COUNTRY RANK * COUNTRY
PROCEDURES OF TOTAL PROCEDURES OF TOTAL
1 US 255,200 11.7% 1 US 207,262 17.6%
2 Brazil 243,923 11.2% 2 Brazil 151,218 12.8%
3 Mexico 103,524 4.8% 3 Mexico 71,131 6.0%
4 Argentina 77,710 3.6% 4 Colombia 41,087 3.5%
5 Germany 76,658 3.5% 5 Argentina 35,247 3.0%
6 Colombia 63,204 2.9% 6 Germany 33,001 2.8%
7 Turkey 55,254 2.5% 7 Turkey 28,199 2.4%
8 Italy 42,058 1.9% 8 India 22,609 1.9%
9 Spain 39,519 1.8% 9 Italy 17,653 1.5%
10 India 29,986 1.4% Iran (Islamic * Rankings are based solely on those countries from which a sufficient survey
10 Republic of) 16,199 1.4% response was received and data were considered to be representative.
2022
INTERNATIONAL
Please credit the International Society of Aesthetic Plastic Surgery when citing statistical data. Contact ISAPS: +44 20 7038 7812 | media@isaps.org | www.isaps.org 33
SURVEY"
2022,E:\shared\行业报告\2022isaps-global-survey.pdf,https://www.isaps.org/media/a0qfm4h3/isaps-global-survey_2022.pdf,34,"COUNTRIES PERFORMING THE MOST POPULAR
NON-SURGICAL PROCEDURES
BOTULINUM TOXIN HAIR REMOVAL NON-SURGICAL FAT REDUCTION
NUMBER OF PERCENTAGE NUMBER OF PERCENTAGE NUMBER OF PERCENTAGE
RANK * COUNTRY RANK * COUNTRY RANK * COUNTRY
PROCEDURES OF TOTAL PROCEDURES OF TOTAL PROCEDURES OF TOTAL
1 US 3,945,282 42.8% 1 Japan 595,232 33.1% 1 US 204,214 26.2%
2 Japan 841,620 9.1% 2 US 398,772 22.2% 2 Japan 116,051 14.9%
3 Brazil 433,263 4.7% 3 India 98,008 5.5% 3 Argentina 48,178 6.2%
4 Mexico 345,939 3.8% 4 Argentina 74,566 4.1% 4 Mexico 38,839 5.0%
5 Germany 293,736 3.2% 5 Turkey 57,982 3.2% 5 Colombia 33,445 4.3%
6 Turkey 260,206 2.8% 6 Greece 56,773 3.2% 6 Germany 26,989 3.5%
7 Argentina 167,367 1.8% 7 Mexico 43,715 2.4% 7 India 24,653 3.2%
8 Italy 161,254 1.7% 8 Italy 20,835 1.2% 8 Brazil 18,247 2.3%
9 Greece 104,368 1.1% 9 Spain 11,731 0.7% 9 Italy 13,071 1.7%
10 Colombia 96,368 1.0% 10 Colombia 10,411 0.6% 10 Turkey 11,789 1.5%
HYALURONIC ACID CHEMICAL PEEL
NUMBER OF PERCENTAGE NUMBER OF PERCENTAGE
RANK * COUNTRY RANK * COUNTRY
PROCEDURES OF TOTAL PROCEDURES OF TOTAL
1 US 521,169 12.1% 1 US 371,228 44.0%
2 Brazil 327,563 7.6% 2 Japan 208,664 24.7%
3 Turkey 227,321 5.3% 3 India 41,142 4.9%
4 Italy 212,671 4.9% 4 Brazil 34,002 4.0%
5 Mexico 197,441 4.6% 5 Italy 21,516 2.5%
6 Germany 196,466 4.6% 6 Mexico 14,265 1.7%
7 Argentina 178,226 4.1% 7 Argentina 10,035 1.2%
8 Japan 154,806 3.6% 8 Greece 8,887 1.1%
9 Greece 107,493 2.5% 9 Spain 8,227 1.0%
10 Spain 75,823 1.8% 10 Colombia 5,556 0.7% * Rankings are based solely on those countries from which a sufficient survey
response was received and data were considered to be representative.
2022
INTERNATIONAL
Please credit the International Society of Aesthetic Plastic Surgery when citing statistical data. Contact ISAPS: +44 20 7038 7812 | media@isaps.org | www.isaps.org 34
SURVEY"
2022,E:\shared\行业报告\2022isaps-global-survey.pdf,https://www.isaps.org/media/a0qfm4h3/isaps-global-survey_2022.pdf,35,"SURGICAL TOTALS RANKED BY CATEGORY
NUMBER OF PERCENTAGE
RANK * COUNTRY
PROCEDURES OF TOTAL
1 Brazil 784,992 14.4%
2 Mexico 365,768 6.7%
3 US 347,207 6.4%
4 Japan 302,462 5.6%
5 Turkey 206,930 3.8%
6 Argentina 196,983 3.6%
7 Germany 159,003 2.9%
8 India 158,521 2.9%
9 Colombia 128,633 2.4%
10 Italy 113,488 2.1%
2022
INTERNATIONAL
Please credit the International Society of Aesthetic Plastic Surgery when citing statistical data. Contact ISAPS: +44 20 7038 7812 | media@isaps.org | www.isaps.org 35
SURVEY
FACE
&
HEAD
NUMBER OF PERCENTAGE
RANK * COUNTRY
PROCEDURES OF TOTAL
1 US 742,706 14.4%
2 Brazil 721,296 14.0%
3 Mexico 361,285 7.0%
4 Colombia 201,421 3.9%
5 Germany 148,060 2.9%
6 Turkey 141,540 2.7%
7 India 140,093 2.7%
8 Argentina 121,697 2.4%
9 Italy 64,104 1.2%
Iran (Islamic
10 57,516 1.1%
Republic of)
NUMBER OF PERCENTAGE
RANK * COUNTRY
PROCEDURES OF TOTAL
1 US 555,522 12.7%
2 Brazil 542,970 12.4%
3 Mexico 211,043 4.8%
4 Germany 154,066 3.5%
5 Argentina 142,908 3.3%
6 Colombia 136,399 3.1%
7 Turkey 122,405 2.8%
8 India 89,153 2.0%
9 Italy 84,964 1.9%
10 Spain 81,407 1.9%
BREAST
BODY
&
EXTREMITIES
* Rankings are based solely on those countries from which a sufficient survey response was
received and data were considered to be representative."
2022,E:\shared\行业报告\2022isaps-global-survey.pdf,https://www.isaps.org/media/a0qfm4h3/isaps-global-survey_2022.pdf,36,"NON-SURGICAL TOTALS RANKED BY CATEGORY
NUMBER OF PERCENTAGE
RANK * COUNTRY
PROCEDURES OF TOTAL
1 US 4,556,970 32.8%
2 Japan 998,308 7.2%
3 Brazil 793,934 5.7%
4 Mexico 564,004 4.1%
5 Germany 496,785 3.6%
6 Turkey 493,729 3.6%
7 Italy 386,754 2.8%
8 Argentina 354,588 2.6%
9 Greece 214,265 1.5%
10 Colombia 176,899 1.3%
2022
INTERNATIONAL
Please credit the International Society of Aesthetic Plastic Surgery when citing statistical data. Contact ISAPS: +44 20 7038 7812 | media@isaps.org | www.isaps.org 36
SURVEY
INJECTABLES
NUMBER OF PERCENTAGE
RANK * COUNTRY
PROCEDURES OF TOTAL
1 Japan 713,079 23.6%
2 US 636,560 21.0%
3 Argentina 166,304 5.5%
4 India 125,238 4.1%
5 Mexico 118,415 3.9%
6 Greece 81,616 2.7%
7 Turkey 77,286 2.6%
8 Brazil 75,316 2.5%
9 Colombia 58,179 1.9%
10 Italy 51,677 1.7%
NUMBER OF PERCENTAGE
RANK * COUNTRY
PROCEDURES OF TOTAL
1 US 609,231 31.3%
2 Japan 388,782 20.0%
3 Brazil 102,045 5.2%
4 India 86,884 4.5%
5 Mexico 72,810 3.7%
6 Turkey 55,164 2.8%
7 Italy 46,403 2.4%
8 Germany 43,171 2.2%
9 Argentina 34,037 1.7%
10 Colombia 31,252 1.6%
FACIAL
REJUVENATION
OTHER
* Rankings are based solely on those countries from which a sufficient survey response was
received and data were considered to be representative."
2022,E:\shared\行业报告\2022isaps-global-survey.pdf,https://www.isaps.org/media/a0qfm4h3/isaps-global-survey_2022.pdf,37,"COUNTRIES RANKED BY TOTAL NUMBER OF PROCEDURES
TOP 10
COUNTRIES RANKED BY TOTAL NUMBER OF PROCEDURES
PERCENTAGE
PERCENTAGE OF TOTAL NON-
TOTAL SURGICAL OF TOTAL NUMBER OF PERCENTAGE
RANK * COUNTRY TOTAL SURGICAL SURGICAL
PROCEDURES NON-SURGICAL PROCEDURES OF TOTAL
PROCEDURES PROCEDURES
PROCEDURES
1 US 1,645,435 11.0% 5,802,761 30.8% 7,448,196 22.0%
2 Brazil 2,049,257 13.7% 971,294 5.2% 3,020,552 8.9%
3 Japan 359,157 2.4% 2,100,169 11.1% 2,459,326 7.3%
4 Mexico 938,096 6.3% 755,229 4.0% 1,693,325 5.0%
5 Turkey 470,875 3.1% 626,179 3.3% 1,097,054 3.2%
6 Germany 461,130 3.1% 571,661 3.0% 1,032,791 3.1%
7 Argentina 461,589 3.1% 554,929 2.9% 1,016,517 3.0%
8 Italy 262,556 1.8% 484,834 2.6% 747,391 2.2%
9 Colombia 466,453 3.1% 266,330 1.4% 732,783 2.2%
10 India 387,767 2.6% 324,155 1.7% 711,922 2.1%
*Rankings are based solely on those countries from which a sufficient survey response was received and data were considered to be representative.
2022
INTERNATIONAL
Please credit the International Society of Aesthetic Plastic Surgery when citing statistical data. Contact ISAPS: +44 20 7038 7812 | media@isaps.org | www.isaps.org 37
SURVEY"
2022,E:\shared\行业报告\2022isaps-global-survey.pdf,https://www.isaps.org/media/a0qfm4h3/isaps-global-survey_2022.pdf,38,"COUNTRIES RANKED BY ESTIMATED NUMBER
OF PLASTIC SURGEONS
TOP 30
COUNTRIES RANKED BY ESTIMATED
NUMBER OF PLASTIC SURGEONS
NUMBER OF % OF NUMBER OF % OF
RANK COUNTRY RANK COUNTRY
SURGEONS TOTAL SURGEONS TOTAL
1 US 7,461 14.0% 16 Spain 900 1.7%
2 Brazil 6,200 11.6% 17 Taiwan 750 1.4%
3 Japan 3,050 5.7% 18 Venezuela 674 1.3%
4 China 3,000 5.6% 19 Netherlands 600 1.1%
5 Korea, Republic 2,718 5.1% 20 United Kingdom 600 1.1%
of (South Korea)
21 Peru 575 1.1%
6 India 2,600 4.9%
22 Thailand 475 0.9%
7 Mexico 2,394 4.5%
23 Canada 450 0.8%
8 Argentina 2,200 4.1%
Iran (Islamic
9 Russia 2,000 3.8% 24 Republic of) 429 0.8%
10 Germany 1,550 2.9% 25 Australia 425 0.8%
11 Egypt 1,450 2.7% 26 Greece 400 0.8%
12 Turkey 1,300 2.4% 27 Romania 350 0.7%
13 Colombia 1,200 2.3% 28 Ukraine 350 0.7%
14 Italy 1,151 2.2% 29 Belgium 335 0.6%
15 France 1,000 1.9% 30 Indonesia 298 0.6%
2022
INTERNATIONAL
Please credit the International Society of Aesthetic Plastic Surgery when citing statistical data. Contact ISAPS: +44 20 7038 7812 | media@isaps.org | www.isaps.org 38
SURVEY"
2022,E:\shared\行业报告\2022isaps-global-survey.pdf,https://www.isaps.org/media/a0qfm4h3/isaps-global-survey_2022.pdf,39,"SURGICAL PROCEDURE GROUP RANKING BY COUNTRY
% OF % OF
RANK TOTAL RANK TOTAL
TOTAL TOTAL
BRAZIL ARGENTINA
1 Total Face & Head Procedures 784,992 38.3% 1 Total Face & Head Procedures 196,983 42.7%
2 Total Body & Extremities Procedures 721,296 35.2% 2 Total Breast Procedures 142,908 31.0%
3 Total Breast Procedures 542,970 26.5% 3 Total Body & Extremities Procedures 121,697 26.4%
US GERMANY
1 Total Body & Extremities Procedures 742,706 45.1% 1 Total Face & Head Procedures 159,003 34.5%
2 Total Breast Procedures 555,522 33.8% 2 Total Breast Procedures 154,066 33.4%
3 Total Face & Head Procedures 347,207 21.1% 3 Total Body & Extremities Procedures 148,060 32.1%
MEXICO INDIA
1 Total Face & Head Procedures 365,768 39.0% 1 Total Face & Head Procedures 158,521 40.9%
2 Total Body & Extremities Procedures 361,285 38.5% 2 Total Body & Extremities Procedures 140,093 36.1%
3 Total Breast Procedures 211,043 22.5% 3 Total Breast Procedures 89,153 23.0%
TURKEY JAPAN
1 Total Face & Head Procedures 206,930 43.9% 1 Total Face & Head Procedures 302,462 84.2%
2 Total Body & Extremities Procedures 141,540 30.1% 2 Total Body & Extremities Procedures 41,219 11.5%
3 Total Breast Procedures 122,405 26.0% 3 Total Breast Procedures 15,476 4.3%
COLOMBIA ITALY
1 Total Body & Extremities Procedures 201,421 43.2% 1 Total Face & Head Procedures 113,488 43.2%
2 Total Breast Procedures 136,399 29.2% 2 Total Breast Procedures 84,964 32.4%
3 Total Face & Head Procedures 128,633 27.6% 3 Total Body & Extremities Procedures 64,104 24.4%
2022
INTERNATIONAL
Please credit the International Society of Aesthetic Plastic Surgery when citing statistical data. Contact ISAPS: +44 20 7038 7812 | media@isaps.org | www.isaps.org 39
SURVEY"
2022,E:\shared\行业报告\2022isaps-global-survey.pdf,https://www.isaps.org/media/a0qfm4h3/isaps-global-survey_2022.pdf,40,"NON-SURGICAL PROCEDURE GROUP RANKING BY COUNTRY
% OF % OF
RANK TOTAL RANK TOTAL
TOTAL TOTAL
US GERMANY
1 Total Injectables Procedures 4,556,970 78.5% 1 Total Injectables Procedures 496,785 86.9%
2 Total Other Procedures 636,560 11.0% 2 Total Facial Rejuvenation Procedures 43,171 7.6%
3 Total Facial Rejuvenation Procedures 609,231 10.5% 3 Total Other Procedures 31,706 5.5%
JAPAN ARGENTINA
1 Total Injectables Procedures 998,308 47.5% 1 Total Injectables Procedures 354,588 63.9%
2 Total Other Procedures 713,079 34.0% 2 Total Other Procedures 166,304 30.0%
3 Total Facial Rejuvenation Procedures 388,782 18.5% 3 Total Facial Rejuvenation Procedures 34,037 6.1%
BRAZIL ITALY
1 Total Injectables Procedures 793,934 81.7% 1 Total Injectables Procedures 386,754 79.8%
2 Total Facial Rejuvenation Procedures 102,045 10.5% 2 Total Other Procedures 51,677 10.7%
3 Total Other Procedures 75,316 7.8% 3 Total Facial Rejuvenation Procedures 46,403 9.6%
MEXICO INDIA
1 Total Injectables Procedures 564,004 74.7% 1 Total Other Procedures 125,238 38.6%
2 Total Other Procedures 118,415 15.7% 2 Total Injectables Procedures 112,033 34.6%
3 Total Facial Rejuvenation Procedures 72,810 9.6% 3 Total Facial Rejuvenation Procedures 86,884 26.8%
TURKEY GREECE
1 Total Injectables Procedures 493,729 78.8% 1 Total Injectables Procedures 214,265 66.2%
2 Total Other Procedures 77,286 12.3% 2 Total Other Procedures 81,616 25.2%
3 Total Facial Rejuvenation Procedures 55,164 8.8% 3 Total Facial Rejuvenation Procedures 28,005 8.6%
2022
INTERNATIONAL
Please credit the International Society of Aesthetic Plastic Surgery when citing statistical data. Contact ISAPS: +44 20 7038 7812 | media@isaps.org | www.isaps.org 40
SURVEY"
2022,E:\shared\行业报告\2022isaps-global-survey.pdf,https://www.isaps.org/media/a0qfm4h3/isaps-global-survey_2022.pdf,41,"PROCEDURES PERFORMED BY
PL ASTIC
SURGEONS
IN 2022"
2022,E:\shared\行业报告\2022isaps-global-survey.pdf,https://www.isaps.org/media/a0qfm4h3/isaps-global-survey_2022.pdf,42,"NUMBER OF WORLDWIDE SURGICAL PROCEDURES
PERFORMED BY PLASTIC SURGEONS
PERCENTAGE OF TOTAL
RANK SURGICAL PROCEDURES TOTAL
SURGICAL PROCEDURES
1 Liposuction 2,303,929 15.4%
2 Breast Augmentation 2,174,616 14.5%
3 Eyelid Surgery 1,409,103 9.4%
4 Abdominoplasty 1,180,623 7.9%
5 Breast Lift 955,026 6.4%
6 Rhinoplasty 944,468 6.3%
7 Buttock Augmentation 820,762 5.5%
8 Lip Enhancement/Perioral Procedure 699,264 4.7%
9 Fat Grafting – Face 648,894 4.3%
10 Breast Reduction 632,860 4.2%
11 Face Lift 541,491 3.6%
12 Neck Lift 400,593 2.7%
13 Brow Lift 352,324 2.4%
14 Breast Implant Removal 320,765 2.1%
15 Gynecomastia 305,340 2.0%
16 Ear Surgery 303,906 2.0%
17 Upper Arm Lift 204,011 1.4%
18 Labiaplasty 194,086 1.3%
19 Facial Bone Contouring 138,115 0.9%
20 Lower Body Lift 123,123 0.8%
21 Thigh Lift 113,746 0.8%
22 Buttock Lift 95,174 0.6%
23 Vaginal Rejuvenation 70,645 0.5%
24 Upper Body Lift 54,120 0.4%
Total Surgical Procedures 14,986,982
2022
INTERNATIONAL
Please credit the International Society of Aesthetic Plastic Surgery when citing statistical data. Contact ISAPS: +44 20 7038 7812 | media@isaps.org | www.isaps.org 42
SURVEY"
2022,E:\shared\行业报告\2022isaps-global-survey.pdf,https://www.isaps.org/media/a0qfm4h3/isaps-global-survey_2022.pdf,43,"NUMBER OF WORLDWIDE NON-SURGICAL PROCEDURES
PERFORMED BY PLASTIC SURGEONS
PERCENTAGE OF TOTAL NON-
RANK NON-SURGICAL PROCEDURES TOTAL
SURGICAL PROCEDURES
1 Botulinum Toxin 9,221,419 48.9%
2 Hyaluronic Acid 4,312,037 22.9%
3 Hair Removal 1,798,253 9.5%
4 Chemical Peel 844,616 4.5%
5 Non-Surgical Fat Reduction 778,716 4.1%
6 Non-Surgical Skin Tightening 734,257 3.9%
7 Cellulite Treatment 449,314 2.4%
8 Full Field Ablative 367,983 2.0%
9 Calcium Hydroxylapatite 350,716 1.9%
Total Non-Surgical Procedures 18,857,311
2022
INTERNATIONAL
Please credit the International Society of Aesthetic Plastic Surgery when citing statistical data. Contact ISAPS: +44 20 7038 7812 | media@isaps.org | www.isaps.org 43
SURVEY"
2022,E:\shared\行业报告\2022isaps-global-survey.pdf,https://www.isaps.org/media/a0qfm4h3/isaps-global-survey_2022.pdf,44,"PERCENTAGE OF PLASTIC SURGEONS PERFORMING
EACH SURGICAL PROCEDURE
PERCENTAGE OF PLASTIC SURGEONS PERFORMING EACH SURGICAL PROCEDURE
IRAN
WORLD- (ISLAMIC UNITED
SURGICAL PROCEDURES ARGENTINA BRAZIL COLOMBIA GERMANY GREECE INDIA ITALY MEXICO ROMANIA SPAIN THAILAND TURKEY US
WIDE REPUBLIC KINGDOM
OF)
FACE & HEAD
Brow Lift 67.9% 58.8% 68.8% 82.9% 68.8% 50.0% 56.2% 91.2% 50.7% 81.8% 48.4% 75.0% 85.7% 74.2% 31.6% 61.4%
Ear Surgery 77.3% 85.3% 87.5% 88.6% 53.1% 78.6% 83.3% 97.1% 76.1% 82.4% 74.2% 85.7% 57.1% 74.2% 60.5% 54.9%
Eyelid Surgery 93.1% 97.1% 96.9% 97.1% 90.6% 100.0% 81.2% 100.0% 91.0% 97.3% 93.5% 92.9% 95.2% 90.3% 76.3% 84.4%
Face Lift 74.4% 70.6% 87.5% 71.4% 75.0% 82.1% 47.9% 82.4% 67.2% 87.8% 61.3% 64.3% 69.0% 71.0% 57.9% 73.2%
Facial Bone Contouring 39.6% 26.5% 43.8% 42.9% 21.9% 17.9% 54.2% 61.8% 26.9% 67.6% 25.8% 35.7% 64.3% 51.6% 10.5% 47.3%
Fat Grafting – Face 74.6% 73.5% 71.9% 80.0% 68.8% 71.4% 79.2% 97.1% 64.2% 85.1% 71.0% 82.1% 76.2% 83.9% 34.2% 59.0%
Lip Enhancement/
65.6% 73.5% 78.1% 71.4% 43.8% 67.9% 54.2% 82.4% 55.2% 82.4% 64.5% 78.6% 50.0% 74.2% 34.2% 71.3%
Perioral Procedure
Neck Lift 63.2% 52.9% 71.9% 71.4% 65.6% 71.4% 31.2% 67.6% 47.8% 89.9% 45.2% 67.9% 57.1% 54.8% 42.1% 64.9%
Hair Transplantation 14.2% 17.6% 12.5% 17.1% 9.4% 21.4% 58.3% 14.7% 10.4% 10.1% 6.5% 7.1% 7.1% 22.6% 7.9% 22.0%
Rhinoplasty 76.6% 85.3% 84.4% 88.6% 25.0% 75.0% 85.4% 97.1% 70.1% 94.6% 61.3% 89.3% 85.7% 83.9% 34.2% 68.2%
BREAST
Breast Augmentation – Saline 4.7% 2.9% 3.1% 0.0% 3.1% 7.1% 4.2% 5.9% 1.5% 3.4% 0.0% 3.6% 2.4% 9.7% 0.0% 24.2%
Breast Augmentation – Silicone 90.4% 85.3% 100.0% 100.0% 93.8% 92.9% 85.4% 97.1% 88.1% 98.0% 87.1% 92.9% 83.3% 83.9% 92.1% 73.4%
Breast Augmentation – Fat Transfer 58.5% 55.9% 53.1% 65.7% 87.5% 50.0% 62.5% 55.9% 59.7% 64.2% 38.7% 57.1% 26.2% 64.5% 42.1% 47.6%
Breast Implant Removal 77.7% 85.3% 81.2% 97.1% 84.4% 75.0% 37.5% 61.8% 71.6% 93.2% 71.0% 92.9% 71.4% 71.0% 89.5% 78.5%
Breast Lift 84.9% 82.4% 93.8% 97.1% 90.6% 82.1% 60.4% 91.2% 91.0% 98.6% 80.6% 92.9% 64.3% 87.1% 92.1% 78.8%
Breast Reduction 86.8% 85.3% 93.8% 94.3% 93.8% 89.3% 83.3% 94.1% 85.1% 94.6% 90.3% 92.9% 57.1% 87.1% 94.7% 70.9%
Gynecomastia 80.1% 73.5% 93.8% 77.1% 78.1% 89.3% 97.9% 94.1% 67.2% 89.9% 74.2% 89.3% 47.6% 77.4% 68.4% 61.2%
NOTE: Information not available for Japan.
2022
INTERNATIONAL
Please credit the International Society of Aesthetic Plastic Surgery when citing statistical data. Contact ISAPS: +44 20 7038 7812 | media@isaps.org | www.isaps.org 44
SURVEY"
2022,E:\shared\行业报告\2022isaps-global-survey.pdf,https://www.isaps.org/media/a0qfm4h3/isaps-global-survey_2022.pdf,45,"PERCENTAGE OF PLASTIC SURGEONS PERFORMING
EACH SURGICAL PROCEDURE
PERCENTAGE OF ALL PLASTIC SURGEONS PERFORMING EACH SURGICAL PROCEDURE
IRAN
WORLD- (ISLAMIC UNITED
SURGICAL PROCEDURES ARGENTINA BRAZIL COLOMBIA GERMANY GREECE INDIA ITALY MEXICO ROMANIA SPAIN THAILAND TURKEY US
WIDE REPUBLIC KINGDOM
OF)
BODY & EXTREMITIES
Abdominoplasty 89.0% 82.4% 100.0% 97.1% 93.8% 96.4% 85.4% 97.1% 85.1% 98.0% 74.2% 89.3% 61.9% 83.9% 89.5% 79.6%
Buttock Augmentation –
23.7% 17.6% 28.1% 37.1% 3.1% 14.3% 10.4% 32.4% 11.9% 52.7% 6.5% 28.6% 23.8% 16.1% 2.6% 12.0%
Implants Only
Buttock Augmentation –
54.8% 58.8% 87.5% 88.6% 34.4% 39.3% 35.4% 85.3% 22.4% 93.9% 45.2% 46.4% 21.4% 67.7% 15.8% 53.1%
Fat Transfer
Buttock Augmentation –
8.9% 8.8% 15.6% 0.0% 3.1% 42.9% 2.1% 2.9% 25.4% 5.4% 9.7% 10.7% 0.0% 6.5% 0.0% 20.0%
Injectables
Buttock Lift 27.0% 17.6% 31.2% 37.1% 25.0% 21.4% 14.6% 41.2% 14.9% 39.2% 19.4% 32.1% 19.0% 32.3% 13.2% 23.8%
Liposuction 89.7% 91.2% 90.6% 97.1% 96.9% 89.3% 89.6% 91.2% 86.6% 98.0% 83.9% 89.3% 64.3% 90.3% 86.8% 70.0%
Lower Body Lift 33.3% 17.6% 43.8% 20.0% 34.4% 21.4% 33.3% 52.9% 19.4% 45.9% 22.6% 35.7% 21.4% 32.3% 31.6% 40.7%
Penile Enlargement 7.9% 2.9% 3.1% 0.0% 9.4% 3.6% 14.6% 0.0% 17.9% 6.1% 25.8% 7.1% 9.5% 9.7% 0.0% 10.5%
Thigh Lift 46.0% 23.5% 50.0% 54.3% 53.1% 42.9% 31.2% 52.9% 40.3% 47.3% 41.9% 67.9% 21.4% 64.5% 63.2% 44.9%
Upper Arm Lift 64.3% 64.7% 65.6% 77.1% 71.9% 53.6% 52.1% 70.6% 56.7% 79.1% 51.6% 57.1% 42.9% 71.0% 71.1% 64.7%
Upper Body Lift 21.5% 8.8% 21.9% 25.7% 18.8% 17.9% 20.8% 20.6% 9.0% 31.8% 19.4% 7.1% 19.0% 32.3% 26.3% 23.4%
Labiaplasty 56.0% 58.8% 75.0% 60.0% 65.6% 60.7% 64.6% 41.2% 52.2% 54.7% 61.3% 71.4% 28.6% 71.0% 60.5% 36.8%
Vaginal Rejuvenation 21.0% 8.8% 21.9% 25.7% 12.5% 14.3% 45.8% 17.6% 13.4% 27.7% 22.6% 25.0% 4.8% 32.3% 0.0% 14.2%
NOTE: Information not available for Japan.
2022
INTERNATIONAL
Please credit the International Society of Aesthetic Plastic Surgery when citing statistical data. Contact ISAPS: +44 20 7038 7812 | media@isaps.org | www.isaps.org 45
SURVEY"
2022,E:\shared\行业报告\2022isaps-global-survey.pdf,https://www.isaps.org/media/a0qfm4h3/isaps-global-survey_2022.pdf,46,"PERCENTAGE OF PLASTIC SURGEONS PERFORMING
EACH NON-SURGICAL PROCEDURE
PERCENTAGE OF ALL PLASTIC SURGEONS PERFORMING EACH NON-SURGICAL PROCEDURE
IRAN
NON-SURGICAL PROCEDURES W W O I R D L E D- ARGENTINA BRAZIL COLOMBIA GERMANY GREECE INDIA R (I E S P L U A B M L I I C C ITALY MEXICO ROMANIA SPAIN THAILAND TURKEY K U IN N G IT D E O D M US
OF)
INJECTABLES
Botulinum Toxin 85.9% 94.1% 75.0% 85.7% 93.8% 85.7% 66.7% 100.0% 92.5% 98.6% 96.8% 78.6% 73.8% 90.3% 60.5% 93.6%
Calcium Hydroxylapatite 20.6% 26.5% 37.5% 28.6% 12.5% 25.0% 8.3% 0.0% 38.8% 27.0% 22.6% 28.6% 0.0% 12.9% 5.3% 38.3%
Hyaluronic Acid 75.7% 88.2% 62.5% 77.1% 78.1% 82.1% 47.9% 91.2% 89.6% 90.5% 96.8% 75.0% 38.1% 83.9% 44.7% 75.9%
Poly-L-Lactic Acid 12.0% 5.9% 34.4% 14.3% 18.8% 17.9% 4.2% 2.9% 16.4% 10.1% 16.1% 14.3% 0.0% 16.1% 0.0% 32.2%
FACIAL REJUVENATION
Chemical Peel 21.9% 23.5% 31.2% 20.0% 15.6% 28.6% 35.4% 2.9% 43.3% 24.3% 25.8% 50.0% 0.0% 16.1% 7.9% 37.5%
Full Field Ablative 19.5% 20.6% 18.8% 11.4% 9.4% 50.0% 16.7% 23.5% 31.3% 18.9% 29.0% 17.9% 2.4% 32.3% 2.6% 57.6%
Dermabrasion 11.1% 14.7% 15.6% 14.3% 3.1% 7.1% 31.2% 11.8% 4.5% 10.8% 0.0% 21.4% 2.4% 22.6% 0.0% 20.3%
Microdermabrasion 13.1% 8.8% 12.5% 11.4% 3.1% 32.1% 31.2% 5.9% 9.0% 22.3% 6.5% 7.1% 2.4% 6.5% 2.6% 28.3%
Non-Surgical Skin Tightening 25.6% 8.8% 21.9% 28.6% 34.4% 28.6% 22.9% 20.6% 22.4% 29.7% 16.1% 28.6% 7.1% 45.2% 10.5% 41.7%
Photo Rejuvenation 9.6% 17.6% 6.2% 8.6% 6.2% 17.9% 10.4% 0.0% 14.9% 14.2% 3.2% 14.3% 2.4% 9.7% 0.0% 31.7%
Polymethylmethacrylate 1.4% 2.9% 0.0% 0.0% 0.0% 3.6% 6.2% 0.0% 0.0% 0.7% 3.2% 0.0% 0.0% 0.0% 0.0% 13.1%
OTHER
Cellulite Treatment 17.1% 20.6% 25.0% 20.0% 3.1% 32.1% 10.4% 5.9% 28.4% 27.7% 22.6% 21.4% 0.0% 12.9% 5.3% 25.1%
Hair Removal 15.9% 23.5% 3.1% 8.6% 6.2% 42.9% 41.7% 11.8% 17.9% 17.6% 9.7% 14.3% 7.1% 22.6% 2.6% 31.7%
Non-Surgical Fat Reduction 20.9% 23.5% 12.5% 28.6% 28.1% 32.1% 10.4% 11.8% 19.4% 29.7% 25.8% 17.9% 7.1% 22.6% 2.6% 39.6%
Tattoo Removal 13.0% 17.6% 3.1% 8.6% 3.1% 14.3% 43.8% 5.9% 17.9% 14.9% 6.5% 3.6% 4.8% 9.7% 5.3% 19.3%
Treatment of Leg Veins 7.2% 5.9% 3.1% 5.7% 3.1% 7.1% 18.8% 0.0% 13.4% 4.7% 9.7% 17.9% 0.0% 6.5% 2.6% 20.3%
Sclerotherapy 10.1% 2.9% 0.0% 8.6% 0.0% 10.7% 33.3% 2.9% 17.9% 8.8% 16.1% 14.3% 7.1% 3.2% 0.0% 17.6%
NOTE: Information not available for Japan.
2022
INTERNATIONAL
Please credit the International Society of Aesthetic Plastic Surgery when citing statistical data. Contact ISAPS: +44 20 7038 7812 | media@isaps.org | www.isaps.org 46
SURVEY"
2022,E:\shared\行业报告\2022isaps-global-survey.pdf,https://www.isaps.org/media/a0qfm4h3/isaps-global-survey_2022.pdf,47,DEMOGRAPHICS
2022,E:\shared\行业报告\2022isaps-global-survey.pdf,https://www.isaps.org/media/a0qfm4h3/isaps-global-survey_2022.pdf,48,"GENDER DISTRIBUTION FOR COSMETIC PROCEDURES –
SURGICAL
GENDER DISTRIBUTION FOR SURGICAL COSMETIC PROCEDURES
NUMBER OF PERCENTAGE NUMBER OF PERCENTAGE
RANK FEMALE RANK MALE
PROCEDURES OF TOTAL PROCEDURES OF TOTAL
1 Breast Augmentation 2,131,976 98.0% 1 Liposuction 365,935 15.9%
2 Liposuction 1,937,995 84.1% 2 Eyelid Surgery 312,950 22.2%
3 Eyelid Surgery 1,096,152 77.8% 3 Gynecomastia 305,340 100.0%
4 Abdominoplasty 1,076,945 91.2% 4 Rhinoplasty 239,971 25.4%
5 Breast Lift 955,026 100.0% 5 Fat Grafting – Face 126,493 19.5%
Buttock Augmentation – 6 Ear Surgery 112,450 37.0%
6 764,950 93.2%
Implants and Fat Transfer
7 Abdominoplasty 103,678 8.8%
7 Rhinoplasty 704,497 74.6%
8 Face Lift 88,089 16.3%
Lip Enhancement/
8 637,813 91.2% 9 Brow Lift 69,902 19.8%
Perioral Procedure
10 Neck Lift 68,824 17.2%
9 Breast Reduction 632,860 100.0%
Lip Enhancement/
10 Fat Grafting – Face 522,401 80.5% 11 61,450 8.8%
Perioral Procedure
11 Face Lift 453,401 83.7%
Buttock Augmentation –
12 55,812 6.8%
12 Neck Lift 331,768 82.8% Implants and Fat Transfer
13 Breast Implant Removal 313,985 97.9% 13 Breast Augmentation 42,640 2.0%
14 Brow Lift 282,422 80.2% 14 Facial Bone Contouring 41,596 30.1%
15 Labiaplasty 194,086 100.0% 15 Lower Body Lift 17,589 14.3%
16 Ear Surgery 191,456 63.0% 16 Upper Arm Lift 16,821 8.2%
17 Upper Arm Lift 187,190 91.8% 17 Thigh Lift 13,012 11.4%
18 Lower Body Lift 105,534 85.7% 18 Buttock Lift 10,164 10.7%
19 Thigh Lift 100,735 88.6% 19 Upper Body Lift 9,173 16.9%
20 Facial Bone Contouring 96,519 69.9% 20 Breast Implant Removal 6,780 2.1%
21 Buttock Lift 85,010 89.3%
22 Vaginal Rejuvenation 70,645 100.0%
23 Upper Body Lift 44,947 83.1%
Total Surgical Procedures 12,918,311 86.2% Total Surgical Procedures 2,068,670 13.8%
2022
INTERNATIONAL
Please credit the International Society of Aesthetic Plastic Surgery when citing statistical data. Contact ISAPS: +44 20 7038 7812 | media@isaps.org | www.isaps.org 48
SURVEY"
2022,E:\shared\行业报告\2022isaps-global-survey.pdf,https://www.isaps.org/media/a0qfm4h3/isaps-global-survey_2022.pdf,49,"GENDER DISTRIBUTION FOR COSMETIC PROCEDURES –
NON-SURGICAL
GENDER DISTRIBUTION FOR NON-SURGICAL COSMETIC PROCEDURES
NUMBER OF PERCENTAGE NUMBER OF PERCENTAGE
RANK FEMALE RANK MALE
PROCEDURES OF TOTAL PROCEDURES OF TOTAL
1 Botulinum Toxin 7,850,924 85.1% 1 Botulinum Toxin 1,370,495 14.9%
2 Hyaluronic Acid 3,740,777 86.8% 2 Hyaluronic Acid 571,260 13.2%
3 Hair Removal 1,517,217 84.4% 3 Hair Removal 281,036 15.6%
4 Chemical Peel 701,864 83.1% 4 Chemical Peel 142,752 16.9%
5 Non-Surgical Fat Reduction 642,067 82.5% 5 Non-Surgical Fat Reduction 136,650 17.5%
6 Non-Surgical Skin Tightening 601,729 82.0% 6 Non-Surgical Skin Tightening 132,527 18.0%
7 Cellulite Treatment 433,487 96.5% 7 Full Field Ablative 73,706 20.0%
8 Full Field Ablative 294,277 80.0% 8 Calcium Hydroxylapatite 59,454 17.0%
9 Calcium Hydroxylapatite 291,263 83.0% 9 Cellulite Treatment 15,827 3.5%
Total Non-Surgical Procedures 16,073,604 85.2% Total Non-Surgical Procedures 2,783,707 14.8%
Total Procedures 28,991,915 85.7% Total Procedures 4,852,378 14.3%
2022
INTERNATIONAL
Please credit the International Society of Aesthetic Plastic Surgery when citing statistical data. Contact ISAPS: +44 20 7038 7812 | media@isaps.org | www.isaps.org 49
SURVEY"
2022,E:\shared\行业报告\2022isaps-global-survey.pdf,https://www.isaps.org/media/a0qfm4h3/isaps-global-survey_2022.pdf,50,"PATIENT AGE RELATED TO COSMETIC PROCEDURE
AGE DISTRIBUTION OF PATIENTS UNDERTAKING CERTAIN COSMETIC PROCEDURES
17 YEARS 18–34 YEARS 35–50 YEARS 51–64 YEARS 65 YEARS
OLD OR YOUNGER OLD OLD OLD OR OLDER
Breast Augmentations 21,746 1.0% 1,187,340 54.6% 774,163 35.6% 171,795 7.9% 19,572 0.9%
Liposuction 25,343 1.1% 983,778 42.7% 1,004,513 43.6% 260,344 11.3% 29,951 1.3%
Rhinoplasty 33,056 3.5% 629,960 66.7% 237,061 25.1% 40,612 4.3% 3,778 0.4%
Botulinum Toxin 55,329 0.6% 2,213,141 24.0% 4,417,060 47.9% 2,148,591 23.3% 387,300 4.2%
Non-Surgical Fat Reduction 15,574 2.0% 304,478 39.1% 329,397 42.3% 108,242 13.9% 21,025 2.7%
PERCENTAGE OF SURGEONS PERFORMING BREAST AUGMENTATION
IN WOMEN OF 17 YEARS OLD OR YOUNGER
COUNTRY PERCENTAGE OF SURGEONS PERFORMING REASONS FOR PROCEDURE
BREAST AUGMENTATION IN MINORS
Tubular Breast 42.0%
Worldwide 6.6%
Argentina 16.1% Severe Asymmetry 27.3%
Brazil 15.6% Congenital Micromastia 11.0%
Colombia 20.0% Purely Cosmetic Bilateral Augmentation 8.6%
Germany 9.4% Congenital Absent Breast (i.e., Poland’s Syndrome) 5.3%
Greece 0.0% Other 5.8%
India 7.1%
Iran (Islamic Republic of) 3.2%
Italy 4.7%
Japan 1.0%
Mexico 8.5%
Romania 0.0%
Spain 8.0%
Thailand 0.0%
Turkey 3.4%
United Kingdom 0.0%
US 10.6%
2022
INTERNATIONAL
Please credit the International Society of Aesthetic Plastic Surgery when citing statistical data. Contact ISAPS: +44 20 7038 7812 | media@isaps.org | www.isaps.org 50
SURVEY"
2022,E:\shared\行业报告\2022isaps-global-survey.pdf,https://www.isaps.org/media/a0qfm4h3/isaps-global-survey_2022.pdf,51,"COSMETIC PROCEDURES BY LOCATION
COSMETIC PROCEDURES BY LOCATION
AN OFFICE A FREE-STANDING
A HOSPITAL OTHER
FACILITY SURGICENTER
Worldwide Totals 31.1% 47.4% 20.4% 1.2%
Argentina 31.6% 30.4% 34.2% 3.8%
Brazil 33.5% 57.0% 6.4% 3.1%
Colombia 32.8% 32.3% 34.9% 0.0%
Germany 47.7% 21.3% 31.0% 0.0%
Greece 53.7% 42.7% 3.7% 0.0%
India 20.4% 66.1% 13.3% 0.2%
Iran (Islamic Republic of) 12.0% 45.2% 42.8% 0.0%
Italy 38.1% 38.2% 21.5% 2.3%
Japan 81.0% 17.0% 0.6% 0.4%
Mexico 25.9% 45.2% 27.5% 1.5%
Romania 43.3% 45.6% 10.9% 0.2%
Spain 34.0% 54.0% 12.0% 0.0%
Thailand 40.7% 50.5% 8.8% 0.0%
Turkey 32.0% 62.2% 2.6% 3.2%
United Kingdom 8.0% 81.2% 10.8% 0.0%
US 59.9% 27.5% 12.6% 0.0%
2022
INTERNATIONAL
Please credit the International Society of Aesthetic Plastic Surgery when citing statistical data. Contact ISAPS: +44 20 7038 7812 | media@isaps.org | www.isaps.org 51
SURVEY"
2022,E:\shared\行业报告\2022isaps-global-survey.pdf,https://www.isaps.org/media/a0qfm4h3/isaps-global-survey_2022.pdf,52,"MEDICAL TOURISM
TOP 3
MEDICAL TOURISM MOST FREQUENTLY-CITED
COUNTRIES OF FOREIGN PATIENTS
PERCENTAGE OF PATIENTS ATTENDING FROM OTHER COUNTRIES
MEDIAN AVERAGE 1 2 3
Worldwide 10.0% 18.0%
Argentina 10.0% 10.3% US Spain Chile
Brazil 5.0% 6.9% US United Kingdom Italy
Colombia 30.0% 30.9% US Spain Panama
Germany 5.0% 11.0% Switzerland Austria United Kingdom
Greece 10.0% 9.0% US Albania United Kingdom
India 5.0% 7.1% United Arab Emirates US United Kingdom
Iran (Islamic Republic of) 5.0% 8.5% Iraq Germany Afghanistan
Italy 3.0% 6.8% Switzerland France Romania
Japan 4.0% 4.0% China Korea US
Mexico 20.0% 33.8% US Canada Colombia
Romania 5.0% 14.9% Italy United Kingdom Germany
Spain 15.0% 17.5% United Kingdom France Colombia
Thailand 20.0% 29.0% Australia China US
Turkey 23.5% 28.7% Germany United Kingdom Switzerland
United Kingdom 5.0% 6.9% Ireland Nigeria United Arab Emirates
US 7.5% 9.9% Canada Mexico United Kingdom
2022
INTERNATIONAL
Please credit the International Society of Aesthetic Plastic Surgery when citing statistical data. Contact ISAPS: +44 20 7038 7812 | media@isaps.org | www.isaps.org 52
SURVEY"
2022,E:\shared\行业报告\2022isaps-global-survey.pdf,https://www.isaps.org/media/a0qfm4h3/isaps-global-survey_2022.pdf,53,"ADDITIONAL &
RESIDENT
STATISTICS"
2022,E:\shared\行业报告\2022isaps-global-survey.pdf,https://www.isaps.org/media/a0qfm4h3/isaps-global-survey_2022.pdf,54,"ADDITIONAL STATISTICS
WHICH OF THE FOLLOWING, IF ANYA,D ODCITCIUORNRAELD S ATAT TYIOSTUIRC SPRACTICE BECAUSE OF COVID-19?
IRAN
WORLDWIDE (ISLAMIC UNITED
ARGENTINA BRAZIL COLOMBIA GERMANY GREECE INDIA ITALY JAPAN MEXICO ROMANIA SPAIN THAILAND TURKEY US
TOTALS REPUBLIC KINGDOM
OF)
HOW MANY YEARS HAVE YOU BEEN IN PRACTICE?
Median 17 18 21 23 15 15 9 11 20 22 20 17 25 15 14 14 20
Average 18 20 20 22 15 16 12 12 19 22 21 16 23 16 16 15 17
WHAT IS YOUR GENDER?
Male 76.4% 79.4% 71.9% 82.9% 87.5% 74.1% 68.8% 94.1% 75.8% N/A 80.8% 60.0% 74.1% 85.4% 77.4% 78.9% 78.8%
Female 23.6% 20.6% 28.1% 17.1% 12.5% 25.9% 31.2% 5.9% 24.2% N/A 19.2% 40.0% 25.9% 14.6% 22.6% 21.1% 21.2%
ARE YOU CURRENTLY A MEMBER OF ISAPS?
Yes 66.0% 91.2% 59.4% 67.6% 93.8% 77.8% 61.7% 73.5% 42.4% N/A 64.6% 64.5% 89.3% 65.9% 71.0% 64.9% 82.4%
No 34.0% 8.8% 40.6% 32.4% 6.2% 22.2% 38.3% 26.5% 57.6% N/A 35.4% 35.5% 10.7% 34.1% 29.0% 35.1% 17.6%
PERCENTAGE OF PHYSICIANS PERFORMING THE FOLLOWING PROCEDURES IN 2022:
Bichectomy 46.2% 57.7% 39.3% 87.9% 15.4% 13.3% 17.2% 35.7% 22.4% 10.6% 90.4% 16.0% 42.3% 27.3% 74.1% 8.3% 37.5%
Brachioplasty 71.6% 70.4% 72.4% 81.2% 82.8% 81.0% 60.0% 71.0% 66.1% 3.9% 85.2% 57.7% 65.4% 48.6% 74.1% 78.8% 87.5%
Mommy Makeover 66.8% 58.3% 70.4% 75.0% 75.9% 55.0% 64.7% 63.3% 50.0% 3.5% 79.1% 46.2% 69.2% 48.6% 85.7% 70.6% 85.7%
Sex Reassignment
12.8% 37.5% 3.8% 3.3% 30.8% 14.3% 33.3% 15.4% 7.3% 1.9% 4.4% 4.2% 12.0% 24.2% 15.4% 8.0% 16.7%
Surgery
Non-Surgical Vaginal
14.3% 4.8% 12.0% 13.3% 8.3% 20.0% 40.0% 16.0% 13.0% 2.0% 14.0% 4.3% 20.0% 3.1% 29.6% 3.8% 28.6%
Rejuvenation
2022
INTERNATIONAL
Please credit the International Society of Aesthetic Plastic Surgery when citing statistical data. Contact ISAPS: +44 20 7038 7812 | media@isaps.org | www.isaps.org 54
SURVEY"
2022,E:\shared\行业报告\2022isaps-global-survey.pdf,https://www.isaps.org/media/a0qfm4h3/isaps-global-survey_2022.pdf,55,"RESIDENT STATISTICS
RESIDENT STATISTICS
IRAN
WORLDWIDE (ISLAMIC UNITED
ARGENTINA BRAZIL COLOMBIA GERMANY GREECE INDIA ITALY MEXICO ROMANIA SPAIN THAILAND
TOTALS REPUBLIC KINGDOM
OF)
DO YOU HAVE ADDITIONAL SURGEONS OR RESIDENTS IN YOUR PRACTICE?
Yes 38.1% 55.9% 35.5% 23.5% 59.4% 37.0% 31.2% 18.2% 42.2% 35.4% 48.4% 33.3% 35.0% 13.9%
No 61.9% 44.1% 64.5% 76.5% 40.6% 63.0% 68.8% 81.8% 57.8% 64.6% 51.6% 66.7% 65.0% 86.1%
IF YES, PLEASE PROVIDE COUNTS (AVERAGES):
Surgeons – Male 2.1 4.6 1.7 6.0 1.5 1.5 1.9 1.8 1.5 1.8 0.7 1.0 2.6 1.6
Surgeons – Female 1.0 1.1 1.1 3.5 0.8 0.4 0.2 - 0.7 0.9 0.7 0.4 0.6 0.6
Surgeons – Total 3.1 5.7 2.8 9.5 2.3 1.9 2.1 1.8 2.2 2.7 1.4 1.4 3.2 2.2
Residents – Male 3.6 2.8 2.3 2.5 0.6 0.8 1.5 10.2 3.5 3.9 1.6 0.1 2.1 0.4
Residents – Female 1.7 1.6 0.6 2.2 0.8 0.3 0.8 1.8 2.2 2.0 1.5 0.2 2.4 0.4
Residents – Total 5.3 4.4 2.9 4.7 1.4 1.1 2.3 12.0 5.7 5.9 3.1 0.3 4.5 0.8
ARE THE RESIDENTS IN YOUR PRACTICE PART OF A TRAINING PROGRAM TO BECOME A PLASTIC SURGEON?
Yes 65.2% 93.8% 60.0% 87.5% 50.0% 12.5% 57.1% 66.7% 68.0% 62.2% 57.1% 50.0% 83.3% 60.0%
No 34.8% 6.2% 40.0% 12.5% 50.0% 87.5% 42.9% 33.3% 32.0% 37.8% 42.9% 50.0% 16.7% 40.0%
IS THERE A REQUIREMENT FOR YOUR RESIDENTS TO COMPLETE A LOGBOOK OF PROCEDURES AS PART OF THEIR TRAINING?
Yes 65.6% 81.2% 40.0% 87.5% 68.8% 12.5% 66.7% 83.3% 70.8% 60.5% 50.0% 83.3% 83.3% 80.0%
No 34.4% 18.8% 60.0% 12.5% 31.2% 87.5% 33.3% 16.7% 29.2% 39.5% 50.0% 16.7% 16.7% 20.0%
NOTE: Information not available for Japan, Turkey and the US.
2022
INTERNATIONAL
Please credit the International Society of Aesthetic Plastic Surgery when citing statistical data. Contact ISAPS: +44 20 7038 7812 | media@isaps.org | www.isaps.org 55
SURVEY"
2022,E:\shared\行业报告\2022isaps-global-survey.pdf,https://www.isaps.org/media/a0qfm4h3/isaps-global-survey_2022.pdf,56,"2022
INTERNATIONAL
SURVEY
ISAPS BOARD OF DIRECTORS
PRESIDENT Lina TRIANA, MD – Colombia
PRESIDENT-ELECT Arturo RAMÍREZ-MONTAÑANA, MD – Mexico
GLOBAL SURVEY EDITOR SECRETARY Paraskevas KONTOES, MD, PhD – Greece
Gianluca CAMPIGLIO, MD, PhD – Italy
TREASURER Kai SCHLAUDRAFF, MD, FEBOPRAS – Switzerland
PAST PRESIDENT Nazim CERKES, MD, PhD – Turkey
ISAPS EXECUTIVE OFFICE
19 Mantua Road MEMBERSHIP CHAIR Andre CERVANTES, MD – Brazil
Mount Royal, NJ 08061
MEMBER-AT-LARGE Fabian CORTIÑAS, MD – Argentina
United States
Phone: +44 20 7038 7812 MEMBER-AT-LARGE Montserrat FONTBONA, MD – Chile
Email: ISAPS@isaps.org
MEMBER-AT-LARGE Tim PAPADOPOULOS, MD – Australia
Website: www.isaps.org
MEMBER-AT-LARGE Ivar VAN HEIJNINGEN, MD – Belgium
MARKETING OFFICE NATIONAL SECRETARIES CHAIR Bertha TORRES GOMEZ, MD – Mexico
boeld communication
EDUCATION COUNCIL CHAIR Ozan SOZER, MD – United States
Reitmorstraße 25, 80538 Munich, Germany
Email: marketing@isaps.org TRUSTEE & ETHICS COMMITTEE CHAIR Kai KAYE, MD, PhD – Spain
Website: www.bb-mc.com
PARLIAMENTARIAN Sanguan KUNAPORN, MD – Thailand
EDUCATION COUNCIL VICE-CHAIR Francisco BRAVO, MD – Spain
FOR PRESS INQUIRIES, PLEASE
CONTACT: EXECUTIVE DIRECTOR Sarah JOHNSON – United Kingdom
media@isaps.org
design by www.bb-mc.com
photo credits by stock.adobe.com"
2023,E:\shared\行业报告\2023isaps-global-survey.pdf,https://www.isaps.org/media/rxnfqibn/isaps-global-survey_2023.pdf,1,"ISAPS INTERNATIONAL SURVEY ON
AESTHETIC/COSMETIC
PROCEDURES
performed in
2 0 2 3
www.isaps.org"
2023,E:\shared\行业报告\2023isaps-global-survey.pdf,https://www.isaps.org/media/rxnfqibn/isaps-global-survey_2023.pdf,2,"CONTENTS
About ISAPS ............................................................................................................page 3 Bangladesh ...............................................................................................................page 37
About the International Survey on Surgical Procedures by Country.....................................................................pages 38-39
Aesthetic/Cosmetic Procedures ....................................................................page 4 Non-Surgical Procedures by Country ..........................................................pages 40-41
Total Procedures (All) by Country .................................................................pages 40-41
HIGHLIGHTS OF THE 2023 STATISTICS Countries Performing the Most
2023 Statistics at a Glance ................................................................................pages 6-7 Popular Surgical Procedures.......................................................................page 42
Countries Performing the Most
NUMBER OF WORLDWIDE PROCEDURES Popular Non-Surgical Procedures .................................................................page 43
Worldwide Surgical Procedures .....................................................................page 9 Surgical Totals Ranked by Category .............................................................page 44
Worldwide Non-Surgical Procedures ...........................................................page 10 Non-Surgical Totals Ranked by Category ...................................................page 45
Surgical Procedures by Region of the Body ..............................................page 11 Countries Ranked by Total Number of Procedures ...............................page 46
Non-Surgical Procedures by Type of Procedure .....................................page 12 Countries Ranked by Estimated
Overview of All Procedures .............................................................................page 13 Number of Plastic Surgeons .............................................................................page 47
Surgical Procedure Group Ranking by Country ......................................page 48
PROCEDURES BY COUNTRY Non-Surgical Procedure Group Ranking by Country ............................page 49
US .................................................................................................................................page 15
Brazil ...........................................................................................................................page 16
PROCEDURES PERFORMED BY PLASTIC SURGEONS
Mexico .......................................................................................................................page 17 Number of Worldwide Surgical Procedures
Germany ...................................................................................................................page 18 Performed by Plastic Surgeons .......................................................................page 51
Argentina ..................................................................................................................page 19 Number of Worldwide Non-Surgical Procedures
Turkiye .......................................................................................................................page 20 Performed by Plastic Surgeons .......................................................................page 52
India ............................................................................................................................page 21 Percentage of Plastic Surgeons Performing
France ........................................................................................................................page 22 Each Surgical Procedure ....................................................................................pages 53-56
Italy ..............................................................................................................................page 23 Percentage of Plastic Surgeons Performing
Spain ...........................................................................................................................page 24 Each Non-Surgical Procedure..........................................................................pages 57-58
Colombia ..................................................................................................................page 25
Peru .............................................................................................................................page 26 DEMOGRAPHICS
Iran...............................................................................................................................page 27 Gender Distribution for Cosmetic Procedures – Surgical ...................page 60
Venezuela .................................................................................................................page 28 Gender Distribution for Cosmetic Procedures – Non-Surgical .........page 61
Romania .....................................................................................................................page 29 Patient Age Related to Cosmetic Procedures ..........................................page 62
UK ................................................................................................................................page 30 Cosmetic Procedures by Location ................................................................page 63
Belgium ......................................................................................................................page 31 Medical Tourism ....................................................................................................page 64
Greece .......................................................................................................................page 32
Thailand .....................................................................................................................page 33 RESIDENT & ADDITIONAL STATISTICS
Syria ............................................................................................................................page 34 Resident Statistics ................................................................................................pages 66-67
South Africa .............................................................................................................page 35 Additional Statistics .............................................................................................pages 68-69
Malaysia .....................................................................................................................page 36"
2023,E:\shared\行业报告\2023isaps-global-survey.pdf,https://www.isaps.org/media/rxnfqibn/isaps-global-survey_2023.pdf,3,"ABOUT ISAPS
Founded in 1970, the International Society of Aesthetic Plastic Surgery (ISAPS)
is the world’s leading professional body for board-certified aesthetic plastic
surgeons.
Regarded as the leading global authority on aesthetic and cosmetic surgery, ISAPS’
threefold mission is to offer Aesthetic Education Worldwide®, to provide accurate
information to the public, and to promote patient safety.
ISAPS membership includes the world’s best and most respected reconstructive and
aesthetic plastic surgeons in over 117 countries. Through its rigorous membership
requirements, ISAPS plastic surgeons are considered to be among the most qualified
surgeons in their respective countries. Furthermore, ISAPS has become the gold
standard for providing continuing aesthetic education to its members, providing
training, and sponsoring scientific meetings around the world.
A full list of ISAPS plastic surgeons can be found online at www.isaps.org.
2023
INTERNATIONAL
Please credit the International Society of Aesthetic Plastic Surgery when citing statistical data. Contact ISAPS: +44 20 7038 7812 | media@isaps.org | www.isaps.org 3
SURVEY"
2023,E:\shared\行业报告\2023isaps-global-survey.pdf,https://www.isaps.org/media/rxnfqibn/isaps-global-survey_2023.pdf,4,"2024 ISAPS INTERNATIONAL SURVEY ON AESTHETIC/COSMETIC
PROCEDURES PERFORMED IN 2023
METHODOLOGY
Survey participants completed a questionnaire that primarily focused on the Studies such as this must often address outlying responses. Though the outlying
number of specific surgical and non-surgical procedures performed in 2023, values may be legitimate, their presence can distort the averages, which provide
along with some ancillary questions related to surgeon demographics and the the basis of the estimated projections. Significant outliers in this survey were
prevalence of medical tourism. adjusted in order to protect the reasonableness of the extrapolated values.
Additional standard data editing procedures were followed to ensure responses
met survey guidelines. All reported data values have been analyzed for statistical
The International Society of Aesthetic Plastic Surgery (ISAPS) issued an
reasonableness.
invitation to participate in the study to approximately 25,000 plastic surgeons
whose contact information is housed in its proprietary database. In addition,
Country-specific data are only shown for those countries that provided a sufficient
a request was made that all National Societies encourage their members/
survey response for the figures to be considered valid. No adjustments other than
constituents to take part in the survey. Data from more than 1,600 plastic
standard data editing procedures were applied to country-specific results.
surgeons were compiled for this survey.
The following procedures were included in the survey but are not represented
Final figures have been projected to reflect international statistics and are
in the accompanying tables due to an insufficient number of surgeons providing
exclusively based on the estimated number of plastic surgeons actively practicing
these treatments: Hair Transplantation, Penile Enlargement,
in each country and the respondent sample. This international survey is focused
Poly-L-Lactic Acid Injections, Polymethylmethacrylate Fillers, Dermabrasion,
on physicians who are board-certified (or national equivalent) plastic surgeons.
Microdermabrasion, Photo Rejuvenation, Tattoo Removal, Treatment of Leg Veins,
and Sclerotherapy.
To aid in tallying the worldwide estimate of plastic surgeons, representatives
from National Societies provided recent counts for 96% of the 55,103 total The International Survey on Aesthetic/Cosmetic Procedures
estimated plastic surgeons. For those cases in which the National Society did not Performed in 2023 was compiled, tabulated, and analyzed by Industry Insights,
provide its country’s total, a regression model was used to estimate the number Inc. (www.industryinsights.com), an independent research firm based in
of plastic surgeons in the country based on its population size and Columbus, OH. The survey leader was Scott Hackworth, a CPA and data scientist
Gross Domestic Product. who along with his firm has conducted various forms of research on trends in
aesthetic plastic surgery for more than 30 years.
The Aesthetic Society, in collaboration with CosmetAssure, provided special
assistance to this year’s study by permitting the use of its national statistics. Their
information includes detailed statistics on more than 600 US-based surgeons.
We appreciate The Aesthetic Society’s continued support of this international
research effort.
2023
INTERNATIONAL
Please credit the International Society of Aesthetic Plastic Surgery when citing statistical data. Contact ISAPS: +44 20 7038 7812 | media@isaps.org | www.isaps.org 4
SURVEY"
2023,E:\shared\行业报告\2023isaps-global-survey.pdf,https://www.isaps.org/media/rxnfqibn/isaps-global-survey_2023.pdf,5,"HIGHLIGHTS
OF THE INTERNATIONAL SURVEY ON
AESTHETIC/COSMETIC PROCEDURES
PERFORMED IN 2023"
2023,E:\shared\行业报告\2023isaps-global-survey.pdf,https://www.isaps.org/media/rxnfqibn/isaps-global-survey_2023.pdf,6,"2023 STATISTICS AT A GLANCE
Top 5 Top 5 Top 5
surgical procedures surgical procedures surgical procedures
worldwide for women for men
absolute numbers and changes compared to 2022
1. Liposuction 2,237,966 procedures -2.9% 1. Liposuction 1,898,880 procedures 1. Eyelid Surgery 393,380 procedures
2. Breast Augmentation 1,892,777 procedures -13.0% 2. Breast Augmentation 1,868,360 procedures 2. Gynecomastia 352,302 procedures
3. Eyelid Surgery 1,746,946 procedures +24.0% 3. Eyelid Surgery 1,353,566 procedures 3. Liposuction 339,086 procedures
4. Abdominoplasty 1,153,539 procedures -2.3% 4. Abdominoplasty 1,033,264 procedures 4. Rhinoplasty 290,492 procedures
5. Rhinoplasty 1,148,559 procedures +21.6% 5. Breast Lift 903,266 procedures 5. Fat Grafting – Face 127,769 procedures
Top 5 Top 5 Top 5
non-surgical procedures non-surgical procedures non-surgical procedures
worldwide for women for men
absolute numbers and changes compared to 2022
1. Botulinum Toxin 8,877,991 procedures -3.7% 1. Botulinum Toxin 7,526,993 procedures 1. Botulinum Toxin 1,350,999 procedures
2. Hyaluronic Acid 5,564,866 procedures +29.1% 2. Hyaluronic Acid 4,894,101 procedures 2. Hyaluronic Acid 670,765 procedures
3. Hair Removal 1,608,447 procedures -10.6% 3. Hair Removal 1,305,868 procedures 3. Hair Removal 302,579 procedures
4. Non-Surgical Skin Tightening 831,583 procedures +13.3% 4. Non-Surgical Skin Tightening 695,935 procedures 4. Non-Surgical Skin Tightening 135,648 procedures
5. Non-Surgical Fat Reduction 631,212 procedures -18.9% 5. Non-Surgical Fat Reduction 501,511 procedures 5. Non-Surgical Fat Reduction 129,701 procedures
2023
INTERNATIONAL
Please credit the International Society of Aesthetic Plastic Surgery when citing statistical data. Contact ISAPS: +44 20 7038 7812 | media@isaps.org | www.isaps.org 6
SURVEY"
2023,E:\shared\行业报告\2023isaps-global-survey.pdf,https://www.isaps.org/media/rxnfqibn/isaps-global-survey_2023.pdf,7,"2023 STATISTICS AT A GLANCE
total procedures performed
WORLDWIDE
15,813,353 19,182,141
most common COSMETIC surgical procedures non-surgical procedures
procedures by
AGE GROUP
US is the country with the
US
most surgeons:
17 years or younger Botulinum Toxin 62,146 procedures 7,750 surgeons
18–34 years old Botulinum Toxin 2,130,718 procedures
35–50 years old Botulinum Toxin 4,350,216 procedures US is the country with the
most non-surgical procedures:
51–64 years old Botulinum Toxin 1,970,914 procedures
4,405,599 procedures
65 years or older Botulinum Toxin 363,998 procedures
Brazil is the country with the
BRAZIL most surgical procedures:
2,185,038 procedures
2023
INTERNATIONAL
Please credit the International Society of Aesthetic Plastic Surgery when citing statistical data. Contact ISAPS: +44 20 7038 7812 | media@isaps.org | www.isaps.org 7
SURVEY"
2023,E:\shared\行业报告\2023isaps-global-survey.pdf,https://www.isaps.org/media/rxnfqibn/isaps-global-survey_2023.pdf,8,"NUMBER OF
WORLDWIDE
PROCEDURES
PERFORMED BY PLASTIC SURGEONS IN 2023"
2023,E:\shared\行业报告\2023isaps-global-survey.pdf,https://www.isaps.org/media/rxnfqibn/isaps-global-survey_2023.pdf,9,"NUMBER OF WORLDWIDE SURGICAL PROCEDURES
PERFORMED BY PLASTIC SURGEONS
Percentage of Percentage Percentage
Total Procedures Total Procedures
Rank SURGICAL PROCEDURES Total Total Surgical Change Change
in 2022 in 2019
Procedures 2023 vs. 2022 2023 vs. 2019
1 Liposuction 2,237,966 14.2% 2,303,929 1,704,786 -2.9% 31.3%
2 Breast Augmentation 1,892,777 12.0% 2,174,616 1,795,551 -13.0% 5.4%
3 Eyelid Surgery 1,746,946 11.0% 1,409,103 1,259,839 24.0% 38.7%
4 Abdominoplasty 1,153,539 7.3% 1,180,623 924,031 -2.3% 24.8%
5 Rhinoplasty 1,148,559 7.3% 944,468 821,890 21.6% 39.7%
6 Breast Lift 903,266 5.7% 955,026 741,284 -5.4% 21.9%
7 Lip Enhancement/Perioral Procedure 901,991 5.7% 699,264 N/A 29.0% N/A
8 Buttock Augmentation 771,333 4.9% 820,762 479,451 -6.0% 60.9%
9 Fat Grafting – Face 741,061 4.7% 648,894 598,823 14.2% 23.8%
10 Breast Reduction 686,125 4.3% 632,860 600,219 8.4% 14.3%
11 Face Lift 646,482 4.1% 541,491 448,485 19.4% 44.1%
12 Neck Lift 452,639 2.9% 400,593 260,747 13.0% 73.6%
13 Brow Lift 386,427 2.4% 352,324 270,917 9.7% 42.6%
14 Gynecomastia 352,302 2.2% 305,340 273,344 15.4% 28.9%
15 Breast Implant Removal 335,939 2.1% 320,765 229,680 4.7% 46.3%
16 Ear Surgery 327,990 2.1% 303,906 288,905 7.9% 13.5%
17 Upper Arm Lift 244,977 1.5% 204,011 168,289 20.1% 45.6%
18 Labiaplasty 189,058 1.2% 194,086 164,667 -2.6% 14.8%
19 Facial Bone Contouring 153,749 1.0% 138,115 108,536 11.3% 41.7%
20 Thigh Lift 146,264 0.9% 113,746 93,334 28.6% 56.7%
21 Lower Body Lift 128,998 0.8% 123,123 75,895 4.8% 70.0%
22 Buttock Lift 110,167 0.7% 95,174 54,894 15.8% 100.7%
23 Vaginal Rejuvenation 84,495 0.5% 70,645 N/A 19.6% N/A
24 Upper Body Lift 70,306 0.4% 54,120 N/A 29.9% N/A
TOTAL SURGICAL PROCEDURES 15,813,353 14,986,982 11,363,569 5.5% 39.2%
2023
INTERNATIONAL
Please credit the International Society of Aesthetic Plastic Surgery when citing statistical data. Contact ISAPS: +44 20 7038 7812 | media@isaps.org | www.isaps.org 9
SURVEY"
2023,E:\shared\行业报告\2023isaps-global-survey.pdf,https://www.isaps.org/media/rxnfqibn/isaps-global-survey_2023.pdf,10,"NUMBER OF WORLDWIDE NON-SURGICAL PROCEDURES
PERFORMED BY PLASTIC SURGEONS
Percentage of Percentage Percentage
Total Procedures Total Procedures
Rank NON-SURGICAL PROCEDURES Total Total Non-Surgical Change Change
in 2022 in 2019
Procedures 2023 vs. 2022 2023 vs. 2019
1 Botulinum Toxin 8,877,991 46.3% 9,221,419 6,271,488 -3.7% 41.6%
2 Hyaluronic Acid 5,564,866 29.0% 4,312,037 4,315,859 29.1% 28.9%
3 Hair Removal 1,608,447 8.4% 1,798,253 1,042,951 -10.6% 54.2%
4 Non-Surgical Skin Tightening 831,583 4.3% 734,257 N/A 13.3% N/A
5 Non-Surgical Fat Reduction 631,212 3.3% 778,716 462,769 -18.9% 36.4%
6 Chemical Peel 553,785 2.9% 844,616 369,497 -34.4% 49.9%
7 Full Field Ablative 437,652 2.3% 367,983 190,978 18.9% 129.2%
8 Calcium Hydroxylapatite 344,624 1.8% 350,716 212,762 -1.7% 62.0%
9 Cellulite Treatment 331,981 1.7% 449,314 N/A -26.1% N/A
TOTAL NON-SURGICAL PROCEDURES 19,182,141 18,857,311 13,618,735 1.7% 40.9%
2023
INTERNATIONAL
Please credit the International Society of Aesthetic Plastic Surgery when citing statistical data. Contact ISAPS: +44 20 7038 7812 | media@isaps.org | www.isaps.org 10
SURVEY"
2023,E:\shared\行业报告\2023isaps-global-survey.pdf,https://www.isaps.org/media/rxnfqibn/isaps-global-survey_2023.pdf,11,"NUMBER OF WORLDWIDE SURGICAL PROCEDURES
BY REGION OF THE BODY
Percentage Percentage
TOTAL SURGICAL PROCEDURES 2023 2022 2019 Change Change
2023 vs. 2022 2023 vs. 2019
Brow Lift 386,427 352,324 270,917 9.7% 42.6%
Ear Surgery 327,990 303,906 288,905 7.9% 13.5%
Eyelid Surgery 1,746,946 1,409,103 1,259,839 24.0% 38.7%
Face Lift 646,482 541,491 448,485 19.4% 44.1%
Facial Bone Contouring 153,749 138,115 108,536 11.3% 41.7%
Fat Grafting – Face 741,061 648,894 598,823 14.2% 23.8%
Lip Enhancement/Perioral Procedure 901,991 699,264 N/A 29.0% N/A
Neck Lift 452,639 400,593 260,747 13.0% 73.6%
Rhinoplasty 1,148,559 944,468 821,890 21.6% 39.7%
TOTAL FACE & HEAD PROCEDURES 6,505,843 5,438,157 4,058,143 19.6% 60.3%
Breast Augmentation 1,892,777 2,174,616 1,795,551 -13.0% 5.4%
Breast Implant Removal 335,939 320,765 229,680 4.7% 46.3%
Breast Lift 903,266 955,026 741,284 -5.4% 21.9%
Breast Reduction 686,125 632,860 600,219 8.4% 14.3%
Gynecomastia 352,302 305,340 273,344 15.4% 28.9%
TOTAL BREAST PROCEDURES 4,170,409 4,388,607 3,640,079 -5.0% 14.6%
Abdominoplasty 1,153,539 1,180,623 924,031 -2.3% 24.8%
Buttock Augmentation 771,333 820,762 479,451 -6.0% 60.9%
Buttock Lift 110,167 95,174 54,894 15.8% 100.7%
Liposuction 2,237,966 2,303,929 1,704,786 -2.9% 31.3%
Lower Body Lift 128,998 123,123 75,895 4.8% 70.0%
Thigh Lift 146,264 113,746 93,334 28.6% 56.7%
Upper Arm Lift 244,977 204,011 168,289 20.1% 45.6%
Upper Body Lift 70,306 54,120 N/A 29.9% N/A
Labiaplasty 189,058 194,086 164,667 -2.6% 14.8%
Vaginal Rejuvenation 84,495 70,645 N/A 19.6% N/A
TOTAL BODY & EXTREMITIES PROCEDURES 5,137,101 5,160,218 3,665,347 -0.4% 40.2%
TOTAL SURGICAL PROCEDURES 15,813,353 14,986,982 11,363,569 5.5% 39.2%
2023
INTERNATIONAL
Please credit the International Society of Aesthetic Plastic Surgery when citing statistical data. Contact ISAPS: +44 20 7038 7812 | media@isaps.org | www.isaps.org 11
SURVEY
FACE
&
HEAD
BREAST
BODY
&
EXTREMITIES"
2023,E:\shared\行业报告\2023isaps-global-survey.pdf,https://www.isaps.org/media/rxnfqibn/isaps-global-survey_2023.pdf,12,"Percentage Percentage
TOTAL NON-SURGICAL PROCEDURES 2023 2022 2019 Change Change
2023 vs. 2022 2023 vs. 2019
Botulinum Toxin 8,877,991 9,221,419 6,271,488 -3.7% 41.6%
Calcium Hydroxylapatite 344,624 350,716 212,762 -1.7% 62.0%
Hyaluronic Acid 5,564,866 4,312,037 4,315,859 29.1% 28.9%
TOTAL INJECTABLES PROCEDURES 14,787,481 13,884,172 10,890,368 6.5% 35.8%
Chemical Peel 553,785 844,616 369,497 -34.4% 49.9%
Full Field Ablative 437,652 367,983 190,978 18.9% 129.2%
Non-Surgical Skin Tightening 831,583 734,257 N/A 13.3% N/A
TOTAL FACIAL REJUVENATION PROCEDURES 1,823,020 1,946,855 1,222,648 -6.4% 49.1%
Cellulite Treatment 331,981 449,314 N/A -26.1% N/A
Hair Removal 1,608,447 1,798,253 1,042,951 -10.6% 54.2%
Non-Surgical Fat Reduction 631,212 778,716 462,769 -18.9% 36.4%
TOTAL OTHER PROCEDURES 2,571,640 3,026,284 1,505,719 -15.0% 70.8%
TOTAL NON-SURGICAL PROCEDURES 19,182,141 18,857,311 13,618,735 1.7% 40.9%
2023
INTERNATIONAL
Please credit the International Society of Aesthetic Plastic Surgery when citing statistical data. Contact ISAPS: +44 20 7038 7812 | media@isaps.org | www.isaps.org 12
SURVEY
REJUVENATION
INJECTABLES
OTHER
FACIAL
NUMBER OF WORLDWIDE NON-SURGICAL PROCEDURES
BY TYPE OF PROCEDURE
TOTAL PROCEDURES 34,995,494 33,844,293 24,982,304 3.4% 40.1%"
2023,E:\shared\行业报告\2023isaps-global-survey.pdf,https://www.isaps.org/media/rxnfqibn/isaps-global-survey_2023.pdf,13,"OVERVIEW OF ALL PROCEDURES
TOTAL PROCEDURES IN 2023
INCREASED BY
3 . 4%
Compared to 2022 statistics
TOTAL SURGICAL TOTAL NON-SURGICAL
5.5% 1.7%
PROCEDURES PROCEDURES
5.5% 1.7%
INCREASED BY INCREASED BY
TOTAL TOTAL TOTAL TOTAL TOTAL FACIAL TOTAL
FACE & HEAD BREAST BODY & EXTREMITIES INJECTABLES REJUVENATION OTHER
procedures procedures procedures procedures procedures procedures
19.6% -5.0% -0.4% 6.5% -6.4% -15.0%
2023
INTERNATIONAL
Please credit the International Society of Aesthetic Plastic Surgery when citing statistical data. Contact ISAPS: +44 20 7038 7812 | media@isaps.org | www.isaps.org 13
SURVEY"
2023,E:\shared\行业报告\2023isaps-global-survey.pdf,https://www.isaps.org/media/rxnfqibn/isaps-global-survey_2023.pdf,14,"PROCEDURES
BY COUNTRY"
2023,E:\shared\行业报告\2023isaps-global-survey.pdf,https://www.isaps.org/media/rxnfqibn/isaps-global-survey_2023.pdf,15,"US
TOTAL NUMBER OF
PROCEDURES IN THE US
US
6,196,701
TOTAL SURGICAL PROCEDURES 1,791,102 TOTAL NON-SURGICAL PROCEDURES 4,405,599
FACE & HEAD BODY & EXTREMITIES INJECTABLES FACIAL REJUVENATION
Brow Lift 31,097 Abdominoplasty 193,439 Botulinum Toxin 2,499,859 Chemical Peel 232,902
Ear Surgery 31,554 Buttock Augmentation 23,661 Calcium Hydroxylapatite 84,817 Full Field Ablative 118,661
Eyelid Surgery 122,092 Buttock Lift 13,131 Hyaluronic Acid 712,225 Non-Surgical Skin Tightening 261,088
Face Lift 94,158 Liposuction 383,919 TOTAL INJECTABLES 3,296,901 TOTAL FACIAL REJUVENATION 612,651
Facial Bone Contouring 16,313 Lower Body Lift 13,886
OTHER MOST COMMON PROCEDURES
Fat Grafting – Face 25,850 Thigh Lift 13,975
Lip Enhancement/ Upper Arm Lift 28,398 Cellulite Treatment 22,217 TOTAL % OF
108,500 TOTAL
Perioral Procedure Upper Body Lift 9,739 Hair Removal 240,373
Botulinum Toxin 2,499,859 56.7%
Neck Lift 42,526 Labiaplasty 18,316 Non-Surgical
233,458 Hyaluronic Acid 712,225 16.2%
Rhinoplasty 49,078 Fat Reduction
Vaginal Rejuvenation 3,589
Non-Surgical
TOTAL FACE & HEAD 521,167 TOTAL BODY & EXTREMITIES 702,054 TOTAL OTHER 496,047 Skin Tightening 261,088 5.9%
Hair Removal 240,373 5.5%
Non-Surgical
233,458 5.3%
BREAST MOST COMMON PROCEDURES Fat Reduction
Breast Augmentation 242,596 TOTAL % OF
TOTAL
Breast Implant Removal 74,109
Liposuction 383,919 21.4%
Breast Lift 151,902
Breast Augmentation 242,596 13.5%
Breast Reduction 77,856
Abdominoplasty 193,439 10.8%
Gynecomastia 21,418
Breast Lift 151,902 8.5%
TOTAL BREAST 567,881 Eyelid Surgery 122,092 6.8%
2023
INTERNATIONAL
Please credit the International Society of Aesthetic Plastic Surgery when citing statistical data. Contact ISAPS: +44 20 7038 7812 | media@isaps.org | www.isaps.org 15
SURVEY"
2023,E:\shared\行业报告\2023isaps-global-survey.pdf,https://www.isaps.org/media/rxnfqibn/isaps-global-survey_2023.pdf,16,"BRAZIL
TOTAL NUMBER OF
PROCEDURES IN BRAZIL
BRAZIL
3,381,551
TOTAL SURGICAL PROCEDURES 2,185,038 TOTAL NON-SURGICAL PROCEDURES 1,196,513
FACE & HEAD BODY & EXTREMITIES INJECTABLES FACIAL REJUVENATION
Brow Lift 54,191 Abdominoplasty 161,441 Botulinum Toxin 571,117 Chemical Peel 18,832
Ear Surgery 34,596 Buttock Augmentation 199,254 Calcium Hydroxylapatite 47,883 Full Field Ablative 31,001
Eyelid Surgery 216,318 Buttock Lift 21,757 Hyaluronic Acid 429,391 Non-Surgical Skin Tightening 25,140
Face Lift 110,005 Liposuction 307,280 TOTAL INJECTABLES 1,048,391 TOTAL FACIAL REJUVENATION 74,973
Facial Bone Contouring 19,845 Lower Body Lift 25,817
Fat Grafting – Face 84,931 Thigh Lift 21,725 OTHER MOST COMMON PROCEDURES
Lip Enhancement/ Upper Arm Lift 36,515
122,781 Cellulite Treatment 41,770 TOTAL % OF
Perioral Procedure Upper Body Lift 13,272 TOTAL
Hair Removal 16,412
Neck Lift 75,624 Botulinum Toxin 571,117 47.7%
Labiaplasty 28,478
Non-Surgical Fat Reduction 14,967
Rhinoplasty 87,215 Vaginal Rejuvenation 12,839 Hyaluronic Acid 429,391 35.9%
TOTAL OTHER 73,149 Calcium
TOTAL FACE & HEAD 805,507 TOTAL BODY & EXTREMITIES 828,377 47,883 4.0%
Hydroxylapatite
Cellulite Treatment 41,770 3.5%
BREAST MOST COMMON PROCEDURES
Full Field Ablative 31,001 2.6%
Breast Augmentation 227,451 TOTAL % OF
TOTAL
Breast Implant Removal 41,314
Liposuction 307,280 14.1%
Breast Lift 140,675
Breast Augmentation 227,451 10.4%
Breast Reduction 95,251
Eyelid Surgery 216,318 9.9%
Gynecomastia 46,463
Buttock Augmentation 199,254 9.1%
TOTAL BREAST 551,153 Abdominoplasty 161,441 7.4%
2023
INTERNATIONAL
Please credit the International Society of Aesthetic Plastic Surgery when citing statistical data. Contact ISAPS: +44 20 7038 7812 | media@isaps.org | www.isaps.org 16
SURVEY"
2023,E:\shared\行业报告\2023isaps-global-survey.pdf,https://www.isaps.org/media/rxnfqibn/isaps-global-survey_2023.pdf,17,"MEXICO
TOTAL NUMBER OF
PROCEDURES IN MEXICO
MEXICO
1,714,952
TOTAL SURGICAL PROCEDURES 932,539 TOTAL NON-SURGICAL PROCEDURES 782,413
FACE & HEAD BODY & EXTREMITIES INJECTABLES FACIAL REJUVENATION
Brow Lift 24,833 Abdominoplasty 71,197 Botulinum Toxin 372,064 Chemical Peel 16,224
Ear Surgery 12,945 Buttock Augmentation 99,959 Calcium Hydroxylapatite 10,944 Full Field Ablative 14,816
Eyelid Surgery 83,386 Buttock Lift 12,160 Hyaluronic Acid 204,926 Non-Surgical Skin Tightening 37,381
Face Lift 31,942 Liposuction 145,261 TOTAL INJECTABLES 587,934 TOTAL FACIAL REJUVENATION 68,421
Facial Bone Contouring 14,639 Lower Body Lift 8,753
Fat Grafting – Face 49,866 Thigh Lift 6,695 OTHER MOST COMMON PROCEDURES
Lip Enhancement/ Upper Arm Lift 17,019
46,414 Cellulite Treatment 32,563 TOTAL % OF
Perioral Procedure Upper Body Lift 6,188 TOTAL
Hair Removal 58,697
Neck Lift 33,009 Botulinum Toxin 372,064 47.6%
Labiaplasty 6,809
Non-Surgical Fat Reduction 34,799
Rhinoplasty 60,489 Vaginal Rejuvenation 4,491 Hyaluronic Acid 204,926 26.2%
TOTAL OTHER 126,058 Hair Removal 58,697 7.5%
TOTAL FACE & HEAD 357,524 TOTAL BODY & EXTREMITIES 378,530
Non-Surgical
37,381 4.8%
Skin Tightening
BREAST MOST COMMON PROCEDURES
Non-Surgical
34,799 4.4%
Breast Augmentation 101,264 TOTAL % OF Fat Reduction
TOTAL
Breast Implant Removal 16,667
Liposuction 145,261 15.6%
Breast Lift 40,803
Breast Augmentation 101,264 10.9%
Breast Reduction 23,952
Buttock Augmentation 99,959 10.7%
Gynecomastia 13,798
Eyelid Surgery 83,386 8.9%
TOTAL BREAST 196,485 Abdominoplasty 71,197 7.6%
2023
INTERNATIONAL
Please credit the International Society of Aesthetic Plastic Surgery when citing statistical data. Contact ISAPS: +44 20 7038 7812 | media@isaps.org | www.isaps.org 17
SURVEY"
2023,E:\shared\行业报告\2023isaps-global-survey.pdf,https://www.isaps.org/media/rxnfqibn/isaps-global-survey_2023.pdf,18,"GERMANY
TOTAL NUMBER OF
PROCEDURES IN GERMANY
GERMANY
1,244,466
TOTAL SURGICAL PROCEDURES 463,026 TOTAL NON-SURGICAL PROCEDURES 781,440
FACE & HEAD BODY & EXTREMITIES INJECTABLES FACIAL REJUVENATION
Brow Lift 11,498 Abdominoplasty 30,789 Botulinum Toxin 421,684 Chemical Peel 4,385
Ear Surgery 7,399 Buttock Augmentation 5,085 Calcium Hydroxylapatite 13,618 Full Field Ablative 9,283
Eyelid Surgery 71,604 Buttock Lift 2,346 Hyaluronic Acid 286,285 Non-Surgical Skin Tightening 23,277
Face Lift 14,024 Liposuction 80,519 TOTAL INJECTABLES 721,587 TOTAL FACIAL REJUVENATION 36,946
Facial Bone Contouring 1,450 Lower Body Lift 4,299
Fat Grafting – Face 14,675 Thigh Lift 6,452 OTHER MOST COMMON PROCEDURES
Lip Enhancement/ Upper Arm Lift 8,876
28,025 Cellulite Treatment 1,185 TOTAL % OF
Perioral Procedure Upper Body Lift 1,544 TOTAL
Hair Removal 4,415
Neck Lift 9,851 Botulinum Toxin 421,684 54.0%
Labiaplasty 8,198
Non-Surgical Fat Reduction 17,307
Rhinoplasty 15,852 Vaginal Rejuvenation 824 Hyaluronic Acid 286,285 36.6%
TOTAL OTHER 22,907 Non-Surgical
TOTAL FACE & HEAD 174,379 TOTAL BODY & EXTREMITIES 148,932 23,277 3.0%
Skin Tightening
Non-Surgical
17,307 2.2%
BREAST MOST COMMON PROCEDURES Fat Reduction
Breast Augmentation 71,464 TOTAL % OF Calcium
TOTAL Hydroxylapatite 13,618 1.7%
Breast Implant Removal 8,436
Liposuction 80,519 17.4%
Breast Lift 25,883
Eyelid Surgery 71,604 15.5%
Breast Reduction 22,648
Breast Augmentation 71,464 15.4%
Gynecomastia 11,283
Abdominoplasty 30,789 6.6%
TOTAL BREAST 139,714
Lip Enhancement/
28,025 6.1%
Perioral Procedure
2023
INTERNATIONAL
Please credit the International Society of Aesthetic Plastic Surgery when citing statistical data. Contact ISAPS: +44 20 7038 7812 | media@isaps.org | www.isaps.org 18
SURVEY"
2023,E:\shared\行业报告\2023isaps-global-survey.pdf,https://www.isaps.org/media/rxnfqibn/isaps-global-survey_2023.pdf,19,"ARGENTINA
TOTAL NUMBER OF
PROCEDURES IN ARGENTINA
ARGENTINA
1,210,216
TOTAL SURGICAL PROCEDURES 475,887 TOTAL NON-SURGICAL PROCEDURES 734,329
FACE & HEAD BODY & EXTREMITIES INJECTABLES FACIAL REJUVENATION
Brow Lift 9,813 Abdominoplasty 35,296 Botulinum Toxin 208,277 Chemical Peel 5,290
Ear Surgery 11,112 Buttock Augmentation 15,575 Calcium Hydroxylapatite 19,708 Full Field Ablative 19,299
Eyelid Surgery 50,369 Buttock Lift 2,186 Hyaluronic Acid 233,250 Non-Surgical Skin Tightening 23,504
Face Lift 18,211 Liposuction 45,528 TOTAL INJECTABLES 461,235 TOTAL FACIAL REJUVENATION 48,094
Facial Bone Contouring 2,598 Lower Body Lift 2,766
Fat Grafting – Face 14,715 Thigh Lift 2,268 OTHER MOST COMMON PROCEDURES
Lip Enhancement/ Upper Arm Lift 6,648
47,166 Cellulite Treatment 41,348 TOTAL % OF
Perioral Procedure Upper Body Lift 1,401 TOTAL
Hair Removal 133,166
Neck Lift 12,850 Hyaluronic Acid 233,250 31.8%
Labiaplasty 5,168
Non-Surgical Fat Reduction 50,486
Rhinoplasty 48,268 Vaginal Rejuvenation 2,311 Botulinum Toxin 208,277 28.4%
TOTAL OTHER 225,000 Hair Removal 133,166 18.1%
TOTAL FACE & HEAD 215,101 TOTAL BODY & EXTREMITIES 119,148
Non-Surgical
50,486 6.9%
Fat Reduction
BREAST MOST COMMON PROCEDURES
Cellulite Treatment 41,348 5.6%
Breast Augmentation 77,831 TOTAL % OF
TOTAL
Breast Implant Removal 12,323
Breast Augmentation 77,831 16.4%
Breast Lift 24,844
Eyelid Surgery 50,369 10.6%
Breast Reduction 19,062
Rhinoplasty 48,268 10.1%
Gynecomastia 7,579
Lip Enhancement/
47,166 9.9%
TOTAL BREAST 141,638 Perioral Procedure
Liposuction 45,528 9.6%
2023
INTERNATIONAL
Please credit the International Society of Aesthetic Plastic Surgery when citing statistical data. Contact ISAPS: +44 20 7038 7812 | media@isaps.org | www.isaps.org 19
SURVEY"
2023,E:\shared\行业报告\2023isaps-global-survey.pdf,https://www.isaps.org/media/rxnfqibn/isaps-global-survey_2023.pdf,20,"TURKIYE
TOTAL NUMBER OF
PROCEDURES IN TURKIYE
TURKIYE
1,201,139
TOTAL SURGICAL PROCEDURES 553,122 TOTAL NON-SURGICAL PROCEDURES 648,018
FACE & HEAD BODY & EXTREMITIES INJECTABLES FACIAL REJUVENATION
Brow Lift 19,322 Abdominoplasty 36,409 Botulinum Toxin 396,625 Chemical Peel 3,636
Ear Surgery 11,341 Buttock Augmentation 17,330 Calcium Hydroxylapatite 5,800 Full Field Ablative 5,331
Eyelid Surgery 61,075 Buttock Lift 2,483 Hyaluronic Acid 182,080 Non-Surgical Skin Tightening 21,066
Face Lift 19,457 Liposuction 67,962 TOTAL INJECTABLES 584,505 TOTAL FACIAL REJUVENATION 30,033
Facial Bone Contouring 6,451 Lower Body Lift 4,045
Fat Grafting – Face 33,098 Thigh Lift 6,092 OTHER MOST COMMON PROCEDURES
Lip Enhancement/ Upper Arm Lift 7,549
23,818 Cellulite Treatment 2,378 TOTAL % OF
Perioral Procedure Upper Body Lift 2,089 TOTAL
Hair Removal 17,057
Neck Lift 12,053 Botulinum Toxin 396,625 61.2%
Labiaplasty 3,582
Non-Surgical Fat Reduction 14,045
Rhinoplasty 83,146 Vaginal Rejuvenation 1,906 Hyaluronic Acid 182,080 28.1%
TOTAL OTHER 33,479 Non-Surgical
TOTAL FACE & HEAD 269,761 TOTAL BODY & EXTREMITIES 149,447 21,066 3.3%
Skin Tightening
Hair Removal 17,057 2.6%
BREAST MOST COMMON PROCEDURES
Non-Surgical
14,045 2.2%
Breast Augmentation 53,800 TOTAL % OF Fat Reduction
TOTAL
Breast Implant Removal 6,203
Rhinoplasty 83,146 15.0%
Breast Lift 29,566
Liposuction 67,962 12.3%
Breast Reduction 29,074
Eyelid Surgery 61,075 11.0%
Gynecomastia 15,271
Breast Augmentation 53,800 9.7%
TOTAL BREAST 133,914 Abdominoplasty 36,409 6.6%
2023
INTERNATIONAL
Please credit the International Society of Aesthetic Plastic Surgery when citing statistical data. Contact ISAPS: +44 20 7038 7812 | media@isaps.org | www.isaps.org 20
SURVEY"
2023,E:\shared\行业报告\2023isaps-global-survey.pdf,https://www.isaps.org/media/rxnfqibn/isaps-global-survey_2023.pdf,21,"INDIA
TOTAL NUMBER OF
PROCEDURES IN INDIA
INDIA
1,028,723
TOTAL SURGICAL PROCEDURES 531,792 TOTAL NON-SURGICAL PROCEDURES 496,931
FACE & HEAD BODY & EXTREMITIES INJECTABLES FACIAL REJUVENATION
Brow Lift 7,640 Abdominoplasty 30,793 Botulinum Toxin 115,194 Chemical Peel 70,198
Ear Surgery 21,619 Buttock Augmentation 9,223 Calcium Hydroxylapatite 250 Full Field Ablative 24,075
Eyelid Surgery 40,465 Buttock Lift 914 Hyaluronic Acid 107,100 Non-Surgical Skin Tightening 45,463
Face Lift 8,572 Liposuction 102,290 TOTAL INJECTABLES 222,544 TOTAL FACIAL REJUVENATION 139,736
Facial Bone Contouring 9,184 Lower Body Lift 4,121
Fat Grafting – Face 34,334 Thigh Lift 4,621 OTHER MOST COMMON PROCEDURES
Lip Enhancement/ Upper Arm Lift 7,379
23,466 Cellulite Treatment 3,495 TOTAL % OF
Perioral Procedure Upper Body Lift 2,325 TOTAL
Hair Removal 97,601
Neck Lift 8,692 Botulinum Toxin 115,194 23.2%
Labiaplasty 6,747
Non-Surgical Fat Reduction 33,555
Rhinoplasty 71,256 Vaginal Rejuvenation 8,333 Hyaluronic Acid 107,100 21.6%
TOTAL OTHER 134,651 Hair Removal 97,601 19.6%
TOTAL FACE & HEAD 225,227 TOTAL BODY & EXTREMITIES 176,747
Chemical Peel 70,198 14.1%
Non-Surgical
BREAST MOST COMMON PROCEDURES 45,463 9.1%
Skin Tightening
Breast Augmentation 47,690 TOTAL % OF
TOTAL
Breast Implant Removal 3,617
Liposuction 102,290 19.2%
Breast Lift 15,285
Rhinoplasty 71,256 13.4%
Breast Reduction 20,506
Breast Augmentation 47,690 9.0%
Gynecomastia 42,719
Gynecomastia 42,719 8.0%
TOTAL BREAST 129,818 Eyelid Surgery 40,465 7.6%
2023
INTERNATIONAL
Please credit the International Society of Aesthetic Plastic Surgery when citing statistical data. Contact ISAPS: +44 20 7038 7812 | media@isaps.org | www.isaps.org 21
SURVEY"
2023,E:\shared\行业报告\2023isaps-global-survey.pdf,https://www.isaps.org/media/rxnfqibn/isaps-global-survey_2023.pdf,22,"FRANCE
TOTAL NUMBER OF
PROCEDURES IN FRANCE
FRANCE
883,700
TOTAL SURGICAL PROCEDURES 323,600 TOTAL NON-SURGICAL PROCEDURES 560,100
FACE & HEAD BODY & EXTREMITIES INJECTABLES FACIAL REJUVENATION
Brow Lift 3,200 Abdominoplasty 24,200 Botulinum Toxin 208,900 Chemical Peel 9,000
Ear Surgery 7,900 Buttock Augmentation 7,600 Calcium Hydroxylapatite 10,300 Full Field Ablative 3,800
Eyelid Surgery 35,900 Buttock Lift 1,300 Hyaluronic Acid 234,900 Non-Surgical Skin Tightening 19,700
Face Lift 20,700 Liposuction 35,500 TOTAL INJECTABLES 454,100 TOTAL FACIAL REJUVENATION 32,500
Facial Bone Contouring 1,500 Lower Body Lift 3,200
Fat Grafting – Face 21,400 Thigh Lift 4,700 OTHER MOST COMMON PROCEDURES
Lip Enhancement/ Upper Arm Lift 6,300
13,700 Cellulite Treatment 4,800 TOTAL % OF
Perioral Procedure Upper Body Lift 400 TOTAL
Hair Removal 60,000
Neck Lift 11,700 Hyaluronic Acid 234,900 41.9%
Labiaplasty 6,900
Non-Surgical Fat Reduction 8,700
Rhinoplasty 17,600 Vaginal Rejuvenation 2,000 Botulinum Toxin 208,900 37.3%
TOTAL OTHER 73,500 Hair Removal 60,000 10.7%
TOTAL FACE & HEAD 133,600 TOTAL BODY & EXTREMITIES 92,100
Non-Surgical
19,700 3.5%
Skin Tightening
BREAST MOST COMMON PROCEDURES
Calcium
10,300 1.8%
Breast Augmentation 43,800 TOTAL % OF Hydroxylapatite
TOTAL
Breast Implant Removal 5,500
Breast Augmentation 43,800 13.5%
Breast Lift 18,300
Eyelid Surgery 35,900 11.1%
Breast Reduction 25,100
Liposuction 35,500 11.0%
Gynecomastia 5,200
Breast Reduction 25,100 7.8%
TOTAL BREAST 97,900 Abdominoplasty 24,200 7.5%
2023
INTERNATIONAL
Please credit the International Society of Aesthetic Plastic Surgery when citing statistical data. Contact ISAPS: +44 20 7038 7812 | media@isaps.org | www.isaps.org 22
SURVEY"
2023,E:\shared\行业报告\2023isaps-global-survey.pdf,https://www.isaps.org/media/rxnfqibn/isaps-global-survey_2023.pdf,23,"ITALY
TOTAL NUMBER OF
PROCEDURES IN ITALY
ITALY
757,442
TOTAL SURGICAL PROCEDURES 262,254 TOTAL NON-SURGICAL PROCEDURES 495,188
FACE & HEAD BODY & EXTREMITIES INJECTABLES FACIAL REJUVENATION
Brow Lift 6,613 Abdominoplasty 15,719 Botulinum Toxin 194,335 Chemical Peel 22,442
Ear Surgery 6,440 Buttock Augmentation 7,207 Calcium Hydroxylapatite 12,468 Full Field Ablative 11,179
Eyelid Surgery 31,512 Buttock Lift 902 Hyaluronic Acid 190,606 Non-Surgical Skin Tightening 14,982
Face Lift 7,633 Liposuction 26,652 TOTAL INJECTABLES 397,409 TOTAL FACIAL REJUVENATION 48,603
Facial Bone Contouring 2,781 Lower Body Lift 1,274
Fat Grafting – Face 12,452 Thigh Lift 3,466 OTHER MOST COMMON PROCEDURES
Lip Enhancement/ Upper Arm Lift 5,948
27,202 Cellulite Treatment 13,787 TOTAL % OF
Perioral Procedure Upper Body Lift 339 TOTAL
Hair Removal 26,296
Neck Lift 5,685 Botulinum Toxin 194,335 39.2%
Labiaplasty 3,975
Non-Surgical Fat Reduction 9,093
Rhinoplasty 18,083 Vaginal Rejuvenation 823 Hyaluronic Acid 190,606 38.5%
TOTAL OTHER 49,176 Hair Removal 26,296 5.3%
TOTAL FACE & HEAD 118,401 TOTAL BODY & EXTREMITIES 66,305
Chemical Peel 22,442 4.5%
Non-Surgical
BREAST MOST COMMON PROCEDURES 14,982 3.0%
Skin Tightening
Breast Augmentation 38,949 TOTAL % OF
TOTAL
Breast Implant Removal 6,772
Breast Augmentation 38,949 14.9%
Breast Lift 16,244
Eyelid Surgery 31,512 12.0%
Breast Reduction 9,743
Lip Enhancement/
27,202 10.4%
Gynecomastia 5,839 Perioral Procedure
TOTAL BREAST 77,547 Liposuction 26,652 10.2%
Rhinoplasty 18,083 6.9%
2023
INTERNATIONAL
Please credit the International Society of Aesthetic Plastic Surgery when citing statistical data. Contact ISAPS: +44 20 7038 7812 | media@isaps.org | www.isaps.org 23
SURVEY"
2023,E:\shared\行业报告\2023isaps-global-survey.pdf,https://www.isaps.org/media/rxnfqibn/isaps-global-survey_2023.pdf,24,"SPAIN
TOTAL NUMBER OF
PROCEDURES IN SPAIN
SPAIN
528,608
TOTAL SURGICAL PROCEDURES 259,473 TOTAL NON-SURGICAL PROCEDURES 269,136
FACE & HEAD BODY & EXTREMITIES INJECTABLES FACIAL REJUVENATION
Brow Lift 5,430 Abdominoplasty 12,319 Botulinum Toxin 89,186 Chemical Peel 7,975
Ear Surgery 7,775 Buttock Augmentation 7,516 Calcium Hydroxylapatite 8,364 Full Field Ablative 8,921
Eyelid Surgery 40,252 Buttock Lift 364 Hyaluronic Acid 114,200 Non-Surgical Skin Tightening 8,821
Face Lift 6,269 Liposuction 25,481 TOTAL INJECTABLES 211,750 TOTAL FACIAL REJUVENATION 25,717
Facial Bone Contouring 1,821 Lower Body Lift 950
Fat Grafting – Face 11,946 Thigh Lift 2,271 OTHER MOST COMMON PROCEDURES
Lip Enhancement/ Upper Arm Lift 2,662
20,178 Cellulite Treatment 7,227 TOTAL % OF
Perioral Procedure Upper Body Lift 198 TOTAL
Hair Removal 18,992
Neck Lift 5,025 Hyaluronic Acid 114,200 42.4%
Labiaplasty 5,226
Non-Surgical Fat Reduction 5,449
Rhinoplasty 13,566 Vaginal Rejuvenation 1,292 Botulinum Toxin 89,186 33.1%
TOTAL OTHER 31,668 Hair Removal 18,992 7.1%
TOTAL FACE & HEAD 112,262 TOTAL BODY & EXTREMITIES 58,279
Full Field Ablative 8,921 3.3%
Non-Surgical
BREAST MOST COMMON PROCEDURES 8,821 3.3%
Skin Tightening
Breast Augmentation 44,663 TOTAL % OF
TOTAL
Breast Implant Removal 7,145
Breast Augmentation 44,663 17.2%
Breast Lift 18,859
Eyelid Surgery 40,252 15.5%
Breast Reduction 12,847
Liposuction 25,481 9.8%
Gynecomastia 5,418
Lip Enhancement/
20,178 7.8%
TOTAL BREAST 88,931 Perioral Procedure
Breast Lift 18,859 7.3%
2023
INTERNATIONAL
Please credit the International Society of Aesthetic Plastic Surgery when citing statistical data. Contact ISAPS: +44 20 7038 7812 | media@isaps.org | www.isaps.org 24
SURVEY"
2023,E:\shared\行业报告\2023isaps-global-survey.pdf,https://www.isaps.org/media/rxnfqibn/isaps-global-survey_2023.pdf,25,"COLOMBIA
TOTAL NUMBER OF
PROCEDURES IN COLOMBIA
COLOMBIA
447,268
TOTAL SURGICAL PROCEDURES 270,870 TOTAL NON-SURGICAL PROCEDURES 176,399
FACE & HEAD BODY & EXTREMITIES INJECTABLES FACIAL REJUVENATION
Brow Lift 6,284 Abdominoplasty 20,195 Botulinum Toxin 74,653 Chemical Peel 998
Ear Surgery 4,081 Buttock Augmentation 29,578 Calcium Hydroxylapatite 7,899 Full Field Ablative 2,371
Eyelid Surgery 24,932 Buttock Lift 1,606 Hyaluronic Acid 43,230 Non-Surgical Skin Tightening 10,878
Face Lift 8,259 Liposuction 39,744 TOTAL INJECTABLES 125,782 TOTAL FACIAL REJUVENATION 14,248
Facial Bone Contouring 2,222 Lower Body Lift 1,774
Fat Grafting – Face 13,711 Thigh Lift 2,746 OTHER MOST COMMON PROCEDURES
Lip Enhancement/ Upper Arm Lift 3,122
10,701 Cellulite Treatment 3,462 TOTAL % OF
Perioral Procedure Upper Body Lift 810 TOTAL
Hair Removal 28,288
Neck Lift 6,306 Botulinum Toxin 74,653 42.3%
Labiaplasty 2,739
Non-Surgical Fat Reduction 4,619
Rhinoplasty 16,809 Vaginal Rejuvenation 2,172 Hyaluronic Acid 43,230 24.5%
TOTAL OTHER 36,369 Hair Removal 28,288 16.0%
TOTAL FACE & HEAD 93,304 TOTAL BODY & EXTREMITIES 104,485
Non-Surgical
10,878 6.2%
Skin Tightening
BREAST MOST COMMON PROCEDURES
Calcium
7,899 4.5%
Breast Augmentation 28,606 TOTAL % OF Hydroxylapatite
TOTAL
Breast Implant Removal 9,406
Liposuction 39,744 14.7%
Breast Lift 18,173
Buttock
29,578 10.9%
Breast Reduction 12,465 Augmentation
Gynecomastia 4,430 Breast Augmentation 28,606 10.6%
TOTAL BREAST 73,081 Eyelid Surgery 24,932 9.2%
Abdominoplasty 20,195 7.5%
2023
INTERNATIONAL
Please credit the International Society of Aesthetic Plastic Surgery when citing statistical data. Contact ISAPS: +44 20 7038 7812 | media@isaps.org | www.isaps.org 25
SURVEY"
2023,E:\shared\行业报告\2023isaps-global-survey.pdf,https://www.isaps.org/media/rxnfqibn/isaps-global-survey_2023.pdf,26,"PERU
TOTAL NUMBER OF
PROCEDURES IN PERU
PERU
416,588
TOTAL SURGICAL PROCEDURES 242,075 TOTAL NON-SURGICAL PROCEDURES 174,513
FACE & HEAD BODY & EXTREMITIES INJECTABLES FACIAL REJUVENATION
Brow Lift 9,200 Abdominoplasty 12,075 Botulinum Toxin 87,458 Chemical Peel 1,955
Ear Surgery 5,003 Buttock Augmentation 21,965 Calcium Hydroxylapatite 2,990 Full Field Ablative 7,360
Eyelid Surgery 23,575 Buttock Lift 1,725 Hyaluronic Acid 50,428 Non-Surgical Skin Tightening 4,370
Face Lift 10,753 Liposuction 28,118 TOTAL INJECTABLES 140,875 TOTAL FACIAL REJUVENATION 13,685
Facial Bone Contouring 4,715 Lower Body Lift 115
Fat Grafting – Face 15,525 Thigh Lift 403 OTHER MOST COMMON PROCEDURES
Lip Enhancement/ Upper Arm Lift 2,358
10,235 Cellulite Treatment 1,150 TOTAL % OF
Perioral Procedure Upper Body Lift 230 TOTAL
Hair Removal 13,225
Neck Lift 8,050 Botulinum Toxin 87,458 50.1%
Labiaplasty 1,150
Non-Surgical Fat Reduction 5,578
Rhinoplasty 44,678 Vaginal Rejuvenation 863 Hyaluronic Acid 50,428 28.9%
TOTAL OTHER 19,953 Hair Removal 13,225 7.6%
TOTAL FACE & HEAD 131,733 TOTAL BODY & EXTREMITIES 69,000
Full Field Ablative 7,360 4.2%
Non-Surgical
BREAST MOST COMMON PROCEDURES 5,578 3.2%
Fat Reduction
Breast Augmentation 19,665 TOTAL % OF
TOTAL
Breast Implant Removal 2,990
Rhinoplasty 44,678 18.5%
Breast Lift 7,993
Liposuction 28,118 11.6%
Breast Reduction 5,520
Eyelid Surgery 23,575 9.7%
Gynecomastia 5,175
Buttock
21,965 9.1%
TOTAL BREAST 41,343 Augmentation
Breast Augmentation 19,665 8.1%
2023
INTERNATIONAL
Please credit the International Society of Aesthetic Plastic Surgery when citing statistical data. Contact ISAPS: +44 20 7038 7812 | media@isaps.org | www.isaps.org 26
SURVEY"
2023,E:\shared\行业报告\2023isaps-global-survey.pdf,https://www.isaps.org/media/rxnfqibn/isaps-global-survey_2023.pdf,27,"IRAN
TOTAL NUMBER OF
PROCEDURES IN IRAN
IRAN
407,653
TOTAL SURGICAL PROCEDURES 264,060 TOTAL NON-SURGICAL PROCEDURES 143,593
FACE & HEAD BODY & EXTREMITIES INJECTABLES FACIAL REJUVENATION
Brow Lift 8,055 Abdominoplasty 17,100 Botulinum Toxin 89,609 Chemical Peel 44
Ear Surgery 4,050 Buttock Augmentation 11,700 Calcium Hydroxylapatite 252 Full Field Ablative 3,295
Eyelid Surgery 29,160 Buttock Lift 2,160 Hyaluronic Acid 35,955 Non-Surgical Skin Tightening 5,992
Face Lift 11,295 Liposuction 33,840 TOTAL INJECTABLES 125,816 TOTAL FACIAL REJUVENATION 9,331
Facial Bone Contouring 3,195 Lower Body Lift 2,025
Fat Grafting – Face 17,955 Thigh Lift 1,845 OTHER MOST COMMON PROCEDURES
Lip Enhancement/ Upper Arm Lift 4,410
10,260 Cellulite Treatment 3,459 TOTAL % OF
Perioral Procedure Upper Body Lift 2,025 TOTAL
Hair Removal 3,614
Neck Lift 8,730 Botulinum Toxin 89,609 62.4%
Labiaplasty 1,080
Non-Surgical Fat Reduction 1,374
Rhinoplasty 45,225 Vaginal Rejuvenation 135 Hyaluronic Acid 35,955 25.0%
TOTAL OTHER 8,447 Non-Surgical
TOTAL FACE & HEAD 137,925 TOTAL BODY & EXTREMITIES 76,320 5,992 4.2%
Skin Tightening
Hair Removal 3,614 2.5%
BREAST MOST COMMON PROCEDURES
Cellulite Treatment 3,459 2.4%
Breast Augmentation 18,585 TOTAL % OF
TOTAL
Breast Implant Removal 1,665
Rhinoplasty 45,225 17.1%
Breast Lift 10,440
Liposuction 33,840 12.8%
Breast Reduction 12,240
Eyelid Surgery 29,160 11.0%
Gynecomastia 6,885
Breast Augmentation 18,585 7.0%
TOTAL BREAST 49,815 Fat Grafting – Face 17,955 6.8%
2023
INTERNATIONAL
Please credit the International Society of Aesthetic Plastic Surgery when citing statistical data. Contact ISAPS: +44 20 7038 7812 | media@isaps.org | www.isaps.org 27
SURVEY"
2023,E:\shared\行业报告\2023isaps-global-survey.pdf,https://www.isaps.org/media/rxnfqibn/isaps-global-survey_2023.pdf,28,"VENEZUELA
TOTAL NUMBER OF
PROCEDURES IN VENEZUELA
VENEZUELA 362,283
TOTAL SURGICAL PROCEDURES 180,308 TOTAL NON-SURGICAL PROCEDURES 181,975
FACE & HEAD BODY & EXTREMITIES INJECTABLES FACIAL REJUVENATION
Brow Lift 5,510 Abdominoplasty 15,878 Botulinum Toxin 71,413 Chemical Peel 2,610
Ear Surgery 3,843 Buttock Augmentation 9,643 Calcium Hydroxylapatite 5,365 Full Field Ablative 5,873
Eyelid Surgery 20,373 Buttock Lift 3,915 Hyaluronic Acid 29,943 Non-Surgical Skin Tightening 17,618
Face Lift 9,063 Liposuction 20,300 TOTAL INJECTABLES 106,720 TOTAL FACIAL REJUVENATION 26,100
Facial Bone Contouring 580 Lower Body Lift 1,885
Fat Grafting – Face 12,180 Thigh Lift 1,885 OTHER MOST COMMON PROCEDURES
Lip Enhancement/ Upper Arm Lift 1,595
7,540 Cellulite Treatment 8,990 TOTAL % OF
Perioral Procedure Upper Body Lift 1,305 TOTAL
Hair Removal 29,943
Neck Lift 5,655 Botulinum Toxin 71,413 39.2%
Labiaplasty 2,538
Non-Surgical Fat Reduction 10,223
Rhinoplasty 6,090 Vaginal Rejuvenation 798 Hyaluronic Acid 29,943 16.5%
TOTAL OTHER 49,155 Hair Removal 29,943 16.5%
TOTAL FACE & HEAD 70,833 TOTAL BODY & EXTREMITIES 59,740
Non-Surgical
17,618 9.7%
Skin Tightening
BREAST MOST COMMON PROCEDURES
Non-Surgical
10,223 5.6%
Breast Augmentation 21,315 TOTAL % OF Fat Reduction
TOTAL
Breast Implant Removal 5,873
Breast Augmentation 21,315 11.8%
Breast Lift 13,268
Eyelid Surgery 20,373 11.3%
Breast Reduction 6,960
Liposuction 20,300 11.3%
Gynecomastia 2,320
Abdominoplasty 15,878 8.8%
TOTAL BREAST 49,735 Breast Lift 13,268 7.4%
2023
INTERNATIONAL
Please credit the International Society of Aesthetic Plastic Surgery when citing statistical data. Contact ISAPS: +44 20 7038 7812 | media@isaps.org | www.isaps.org 28
SURVEY"
2023,E:\shared\行业报告\2023isaps-global-survey.pdf,https://www.isaps.org/media/rxnfqibn/isaps-global-survey_2023.pdf,29,"ROMANIA
TOTAL NUMBER OF
PROCEDURES IN ROMANIA
ROMANIA 269,173
TOTAL SURGICAL PROCEDURES 94,431 TOTAL NON-SURGICAL PROCEDURES 174,742
FACE & HEAD BODY & EXTREMITIES INJECTABLES FACIAL REJUVENATION
Brow Lift 2,533 Abdominoplasty 5,449 Botulinum Toxin 86,686 Chemical Peel 3,581
Ear Surgery 2,313 Buttock Augmentation 1,537 Calcium Hydroxylapatite 1,956 Full Field Ablative 3,100
Eyelid Surgery 8,611 Buttock Lift 566 Hyaluronic Acid 72,380 Non-Surgical Skin Tightening 2,295
Face Lift 2,597 Liposuction 6,867 TOTAL INJECTABLES 161,022 TOTAL FACIAL REJUVENATION 8,976
Facial Bone Contouring 630 Lower Body Lift 863
Fat Grafting – Face 4,375 Thigh Lift 1,269 OTHER MOST COMMON PROCEDURES
Lip Enhancement/ Upper Arm Lift 936
10,267 Cellulite Treatment 931 TOTAL % OF
Perioral Procedure Upper Body Lift 642 TOTAL
Hair Removal 2,742
Neck Lift 1,389 Botulinum Toxin 86,686 49.6%
Labiaplasty 1,771
Non-Surgical Fat Reduction 1,070
Rhinoplasty 8,188 Vaginal Rejuvenation 989 Hyaluronic Acid 72,380 41.4%
TOTAL OTHER 4,743 Chemical Peel 3,581 2.0%
TOTAL FACE & HEAD 40,902 TOTAL BODY & EXTREMITIES 20,890
Full Field Ablative 3,100 1.8%
Hair Removal 2,742 1.6%
BREAST MOST COMMON PROCEDURES
Breast Augmentation 18,347 TOTAL % OF
TOTAL
Breast Implant Removal 1,200
Breast Augmentation 18,347 19.4%
Breast Lift 7,561
Lip Enhancement/
10,267 10.9%
Breast Reduction 3,695 Perioral Procedure
Gynecomastia 1,837 Eyelid Surgery 8,611 9.1%
TOTAL BREAST 32,639 Rhinoplasty 8,188 8.7%
Breast Lift 7,561 8.0%
2023
INTERNATIONAL
Please credit the International Society of Aesthetic Plastic Surgery when citing statistical data. Contact ISAPS: +44 20 7038 7812 | media@isaps.org | www.isaps.org 29
SURVEY"
2023,E:\shared\行业报告\2023isaps-global-survey.pdf,https://www.isaps.org/media/rxnfqibn/isaps-global-survey_2023.pdf,30,"UK
UK TOTAL NUMBER OF
PROCEDURES IN THE UK
224,523
TOTAL SURGICAL PROCEDURES 161,392 TOTAL NON-SURGICAL PROCEDURES 63,130
FACE & HEAD BODY & EXTREMITIES INJECTABLES FACIAL REJUVENATION
Brow Lift 2,015 Abdominoplasty 11,425 Botulinum Toxin 30,835 Chemical Peel 719
Ear Surgery 4,846 Buttock Augmentation 1,875 Calcium Hydroxylapatite 554 Full Field Ablative 284
Eyelid Surgery 15,186 Buttock Lift 231 Hyaluronic Acid 28,680 Non-Surgical Skin Tightening 1,137
Face Lift 8,476 Liposuction 18,831 TOTAL INJECTABLES 60,070 TOTAL FACIAL REJUVENATION 2,139
Facial Bone Contouring 441 Lower Body Lift 619
Fat Grafting – Face 2,280 Thigh Lift 1,285 OTHER MOST COMMON PROCEDURES
Lip Enhancement/ Upper Arm Lift 1,829
7,734 Cellulite Treatment 153 TOTAL % OF
Perioral Procedure Upper Body Lift 504 TOTAL
Hair Removal 424
Neck Lift 5,131 Botulinum Toxin 30,835 48.8%
Labiaplasty 3,625
Non-Surgical Fat Reduction 344
Rhinoplasty 8,637 Vaginal Rejuvenation 76 Hyaluronic Acid 28,680 45.4%
TOTAL OTHER 922 Non-Surgical
TOTAL FACE & HEAD 54,745 TOTAL BODY & EXTREMITIES 40,300 1,137 1.8%
Skin Tightening
Chemical Peel 719 1.1%
BREAST MOST COMMON PROCEDURES
Calcium
554 0.9%
Breast Augmentation 31,542 TOTAL % OF Hydroxylapatite
TOTAL
Breast Implant Removal 5,565
Breast Augmentation 31,542 19.5%
Breast Lift 12,697
Liposuction 18,831 11.7%
Breast Reduction 13,188
Eyelid Surgery 15,186 9.4%
Gynecomastia 3,355
Breast Reduction 13,188 8.2%
TOTAL BREAST 66,347 Breast Lift 12,697 7.9%
2023
INTERNATIONAL
Please credit the International Society of Aesthetic Plastic Surgery when citing statistical data. Contact ISAPS: +44 20 7038 7812 | media@isaps.org | www.isaps.org 30
SURVEY"
2023,E:\shared\行业报告\2023isaps-global-survey.pdf,https://www.isaps.org/media/rxnfqibn/isaps-global-survey_2023.pdf,31,"BELGIUM
TOTAL NUMBER OF
PROCEDURES IN BELGIUM
BELGIUM
223,412
TOTAL SURGICAL PROCEDURES 96,782 TOTAL NON-SURGICAL PROCEDURES 126,630
FACE & HEAD BODY & EXTREMITIES INJECTABLES FACIAL REJUVENATION
Brow Lift 2,077 Abdominoplasty 7,203 Botulinum Toxin 66,129 Chemical Peel 871
Ear Surgery 3,417 Buttock Augmentation 2,580 Calcium Hydroxylapatite 1,742 Full Field Ablative 1,742
Eyelid Surgery 16,214 Buttock Lift 871 Hyaluronic Acid 41,105 Non-Surgical Skin Tightening 3,685
Face Lift 3,317 Liposuction 11,491 TOTAL INJECTABLES 108,976 TOTAL FACIAL REJUVENATION 6,298
Facial Bone Contouring 134 Lower Body Lift 838
Fat Grafting – Face 3,652 Thigh Lift 1,541 OTHER MOST COMMON PROCEDURES
Lip Enhancement/ Upper Arm Lift 1,843
4,456 Cellulite Treatment 2,814 TOTAL % OF
Perioral Procedure Upper Body Lift 603 TOTAL
Hair Removal 6,332
Neck Lift 2,479 Botulinum Toxin 66,129 52.2%
Labiaplasty 1,374
Non-Surgical Fat Reduction 2,211
Rhinoplasty 2,111 Vaginal Rejuvenation 235 Hyaluronic Acid 41,105 32.5%
TOTAL OTHER 11,357 Hair Removal 6,332 5.0%
TOTAL FACE & HEAD 37,855 TOTAL BODY & EXTREMITIES 28,576
Non-Surgical
3,685 2.9%
Skin Tightening
BREAST MOST COMMON PROCEDURES
Cellulite Treatment 2,814 2.2%
Breast Augmentation 14,271 TOTAL % OF
TOTAL
Breast Implant Removal 2,948
Eyelid Surgery 16,214 16.8%
Breast Lift 5,997
Breast Augmentation 14,271 14.7%
Breast Reduction 5,394
Liposuction 11,491 11.9%
Gynecomastia 1,742
Abdominoplasty 7,203 7.4%
TOTAL BREAST 30,351 Breast Lift 5,997 6.2%
2023
INTERNATIONAL
Please credit the International Society of Aesthetic Plastic Surgery when citing statistical data. Contact ISAPS: +44 20 7038 7812 | media@isaps.org | www.isaps.org 31
SURVEY"
2023,E:\shared\行业报告\2023isaps-global-survey.pdf,https://www.isaps.org/media/rxnfqibn/isaps-global-survey_2023.pdf,32,"GREECE
TOTAL NUMBER OF
PROCEDURES IN GREECE
GREECE
194,856
TOTAL SURGICAL PROCEDURES 43,911 TOTAL NON-SURGICAL PROCEDURES 150,945
FACE & HEAD BODY & EXTREMITIES INJECTABLES FACIAL REJUVENATION
Brow Lift 960 Abdominoplasty 2,224 Botulinum Toxin 46,087 Chemical Peel 3,048
Ear Surgery 1,636 Buttock Augmentation 1,249 Calcium Hydroxylapatite 657 Full Field Ablative 4,804
Eyelid Surgery 6,557 Buttock Lift 166 Hyaluronic Acid 48,954 Non-Surgical Skin Tightening 4,538
Face Lift 1,695 Liposuction 6,463 TOTAL INJECTABLES 95,698 TOTAL FACIAL REJUVENATION 12,389
Facial Bone Contouring 165 Lower Body Lift 241
Fat Grafting – Face 3,382 Thigh Lift 506 OTHER MOST COMMON PROCEDURES
Lip Enhancement/ Upper Arm Lift 731
2,613 Cellulite Treatment 4,299 TOTAL % OF
Perioral Procedure Upper Body Lift 247 TOTAL
Hair Removal 35,148
Neck Lift 1,561 Hyaluronic Acid 48,954 32.4%
Labiaplasty 571
Non-Surgical Fat Reduction 3,412
Rhinoplasty 2,292 Vaginal Rejuvenation 350 Botulinum Toxin 46,087 30.5%
TOTAL OTHER 42,858 Hair Removal 35,148 23.3%
TOTAL FACE & HEAD 20,861 TOTAL BODY & EXTREMITIES 12,749
Full Field Ablative 4,804 3.2%
Non-Surgical
BREAST MOST COMMON PROCEDURES 4,538 3.0%
Skin Tightening
Breast Augmentation 4,972 TOTAL % OF
TOTAL
Breast Implant Removal 572
Eyelid Surgery 6,557 14.9%
Breast Lift 1,941
Liposuction 6,463 14.7%
Breast Reduction 1,684
Breast Augmentation 4,972 11.3%
Gynecomastia 1,132
Fat Grafting – Face 3,382 7.7%
TOTAL BREAST 10,301 Lip Enhancement/
2,613 6.0%
Perioral Procedure
2023
INTERNATIONAL
Please credit the International Society of Aesthetic Plastic Surgery when citing statistical data. Contact ISAPS: +44 20 7038 7812 | media@isaps.org | www.isaps.org 32
SURVEY"
2023,E:\shared\行业报告\2023isaps-global-survey.pdf,https://www.isaps.org/media/rxnfqibn/isaps-global-survey_2023.pdf,33,"THAILAND
TOTAL NUMBER OF
PROCEDURES IN THAILAND
THAILAND
172,840
TOTAL SURGICAL PROCEDURES 136,174 TOTAL NON-SURGICAL PROCEDURES 36,666
FACE & HEAD BODY & EXTREMITIES INJECTABLES FACIAL REJUVENATION
Brow Lift 5,895 Abdominoplasty 5,878 Botulinum Toxin 27,835 Chemical Peel 992
Ear Surgery 2,582 Buttock Augmentation 1,794 Calcium Hydroxylapatite 0 Full Field Ablative 174
Eyelid Surgery 27,357 Buttock Lift 753 Hyaluronic Acid 4,250 Non-Surgical Skin Tightening 1,967
Face Lift 7,657 Liposuction 11,927 TOTAL INJECTABLES 32,086 TOTAL FACIAL REJUVENATION 3,133
Facial Bone Contouring 2,954 Lower Body Lift 1,246
Fat Grafting – Face 8,083 Thigh Lift 890 OTHER MOST COMMON PROCEDURES
Lip Enhancement/ Upper Arm Lift 1,983
3,416 Cellulite Treatment 227 TOTAL % OF
Perioral Procedure Upper Body Lift 743 TOTAL
Hair Removal 577
Neck Lift 5,018 Botulinum Toxin 27,835 75.9%
Labiaplasty 1,063
Non-Surgical Fat Reduction 643
Rhinoplasty 17,885 Vaginal Rejuvenation 742 Hyaluronic Acid 4,250 11.6%
TOTAL OTHER 1,447 Non-Surgical
TOTAL FACE & HEAD 80,849 TOTAL BODY & EXTREMITIES 27,019 1,967 5.4%
Skin Tightening
Chemical Peel 992 2.7%
BREAST MOST COMMON PROCEDURES
Non-Surgical
643 1.8%
Breast Augmentation 15,321 TOTAL % OF Fat Reduction
TOTAL
Breast Implant Removal 2,351
Eyelid Surgery 27,357 20.1%
Breast Lift 5,436
Rhinoplasty 17,885 13.1%
Breast Reduction 3,658
Breast Augmentation 15,321 11.3%
Gynecomastia 1,542
Liposuction 11,927 8.8%
TOTAL BREAST 28,307 Fat Grafting – Face 8,083 5.9%
2023
INTERNATIONAL
Please credit the International Society of Aesthetic Plastic Surgery when citing statistical data. Contact ISAPS: +44 20 7038 7812 | media@isaps.org | www.isaps.org 33
SURVEY"
2023,E:\shared\行业报告\2023isaps-global-survey.pdf,https://www.isaps.org/media/rxnfqibn/isaps-global-survey_2023.pdf,34,"SYRIA
TOTAL NUMBER OF
PROCEDURES IN SYRIA
SYRIA
153,040
TOTAL SURGICAL PROCEDURES 55,790 TOTAL NON-SURGICAL PROCEDURES 97,250
FACE & HEAD BODY & EXTREMITIES INJECTABLES FACIAL REJUVENATION
Brow Lift 2,040 Abdominoplasty 3,650 Botulinum Toxin 37,530 Chemical Peel 1,570
Ear Surgery 1,000 Buttock Augmentation 2,780 Calcium Hydroxylapatite 300 Full Field Ablative 2,120
Eyelid Surgery 6,900 Buttock Lift 430 Hyaluronic Acid 26,270 Non-Surgical Skin Tightening 3,300
Face Lift 2,240 Liposuction 6,240 TOTAL INJECTABLES 64,100 TOTAL FACIAL REJUVENATION 6,990
Facial Bone Contouring 530 Lower Body Lift 800
Fat Grafting – Face 3,970 Thigh Lift 750 OTHER MOST COMMON PROCEDURES
Lip Enhancement/ Upper Arm Lift 1,150
4,170 Cellulite Treatment 1,070 TOTAL % OF
Perioral Procedure Upper Body Lift 340 TOTAL
Hair Removal 23,460
Neck Lift 2,450 Botulinum Toxin 37,530 38.6%
Labiaplasty 470
Non-Surgical Fat Reduction 1,630
Rhinoplasty 6,250 Vaginal Rejuvenation 440 Hyaluronic Acid 26,270 27.0%
TOTAL OTHER 26,160 Hair Removal 23,460 24.1%
TOTAL FACE & HEAD 29,550 TOTAL BODY & EXTREMITIES 17,050
Non-Surgical
3,300 3.4%
Skin Tightening
BREAST MOST COMMON PROCEDURES
Full Field Ablative 2,120 2.2%
Breast Augmentation 3,870 TOTAL % OF
TOTAL
Breast Implant Removal 490
Eyelid Surgery 6,900 12.4%
Breast Lift 1,890
Rhinoplasty 6,250 11.2%
Breast Reduction 1,630
Liposuction 6,240 11.2%
Gynecomastia 1,310
Lip Enhancement/
4,170 7.5%
TOTAL BREAST 9,190 Perioral Procedure
Fat Grafting – Face 3,970 7.1%
2023
INTERNATIONAL
Please credit the International Society of Aesthetic Plastic Surgery when citing statistical data. Contact ISAPS: +44 20 7038 7812 | media@isaps.org | www.isaps.org 34
SURVEY"
2023,E:\shared\行业报告\2023isaps-global-survey.pdf,https://www.isaps.org/media/rxnfqibn/isaps-global-survey_2023.pdf,35,"SOUTH AFRICA
SOUTH TOTAL NUMBER OF
PROCEDURES IN SOUTH AFRICA
AFRICA
85,869
TOTAL SURGICAL PROCEDURES 37,383 TOTAL NON-SURGICAL PROCEDURES 48,486
FACE & HEAD BODY & EXTREMITIES INJECTABLES FACIAL REJUVENATION
Brow Lift 507 Abdominoplasty 1,808 Botulinum Toxin 29,643 Chemical Peel 1,149
Ear Surgery 642 Buttock Augmentation 220 Calcium Hydroxylapatite 473 Full Field Ablative 389
Eyelid Surgery 5,864 Buttock Lift 51 Hyaluronic Acid 12,641 Non-Surgical Skin Tightening 3,414
Face Lift 2,451 Liposuction 3,481 TOTAL INJECTABLES 42,757 TOTAL FACIAL REJUVENATION 4,952
Facial Bone Contouring 17 Lower Body Lift 101
Fat Grafting – Face 3,397 Thigh Lift 135 OTHER MOST COMMON PROCEDURES
Lip Enhancement/ Upper Arm Lift 321
2,332 Cellulite Treatment 456 TOTAL % OF
Perioral Procedure Upper Body Lift 17 TOTAL
Hair Removal 0
Neck Lift 1,352 Botulinum Toxin 29,643 61.1%
Labiaplasty 338
Non-Surgical Fat Reduction 321
Rhinoplasty 1,707 Vaginal Rejuvenation 237 Hyaluronic Acid 12,641 26.1%
TOTAL OTHER 777 Non-Surgical
TOTAL FACE & HEAD 18,269 TOTAL BODY & EXTREMITIES 6,709 3,414 7.0%
Skin Tightening
Chemical Peel 1,149 2.4%
BREAST MOST COMMON PROCEDURES
Calcium
473 1.0%
Breast Augmentation 4,749 TOTAL % OF Hydroxylapatite
TOTAL
Breast Implant Removal 1,301
Eyelid Surgery 5,864 15.7%
Breast Lift 2,653
Breast Augmentation 4,749 12.7%
Breast Reduction 3,279
Liposuction 3,481 9.3%
Gynecomastia 423
Fat Grafting – Face 3,397 9.1%
TOTAL BREAST 12,405 Breast Reduction 3,279 8.8%
2023
INTERNATIONAL
Please credit the International Society of Aesthetic Plastic Surgery when citing statistical data. Contact ISAPS: +44 20 7038 7812 | media@isaps.org | www.isaps.org 35
SURVEY"
2023,E:\shared\行业报告\2023isaps-global-survey.pdf,https://www.isaps.org/media/rxnfqibn/isaps-global-survey_2023.pdf,36,"MALAYSIA
TOTAL NUMBER OF
PROCEDURES IN MALAYSIA
MALAYSIA
23,923
TOTAL SURGICAL PROCEDURES 11,334 TOTAL NON-SURGICAL PROCEDURES 12,589
FACE & HEAD BODY & EXTREMITIES INJECTABLES FACIAL REJUVENATION
Brow Lift 358 Abdominoplasty 627 Botulinum Toxin 4,368 Chemical Peel 202
Ear Surgery 347 Buttock Augmentation 56 Calcium Hydroxylapatite 0 Full Field Ablative 2,162
Eyelid Surgery 2,307 Buttock Lift 11 Hyaluronic Acid 2,990 Non-Surgical Skin Tightening 1,960
Face Lift 482 Liposuction 1,490 TOTAL INJECTABLES 7,358 TOTAL FACIAL REJUVENATION 4,323
Facial Bone Contouring 179 Lower Body Lift 67
Fat Grafting – Face 762 Thigh Lift 101 OTHER MOST COMMON PROCEDURES
Lip Enhancement/ Upper Arm Lift 123
437 Cellulite Treatment 45 TOTAL % OF
Perioral Procedure Upper Body Lift 11 TOTAL
Hair Removal 358
Neck Lift 392 Botulinum Toxin 4,368 34.7%
Labiaplasty 112
Non-Surgical Fat Reduction 504
Rhinoplasty 806 Vaginal Rejuvenation 56 Hyaluronic Acid 2,990 23.8%
TOTAL OTHER 907 Full Field Ablative 2,162 17.2%
TOTAL FACE & HEAD 6,070 TOTAL BODY & EXTREMITIES 2,654
Non-Surgical
1,960 15.6%
Skin Tightening
BREAST MOST COMMON PROCEDURES
Non-Surgical
504 4.0%
Breast Augmentation 1,501 TOTAL % OF Fat Reduction
TOTAL
Breast Implant Removal 190
Eyelid Surgery 2,307 20.4%
Breast Lift 224
Breast Augmentation 1,501 13.2%
Breast Reduction 381
Liposuction 1,490 13.1%
Gynecomastia 314
Rhinoplasty 806 7.1%
TOTAL BREAST 2,610 Fat Grafting – Face 762 6.7%
2023
INTERNATIONAL
Please credit the International Society of Aesthetic Plastic Surgery when citing statistical data. Contact ISAPS: +44 20 7038 7812 | media@isaps.org | www.isaps.org 36
SURVEY"
2023,E:\shared\行业报告\2023isaps-global-survey.pdf,https://www.isaps.org/media/rxnfqibn/isaps-global-survey_2023.pdf,37,"BANGLADESH
TOTAL NUMBER OF
PROCEDURES IN BANGLADESH
BANGLADESH
21,928
TOTAL SURGICAL PROCEDURES 15,810 TOTAL NON-SURGICAL PROCEDURES 6,118
FACE & HEAD BODY & EXTREMITIES INJECTABLES FACIAL REJUVENATION
Brow Lift 306 Abdominoplasty 1,739 Botulinum Toxin 1,159 Chemical Peel 564
Ear Surgery 966 Buttock Augmentation 242 Calcium Hydroxylapatite 0 Full Field Ablative 1,240
Eyelid Surgery 1,288 Buttock Lift 48 Hyaluronic Acid 660 Non-Surgical Skin Tightening 193
Face Lift 467 Liposuction 2,351 TOTAL INJECTABLES 1,819 TOTAL FACIAL REJUVENATION 1,996
Facial Bone Contouring 209 Lower Body Lift 145
Fat Grafting – Face 789 Thigh Lift 97 OTHER MOST COMMON PROCEDURES
Lip Enhancement/ Upper Arm Lift 209
773 Cellulite Treatment 161 TOTAL % OF
Perioral Procedure Upper Body Lift 32 TOTAL
Hair Removal 2,125
Neck Lift 225 Hair Removal 2,125 34.7%
Labiaplasty 161
Non-Surgical Fat Reduction 16
Rhinoplasty 1,787 Vaginal Rejuvenation 193 Full Field Ablative 1,240 20.3%
TOTAL OTHER 2,302 Botulinum Toxin 1,159 18.9%
TOTAL FACE & HEAD 6,810 TOTAL BODY & EXTREMITIES 5,216
Hyaluronic Acid 660 10.8%
Chemical Peel 564 9.2%
BREAST MOST COMMON PROCEDURES
Breast Augmentation 1,014 TOTAL % OF
TOTAL
Breast Implant Removal 97
Liposuction 2,351 14.9%
Breast Lift 644
Rhinoplasty 1,787 11.3%
Breast Reduction 612
Abdominoplasty 1,739 11.0%
Gynecomastia 1,417
Gynecomastia 1,417 9.0%
TOTAL BREAST 3,784 Eyelid Surgery
(upper and lower lids
1,288 8.1%
should be counted as
2 procedures)
2023
INTERNATIONAL
Please credit the International Society of Aesthetic Plastic Surgery when citing statistical data. Contact ISAPS: +44 20 7038 7812 | media@isaps.org | www.isaps.org 37
SURVEY"
2023,E:\shared\行业报告\2023isaps-global-survey.pdf,https://www.isaps.org/media/rxnfqibn/isaps-global-survey_2023.pdf,38,"SURGICAL PROCEDURES BY COUNTRY
SURGICAL PROCEDURES WORLDWIDE ARGENTINA BANGLADESH BELGIUM BRAZIL COLOMBIA FRANCE GERMANY GREECE INDIA IRAN ITALY MALAYSIA MEXICO PERU
FACE & HEAD
Brow Lift 386,427 9,813 306 2,077 54,191 6,284 3,200 11,498 960 7,640 8,055 6,613 358 24,833 9,200
Ear Surgery 327,990 11,112 966 3,417 34,596 4,081 7,900 7,399 1,636 21,619 4,050 6,440 347 12,945 5,003
Eyelid Surgery 1,746,946 50,369 1,288 16,214 216,318 24,932 35,900 71,604 6,557 40,465 29,160 31,512 2,307 83,386 23,575
Face Lift 646,482 18,211 467 3,317 110,005 8,259 20,700 14,024 1,695 8,572 11,295 7,633 482 31,942 10,753
Facial Bone Contouring 153,749 2,598 209 134 19,845 2,222 1,500 1,450 165 9,184 3,195 2,781 179 14,639 4,715
Fat Grafting – Face 741,061 14,715 789 3,652 84,931 13,711 21,400 14,675 3,382 34,334 17,955 12,452 762 49,866 15,525
Lip Enhancement/
901,991 47,166 773 4,456 122,781 10,701 13,700 28,025 2,613 23,466 10,260 27,202 437 46,414 10,235
Perioral Procedure
Neck Lift 452,639 12,850 225 2,479 75,624 6,306 11,700 9,851 1,561 8,692 8,730 5,685 392 33,009 8,050
Rhinoplasty 1,148,559 48,268 1,787 2,111 87,215 16,809 17,600 15,852 2,292 71,256 45,225 18,083 806 60,489 44,678
Total Face & Head
6,505,843 215,101 6,810 37,855 805,507 93,304 133,600 174,379 20,861 225,227 137,925 118,401 6,070 357,524 131,733
Procedures
BREAST
Breast Augmentation 1,892,777 77,831 1,014 14,271 227,451 28,606 43,800 71,464 4,972 47,690 18,585 38,949 1,501 101,264 19,665
Breast Implant Removal 335,939 12,323 97 2,948 41,314 9,406 5,500 8,436 572 3,617 1,665 6,772 190 16,667 2,990
Breast Lift 903,266 24,844 644 5,997 140,675 18,173 18,300 25,883 1,941 15,285 10,440 16,244 224 40,803 7,993
Breast Reduction 686,125 19,062 612 5,394 95,251 12,465 25,100 22,648 1,684 20,506 12,240 9,743 381 23,952 5,520
Gynecomastia 352,302 7,579 1,417 1,742 46,463 4,430 5,200 11,283 1,132 42,719 6,885 5,839 314 13,798 5,175
Total Breast Procedures 4,170,409 141,638 3,784 30,351 551,153 73,081 97,900 139,714 10,301 129,818 49,815 77,547 2,610 196,485 41,343
BODY & EXTREMITIES
Abdominoplasty 1,153,539 35,296 1,739 7,203 161,441 20,195 24,200 30,789 2,224 30,793 17,100 15,719 627 71,197 12,075
Buttock Augmentation 771,333 15,575 242 2,580 199,254 29,578 7,600 5,085 1,249 9,223 11,700 7,207 56 99,959 21,965
Buttock Lift 110,167 2,186 48 871 21,757 1,606 1,300 2,346 166 914 2,160 902 11 12,160 1,725
Liposuction 2,237,966 45,528 2,351 11,491 307,280 39,744 35,500 80,519 6,463 102,290 33,840 26,652 1,490 145,261 28,118
Lower Body Lift 128,998 2,766 145 838 25,817 1,774 3,200 4,299 241 4,121 2,025 1,274 67 8,753 115
Thigh Lift 146,264 2,268 97 1,541 21,725 2,746 4,700 6,452 506 4,621 1,845 3,466 101 6,695 403
Upper Arm Lift 244,977 6,648 209 1,843 36,515 3,122 6,300 8,876 731 7,379 4,410 5,948 123 17,019 2,358
Upper Body Lift 70,306 1,401 32 603 13,272 810 400 1,544 247 2,325 2,025 339 11 6,188 230
Labiaplasty 189,058 5,168 161 1,374 28,478 2,739 6,900 8,198 571 6,747 1,080 3,975 112 6,809 1,150
Vaginal Rejuvenation 84,495 2,311 193 235 12,839 2,172 2,000 824 350 8,333 135 823 56 4,491 863
Total Body &
5,137,101 119,148 5,216 28,576 828,377 104,485 92,100 148,932 12,749 176,747 76,320 66,305 2,654 378,530 69,000
Extremities Procedures
Total Surgical
15,813,353 475,887 15,810 96,782 2,185,038 270,870 323,600 463,026 43,911 531,792 264,060 262,254 11,334 932,539 242,075
Procedures
Note: Results for individual countries are limited to those that received a sufficient sample of participants.
2023
INTERNATIONAL
Please credit the International Society of Aesthetic Plastic Surgery when citing statistical data. Contact ISAPS: +44 20 7038 7812 | media@isaps.org | www.isaps.org 38
SURVEY"
2023,E:\shared\行业报告\2023isaps-global-survey.pdf,https://www.isaps.org/media/rxnfqibn/isaps-global-survey_2023.pdf,39,"SURGICAL PROCEDURES BY COUNTRY
SURGICAL PROCEDURES ROMANIA SOUTH AFRICA SPAIN SYRIA THAILAND TURKIYE UK US VENEZUELA
FACE & HEAD
Brow Lift 2,533 507 5,430 2,040 5,895 19,322 2,015 31,097 5,510
Ear Surgery 2,313 642 7,775 1,000 2,582 11,341 4,846 31,554 3,843
Eyelid Surgery 8,611 5,864 40,252 6,900 27,357 61,075 15,186 122,092 20,373
Face Lift 2,597 2,451 6,269 2,240 7,657 19,457 8,476 94,158 9,063
Facial Bone Contouring 630 17 1,821 530 2,954 6,451 441 16,313 580
Fat Grafting – Face 4,375 3,397 11,946 3,970 8,083 33,098 2,280 25,850 12,180
Lip Enhancement/
10,267 2,332 20,178 4,170 3,416 23,818 7,734 108,500 7,540
Perioral Procedure
Neck Lift 1,389 1,352 5,025 2,450 5,018 12,053 5,131 42,526 5,655
Rhinoplasty 8,188 1,707 13,566 6,250 17,885 83,146 8,637 49,078 6,090
Total Face & Head
40,902 18,269 112,262 29,550 80,849 269,761 54,745 521,167 70,833
Procedures
BREAST
Breast Augmentation 18,347 4,749 44,663 3,870 15,321 53,800 31,542 242,596 21,315
Breast Implant Removal 1,200 1,301 7,145 490 2,351 6,203 5,565 74,109 5,873
Breast Lift 7,561 2,653 18,859 1,890 5,436 29,566 12,697 151,902 13,268
Breast Reduction 3,695 3,279 12,847 1,630 3,658 29,074 13,188 77,856 6,960
Gynecomastia 1,837 423 5,418 1,310 1,542 15,271 3,355 21,418 2,320
Total Breast Procedures 32,639 12,405 88,931 9,190 28,307 133,914 66,347 567,881 49,735
BODY & EXTREMITIES
Abdominoplasty 5,449 1,808 12,319 3,650 5,878 36,409 11,425 193,439 15,878
Buttock Augmentation 1,537 220 7,516 2,780 1,794 17,330 1,875 23,661 9,643
Buttock Lift 566 51 364 430 753 2,483 231 13,131 3,915
Liposuction 6,867 3,481 25,481 6,240 11,927 67,962 18,831 383,919 20,300
Lower Body Lift 863 101 950 800 1,246 4,045 619 13,886 1,885
Thigh Lift 1,269 135 2,271 750 890 6,092 1,285 13,975 1,885
Upper Arm Lift 936 321 2,662 1,150 1,983 7,549 1,829 28,398 1,595
Upper Body Lift 642 17 198 340 743 2,089 504 9,739 1,305
Labiaplasty 1,771 338 5,226 470 1,063 3,582 3,625 18,316 2,538
Vaginal Rejuvenation 989 237 1,292 440 742 1,906 76 3,589 798
Total Body &
20,890 6,709 58,279 17,050 27,019 149,447 40,300 702,054 59,740
Extremities Procedures
Total Surgical
94,431 37,383 259,473 55,790 136,174 553,122 161,392 1,791,102 180,308
Procedures
Note: Results for individual countries are limited to those that received a sufficient sample of participants.
2023
INTERNATIONAL
Please credit the International Society of Aesthetic Plastic Surgery when citing statistical data. Contact ISAPS: +44 20 7038 7812 | media@isaps.org | www.isaps.org 39
SURVEY"
2023,E:\shared\行业报告\2023isaps-global-survey.pdf,https://www.isaps.org/media/rxnfqibn/isaps-global-survey_2023.pdf,40,"NON-SURGICAL PROCEDURES BY COUNTRY
NON-SURGICAL PROCEDURES WORLDWIDE ARGENTINA BANGLADESH BELGIUM BRAZIL COLOMBIA FRANCE GERMANY GREECE INDIA IRAN ITALY MALAYSIA
INJECTABLES
Botulinum Toxin 8,877,991 208,277 1,159 66,129 571,117 74,653 208,900 421,684 46,087 115,194 89,609 194,335 4,368
Calcium Hydroxyapatite 344,624 19,708 0 1,742 47,883 7,899 10,300 13,618 657 250 252 12,468 0
Hyaluronic Acid 5,564,866 233,250 660 41,105 429,391 43,230 234,900 286,285 48,954 107,100 35,955 190,606 2,990
Total Injectables Procedures 14,787,481 461,235 1,819 108,976 1,048,391 125,782 454,100 721,587 95,698 222,544 125,816 397,409 7,358
FACIAL REJUVENATION
Chemical Peel 553,785 5,290 564 871 18,832 998 9,000 4,385 3,048 70,198 44 22,442 202
Full Field Ablative 437,652 19,299 1,240 1,742 31,001 2,371 3,800 9,283 4,804 24,075 3,295 11,179 2,162
Non-Surgical Skin Tightening 831,583 23,504 193 3,685 25,140 10,878 19,700 23,277 4,538 45,463 5,992 14,982 1,960
Total Facial Rejuvenation Procedures 1,823,020 48,094 1,996 6,298 74,973 14,248 32,500 36,946 12,389 139,736 9,331 48,603 4,323
OTHER
Cellulite Treatment 331,981 41,348 161 2,814 41,770 3,462 4,800 1,185 4,299 3,495 3,459 13,787 45
Hair Removal 1,608,447 133,166 2,125 6,332 16,412 28,288 60,000 4,415 35,148 97,601 3,614 26,296 358
Non-Surgical Fat Reduction 631,212 50,486 16 2,211 14,967 4,619 8,700 17,307 3,412 33,555 1,374 9,093 504
Total Other Procedures 2,571,640 225,000 2,302 11,357 73,149 36,369 73,500 22,907 42,858 134,651 8,447 49,176 907
Total Non-Surgical Procedures 19,182,141 734,329 6,118 126,630 1,196,513 176,399 560,100 781,440 150,945 496,931 143,593 495,188 12,589
TOTAL PROCEDURES 34,995,494 1,210,216 21,928 223,412 3,381,551 447,268 883,700 1,244,466 194,856 1,028,723 407,653 757,442 23,923
Note: Results for individual countries are limited to those that received a sufficient sample of participants.
2023
INTERNATIONAL
Please credit the International Society of Aesthetic Plastic Surgery when citing statistical data. Contact ISAPS: +44 20 7038 7812 | media@isaps.org | www.isaps.org 40
SURVEY"
2023,E:\shared\行业报告\2023isaps-global-survey.pdf,https://www.isaps.org/media/rxnfqibn/isaps-global-survey_2023.pdf,41,"NON-SURGICAL PROCEDURES BY COUNTRY
NON-SURGICAL PROCEDURES MEXICO PERU ROMANIA SOUTH AFRICA SPAIN SYRIA THAILAND TURKIYE UK US VENEZUELA
INJECTABLES
Botulinum Toxin 372,064 87,458 86,686 29,643 89,186 37,530 27,835 396,625 30,835 2,499,859 71,413
Calcium Hydroxyapatite 10,944 2,990 1,956 473 8,364 300 0 5,800 554 84,817 5,365
Hyaluronic Acid 204,926 50,428 72,380 12,641 114,200 26,270 4,250 182,080 28,680 712,225 29,943
Total Injectables Procedures 587,934 140,875 161,022 42,757 211,750 64,100 32,086 584,505 60,070 3,296,901 106,720
FACIAL REJUVENATION
Chemical Peel 16,224 1,955 3,581 1,149 7,975 1,570 992 3,636 719 232,902 2,610
Full Field Ablative 14,816 7,360 3,100 389 8,921 2,120 174 5,331 284 118,661 5,873
Non-Surgical Skin Tightening 37,381 4,370 2,295 3,414 8,821 3,300 1,967 21,066 1,137 261,088 17,618
Total Facial Rejuvenation Procedures 68,421 13,685 8,976 4,952 25,717 6,990 3,133 30,033 2,139 612,651 26,100
OTHER
Cellulite Treatment 32,563 1,150 931 456 7,227 1,070 227 2,378 153 22,217 8,990
Hair Removal 58,697 13,225 2,742 0 18,992 23,460 577 17,057 424 240,373 29,943
Non-Surgical Fat Reduction 34,799 5,578 1,070 321 5,449 1,630 643 14,045 344 233,458 10,223
Total Other Procedures 126,058 19,953 4,743 777 31,668 26,160 1,447 33,479 922 496,047 49,155
Total Non-Surgical Procedures 782,413 174,513 174,742 48,486 269,136 97,250 36,666 648,018 63,130 4,405,599 181,975
TOTAL PROCEDURES 1,714,952 416,588 269,173 85,869 528,608 153,040 172,840 1,201,139 224,523 6,196,701 362,283
Note: Results for individual countries are limited to those that received a sufficient sample of participants.
2023
INTERNATIONAL
Please credit the International Society of Aesthetic Plastic Surgery when citing statistical data. Contact ISAPS: +44 20 7038 7812 | media@isaps.org | www.isaps.org 41
SURVEY"
2023,E:\shared\行业报告\2023isaps-global-survey.pdf,https://www.isaps.org/media/rxnfqibn/isaps-global-survey_2023.pdf,42,"COUNTRIES PERFORMING THE MOST POPULAR
SURGICAL PROCEDURES
LIPOSUCTION EYELID SURGERY RHINOPLASTY
NUMBER OF PERCENTAGE NUMBER OF PERCENTAGE NUMBER OF PERCENTAGE
RANK * COUNTRY RANK * COUNTRY RANK * COUNTRY
PROCEDURES OF TOTAL PROCEDURES OF TOTAL PROCEDURES OF TOTAL
1 US 383,919 17.2% 1 Brazil 216,318 12.4% 1 Brazil 87,215 7.6%
2 Brazil 307,280 13.7% 2 US 122,092 7.0% 2 Turkiye 83,146 7.2%
3 Mexico 145,261 6.5% 3 Mexico 83,386 4.8% 3 India 71,256 6.2%
4 India 102,290 4.6% 4 Germany 71,604 4.1% 4 Mexico 60,489 5.3%
5 Germany 80,519 3.6% 5 Turkiye 61,075 3.5% 5 US 49,078 4.3%
6 Turkiye 67,962 3.0% 6 Argentina 50,369 2.9% 6 Argentina 48,268 4.2%
7 Argentina 45,528 2.0% 7 India 40,465 2.3% 7 Iran 45,225 3.9%
8 Colombia 39,744 1.8% 8 Spain 40,252 2.3% 8 Peru 44,678 3.9%
9 France 35,500 1.6% 9 France 35,900 2.1% 9 Italy 18,083 1.6%
10 Iran 33,840 1.5% 10 Italy 31,512 1.8% 10 Thailand 17,885 1.6%
BREAST AUGMENTATION ABDOMINOPLASTY
NUMBER OF PERCENTAGE NUMBER OF PERCENTAGE
RANK * COUNTRY RANK * COUNTRY
PROCEDURES OF TOTAL PROCEDURES OF TOTAL
1 US 242,596 12.8% 1 US 193,439 16.8%
2 Brazil 227,451 12.0% 2 Brazil 161,441 14.0%
3 Mexico 101,264 5.4% 3 Mexico 71,197 6.2%
4 Argentina 77,831 4.1% 4 Turkiye 36,409 3.2%
5 Germany 71,464 3.8% 5 Argentina 35,296 3.1%
6 Turkiye 53,800 2.8% 6 India 30,793 2.7%
7 India 47,690 2.5% 7 Germany 30,789 2.7%
8 Spain 44,663 2.4% 8 France 24,200 2.1%
9 France 43,800 2.3% 9 Colombia 20,195 1.8%
10 Italy 38,949 2.1% 10 Iran 17,100 1.5% * Rankings are based solely on those countries from which a sufficient survey
response was received and data were considered to be representative.
2023
INTERNATIONAL
Please credit the International Society of Aesthetic Plastic Surgery when citing statistical data. Contact ISAPS: +44 20 7038 7812 | media@isaps.org | www.isaps.org 42
SURVEY"
2023,E:\shared\行业报告\2023isaps-global-survey.pdf,https://www.isaps.org/media/rxnfqibn/isaps-global-survey_2023.pdf,43,"COUNTRIES PERFORMING THE MOST POPULAR
NON-SURGICAL PROCEDURES
BOTULINUM TOXIN HAIR REMOVAL NON-SURGICAL FAT REDUCTION
NUMBER OF PERCENTAGE NUMBER OF PERCENTAGE NUMBER OF PERCENTAGE
RANK * COUNTRY RANK * COUNTRY RANK * COUNTRY
PROCEDURES OF TOTAL PROCEDURES OF TOTAL PROCEDURES OF TOTAL
1 US 2,499,859 28.2% 1 US 240,373 14.9% 1 US 233,458 37.0%
2 Brazil 571,117 6.4% 2 Argentina 133,166 8.3% 2 Argentina 50,486 8.0%
3 Germany 421,684 4.7% 3 India 97,601 6.1% 3 Mexico 34,799 5.5%
4 Turkiye 396,625 4.5% 4 France 60,000 3.7% 4 India 33,555 5.3%
5 Mexico 372,064 4.2% 5 Mexico 58,697 3.6% 5 Germany 17,307 2.7%
6 France 208,900 2.4% 6 Greece 35,148 2.2% 6 Brazil 14,967 2.4%
7 Argentina 208,277 2.3% 7 Venezuela 29,943 1.9% 7 Turkiye 14,045 2.2%
8 Italy 194,335 2.2% 8 Colombia 28,288 1.8% 8 Venezuela 10,223 1.6%
9 India 115,194 1.3% 9 Italy 26,296 1.6% 9 Italy 9,093 1.4%
10 Iran 89,609 1.0% 10 Syria 23,460 1.5% 10 France 8,700 1.4%
HYALURONIC ACID NON-SURGICAL SKIN TIGHTENING
NUMBER OF PERCENTAGE NUMBER OF PERCENTAGE
RANK * COUNTRY RANK * COUNTRY
PROCEDURES OF TOTAL PROCEDURES OF TOTAL
1 US 712,225 12.8% 1 US 261,088 31.4%
2 Brazil 429,391 7.7% 2 India 45,463 5.5%
3 Germany 286,285 5.1% 3 Mexico 37,381 4.5%
4 France 234,900 4.2% 4 Brazil 25,140 3.0%
5 Argentina 233,250 4.2% 5 Argentina 23,504 2.8%
6 Mexico 204,926 3.7% 6 Germany 23,277 2.8%
7 Italy 190,606 3.4% 7 Turkiye 21,066 2.5%
8 Turkiye 182,080 3.3% 8 France 19,700 2.4%
9 Spain 114,200 2.1% 9 Venezuela 17,618 2.1%
10 India 107,100 1.9% 10 Italy 14,982 1.8% * Rankings are based solely on those countries from which a sufficient survey
response was received and data were considered to be representative.
2023
INTERNATIONAL
Please credit the International Society of Aesthetic Plastic Surgery when citing statistical data. Contact ISAPS: +44 20 7038 7812 | media@isaps.org | www.isaps.org 43
SURVEY"
2023,E:\shared\行业报告\2023isaps-global-survey.pdf,https://www.isaps.org/media/rxnfqibn/isaps-global-survey_2023.pdf,44,"SURGICAL TOTALS RANKED BY CATEGORY
NUMBER OF PERCENTAGE
RANK * COUNTRY
PROCEDURES OF TOTAL
1 Brazil 805,507 12.4%
2 US 521,167 8.0%
3 Mexico 357,524 5.5%
4 Turkiye 269,761 4.1%
5 India 225,227 3.5%
6 Argentina 215,101 3.3%
7 Germany 174,379 2.7%
8 Iran 137,925 2.1%
9 France 133,600 2.1%
10 Peru 131,733 2.0%
2023
INTERNATIONAL
Please credit the International Society of Aesthetic Plastic Surgery when citing statistical data. Contact ISAPS: +44 20 7038 7812 | media@isaps.org | www.isaps.org 44
SURVEY
FACE
&
HEAD
NUMBER OF PERCENTAGE
RANK * COUNTRY
PROCEDURES OF TOTAL
1 Brazil 828,377 16.1%
2 US 702,054 13.7%
3 Mexico 378,530 7.4%
4 India 176,747 3.4%
5 Turkiye 149,447 2.9%
6 Germany 148,932 2.9%
7 Argentina 119,148 2.3%
8 Colombia 104,485 2.0%
9 France 92,100 1.8%
10 Iran 76,320 1.5%
NUMBER OF PERCENTAGE
RANK * COUNTRY
PROCEDURES OF TOTAL
1 US 567,881 13.6%
2 Brazil 551,153 13.2%
3 Mexico 196,485 4.7%
4 Argentina 141,638 3.4%
5 Germany 139,714 3.4%
6 Turkiye 133,914 3.2%
7 India 129,818 3.1%
8 France 97,900 2.3%
9 Spain 88,931 2.1%
10 Italy 77,547 1.9%
BREAST
BODY
&
EXTREMITIES
* Rankings are based solely on those countries from which a sufficient survey response was
received and data were considered to be representative."
2023,E:\shared\行业报告\2023isaps-global-survey.pdf,https://www.isaps.org/media/rxnfqibn/isaps-global-survey_2023.pdf,45,"NON-SURGICAL TOTALS RANKED BY CATEGORY
NUMBER OF PERCENTAGE
RANK * COUNTRY
PROCEDURES OF TOTAL
1 US 3,296,901 22.3%
2 Brazil 1,048,391 7.1%
3 Germany 721,587 4.9%
4 Mexico 587,934 4.0%
5 Turkiye 584,505 4.0%
6 Argentina 461,235 3.1%
7 France 454,100 3.1%
8 Italy 397,409 2.7%
9 India 222,544 1.5%
10 Spain 211,750 1.4%
2023
INTERNATIONAL
Please credit the International Society of Aesthetic Plastic Surgery when citing statistical data. Contact ISAPS: +44 20 7038 7812 | media@isaps.org | www.isaps.org 45
SURVEY
INJECTABLES
NUMBER OF PERCENTAGE
RANK * COUNTRY
PROCEDURES OF TOTAL
1 US 496,047 19.3%
2 Argentina 225,000 8.7%
3 India 134,651 5.2%
4 Mexico 126,058 4.9%
5 France 73,500 2.9%
6 Brazil 73,149 2.8%
7 Italy 49,176 1.9%
8 Venezuela 49,155 1.9%
9 Greece 42,858 1.7%
10 Colombia 36,369 1.4%
NUMBER OF PERCENTAGE
RANK * COUNTRY
PROCEDURES OF TOTAL
1 US 612,651 33.6%
2 India 139,736 7.7%
3 Brazil 74,973 4.1%
4 Mexico 68,421 3.8%
5 Italy 48,603 2.7%
6 Argentina 48,094 2.6%
7 Germany 36,946 2.0%
8 France 32,500 1.8%
9 Turkiye 30,033 1.6%
10 Venezuela 26,100 1.4%
FACIAL
REJUVENATION
OTHER
* Rankings are based solely on those countries from which a sufficient survey response was
received and data were considered to be representative."
2023,E:\shared\行业报告\2023isaps-global-survey.pdf,https://www.isaps.org/media/rxnfqibn/isaps-global-survey_2023.pdf,46,"COUNTRIES RANKED BY TOTAL NUMBER OF PROCEDURES
TOP 10
COUNTRIES RANKED BY TOTAL NUMBER OF PROCEDURES
PERCENTAGE
PERCENTAGE OF TOTAL
TOTAL SURGICAL OF TOTAL NUMBER OF PERCENTAGE
RANK * COUNTRY TOTAL SURGICAL NON-SURGICAL
PROCEDURES NON-SURGICAL PROCEDURES OF TOTAL
PROCEDURES PROCEDURES
PROCEDURES
1 US 1,791,102 11.3% 4,405,599 23.0% 6,196,701 17.7%
2 Brazil 2,185,038 13.8% 1,196,513 6.2% 3,381,551 9.7%
3 Mexico 932,539 5.9% 782,413 4.1% 1,714,952 4.9%
4 Germany 463,026 2.9% 781,440 4.1% 1,244,466 3.6%
5 Argentina 475,887 3.0% 734,329 3.8% 1,210,216 3.5%
6 Turkiye 553,122 3.5% 648,018 3.4% 1,201,139 3.4%
7 India 531,792 3.4% 496,931 2.6% 1,028,723 2.9%
8 France 323,600 2.0% 560,100 2.9% 883,700 2.5%
9 Italy 262,254 1.7% 495,188 2.6% 757,442 2.2%
10 Spain 259,473 1.6% 269,136 1.4% 528,608 1.5%
*Rankings are based solely on those countries from which a sufficient survey response was received and data were considered to be representative.
2023
INTERNATIONAL
Please credit the International Society of Aesthetic Plastic Surgery when citing statistical data. Contact ISAPS: +44 20 7038 7812 | media@isaps.org | www.isaps.org 46
SURVEY"
2023,E:\shared\行业报告\2023isaps-global-survey.pdf,https://www.isaps.org/media/rxnfqibn/isaps-global-survey_2023.pdf,47,"COUNTRIES RANKED BY ESTIMATED NUMBER
OF PLASTIC SURGEONS
TOP 30
COUNTRIES RANKED BY ESTIMATED
NUMBER OF PLASTIC SURGEONS
NUMBER OF % OF NUMBER OF % OF
RANK COUNTRY RANK COUNTRY
SURGEONS TOTAL SURGEONS TOTAL
1 US 7,750 14.1% 16 Colombia 825 1.5%
2 Brazil 6,457 11.7% 17 Taiwan 750 1.4%
3 Japan 3,050 5.5% 18 Venezuela 725 1.3%
4 China 3,000 5.4% 19 UK 717 1.3%
5 India 3,000 5.4% 20 Netherlands 600 1.1%
Korea, Republic
6 2,739 5.0% 21 Peru 575 1.0%
of (South Korea)
7 Argentina 2,500 4.5% 22 Thailand 500 0.9%
8 Mexico 2,394 4.3% 23 Canada 450 0.8%
9 Russia 2,000 3.6% 24 Iran 450 0.8%
10 Turkiye 1,600 2.9% 25 Australia 424 0.8%
11 Germany 1,550 2.8% 26 Saudi Arabia 420 0.8%
12 Egypt 1,450 2.6% 27 Romania 350 0.6%
13 Italy 1,151 2.1% 28 Ukraine 350 0.6%
14 France 1,000 1.8% 29 Belgium 335 0.6%
15 Spain 1,000 1.8% 30 Switzerland 313 0.6%
2023
INTERNATIONAL
Please credit the International Society of Aesthetic Plastic Surgery when citing statistical data. Contact ISAPS: +44 20 7038 7812 | media@isaps.org | www.isaps.org 47
SURVEY"
2023,E:\shared\行业报告\2023isaps-global-survey.pdf,https://www.isaps.org/media/rxnfqibn/isaps-global-survey_2023.pdf,48,"SURGICAL PROCEDURE GROUP RANKING BY COUNTRY
% OF % OF
RANK TOTAL RANK TOTAL
TOTAL TOTAL
BRAZIL ARGENTINA
1 Total Body & Extremities Procedures 828,377 37.9% 1 Total Face & Head Procedures 215,101 45.2%
2 Total Face & Head Procedures 805,507 36.9% 2 Total Breast Procedures 141,638 29.8%
3 Total Breast Procedures 551,153 25.2% 3 Total Body & Extremities Procedures 119,148 25.0%
US GERMANY
1 Total Body & Extremities Procedures 702,054 39.2% 1 Total Face & Head Procedures 174,379 37.7%
2 Total Breast Procedures 567,881 31.7% 2 Total Body & Extremities Procedures 148,932 32.2%
3 Total Face & Head Procedures 521,167 29.1% 3 Total Breast Procedures 139,714 30.2%
MEXICO FRANCE
1 Total Body & Extremities Procedures 378,530 40.6% 1 Total Face & Head Procedures 133,600 41.3%
2 Total Face & Head Procedures 357,524 38.3% 2 Total Breast Procedures 97,900 30.3%
3 Total Breast Procedures 196,485 21.1% 3 Total Body & Extremities Procedures 92,100 28.5%
TURKIYE COLOMBIA
1 Total Face & Head Procedures 269,761 48.8% 1 Total Body & Extremities Procedures 104,485 38.6%
2 Total Body & Extremities Procedures 149,447 27.0% 2 Total Face & Head Procedures 93,304 34.4%
3 Total Breast Procedures 133,914 24.2% 3 Total Breast Procedures 73,081 27.0%
INDIA IRAN
1 Total Face & Head Procedures 225,227 42.4% 1 Total Face & Head Procedures 137,925 52.2%
2 Total Body & Extremities Procedures 176,747 33.2% 2 Total Body & Extremities Procedures 76,320 28.9%
3 Total Breast Procedures 129,818 24.4% 3 Total Breast Procedures 49,815 18.9%
2023
INTERNATIONAL
Please credit the International Society of Aesthetic Plastic Surgery when citing statistical data. Contact ISAPS: +44 20 7038 7812 | media@isaps.org | www.isaps.org 48
SURVEY"
2023,E:\shared\行业报告\2023isaps-global-survey.pdf,https://www.isaps.org/media/rxnfqibn/isaps-global-survey_2023.pdf,49,"NON-SURGICAL PROCEDURE GROUP RANKING BY COUNTRY
% OF % OF
RANK TOTAL RANK TOTAL
TOTAL TOTAL
US TURKIYE
1 Total Injectables Procedures 3,296,901 74.8% 1 Total Injectables Procedures 584,505 90.2%
2 Total Facial Rejuvenation Procedures 612,651 13.9% 2 Total Other Procedures 33,479 5.2%
3 Total Other Procedures 496,047 11.3% 3 Total Facial Rejuvenation Procedures 30,033 4.6%
BRAZIL FRANCE
1 Total Injectables Procedures 1,048,391 87.6% 1 Total Injectables Procedures 454,100 81.1%
2 Total Facial Rejuvenation Procedures 74,973 6.3% 2 Total Other Procedures 73,500 13.1%
3 Total Other Procedures 73,149 6.1% 3 Total Facial Rejuvenation Procedures 32,500 5.8%
MEXICO INDIA
1 Total Injectables Procedures 587,934 75.1% 1 Total Injectables Procedures 222,544 44.8%
2 Total Other Procedures 126,058 16.1% 2 Total Facial Rejuvenation Procedures 139,736 28.1%
3 Total Facial Rejuvenation Procedures 68,421 8.7% 3 Total Other Procedures 134,651 27.1%
GERMANY ITALY
1 Total Injectables Procedures 721,587 92.3% 1 Total Injectables Procedures 397,409 80.3%
2 Total Facial Rejuvenation Procedures 36,946 4.7% 2 Total Other Procedures 49,176 9.9%
3 Total Other Procedures 22,907 2.9% 3 Total Facial Rejuvenation Procedures 48,603 9.8%
ARGENTINA SPAIN
1 Total Injectables Procedures 461,235 62.8% 1 Total Injectables Procedures 211,750 78.7%
2 Total Other Procedures 225,000 30.6% 2 Total Other Procedures 31,668 11.8%
3 Total Facial Rejuvenation Procedures 48,094 6.5% 3 Total Facial Rejuvenation Procedures 25,717 9.6%
2023
INTERNATIONAL
Please credit the International Society of Aesthetic Plastic Surgery when citing statistical data. Contact ISAPS: +44 20 7038 7812 | media@isaps.org | www.isaps.org 49
SURVEY"
2023,E:\shared\行业报告\2023isaps-global-survey.pdf,https://www.isaps.org/media/rxnfqibn/isaps-global-survey_2023.pdf,50,"PROCEDURES PERFORMED BY
PL ASTIC
SURGEONS
IN 2023"
2023,E:\shared\行业报告\2023isaps-global-survey.pdf,https://www.isaps.org/media/rxnfqibn/isaps-global-survey_2023.pdf,51,"NUMBER OF WORLDWIDE SURGICAL PROCEDURES
PERFORMED BY PLASTIC SURGEONS
PERCENTAGE OF TOTAL
RANK SURGICAL PROCEDURES TOTAL
SURGICAL PROCEDURES
1 Liposuction 2,237,966 14.2%
2 Breast Augmentation 1,892,777 12.0%
3 Eyelid Surgery 1,746,946 11.0%
4 Abdominoplasty 1,153,539 7.3%
5 Rhinoplasty 1,148,559 7.3%
6 Breast Lift 903,266 5.7%
7 Lip Enhancement/Perioral Procedure 901,991 5.7%
8 Buttock Augmentation 771,333 4.9%
9 Fat Grafting – Face 741,061 4.7%
10 Breast Reduction 686,125 4.3%
11 Face Lift 646,482 4.1%
12 Neck Lift 452,639 2.9%
13 Brow Lift 386,427 2.4%
14 Gynecomastia 352,302 2.2%
15 Breast Implant Removal 335,939 2.1%
16 Ear Surgery 327,990 2.1%
17 Upper Arm Lift 244,977 1.5%
18 Labiaplasty 189,058 1.2%
19 Facial Bone Contouring 153,749 1.0%
20 Thigh Lift 146,264 0.9%
21 Lower Body Lift 128,998 0.8%
22 Buttock Lift 110,167 0.7%
23 Vaginal Rejuvenation 84,495 0.5%
24 Upper Body Lift 70,306 0.4%
Total Surgical Procedures 15,813,353
2023
INTERNATIONAL
Please credit the International Society of Aesthetic Plastic Surgery when citing statistical data. Contact ISAPS: +44 20 7038 7812 | media@isaps.org | www.isaps.org 51
SURVEY"
2023,E:\shared\行业报告\2023isaps-global-survey.pdf,https://www.isaps.org/media/rxnfqibn/isaps-global-survey_2023.pdf,52,"NUMBER OF WORLDWIDE NON-SURGICAL PROCEDURES
PERFORMED BY PLASTIC SURGEONS
PERCENTAGE OF TOTAL
RANK NON-SURGICAL PROCEDURES TOTAL
NON-SURGICAL PROCEDURES
1 Botulinum Toxin 8,877,991 46.3%
2 Hyaluronic Acid 5,564,866 29.0%
3 Hair Removal 1,608,447 8.4%
4 Non-Surgical Skin Tightening 831,583 4.3%
5 Non-Surgical Fat Reduction 631,212 3.3%
6 Chemical Peel 553,785 2.9%
7 Full Field Ablative 437,652 2.3%
8 Calcium Hydroxylapatite 344,624 1.8%
9 Cellulite Treatment 331,981 1.7%
Total Non-Surgical Procedures 19,182,141
2023
INTERNATIONAL
Please credit the International Society of Aesthetic Plastic Surgery when citing statistical data. Contact ISAPS: +44 20 7038 7812 | media@isaps.org | www.isaps.org 52
SURVEY"
2023,E:\shared\行业报告\2023isaps-global-survey.pdf,https://www.isaps.org/media/rxnfqibn/isaps-global-survey_2023.pdf,53,"PERCENTAGE OF PLASTIC SURGEONS PERFORMING
EACH SURGICAL PROCEDURE
PERCENTAGE OF PLASTIC SURGEONS PERFORMING EACH SURGICAL PROCEDURE
SURGICAL PROCEDURES WORLDWIDE ARGENTINA BANGLADESH BELGIUM BRAZIL COLOMBIA FRANCE GERMANY GREECE INDIA IRAN ITALY MALAYSIA
FACE & HEAD
Brow Lift 67.3% 56.0% 42.2% 65.4% 76.2% 68.8% 50.8% 75.8% 60.7% 57.6% 92.9% 60.5% 53.6%
Ear Surgery 77.5% 84.0% 86.7% 88.5% 81.0% 78.1% 84.8% 51.5% 92.9% 75.8% 85.7% 76.7% 50.0%
Eyelid Surgery 94.0% 100.0% 88.9% 96.2% 95.2% 96.9% 96.6% 97.0% 96.4% 97.0% 100.0% 90.7% 82.1%
Face Lift 75.1% 68.0% 42.2% 69.2% 85.7% 90.6% 93.2% 78.8% 92.9% 66.7% 89.3% 62.8% 53.6%
Facial Bone Contouring 34.7% 28.0% 22.2% 7.7% 33.3% 43.8% 22.0% 21.2% 10.7% 51.5% 78.6% 25.6% 25.0%
Fat Grafting – Face 75.2% 68.0% 68.9% 65.4% 76.2% 71.9% 83.0% 66.7% 85.7% 100.0% 89.3% 72.1% 75.0%
Lip Enhancement/
65.9% 76.0% 64.4% 61.5% 61.9% 56.2% 54.2% 60.6% 75.0% 63.6% 82.1% 65.1% 50.0%
Perioral Procedure
Neck Lift 65.3% 48.0% 26.7% 61.5% 52.4% 84.4% 62.7% 60.6% 92.9% 57.6% 78.6% 48.8% 46.4%
Hair Transplantation 14.9% 4.0% 26.7% 3.8% 9.5% 15.6% 30.5% 9.1% 25.0% 66.7% 3.6% 7.0% 17.9%
Rhinoplasty 76.1% 80.0% 86.7% 46.2% 66.7% 84.4% 62.7% 39.4% 85.7% 97.0% 100.0% 79.1% 71.4%
BREAST
Breast Augmentation – Saline 3.1% 12.0% 0.0% 0.0% 0.0% 3.1% 1.7% 0.0% 3.6% 0.0% 0.0% 4.6% 3.6%
Breast Augmentation – Silicone 90.6% 92.0% 60.0% 96.2% 95.2% 96.9% 98.3% 97.0% 96.4% 93.9% 96.4% 90.7% 71.4%
Breast Augmentation – Fat Transfer 55.8% 40.0% 31.1% 84.6% 52.4% 62.5% 74.6% 75.8% 67.9% 66.7% 60.7% 53.5% 57.1%
Breast Implant Removal 79.8% 76.0% 33.3% 96.2% 81.0% 93.8% 89.8% 84.8% 82.1% 54.6% 82.1% 72.1% 64.3%
Breast Lift 85.6% 80.0% 46.7% 92.3% 90.5% 93.8% 94.9% 93.9% 89.3% 66.7% 96.4% 90.7% 46.4%
Breast Reduction 87.2% 68.0% 73.3% 96.2% 90.5% 100.0% 93.2% 93.9% 92.9% 84.8% 96.4% 81.4% 75.0%
Gynecomastia 81.1% 72.0% 93.3% 80.8% 90.5% 84.4% 83.0% 84.8% 92.9% 97.0% 96.4% 90.7% 75.0%
2023
INTERNATIONAL
Please credit the International Society of Aesthetic Plastic Surgery when citing statistical data. Contact ISAPS: +44 20 7038 7812 | media@isaps.org | www.isaps.org 53
SURVEY"
2023,E:\shared\行业报告\2023isaps-global-survey.pdf,https://www.isaps.org/media/rxnfqibn/isaps-global-survey_2023.pdf,54,"PERCENTAGE OF PLASTIC SURGEONS PERFORMING
EACH SURGICAL PROCEDURE
PERCENTAGE OF PLASTIC SURGEONS PERFORMING EACH SURGICAL PROCEDURE
SURGICAL PROCEDURES MEXICO PERU ROMANIA SOUTH AFRICA SPAIN SYRIA THAILAND TURKIYE UK US VENEZUELA
FACE & HEAD
Brow Lift 79.8% 89.5% 50.0% 54.2% 70.8% 93.2% 79.0% 79.4% 40.6% 71.6% 64.3%
Ear Surgery 78.5% 94.7% 71.4% 66.7% 89.6% 88.6% 52.6% 82.4% 71.9% 41.1% 71.4%
Eyelid Surgery 98.7% 100.0% 85.7% 91.7% 95.8% 100.0% 86.8% 88.2% 87.5% 83.1% 100.0%
Face Lift 86.1% 89.5% 57.1% 58.3% 56.2% 97.7% 65.8% 70.6% 59.4% 77.5% 100.0%
Facial Bone Contouring 58.2% 73.7% 28.6% 8.3% 22.9% 59.1% 52.6% 52.9% 18.8% 37.3% 28.6%
Fat Grafting – Face 78.5% 100.0% 57.1% 70.8% 68.8% 93.2% 71.0% 76.5% 37.5% 74.9% 85.7%
Lip Enhancement/
82.3% 84.2% 71.4% 41.7% 64.6% 88.6% 52.6% 55.9% 31.2% 67.4% 100.0%
Perioral Procedure
Neck Lift 84.8% 84.2% 42.9% 45.8% 52.1% 97.7% 65.8% 61.8% 53.1% 73.3% 78.6%
Hair Transplantation 8.9% 15.8% 0.0% 0.0% 8.3% 27.3% 10.5% 17.6% 3.1% 24.7% 0.0%
Rhinoplasty 93.7% 100.0% 78.6% 58.3% 79.2% 97.7% 79.0% 76.5% 50.0% 70.4% 78.6%
BREAST
Breast Augmentation – Saline 3.8% 10.5% 0.0% 0.0% 2.1% 6.8% 0.0% 0.0% 6.2% 25.8% 0.0%
Breast Augmentation – Silicone 96.2% 84.2% 92.9% 95.8% 93.8% 100.0% 86.8% 85.3% 100.0% 73.0% 100.0%
Breast Augmentation – Fat Transfer 63.3% 73.7% 35.7% 41.7% 45.8% 63.6% 31.6% 44.1% 43.8% 60.1% 64.3%
Breast Implant Removal 94.9% 94.7% 71.4% 79.2% 91.7% 86.4% 68.4% 67.6% 90.6% 80.1% 100.0%
Breast Lift 94.9% 89.5% 92.9% 95.8% 97.9% 97.7% 65.8% 73.5% 93.8% 80.3% 100.0%
Breast Reduction 92.4% 94.7% 85.7% 100.0% 91.7% 95.4% 65.8% 85.3% 100.0% 76.3% 85.7%
Gynecomastia 79.8% 89.5% 71.4% 66.7% 89.6% 93.2% 47.4% 73.5% 68.8% 57.9% 64.3%
2023
INTERNATIONAL
Please credit the International Society of Aesthetic Plastic Surgery when citing statistical data. Contact ISAPS: +44 20 7038 7812 | media@isaps.org | www.isaps.org 54
SURVEY"
2023,E:\shared\行业报告\2023isaps-global-survey.pdf,https://www.isaps.org/media/rxnfqibn/isaps-global-survey_2023.pdf,55,"PERCENTAGE OF PLASTIC SURGEONS PERFORMING
EACH SURGICAL PROCEDURE
PERCENTAGE OF PLASTIC SURGEONS PERFORMING EACH SURGICAL PROCEDURE
SURGICAL PROCEDURES WORLDWIDE ARGENTINA BANGLADESH BELGIUM BRAZIL COLOMBIA FRANCE GERMANY GREECE INDIA IRAN ITALY MALAYSIA
BODY & EXTREMITIES
Abdominoplasty 90.8% 92.0% 91.1% 96.2% 90.5% 93.8% 93.2% 90.9% 89.3% 93.9% 96.4% 93.0% 92.9%
Buttock Augmentation
19.6% 32.0% 4.4% 3.8% 33.3% 37.5% 15.2% 15.2% 3.6% 9.1% 39.3% 9.3% 0.0%
Implants only
Buttock Augmentation – Fat Transfer 53.6% 68.0% 17.8% 34.6% 81.0% 90.6% 54.2% 36.4% 46.4% 42.4% 85.7% 34.9% 14.3%
Buttock Augmentation – Injectables 11.6% 0.0% 2.2% 7.7% 23.8% 12.5% 22.0% 9.1% 17.9% 3.0% 0.0% 27.9% 3.6%
Buttock Lift 28.1% 16.0% 11.1% 23.1% 52.4% 31.2% 17.0% 24.2% 32.1% 18.2% 57.1% 18.6% 7.1%
Liposuction 89.9% 80.0% 77.8% 100.0% 90.5% 96.9% 93.2% 93.9% 89.3% 93.9% 100.0% 90.7% 100.0%
Lower Body Lift 32.5% 8.0% 20.0% 26.9% 47.6% 28.1% 37.3% 27.3% 35.7% 33.3% 57.1% 27.9% 17.9%
Penile Enlargement 10.9% 4.0% 28.9% 15.4% 9.5% 3.1% 23.7% 15.2% 10.7% 9.1% 0.0% 11.6% 7.1%
Thigh Lift 50.0% 24.0% 20.0% 65.4% 61.9% 62.5% 62.7% 54.6% 60.7% 36.4% 75.0% 37.2% 28.6%
Upper Arm Lift 65.0% 60.0% 24.4% 73.1% 71.4% 84.4% 76.3% 78.8% 75.0% 54.6% 78.6% 62.8% 35.7%
Upper Body Lift 21.2% 8.0% 8.9% 19.2% 38.1% 28.1% 17.0% 21.2% 21.4% 27.3% 39.3% 11.6% 14.3%
Labiaplasty 55.0% 44.0% 37.8% 65.4% 52.4% 65.6% 62.7% 45.4% 50.0% 51.5% 42.9% 62.8% 46.4%
Vaginal Rejuvenation 22.7% 12.0% 33.3% 11.5% 38.1% 40.6% 22.0% 6.1% 10.7% 54.6% 10.7% 9.3% 17.9%
2023
INTERNATIONAL
Please credit the International Society of Aesthetic Plastic Surgery when citing statistical data. Contact ISAPS: +44 20 7038 7812 | media@isaps.org | www.isaps.org 55
SURVEY"
2023,E:\shared\行业报告\2023isaps-global-survey.pdf,https://www.isaps.org/media/rxnfqibn/isaps-global-survey_2023.pdf,56,"PERCENTAGE OF PLASTIC SURGEONS PERFORMING
EACH SURGICAL PROCEDURE
PERCENTAGE OF PLASTIC SURGEONS PERFORMING EACH SURGICAL PROCEDURE
SURGICAL PROCEDURES MEXICO PERU ROMANIA SOUTH AFRICA SPAIN SYRIA THAILAND TURKIYE UK US VENEZUELA
BODY & EXTREMITIES
Abdominoplasty 98.7% 84.2% 78.6% 95.8% 95.8% 97.7% 73.7% 82.4% 93.8% 80.7% 85.7%
Buttock Augmentation
41.8% 57.9% 7.1% 4.2% 29.2% 52.3% 21.0% 5.9% 0.0% 12.0% 21.4%
Implants only
Buttock Augmentation – Fat Transfer 92.4% 84.2% 28.6% 25.0% 54.2% 93.2% 29.0% 47.1% 12.5% 44.7% 85.7%
Buttock Augmentation – Injectables 6.3% 21.0% 14.3% 0.0% 10.4% 29.6% 2.6% 2.9% 6.2% 19.0% 14.3%
Buttock Lift 46.8% 21.0% 21.4% 8.3% 10.4% 77.3% 21.0% 26.5% 15.6% 30.1% 28.6%
Liposuction 100.0% 89.5% 71.4% 91.7% 93.8% 97.7% 76.3% 76.5% 84.4% 80.5% 100.0%
Lower Body Lift 41.8% 10.5% 21.4% 20.8% 22.9% 77.3% 31.6% 38.2% 25.0% 43.1% 21.4%
Penile Enlargement 7.6% 15.8% 35.7% 0.0% 12.5% 20.4% 13.2% 2.9% 3.1% 5.3% 0.0%
Thigh Lift 49.4% 15.8% 35.7% 29.2% 56.2% 86.4% 31.6% 58.8% 46.9% 40.6% 35.7%
Upper Arm Lift 83.5% 73.7% 35.7% 50.0% 66.7% 90.9% 42.1% 61.8% 59.4% 64.1% 35.7%
Upper Body Lift 36.7% 15.8% 7.1% 4.2% 8.3% 45.4% 13.2% 29.4% 21.9% 25.4% 14.3%
Labiaplasty 50.6% 63.2% 57.1% 41.7% 75.0% 61.4% 39.5% 50.0% 71.9% 36.6% 50.0%
Vaginal Rejuvenation 20.2% 42.1% 35.7% 16.7% 16.7% 40.9% 13.2% 26.5% 6.2% 16.2% 21.4%
2023
INTERNATIONAL
Please credit the International Society of Aesthetic Plastic Surgery when citing statistical data. Contact ISAPS: +44 20 7038 7812 | media@isaps.org | www.isaps.org 56
SURVEY"
2023,E:\shared\行业报告\2023isaps-global-survey.pdf,https://www.isaps.org/media/rxnfqibn/isaps-global-survey_2023.pdf,57,"PERCENTAGE OF PLASTIC SURGEONS PERFORMING
EACH NON-SURGICAL PROCEDURE
PERCENTAGE OF ALL PLASTIC SURGEONS PERFORMING EACH NON-SURGICAL PROCEDURE
NON-SURGICAL PROCEDURES WORLDWIDE ARGENTINA BANGLADESH BELGIUM BRAZIL COLOMBIA FRANCE GERMANY GREECE INDIA IRAN ITALY MALAYSIA
INJECTABLES – FACE
Botulinum Toxin 84.7% 96.0% 46.7% 96.2% 90.5% 84.4% 100.0% 97.0% 100.0% 87.9% 96.4% 93.0% 53.6%
Calcium Hydroxylapatite 19.8% 24.0% 0.0% 26.9% 33.3% 43.8% 45.8% 18.2% 14.3% 0.0% 7.1% 32.6% 3.6%
Hyaluronic Acid 75.1% 76.0% 24.4% 84.6% 66.7% 78.1% 100.0% 90.9% 100.0% 63.6% 78.6% 88.4% 35.7%
Poly-L-Lactic Acid 13.8% 8.0% 2.2% 11.5% 42.9% 15.6% 17.0% 18.2% 28.6% 0.0% 3.6% 32.6% 10.7%
Polymethylmethacrylate 0.7% 0.0% 2.2% 0.0% 0.0% 0.0% 0.0% 3.0% 0.0% 0.0% 0.0% 0.0% 0.0%
INJECTABLES – BODY
Hyaluronic Acid 17.6% 4.0% 4.4% 15.4% 19.0% 18.8% 22.0% 21.2% 32.1% 18.2% 14.3% 34.9% 7.1%
Polymethylmethacrylate 0.5% 0.0% 2.2% 0.0% 4.8% 0.0% 0.0% 3.0% 0.0% 0.0% 0.0% 0.0% 3.6%
FACIAL REJUVENATION
Chemical Peel 24.9% 12.0% 33.3% 19.2% 28.6% 12.5% 49.2% 24.2% 46.4% 51.5% 3.6% 39.5% 17.9%
Full Field Ablative 23.1% 24.0% 22.2% 23.1% 23.8% 12.5% 15.2% 24.2% 64.3% 30.3% 32.1% 39.5% 35.7%
Dermabrasion 12.8% 8.0% 17.8% 3.8% 9.5% 9.4% 18.6% 12.1% 14.3% 18.2% 17.9% 7.0% 10.7%
Microdermabrasion 12.4% 4.0% 33.3% 3.8% 19.0% 9.4% 5.1% 15.2% 25.0% 18.2% 14.3% 7.0% 17.9%
Non-Surgical Skin Tightening 26.0% 12.0% 13.3% 23.1% 14.3% 15.6% 32.2% 24.2% 25.0% 42.4% 25.0% 20.9% 32.1%
Photo Rejuvenation 10.5% 16.0% 6.7% 23.1% 9.5% 9.4% 15.2% 0.0% 25.0% 9.1% 3.6% 16.3% 7.1%
OTHER
Cellulite Treatment 15.8% 16.0% 8.9% 3.8% 23.8% 18.8% 13.6% 9.1% 35.7% 18.2% 10.7% 23.3% 3.6%
Hair Removal 18.6% 16.0% 35.6% 15.4% 9.5% 3.1% 28.8% 6.1% 60.7% 51.5% 3.6% 14.0% 32.1%
Non-Surgical Fat Reduction 19.2% 16.0% 4.4% 15.4% 14.3% 15.6% 28.8% 30.3% 25.0% 24.2% 14.3% 23.3% 17.9%
Tattoo Removal 17.4% 8.0% 73.3% 0.0% 0.0% 9.4% 8.5% 9.1% 21.4% 63.6% 10.7% 25.6% 28.6%
Treatment of Leg Veins 7.2% 8.0% 20.0% 19.2% 0.0% 0.0% 1.7% 6.1% 17.9% 27.3% 0.0% 11.6% 3.6%
Sclerotherapy 7.2% 0.0% 22.2% 0.0% 0.0% 3.1% 0.0% 6.1% 32.1% 30.3% 3.6% 2.3% 0.0%
2023
INTERNATIONAL
Please credit the International Society of Aesthetic Plastic Surgery when citing statistical data. Contact ISAPS: +44 20 7038 7812 | media@isaps.org | www.isaps.org 57
SURVEY"
2023,E:\shared\行业报告\2023isaps-global-survey.pdf,https://www.isaps.org/media/rxnfqibn/isaps-global-survey_2023.pdf,58,"PERCENTAGE OF PLASTIC SURGEONS PERFORMING
EACH NON-SURGICAL PROCEDURE
PERCENTAGE OF ALL PLASTIC SURGEONS PERFORMING EACH NON-SURGICAL PROCEDURE
NON-SURGICAL PROCEDURES MEXICO PERU ROMANIA SOUTH AFRICA SPAIN SYRIA THAILAND TURKIYE UK US VENEZUELA
INJECTABLES – FACE
Botulinum Toxin 98.7% 89.5% 100.0% 91.7% 64.6% 93.2% 65.8% 91.2% 65.6% 96.8% 100.0%
Calcium Hydroxylapatite 19.0% 10.5% 14.3% 16.7% 37.5% 22.7% 2.6% 5.9% 0.0% 23.7% 28.6%
Hyaluronic Acid 87.3% 94.7% 92.9% 75.0% 66.7% 95.4% 31.6% 76.5% 43.8% 87.9% 100.0%
Poly-L-Lactic Acid 13.9% 5.3% 42.9% 29.2% 12.5% 15.9% 0.0% 5.9% 3.1% 20.6% 21.4%
Polymethylmethacrylate 0.0% 0.0% 0.0% 0.0% 0.0% 2.3% 0.0% 0.0% 0.0% 9.0% 0.0%
INJECTABLES – BODY
Hyaluronic Acid 7.6% 21.0% 21.4% 4.2% 14.6% 45.4% 2.6% 8.8% 21.9% 8.1% 21.4%
Polymethylmethacrylate 0.0% 0.0% 0.0% 0.0% 0.0% 2.3% 0.0% 0.0% 0.0% 0.3% 0.0%
FACIAL REJUVENATION
Chemical Peel 21.5% 10.5% 14.3% 33.3% 37.5% 29.6% 5.3% 14.7% 9.4% 37.0% 35.7%
Full Field Ablative 16.5% 15.8% 35.7% 4.2% 27.1% 50.0% 5.3% 8.8% 6.2% 47.0% 28.6%
Dermabrasion 12.7% 26.3% 0.0% 8.3% 12.5% 25.0% 5.3% 20.6% 3.1% 23.8% 21.4%
Microdermabrasion 20.2% 15.8% 0.0% 4.2% 8.3% 27.3% 0.0% 17.6% 0.0% 27.8% 28.6%
Non-Surgical Skin Tightening 30.4% 26.3% 14.3% 20.8% 25.0% 52.3% 15.8% 29.4% 9.4% 52.6% 21.4%
Photo Rejuvenation 8.9% 10.5% 0.0% 8.3% 14.6% 11.4% 7.9% 2.9% 0.0% 38.5% 21.4%
OTHER
Cellulite Treatment 30.4% 10.5% 7.1% 4.2% 29.2% 31.8% 5.3% 5.9% 3.1% 17.1% 42.9%
Hair Removal 17.7% 15.8% 0.0% 0.0% 16.7% 50.0% 13.2% 2.9% 0.0% 29.5% 28.6%
Non-Surgical Fat Reduction 26.6% 15.8% 14.3% 4.2% 16.7% 43.2% 10.5% 17.6% 3.1% 42.5% 35.7%
Tattoo Removal 10.1% 15.8% 7.1% 0.0% 4.2% 52.3% 5.3% 5.9% 6.2% 9.7% 21.4%
Treatment of Leg Veins 3.8% 0.0% 0.0% 0.0% 10.4% 15.9% 7.9% 0.0% 0.0% 10.2% 7.1%
Sclerotherapy 5.1% 0.0% 0.0% 4.2% 14.6% 9.1% 5.3% 0.0% 0.0% 13.4% 0.0%
2023
INTERNATIONAL
Please credit the International Society of Aesthetic Plastic Surgery when citing statistical data. Contact ISAPS: +44 20 7038 7812 | media@isaps.org | www.isaps.org 58
SURVEY"
2023,E:\shared\行业报告\2023isaps-global-survey.pdf,https://www.isaps.org/media/rxnfqibn/isaps-global-survey_2023.pdf,59,DEMOGRAPHICS
2023,E:\shared\行业报告\2023isaps-global-survey.pdf,https://www.isaps.org/media/rxnfqibn/isaps-global-survey_2023.pdf,60,"GENDER DISTRIBUTION FOR COSMETIC PROCEDURES –
SURGICAL
GENDER DISTRIBUTION FOR SURGICAL COSMETIC PROCEDURES
NUMBER OF PERCENTAGE NUMBER OF PERCENTAGE
RANK FEMALE RANK MALE
PROCEDURES OF TOTAL PROCEDURES OF TOTAL
1 Liposuction 1,898,880 84.8% 1 Eyelid Surgery 393,380 22.5%
2 Breast Augmentation 1,868,360 98.7% 2 Gynecomastia 352,302 100.0%
3 Eyelid Surgery 1,353,566 77.5% 3 Liposuction 339,086 15.2%
4 Abdominoplasty 1,033,264 89.6% 4 Rhinoplasty 290,492 25.3%
5 Breast Lift 903,266 100.0% 5 Fat Grafting – Face 127,769 17.2%
6 Rhinoplasty 858,067 74.7% 6 Ear Surgery 120,584 36.8%
Lip Enhancement/ 7 Abdominoplasty 120,274 10.4%
7 805,349 89.3%
Perioral Procedure
8 Face Lift 102,616 15.9%
Buttock Augmentation –
8 758,991 98.4% Lip Enhancement/
Implants and Fat Transfer 9 96,642 10.7%
Perioral Procedure
9 Breast Reduction 686,125 100.0%
10 Neck Lift 83,995 18.6%
10 Fat Grafting – Face 613,292 82.8%
11 Brow Lift 74,492 19.3%
11 Face Lift 543,865 84.1%
12 Facial Bone Contouring 41,000 26.7%
12 Neck Lift 368,644 81.4%
13 Breast Augmentation 24,417 1.3%
13 Breast Implant Removal 330,245 98.3%
14 Lower Body Lift 21,500 16.7%
14 Brow Lift 311,935 80.7%
15 Upper Arm Lift 19,598 8.0%
15 Upper Arm Lift 225,379 92.0%
16 Thigh Lift 14,155 9.7%
16 Ear Surgery 207,405 63.2%
17 Buttock Augmentation 12,341 1.6%
17 Labiaplasty 189,058 100.0%
18 Upper Body Lift 10,816 15.4%
18 Thigh Lift 132,109 90.3%
19 Breast Implant Removal 5,694 1.7%
19 Facial Bone Contouring 112,749 73.3%
20 Buttock Lift 5,246 4.8%
20 Lower Body Lift 107,498 83.3%
Total Surgical Procedures 2,256,398 14.3%
21 Buttock Lift 104,921 95.2%
22 Vaginal Rejuvenation 84,495 100.0%
23 Upper Body Lift 59,489 84.6%
Total Surgical Procedures 13,556,955 85.7%
2023
INTERNATIONAL
Please credit the International Society of Aesthetic Plastic Surgery when citing statistical data. Contact ISAPS: +44 20 7038 7812 | media@isaps.org | www.isaps.org 60
SURVEY"
2023,E:\shared\行业报告\2023isaps-global-survey.pdf,https://www.isaps.org/media/rxnfqibn/isaps-global-survey_2023.pdf,61,"GENDER DISTRIBUTION FOR COSMETIC PROCEDURES –
NON-SURGICAL
GENDER DISTRIBUTION FOR NON-SURGICAL COSMETIC PROCEDURES
NUMBER OF PERCENTAGE NUMBER OF PERCENTAGE
RANK FEMALE RANK MALE
PROCEDURES OF TOTAL PROCEDURES OF TOTAL
1 Botulinum Toxin 7,526,993 84.8% 1 Botulinum Toxin 1,350,999 15.2%
2 Hyaluronic Acid 4,894,101 87.9% 2 Hyaluronic Acid 670,765 12.1%
3 Hair Removal 1,305,868 81.2% 3 Hair Removal 302,579 18.8%
Non-Surgical Non-Surgical
4 695,935 83.7% 4 135,648 16.3%
Skin Tightening Skin Tightening
5 Non-Surgical Fat Reduction 501,511 79.5% 5 Non-Surgical Fat Reduction 129,701 20.5%
6 Chemical Peel 486,659 87.9% 6 Full Field Ablative 89,640 20.5%
7 Full Field Ablative 348,012 79.5% 7 Chemical Peel 67,125 12.1%
8 Cellulite Treatment 313,189 94.3% 8 Calcium Hydroxylapatite 53,019 15.4%
9 Calcium Hydroxylapatite 291,605 84.6% 9 Cellulite Treatment 18,791 5.7%
Total Non-Surgical Procedures 16,363,874 85.3% Total Non-Surgical Procedures 2,818,268 14.7%
Total Procedures 29,920,828 85.5% Total Procedures 5,074,666 14.5%
2023
INTERNATIONAL
Please credit the International Society of Aesthetic Plastic Surgery when citing statistical data. Contact ISAPS: +44 20 7038 7812 | media@isaps.org | www.isaps.org 61
SURVEY"
2023,E:\shared\行业报告\2023isaps-global-survey.pdf,https://www.isaps.org/media/rxnfqibn/isaps-global-survey_2023.pdf,62,"PATIENT AGE RELATED TO COSMETIC PROCEDURES
AGE DISTRIBUTION OF PATIENTS UNDERTAKING CERTAIN COSMETIC PROCEDURES
17 YEARS 18–34 YEARS 35–50 YEARS 51–64 YEARS 65 YEARS
OLD OR YOUNGER OLD OLD OLD OR OLDER
Breast Augmentations 18,928 1.0% 1,016,421 53.7% 700,328 37.0% 140,066 7.4% 17,035 0.9%
Liposuction 26,856 1.2% 969,039 43.3% 964,563 43.1% 255,128 11.4% 22,380 1.0%
Rhinoplasty 47,091 4.1% 755,752 65.8% 288,288 25.1% 50,537 4.4% 6,891 0.6%
Botulinum Toxin 62,146 0.7% 2,130,718 24.0% 4,350,216 49.0% 1,970,914 22.2% 363,998 4.1%
Non-Surgical Fat Reduction 8,206 1.3% 259,428 41.1% 266,372 42.2% 82,058 13.0% 15,149 2.4%
PERCENTAGE OF SURGEONS PERFORMING BREAST AUGMENTATION IN WOMEN OF 17 YEARS OLD OR YOUNGER
(showing only countries with percentage > 0%)
PERCENTAGE OF SURGEONS PERFORMING
COUNTRY
BREAST AUGMENTATION IN MINORS
Worldwide 7.6%
Peru 26.7%
Brazil 26.0%
France 19.3%
Mexico 15.5%
Romania 14.3% REASONS FOR PROCEDURE
Colombia 13.3%
Tubular Breast 30.7%
Iran 12.5%
Severe Asymmetry 20.1%
Belgium 7.7%
Congenital Micromastia 18.2%
Turkiye 6.7%
Purely Cosmetic Bilateral Augmentation 13.4%
US 5.3%
Italy 5.0% Congenital Absent Breast (i.e., Poland’s syndrome) 12.3%
Spain 4.6% Other 5.4%
South Africa 4.4%
Germany 4.3%
Argentina 4.2%
India 3.1%
Bangladesh 2.4%
2023
INTERNATIONAL
Please credit the International Society of Aesthetic Plastic Surgery when citing statistical data. Contact ISAPS: +44 20 7038 7812 | media@isaps.org | www.isaps.org 62
SURVEY"
2023,E:\shared\行业报告\2023isaps-global-survey.pdf,https://www.isaps.org/media/rxnfqibn/isaps-global-survey_2023.pdf,63,"COSMETIC PROCEDURES BY LOCATION
COSMETIC PROCEDURES BY LOCATION
A FREE-STANDING
AN OFFICE FACILITY A HOSPITAL OTHER
SURGICENTER
Worldwide Totals 31.4% 46.9% 20.4% 1.4%
Argentina 35.6% 29.4% 35.0% 0.0%
Bangladesh 11.2% 80.7% 5.6% 2.5%
Belgium 44.4% 43.0% 12.6% 0.0%
Brazil 20.1% 76.0% 3.8% 0.0%
Colombia 29.4% 28.2% 39.3% 3.2%
France 37.3% 43.9% 13.4% 5.4%
Germany 41.7% 20.3% 31.8% 6.2%
Greece 67.0% 29.9% 3.1% 0.0%
India 18.5% 60.3% 16.5% 4.8%
Iran 12.6% 48.0% 39.4% 0.0%
Italy 37.9% 31.2% 30.7% 0.3%
Malaysia 25.6% 68.5% 5.9% 0.0%
Mexico 31.4% 35.1% 33.6% 0.0%
Peru 34.0% 14.7% 42.4% 8.9%
Romania 47.3% 45.0% 7.7% 0.0%
South Africa 23.8% 61.3% 15.0% 0.0%
Spain 33.6% 54.6% 11.9% 0.0%
Syria 36.8% 60.8% 2.4% 0.0%
Thailand 39.8% 54.7% 5.6% 0.0%
Turkiye 28.4% 66.2% 5.4% 0.0%
UK 5.4% 85.2% 9.4% 0.0%
US 27.8% 24.5% 47.7% 0.0%
Venezuela 42.1% 10.4% 47.5% 0.0%
2023
INTERNATIONAL
Please credit the International Society of Aesthetic Plastic Surgery when citing statistical data. Contact ISAPS: +44 20 7038 7812 | media@isaps.org | www.isaps.org 63
SURVEY"
2023,E:\shared\行业报告\2023isaps-global-survey.pdf,https://www.isaps.org/media/rxnfqibn/isaps-global-survey_2023.pdf,64,"MEDICAL TOURISM
TOP 3
MEDICAL TOURISM MOST FREQUENTLY-CITED
COUNTRIES OF FOREIGN PATIENTS
PERCENTAGE OF PATIENTS ATTENDING FROM OTHER COUNTRIES
MEDIAN AVERAGE 1 2 3
WORLDWIDE 10.0% 16.4%
Argentina 10.0% 13.8% Brazil US Paraguay
Bangladesh 0.0% 1.3% India UK US
Belgium 5.0% 10.6% France Netherlands UK
Brazil 6.0% 14.2% Argentina US France
Colombia 30.0% 35.9% US Venezuela Ecuador
France 5.0% 8.3% Belgium UK Germany
Germany 5.0% 11.0% Netherlands Switzerland US
Greece 5.0% 6.0% Germany UK Italy
India 9.0% 10.2% US UK Bangladesh
Iran 5.0% 17.7% Iraq Afghanistan Turkiye
Italy 5.0% 8.0% Germany France Switzerland
Malaysia 5.0% 14.6% Singapore Indonesia China
Mexico 20.0% 35.1% US Canada Spain
Peru 10.0% 15.9% US Chile Brazil
Romania 10.0% 11.3% Hungary Germany Italy
South Africa 5.0% 8.7% Zimbabwe UK US
Spain 10.0% 14.9% France UK Germany
Syria 20.0% 25.6% Lebanon Iraq Jordan
Thailand 15.0% 25.4% China Malaysia Japan
Turkiye 15.0% 30.7% Germany Russia UK
UK 2.5% 6.6% United Arab Emirates Ireland Nigeria
US 10.0% 10.1% Canada UK Brazil
Venezuela 5.0% 8.2% Spain US Panama
2023
INTERNATIONAL
Please credit the International Society of Aesthetic Plastic Surgery when citing statistical data. Contact ISAPS: +44 20 7038 7812 | media@isaps.org | www.isaps.org 64
SURVEY"
2023,E:\shared\行业报告\2023isaps-global-survey.pdf,https://www.isaps.org/media/rxnfqibn/isaps-global-survey_2023.pdf,65,"RESIDENT &
ADDITIONAL
STATISTICS"
2023,E:\shared\行业报告\2023isaps-global-survey.pdf,https://www.isaps.org/media/rxnfqibn/isaps-global-survey_2023.pdf,66,"RESIDENT STATISTICS
RESIDENT STATISTICS
WORLDWIDE ARGENTINA BANGLADESH BELGIUM BRAZIL COLOMBIA FRANCE GERMANY GREECE INDIA ITALY
DO YOU HAVE ADDITIONAL SURGEONS OR RESIDENTS IN YOUR PRACTICE?
Yes 40.6% 60.0% 67.4% 65.4% 40.0% 23.3% 15.5% 42.4% 55.6% 40.6% 50.0%
No 59.4% 40.0% 32.6% 34.6% 60.0% 76.7% 84.5% 57.6% 44.4% 59.4% 50.0%
IF YES, PLEASE PROVIDE COUNTS (AVERAGES):
Surgeons – Male 1.7 1.7 1.4 2.1 1.4 1.4 1.4 1.5 1.2 1.2 1.7
Surgeons – Female 1.2 1.3 0.8 0.9 1.8 3.4 0.8 1.1 0.5 0.8 1.3
Surgeons – Total 2.9 3.0 2.2 3.0 3.2 4.8 2.2 2.6 1.7 2.0 3.0
Residents – Male 2.2 3.3 2.1 0.9 2.5 2.1 1.6 0.6 0.6 1.9 2.6
Residents – Female 1.9 2.2 1.9 1.5 1.6 1.9 0.9 0.4 0.5 1.3 2.3
Residents – Total 4.1 5.5 4.0 2.4 4.1 4.0 2.5 1.0 1.1 3.2 4.9
ARE THE RESIDENTS IN YOUR PRACTICE PART OF A TRAINING PROGRAM TO BECOME A PLASTIC SURGEON?
Yes 64.2% 73.3% 67.9% 81.2% 75.0% 100.0% 50.0% 53.8% 38.5% 53.8% 44.4%
No 35.8% 26.7% 32.1% 18.8% 25.0% 0.0% 50.0% 46.2% 61.5% 46.2% 55.6%
IS THERE A REQUIREMENT FOR YOUR RESIDENTS TO COMPLETE A LOGBOOK OF PROCEDURES AS PART OF THEIR TRAINING?
Yes 64.8% 73.3% 57.7% 86.7% 62.5% 83.3% 16.7% 72.7% 25.0% 53.8% 46.7%
No 35.2% 26.7% 42.3% 13.3% 37.5% 16.7% 83.3% 27.3% 75.0% 46.2% 53.3%
2023
INTERNATIONAL
Please credit the International Society of Aesthetic Plastic Surgery when citing statistical data. Contact ISAPS: +44 20 7038 7812 | media@isaps.org | www.isaps.org 66
SURVEY"
2023,E:\shared\行业报告\2023isaps-global-survey.pdf,https://www.isaps.org/media/rxnfqibn/isaps-global-survey_2023.pdf,67,"RESIDENT STATISTICS
RESIDENT STATISTICS
MALAYSIA MEXICO PERU ROMANIA SPAIN SYRIA THAILAND UK VENEZUELA
DO YOU HAVE ADDITIONAL SURGEONS OR RESIDENTS IN YOUR PRACTICE?
Yes 53.6% 41.3% 47.1% 50.0% 24.4% 32.5% 30.6% 25.0% 71.4%
No 46.4% 58.7% 52.9% 50.0% 75.6% 67.5% 69.4% 75.0% 28.6%
IF YES, PLEASE PROVIDE COUNTS (AVERAGES):
Surgeons – Male 1.4 1.3 2.4 2.1 1.8 2.6 2.9 3.8 0.8
Surgeons – Female 1.0 0.5 0.8 3.4 0.4 0.6 0.7 1.2 0.7
Surgeons – Total 2.4 1.8 3.2 5.5 2.2 3.2 3.6 5.0 1.5
Residents – Male 1.8 3.8 1.4 1.6 0.8 8.6 2.7 1.1 1.8
Residents – Female 2.5 1.8 0.0 0.7 0.5 8.0 3.1 0.6 1.9
Residents – Total 4.3 5.6 1.4 2.3 1.3 16.6 5.8 1.7 3.7
ARE THE RESIDENTS IN YOUR PRACTICE PART OF A TRAINING PROGRAM TO BECOME A PLASTIC SURGEON?
Yes 33.3% 82.6% 71.4% 57.1% 50.0% 91.7% 80.0% 50.0% 77.8%
No 66.7% 17.4% 28.6% 42.9% 50.0% 8.3% 20.0% 50.0% 22.2%
IS THERE A REQUIREMENT FOR YOUR RESIDENTS TO COMPLETE A LOGBOOK OF PROCEDURES AS PART OF THEIR TRAINING?
Yes 84.6% 75.0% 42.9% 66.7% 50.0% 83.3% 70.0% 71.4% 66.7%
No 15.4% 25.0% 57.1% 33.3% 50.0% 16.7% 30.0% 28.6% 33.3%
2023
INTERNATIONAL
Please credit the International Society of Aesthetic Plastic Surgery when citing statistical data. Contact ISAPS: +44 20 7038 7812 | media@isaps.org | www.isaps.org 67
SURVEY"
2023,E:\shared\行业报告\2023isaps-global-survey.pdf,https://www.isaps.org/media/rxnfqibn/isaps-global-survey_2023.pdf,68,"ADDITIONAL STATISTICS
WHICH OF THE FOLLOWING, IF ANYA,D ODCITCIUORNRAELD S ATAT TYIOSTUIRC SPRACTICE BECAUSE OF COVID-19?
WORLDWIDE ARGENTINA BANGLADESH BELGIUM BRAZIL COLOMBIA FRANCE GERMANY GREECE INDIA IRAN ITALY
HOW MANY YEARS HAVE YOU BEEN IN PRACTICE?
Median 19 23 7 16 20 23 22 10 22 15 15 21
Average 19 21 9 16 20 21 22 13 21 17 14 23
WHAT IS YOUR GENDER?
Male 80.0% 88.0% 80.0% 61.5% 81.0% 87.1% 75.9% 90.9% 75.0% 81.2% 100.0% 75.6%
Female 20.0% 12.0% 20.0% 38.5% 19.0% 12.9% 24.1% 9.1% 25.0% 18.8% 0.0% 24.4%
ARE YOU CURRENTLY A MEMBER OF ISAPS?
Yes 71.5% 96.0% 31.1% 73.1% 90.0% 67.7% 63.8% 93.9% 78.6% 75.0% 96.3% 67.5%
No 28.5% 4.0% 68.9% 26.9% 10.0% 32.3% 36.2% 6.1% 21.4% 25.0% 3.7% 32.5%
PERCENTAGE OF PHYSICIANS PERFORMING THE FOLLOWING PROCEDURES IN 2023:
Bichectomy 41.5% 35.0% 13.8% 25.0% 47.1% 90.0% 34.6% 29.0% 8.7% 31.8% 52.4% 29.4%
Brachioplasty 69.2% 56.5% 38.7% 73.9% 82.4% 92.6% 76.4% 77.4% 80.0% 54.2% 84.0% 68.4%
Mommy Makeover 63.6% 33.3% 44.1% 78.3% 84.2% 75.9% 54.9% 76.7% 40.0% 75.0% 60.0% 62.9%
Sex Reassignment
12.7% 9.5% 28.1% 20.0% 25.0% 12.5% 17.6% 17.2% 4.8% 32.0% 5.6% 15.2%
Surgery
Non-Surgical Vaginal
15.8% 9.5% 16.1% 5.0% 26.7% 25.0% 14.0% 3.7% 19.0% 22.7% 11.1% 18.8%
Rejuvenation
2023
INTERNATIONAL
Please credit the International Society of Aesthetic Plastic Surgery when citing statistical data. Contact ISAPS: +44 20 7038 7812 | media@isaps.org | www.isaps.org 68
SURVEY"
2023,E:\shared\行业报告\2023isaps-global-survey.pdf,https://www.isaps.org/media/rxnfqibn/isaps-global-survey_2023.pdf,69,"ADDITIONAL STATISTICS
WHICH OF THE FOLLOWING, IF ANYA,D ODCITCIUORNRAELD S ATAT TYIOSTUIRC SPRACTICE BECAUSE OF COVID-19?
MALAYSIA MEXICO PERU ROMANIA SOUTH AFRICA SPAIN SYRIA THAILAND TURKIYE UK US VENEZUELA
HOW MANY YEARS HAVE YOU BEEN IN PRACTICE?
Median 10 22 25 23 20 25 11 16 15 15 22 24
Average 11 21 26 20 21 24 12 18 16 16 22 26
WHAT IS YOUR GENDER?
Male 67.9% 86.1% 94.1% 78.6% 79.2% 73.3% 100.0% 73.7% 83.9% 78.1% 80.3% 78.6%
Female 32.1% 13.9% 5.9% 21.4% 20.8% 26.7% 0.0% 26.3% 16.1% 21.9% 19.7% 21.4%
ARE YOU CURRENTLY A MEMBER OF ISAPS?
Yes 64.3% 74.7% 76.5% 100.0% 75.0% 46.7% 16.3% 56.8% 90.3% 75.0% 86.6% 92.9%
No 35.7% 25.3% 23.5% 0.0% 25.0% 53.3% 83.7% 43.2% 9.7% 25.0% 13.4% 7.1%
PERCENTAGE OF PHYSICIANS PERFORMING THE FOLLOWING PROCEDURES IN 2023:
Bichectomy 18.2% 91.1% 76.5% 33.3% 11.8% 52.3% 20.6% 22.6% 74.2% 19.2% 28.8% 45.4%
Brachioplasty 55.6% 83.3% 75.0% 58.3% 60.9% 68.9% 79.5% 46.9% 58.6% 71.4% 71.1% 50.0%
Mommy Makeover 52.2% 83.1% 56.2% 71.4% 65.0% 70.4% 53.8% 43.8% 76.7% 70.0% 77.9% 81.8%
Sex Reassignment
0.0% 4.2% 0.0% 0.0% 5.6% 18.2% 8.6% 25.0% 8.0% 4.2% 8.4% 0.0%
Surgery
Non-Surgical Vaginal
13.6% 12.7% 25.0% 33.3% 10.5% 9.1% 46.0% 3.1% 8.3% 4.2% 18.9% 36.4%
Rejuvenation
2023
INTERNATIONAL
Please credit the International Society of Aesthetic Plastic Surgery when citing statistical data. Contact ISAPS: +44 20 7038 7812 | media@isaps.org | www.isaps.org 69
SURVEY"
2023,E:\shared\行业报告\2023isaps-global-survey.pdf,https://www.isaps.org/media/rxnfqibn/isaps-global-survey_2023.pdf,70,"THANK YOU TO OUR GLOBAL ALLIANCE PARTNERS
AND NATIONAL SECRETARIES
We want to thank the Global Alliance Partners and National Secretaries of the countries below for their support in acquiring sufficient responses from their countries
to be included in the final report.
ARGENTINA INDIA SPAIN
Sociedad Argentina de Cirugía Plástica, Estética y Indian Association of Aesthetic Plastic Surgeons Asociación Española de Cirugía Estética Plástica
Reparadora (SACPER) (IAAPS) (AECEP)
Sociedad Española de Cirugía Plástica Reparadora y
BANGLADESH IRAN
Estética (SECPRE)
Bangladesh Society of Aesthetic Plastic Iranian Society of Plastic and Aesthetic Surgeons
Surgeons(BSAPS) (ISPAS)
SYRIA
BELGIUM ITALY
THAILAND
Royal Belgian Society for Plastic Surgery (RBSPS) Associazione Italiana di Chirurgia Plastica Estetica
Society of Aesthetic Plastic Surgeons of Thailand
(AICPE)
(ThSAPS)
BRAZIL
Società Italiana die Chirurgia Plastica Ricostruttiva-
Sociedade Brasileira de Cirurgia Plástica (SBCP)
rigenerativa ed Estetica (SICPRE) TURKIYE
Turkish Society of Aesthetic Plastic Surgery (TSAPS)
COLOMBIA
MALAYSIA
Sociedad Colombiana de Cirugía Plástica, Estética y
Malaysian Association of Plastic, Aesthetic and UK
Reconstructiva (SCCP)
Craniomaxillofacial Surgeons (MAPACS) British Association of Aesthetic Plastic Surgeons
(BAAPS)
FRANCE
MEXICO
Société Française des Chirurgiens Esthétiques UKAAPS-CAPSCO
Asociación Mexicana de Cirugía Plástica Estética y
Plasticiens (SOFCEP)
Reconstructiva (AMCPER)
US
GERMANY The Aesthetic Society (American Society for Aesthetic
PERU
Deutsche Gesellschaft der Plastischen, Rekonstruktiven Plastic Surgery, Inc.)
Sociedad Peruana de Cirugía Plástica (SPCP)
und Aesthetischen Chirurgie, e.V. (DGPRÄC)
VENEZUELA
Vereinigung der Deutschen Aesthetisch Plastischen ROMANIA
Sociedad Venezolana de Cirugía Plástica,
Chirurgen (VDÄPC) Romanian Aesthetic Surgery Society (SRCE)
Reconstructiva, Estética y Maxilofacial (SVCPREM)
GREECE SOUTH AFRICA
Hellenic Society of Plastic, Reconstructive and Association of Plastic, Reconstructive and Aesthetic
Aesthetic Surgery (HESPRAS) Surgeons of Southern Africa (APRASSA)
2023
INTERNATIONAL
Please credit the International Society of Aesthetic Plastic Surgery when citing statistical data. Contact ISAPS: +44 20 7038 7812 | media@isaps.org | www.isaps.org 70
SURVEY"
2023,E:\shared\行业报告\2023isaps-global-survey.pdf,https://www.isaps.org/media/rxnfqibn/isaps-global-survey_2023.pdf,71,"2023
INTERNATIONAL
SURVEY
ISAPS BOARD OF DIRECTORS
PRESIDENT Lina TRIANA, MD – Colombia
PRESIDENT-ELECT Arturo RAMÍREZ-MONTAÑANA, MD – Mexico
GLOBAL SURVEY EDITOR SECRETARY Paraskevas KONTOES, MD, PhD – Greece
Gianluca CAMPIGLIO, MD, PhD – Italy
TREASURER Kai SCHLAUDRAFF, MD, FEBOPRAS – Switzerland
PAST PRESIDENT Nazim CERKES, MD, PhD – Turkiye
ISAPS EXECUTIVE OFFICE
19 Mantua Road MEMBERSHIP CHAIR Andre CERVANTES, MD – Brazil
Mount Royal, NJ 08061
MEMBER-AT-LARGE Fabian CORTIÑAS, MD – Argentina
United States
Phone: +44 20 7038 7812 MEMBER-AT-LARGE Montserrat FONTBONA, MD – Chile
Email: ISAPS@isaps.org
MEMBER-AT-LARGE Tim PAPADOPOULOS, MD – Australia
Website: www.isaps.org
MEMBER-AT-LARGE Ivar VAN HEIJNINGEN, MD – Belgium
MARKETING OFFICE NATIONAL SECRETARIES CHAIR Bertha TORRES GOMEZ, MD – Mexico
boeld communication
EDUCATION COUNCIL CHAIR Ozan SOZER, MD – United States
Reitmorstraße 25, 80538 Munich, Germany
Email: marketing@isaps.org TRUSTEE & ETHICS COMMITTEE CHAIR Kai KAYE, MD, PhD – Spain
Website: www.bb-mc.com
PARLIAMENTARIAN Sanguan KUNAPORN, MD – Thailand
EDUCATION COUNCIL VICE-CHAIR Francisco BRAVO, MD – Spain
FOR PRESS INQUIRIES, PLEASE
CONTACT: EXECUTIVE DIRECTOR Sarah JOHNSON – UK
media@isaps.org
design by www.bb-mc.com
photo credits by stock.adobe.com"
2024,E:\shared\行业报告\2024 isaps-global-survey.pdf,https://www.isaps.org/media/30xldsyf/isaps-global-survey-2024.pdf,1,"ISAPS INTERNATIONAL SURVEY ON
AESTHETIC/COSMETIC
PROCEDURES
performed in
2 0 2 4
www.isaps.org"
2024,E:\shared\行业报告\2024 isaps-global-survey.pdf,https://www.isaps.org/media/30xldsyf/isaps-global-survey-2024.pdf,2,"CONTENTS
About ISAPS ............................................................................................................page 3 Chile............................................................................................................................page 40
About the International Survey on Norway ......................................................................................................................page 41
Aesthetic/Cosmetic Procedures ....................................................................page 4 Malaysia .....................................................................................................................page 42
Philippines ................................................................................................................page 43
HIGHLIGHTS OF THE 2024 STATISTICS Singapore ..................................................................................................................page 44
2024 Statistics at a Glance ................................................................................pages 6-7 Panama ......................................................................................................................page 45
Bangladesh ...............................................................................................................page 46
NUMBER OF WORLDWIDE PROCEDURES Surgical Procedures by Location ....................................................................pages 47-50
Worldwide Surgical Procedures .....................................................................page 9 Non-Surgical Procedures by Location .........................................................pages 51-54
Worldwide Non-Surgical Procedures ...........................................................page 10 Total Procedures (All) by Location ................................................................pages 51-54
Surgical Procedures by Region of the Body ..............................................page 11 Most Popular Surgical Procedures by Location.....................................page 55
Non-Surgical Procedures by Type of Procedure .....................................page 12 Most Popular Non-Surgical Procedures by Location ............................page 56
Overview of All Procedures .............................................................................page 13 Surgical Totals Ranked by Category .............................................................page 57
Non-Surgical Totals Ranked by Category ...................................................page 58
PROCEDURES BY LOCATION Ranking Total Number of Procedures ..........................................................page 59
US .................................................................................................................................page 15 Ranking Estimated Number of Plastic Surgeons ....................................page 60
Brazil ...........................................................................................................................page 16 Ranking Surgical Procedures Group .............................................................page 61
Japan ..........................................................................................................................page 17 Ranking Non-Surgical Procedures Group ...................................................page 62
Italy ..............................................................................................................................page 18
Germany ...................................................................................................................page 19 PROCEDURES PERFORMED BY PLASTIC SURGEONS
Mexico .......................................................................................................................page 20 Number of Worldwide Surgical Procedures
India ............................................................................................................................page 21 Performed by Plastic Surgeons .......................................................................page 64
Turkiye .......................................................................................................................page 22 Number of Worldwide Non-Surgical Procedures
France ........................................................................................................................page 23 Performed by Plastic Surgeons .......................................................................page 65
Chinese Taipei ........................................................................................................page 24 Percentage of Plastic Surgeons Performing
Spain ...........................................................................................................................page 25 Each Surgical Procedure ....................................................................................pages 66-69
Greece .......................................................................................................................page 26 Percentage of Plastic Surgeons Performing
Colombia ..................................................................................................................page 27 Each Non-Surgical Procedure..........................................................................pages 70-73
UAE .............................................................................................................................page 28
Argentina .................................................................................................................page 29 DEMOGRAPHICS
Iran...............................................................................................................................page 30 Gender Distribution for Cosmetic Procedures – Surgical ...................page 75
Vietnam .....................................................................................................................page 31 Gender Distribution for Cosmetic Procedures – Non-Surgical .........page 76
Thailand .....................................................................................................................page 32 Patient Age Related to Cosmetic Procedures ..........................................page 77
Australia ....................................................................................................................page 33 Cosmetic Procedures by Location ................................................................page 78
Saudi Arabia ............................................................................................................page 34 Medical Tourism ....................................................................................................pages 79-80
UK ................................................................................................................................page 35 Other Procedure Statistics ...............................................................................page 81
Tunisia ........................................................................................................................page 36
Morocco ....................................................................................................................page 37 ADDITIONAL STATISTICS
South Africa .............................................................................................................page 38 Additional Statistics .............................................................................................pages 83-84
Czechia ......................................................................................................................page 39"
2024,E:\shared\行业报告\2024 isaps-global-survey.pdf,https://www.isaps.org/media/30xldsyf/isaps-global-survey-2024.pdf,3,"ABOUT ISAPS
Founded in 1970, the International Society of Aesthetic Plastic Surgery (ISAPS)
is the world’s leading professional body for board-certified aesthetic plastic
surgeons.
Regarded as the leading global authority on aesthetic and cosmetic surgery, ISAPS’
threefold mission is to offer Aesthetic Education Worldwide®, to provide accurate
information to the public, and to promote patient safety.
ISAPS membership includes the world’s best and most respected reconstructive and
aesthetic plastic surgeons in over 117 countries. Through its rigorous membership
requirements, ISAPS plastic surgeons are considered to be among the most qualified
surgeons in their respective countries. Furthermore, ISAPS has become the gold
standard for providing continuing aesthetic education to its members, providing
training, and sponsoring scientific meetings around the world.
A full list of ISAPS plastic surgeons can be found online at www.isaps.org.
2024
INTERNATIONAL
Please credit the International Society of Aesthetic Plastic Surgery when citing statistical data. Contact ISAPS: +44 20 7038 7812 | media@isaps.org | www.isaps.org 3
SURVEY"
2024,E:\shared\行业报告\2024 isaps-global-survey.pdf,https://www.isaps.org/media/30xldsyf/isaps-global-survey-2024.pdf,4,"2025 ISAPS INTERNATIONAL SURVEY ON AESTHETIC/COSMETIC
PROCEDURES PERFORMED IN 2024
Survey participants completed a questionnaire that focused primarily on the number The global estimated number of plastic surgeons counts for 98% of the estimated
of specific surgical and non-surgical procedures performed in 2024, along with a few 58,500 plastic surgeons worldwide. In cases where a national society or National
ancillary questions related to surgeon demographics and the prevalence of medical Secretary did not supply an updated figure, a simple regression model was used to
tourism. estimate the number of plastic surgeons in that country based on its population size
and Gross Domestic Product.
The International Society of Aesthetic Plastic Surgery (ISAPS) issued an invitation
to participate in the study to approximately 17,000 plastic surgeons whose contact The Aesthetic Society, in collaboration with CosmetAssure, once again provided
information is housed in its proprietary database. In addition, national societies were valuable support by permitting the use of its national dataset. This contribution
asked to encourage their members and constituents to take part in the survey. Data includes detailed statistics from more than 700 US-based surgeons. We appreciate
from 2,975 plastic surgeons were submitted or provided for the 2024 statistics. To The Aesthetic Society’s continued partnership in advancing this global research effort.
increase accessibility and encourage broader participation, the survey was made
available in four languages: English, Spanish, Chinese, and Japanese. As with many studies of this type, outlying responses were addressed. While such
values may be legitimate, they can distort averages that serve as the basis for
This year’s study received an unusually high number of respondents than in previous projected estimates. To preserve the reliability of extrapolated results, significant
years. The 2,975 participating surgeons represent a significant increase over the outliers in this survey were adjusted accordingly. Additional standard data editing
1,600 respondents in 2023. Additionally, 32 locations are reported individually this procedures were also followed to ensure responses aligned with survey guidelines. All
year, compared with 23 in last year’s report. The broader base of extrapolations for reported values have been analyzed for statistical reliability.
individual locations has influenced some worldwide procedure totals. Furthermore,
several new procedures were added to this year’s form, which may affect Specific data are only shown for locations that provided a sufficient number of
comparability with totals of prior years. When reporting percent changes from prior responses for the results to be considered statistically valid. Other than standard
years, comparisons are limited to procedures that were consistent across years. data editing procedures, no material adjustments were made to these figures.
The International Survey on Aesthetic/Cosmetic Procedures Performed in 2024 was
Final figures have been projected to reflect international statistics and are based compiled, tabulated, and analyzed by Industry Insights, Inc. (www.industryinsights.
exclusively on the estimated number of plastic surgeons actively practicing in each com), an independent research firm based in Columbus, OH, US. The survey was
location and the respondent sample. This international survey focuses on physicians led by Scott Hackworth, a CPA and data scientist who—along with his firm—has
who are board-certified (or the national equivalent) plastic surgeons. New to this year, conducted research on trends in aesthetic plastic surgery for more than 30 years.
an effort was made to determine the proportion of plastic surgeons who primarily
engage in aesthetic procedures rather than reconstructive work. This initial analysis
found that approximately 80% of plastic surgeons worldwide focus on aesthetic
procedures. In future years, we plan to expand this analysis and more closely examine
the procedure volumes among aesthetic-focused surgeons.
2024
INTERNATIONAL
Please credit the International Society of Aesthetic Plastic Surgery when citing statistical data. Contact ISAPS: +44 20 7038 7812 | media@isaps.org | www.isaps.org 4
SURVEY"
2024,E:\shared\行业报告\2024 isaps-global-survey.pdf,https://www.isaps.org/media/30xldsyf/isaps-global-survey-2024.pdf,5,"HIGHLIGHTS
OF THE INTERNATIONAL SURVEY ON
AESTHETIC/COSMETIC PROCEDURES
PERFORMED IN 2024"
2024,E:\shared\行业报告\2024 isaps-global-survey.pdf,https://www.isaps.org/media/30xldsyf/isaps-global-survey-2024.pdf,6,"2024 STATISTICS AT A GLANCE
Top 5 Top 5 Top 5
surgical procedures surgical procedures surgical procedures
worldwide for women for men
absolute numbers and changes compared to 2023
1. Eyelid Surgery 2,115,360 procedures 13.4% 1. Liposuction 1,792,323 procedures 1. Eyelid Surgery 489,763 procedures
2. Liposuction 2,087,189 procedures -12.6% 2. Eyelid Surgery 1,625,597 procedures 2. Gynecomastia 383,656 procedures
3. Breast Augmentation 1,658,615 procedures -17.5% 3. Breast Augmentation 1,611,758 procedures 3. Scar Revision 319,987 procedures
4. Scar Revision 1,156,446 procedures N/A 4. Abdominoplasty 945,636 procedures 4. Liposuction 294,866 procedures
5. Rhinoplasty 1,083,631 procedures -9.8% 5. Scar Revision 836,458 procedures 5. Rhinoplasty 287,398 procedures
Top 5 Top 5 Top 5
non-surgical procedures non-surgical procedures non-surgical procedures
worldwide for women for men
absolute numbers and changes compared to 2023
1. Botulinum Toxin 7,887,955 procedures -17.4% 1. Botulinum Toxin 6,622,473 procedures 1. Botulinum Toxin 1,265,482 procedures
2. Hyaluronic Acid 6,338,184 procedures 5.2% 2. Hyaluronic Acid 5,458,666 procedures 2. Hyaluronic Acid 879,517 procedures
3. Hair Removal 1,487,130 procedures -12.9% 3. Hair Removal 1,224,695 procedures 3. Hair Removal 262,435 procedures
4. Non-Surgical Skin Tightening 1,239,306 procedures 38.9% 4. Non-Surgical Skin Tightening 1,046,361 procedures 4. Non-Surgical Skin Tightening 192,946 procedures
5. Chemical Peel 820,225 procedures 33.3% 5. Chemical Peel 662,200 procedures 5. Full Field Ablative 159,474 procedures
% Change in total procedures % Change in total procedures
performed 2023 to 2024 -3.9% performed 2023 to 2024 6.3%
2024
INTERNATIONAL
Please credit the International Society of Aesthetic Plastic Surgery when citing statistical data. Contact ISAPS: +44 20 7038 7812 | media@isaps.org | www.isaps.org 6
SURVEY"
2024,E:\shared\行业报告\2024 isaps-global-survey.pdf,https://www.isaps.org/media/30xldsyf/isaps-global-survey-2024.pdf,7,"2024 STATISTICS AT A GLANCE
total procedures performed
WORLDWIDE
17,415,678 20,535,686
most common COSMETIC surgical procedures non-surgical procedures
procedures by
AGE GROUP
US is the country with the
US
most surgeons:
17 years or younger Rhinoplasty 45,512 procedures 7,752 surgeons
18–34 years old Botulinum Toxin 1,798,454 procedures
35–50 years old Botulinum Toxin 3,715,227 procedures US is the country with the
most non-surgical procedures:
51–64 years old Botulinum Toxin 1,861,557 procedures
4,165,645 procedures
65 years or older Botulinum Toxin 473,277 procedures
Brazil is thecountry with the
BRAZIL
most surgical procedures:
2,354,513 procedures
2024
INTERNATIONAL
Please credit the International Society of Aesthetic Plastic Surgery when citing statistical data. Contact ISAPS: +44 20 7038 7812 | media@isaps.org | www.isaps.org 7
SURVEY"
2024,E:\shared\行业报告\2024 isaps-global-survey.pdf,https://www.isaps.org/media/30xldsyf/isaps-global-survey-2024.pdf,8,"NUMBER OF
WORLDWIDE
PROCEDURES
PERFORMED BY PLASTIC SURGEONS IN 2024"
2024,E:\shared\行业报告\2024 isaps-global-survey.pdf,https://www.isaps.org/media/30xldsyf/isaps-global-survey-2024.pdf,9,"NUMBER OF WORLDWIDE SURGICAL PROCEDURES
PERFORMED BY PLASTIC SURGEONS
Percentage of Total Total Procedures Total Procedures Percentage Change Percentage Change
Rank SURGICAL PROCEDURES Total
Surgical Procedures in 2023 in 2020 2024 vs. 2023 2024 vs. 2020
1 Eyelid Surgery 2,115,360 12.1% 1,865,636 1,225,540 13.4% 72.6%
2 Liposuction 2,087,189 12.0% 2,388,881 1,525,197 -12.6% 36.8%
3 Breast Augmentation 1,658,615 9.5% 2,009,263 1,624,281 -17.5% 2.1%
4 Scar Revision 1,156,446 6.6% N/A N/A N/A N/A
5 Rhinoplasty 1,083,631 6.2% 1,201,908 852,554 -9.8% 27.1%
6 Abdominoplasty 1,036,236 6.0% 1,223,143 765,248 -15.3% 35.4%
7 Fat Grafting – Face 947,007 5.4% 794,569 515,819 19.2% 83.6%
8 Breast Lift 772,138 4.4% 963,580 594,691 -19.9% 29.8%
9 Face Lift 737,028 4.2% 686,312 419,046 7.4% 75.9%
10 Lip Enhancement/Perioral Procedure 730,752 4.2% 959,675 N/A -23.9% N/A
11 Breast Reduction 652,676 3.7% 728,296 426,363 -10.4% 53.1%
12 Buttock Augmentation 644,770 3.7% 821,232 396,105 -21.5% 62.8%
13 Brow Lift 524,386 3.0% 411,324 288,306 27.5% 81.9%
14 Neck Lift 477,624 2.7% 481,681 251,308 -0.8% 90.1%
15 Gynecomastia 383,656 2.2% 376,621 210,737 1.9% 82.1%
16 Ear Surgery 363,754 2.1% 350,293 254,931 3.8% 42.7%
17 Breast Implant Removal 341,971 2.0% 357,693 206,826 -4.4% 65.3%
18 Facial Bone Contouring 237,188 1.4% 164,609 106,173 44.1% 123.4%
19 Buccal Fat Removal 229,688 1.3% N/A N/A N/A N/A
20 Upper Arm Lift 212,223 1.2% 263,295 126,030 -19.4% 68.4%
21 Labiaplasty 210,633 1.2% 203,038 142,119 3.7% 48.2%
22 Thigh Lift 136,522 0.8% 158,074 73,948 -13.6% 84.6%
23 Lower Body Lift 119,706 0.7% 137,118 71,007 -12.7% 68.6%
24 Hand Rejuvenation with Fat Grafting 100,093 0.6% N/A N/A N/A N/A
25 Inverted Nipple Correction 98,512 0.6% N/A N/A N/A N/A
26 Other Outer Genital Surgery 87,179 0.5% N/A N/A N/A N/A
27 Buttock Lift 80,610 0.5% 117,176 53,299 -31.2% 51.2%
Surgical Vaginal Rejuvenation
28 (including introitusplasty, fat grafting or 75,719 0.4% 89,905 N/A -15.8% N/A
mucosa-muscle tightening)
29 Upper Body Lift 63,074 0.4% 74,663 N/A -15.5% N/A
30 Dimple Creation 51,291 0.3% N/A N/A N/A N/A
TOTAL SURGICAL PROCEDURES 17,415,678 16,827,984 10,129,528 -6.7% 46.3%
When reporting percent changes from prior years, comparisons are limited to procedures that were consistent across years, not including new procedures added to the survey.
2024
INTERNATIONAL
Please credit the International Society of Aesthetic Plastic Surgery when citing statistical data. Contact ISAPS: +44 20 7038 7812 | media@isaps.org | www.isaps.org 9
SURVEY"
2024,E:\shared\行业报告\2024 isaps-global-survey.pdf,https://www.isaps.org/media/30xldsyf/isaps-global-survey-2024.pdf,10,"NUMBER OF WORLDWIDE NON-SURGICAL PROCEDURES
PERFORMED BY PLASTIC SURGEONS
Percentage of Total Total Procedures Total Procedures Percentage Change Percentage Change
Rank NON-SURGICAL PROCEDURES Total
Non-Surgical Procedures in 2023 in 2020 2024 vs. 2023 2024 vs. 2020
1 Botulinum Toxin 7,887,955 38.4% 9,549,245 6,213,859 -17.4% 26.9%
2 Hyaluronic Acid 6,338,184 30.9% 6,025,911 4,053,016 5.2% 56.4%
3 Hair Removal 1,487,130 7.2% 1,708,342 1,837,052 -12.9% -19.0%
4 Non-Surgical Skin Tightening 1,239,306 6.0% 892,180 N/A 38.9% N/A
5 Chemical Peel 820,225 4.0% 615,407 409,054 33.3% 100.5%
6 Full Field Ablative 752,717 3.7% 472,853 225,141 59.2% 234.3%
7 Non-Surgical Fat Reduction 702,836 3.4% 652,962 560,464 7.6% 25.4%
8 Poly-L-Lactic Acid 642,566 3.1% N/A 121,087 N/A 430.7%
9 Calcium Hydroxylapatite 418,173 2.0% 367,646 222,785 13.7% 87.7%
10 Tattoo Removal 246,594 1.2% N/A N/A N/A N/A
TOTAL NON-SURGICAL PROCEDURES 20,535,686 20,284,547 13,642,459 -3.1% 39.6%
When reporting percent changes from prior years, comparisons are limited to procedures that were consistent across years, not including new procedures added to the survey.
2024
INTERNATIONAL
Please credit the International Society of Aesthetic Plastic Surgery when citing statistical data. Contact ISAPS: +44 20 7038 7812 | media@isaps.org | www.isaps.org 10
SURVEY"
2024,E:\shared\行业报告\2024 isaps-global-survey.pdf,https://www.isaps.org/media/30xldsyf/isaps-global-survey-2024.pdf,11,"NUMBER OF WORLDWIDE SURGICAL PROCEDURES
BY REGION OF THE BODY
TOTAL SURGICAL PROCEDURES 2024 2023 2020 Percentage Change 2024 vs. 2023 Percentage Change 2024 vs. 2020
Brow Lift 524,386 411,324 288,306 27.5% 81.9%
Buccal Fat Removal 229,688 N/A N/A N/A N/A
Dimple Creation 51,291 N/A N/A N/A N/A
Ear Surgery 363,754 350,293 254,931 3.8% 42.7%
Eyelid Surgery 2,115,360 1,865,636 1,225,540 13.4% 72.6%
Face Lift 737,028 686,312 419,046 7.4% 75.9%
Facial Bone Contouring 237,188 164,609 106,173 44.1% 123.4%
Fat Grafting – Face 947,007 794,569 515,819 19.2% 83.6%
Lip Enhancement/Perioral Procedure 730,752 959,675 N/A -23.9% N/A
Neck Lift 477,624 481,681 251,308 -0.8% 90.1%
Rhinoplasty 1,083,631 1,201,908 852,554 -9.8% 27.1%
TOTAL FACE & HEAD PROCEDURES 7,497,709 6,916,007 3,913,679 4.3% 65.7%
Breast Augmentation 1,658,615 2,009,263 1,624,281 -17.5% 2.1%
Breast Implant Removal 341,971 357,693 206,826 -4.4% 65.3%
Breast Lift 772,138 963,580 594,691 -19.9% 29.8%
Breast Reduction 652,676 728,296 426,363 -10.4% 53.1%
Gynecomastia 383,656 376,621 210,737 1.9% 82.1%
Inverted Nipple Correction 98,512 N/A N/A N/A N/A
TOTAL BREAST PROCEDURES 3,907,567 4,435,454 3,062,897 -14.1% 24.4%
Abdominoplasty 1,036,236 1,223,143 765,248 -15.3% 35.4%
Buttock Augmentation 644,770 821,232 396,105 -21.5% 62.8%
Buttock Lift 80,610 117,176 53,299 -31.2% 51.2%
Hand Rejuvenation with Fat Grafting 100,093 N/A N/A N/A N/A
Liposuction 2,087,189 2,388,881 1,525,197 -12.6% 36.8%
Lower Body Lift 119,706 137,118 71,007 -12.7% 68.6%
Scar Revision 1,156,446 N/A N/A N/A N/A
Thigh Lift 136,522 158,074 73,948 -13.6% 84.6%
Upper Arm Lift 212,223 263,295 126,030 -19.4% 68.4%
Upper Body Lift 63,074 74,663 N/A -15.5% N/A
Labiaplasty 210,633 203,038 142,119 3.7% 48.2%
Vaginal Rejuvenation 75,719 89,905 N/A -15.8% N/A
Other Outer Genital Surgery 87,179 N/A N/A N/A N/A
TOTAL BODY & EXTREMITIES PROCEDURES 6,010,401 5,476,524 3,152,952 -14.8% 43.6%
TOTAL SURGICAL PROCEDURES 17,415,678 16,827,984 10,129,528 -6.7% 46.3%
2024
INTERNATIONAL
Please credit the International Society of Aesthetic Plastic Surgery when citing statistical data. Contact ISAPS: +44 20 7038 7812 | media@isaps.org | www.isaps.org 11
SURVEY
FACE
&
HEAD
BREAST
BODY
&
EXTREMITIES
When reporting percent changes from prior years, comparisons are limited to procedures that were consistent across years, not including new procedures added to the survey."
2024,E:\shared\行业报告\2024 isaps-global-survey.pdf,https://www.isaps.org/media/30xldsyf/isaps-global-survey-2024.pdf,12,"Percentage Change Percentage Change
TOTAL NON-SURGICAL PROCEDURES 2024 2023 2020
2024 vs. 2023 2024 vs. 2020
Botulinum Toxin 7,887,955 9,549,245 6,213,859 -17.4% 26.9%
Calcium Hydroxylapatite 418,173 367,646 222,785 13.7% 87.7%
Hyaluronic Acid 6,338,184 6,025,911 4,053,016 5.2% 56.4%
Poly-L-Lactic Acid 642,566 N/A 121,087 N/A 430.7%
TOTAL INJECTABLE PROCEDURES 15,286,878 15,942,803 10,610,748 -8.1% 44.1%
Chemical Peel 820,225 615,407 409,054 33.3% 100.5%
Full Field Ablative 752,717 472,853 225,141 59.2% 234.3%
Non-Surgical Skin Tightening 1,239,306 892,180 N/A 38.9% N/A
TOTAL FACIAL REJUVENATION PROCEDURES 2,812,249 1,980,441 634,195 42.0% 148.0%
Hair Removal 1,487,130 1,708,342 1,837,052 -12.9% -19.0%
Non-Surgical Fat Reduction 702,836 652,962 560,464 7.6% 25.4%
Tattoo Removal 246,594 N/A N/A N/A N/A
TOTAL OTHER PROCEDURES 2,436,560 2,361,303 2,397,516 -7.3% -8.7%
TOTAL NON-SURGICAL PROCEDURES 20,535,686 20,284,547 13,642,459 -3.1% 39.6%
2024
INTERNATIONAL
Please credit the International Society of Aesthetic Plastic Surgery when citing statistical data. Contact ISAPS: +44 20 7038 7812 | media@isaps.org | www.isaps.org 12
SURVEY
REJUVENATION
INJECTABLES
OTHER
FACIAL
NUMBER OF WORLDWIDE NON-SURGICAL PROCEDURES
BY TYPE OF PROCEDURE
Total
SURGICAL &
37,951,364 37,112,531 23,771,987 -4.8% 42.5%
NON-SURGICAL
Procedures
When reporting percent changes from prior years, comparisons are limited to procedures that were consistent across years, not including new procedures added to the survey."
2024,E:\shared\行业报告\2024 isaps-global-survey.pdf,https://www.isaps.org/media/30xldsyf/isaps-global-survey-2024.pdf,13,"OVERVIEW OF ALL PROCEDURES
TOTAL PROCEDURES IN 2024
DECREASED BY
-4 . 8%
Compared to 2023 statistics
TOTAL SURGICAL TOTAL NON-SURGICAL
-6.7% -3.1%
PROCEDURES PROCEDURES
6.7% 3.1%
DECREASED BY - DECREASED BY -
TOTAL TOTAL TOTAL TOTAL TOTAL FACIAL TOTAL
FACE & HEAD BREAST BODY & EXTREMITIES INJECTABLES REJUVENATION OTHER
procedures procedures procedures procedures procedures procedures
4.3% -14.1% -14.8% -8.1% 42.0% -7.3%
2024
INTERNATIONAL
Please credit the International Society of Aesthetic Plastic Surgery when citing statistical data. Contact ISAPS: +44 20 7038 7812 | media@isaps.org | www.isaps.org 13
SURVEY"
2024,E:\shared\行业报告\2024 isaps-global-survey.pdf,https://www.isaps.org/media/30xldsyf/isaps-global-survey-2024.pdf,14,"WORLDWIDE PROCEDURES
BY LOCATION"
2024,E:\shared\行业报告\2024 isaps-global-survey.pdf,https://www.isaps.org/media/30xldsyf/isaps-global-survey-2024.pdf,15,"US
TOTAL NUMBER OF
PROCEDURES
US
6,165,173
TOTAL SURGICAL PROCEDURES 1,999,528 TOTAL NON-SURGICAL PROCEDURES 4,165,645
FACE & HEAD BODY & EXTREMITIES INJECTABLES FACIAL REJUVENATION
Brow Lift 29,417 Abdominoplasty 172,826 Botulinum Toxin 1,794,384 Chemical Peel 170,203
Buccal Fat Removal 68,838 Brachioplasty 30,818 Calcium Hydroxyapatite 97,758 Full Field Ablative 101,497
Dimple Creation 2,326 Buttock Augmentation 21,347 Hyaluronic Acid 1,229,041 Non-Surgical Skin Tightening 356,072
Ear Surgery 24,720 Buttock Lift 13,942 Poly-L-Lactic Acid 62,694 TOTAL FACIAL REJUVENATION 627,772
Eyelid Surgery 114,030 Hand Rejuvenation 31,163 TOTAL INJECTABLES 3,183,878
Face Lift 94,646 with Fat Grafting MOST COMMON PROCEDURES
Facial Bone Contouring 12,882 Labiaplasty 18,490 OTHER
TOTAL % OF
Fat Grafting – Face 27,000 Liposuction 342,751 TOTAL
Hair Removal 157,756
Lip Enhancement/ Lower Body Lift 17,337 Botulinum Toxin 1,794,384 43.1%
108,373 Non-Surgical Fat Reduction 178,409
Perioral Procedure Other Outer Genital Surgery 22,481 Hyaluronic Acid 1,229,041 29.5%
Tattoo Removal 17,830
Neck Lift 41,218 Scar Revision 190,854 Non-Surgical
TOTAL OTHER 353,995 356,072 8.5%
Rhinoplasty 39,978 Surgical Vaginal Rejuvenation 4,346 Skin Tightening
TOTAL FACE & HEAD 563,426 Thigh Lift 17,261 Non-Surgical
178,409 4.3%
Upper Body Lift 10,335 Fat Reduction
BREAST Chemical Peel 170,203 4.1%
TOTAL BODY & EXTREMITIES 893,952
Breast Augmentation 227,470
Breast Implant Removal 66,514 MOST COMMON PROCEDURES
Breast Lift 141,355
TOTAL % OF
Breast Reduction 67,478 TOTAL
Liposuction 342,751 17.1%
Gynecomastia 21,348
Breast Augmentation 227,470 11.4%
Inverted Nipple Correction 17,985
Scar Revision 190,854 9.5%
TOTAL BREAST 542,150
Abdominoplasty 172,826 8.6%
Breast Lift 141,355 7.1%
2024
INTERNATIONAL
Please credit the International Society of Aesthetic Plastic Surgery when citing statistical data. Contact ISAPS: +44 20 7038 7812 | media@isaps.org | www.isaps.org 15
SURVEY"
2024,E:\shared\行业报告\2024 isaps-global-survey.pdf,https://www.isaps.org/media/30xldsyf/isaps-global-survey-2024.pdf,16,"BRAZIL
TOTAL NUMBER OF
PROCEDURES
BRAZIL
3,123,758
TOTAL SURGICAL PROCEDURES 2,354,513 TOTAL NON-SURGICAL PROCEDURES 769,245
FACE & HEAD BODY & EXTREMITIES INJECTABLES FACIAL REJUVENATION
Brow Lift 74,716 Abdominoplasty 192,961 Botulinum Toxin 351,488 Chemical Peel 22,090
Buccal Fat Removal 12,344 Brachioplasty 28,587 Calcium Hydroxyapatite 28,587 Full Field Ablative 54,575
Dimple Creation 3,249 Buttock Augmentation 168,272 Hyaluronic Acid 176,069 Non-Surgical Skin Tightening 60,422
Ear Surgery 39,632 Buttock Lift 12,344 Poly-L-Lactic Acid 28,587 TOTAL FACIAL REJUVENATION 137,087
Eyelid Surgery 231,293 Hand Rejuvenation 6,497 TOTAL INJECTABLES 584,730
Face Lift 121,494 with Fat Grafting MOST COMMON PROCEDURES
Facial Bone Contouring 20,141 Labiaplasty 29,237 OTHER
TOTAL % OF
Fat Grafting – Face 112,398 Liposuction 289,766 TOTAL
Hair Removal 29,237
Lip Enhancement/ Lower Body Lift 17,542 Botulinum Toxin 351,488 45.7%
94,207 Non-Surgical Fat Reduction 7,796
Perioral Procedure Other Outer Genital Surgery 7,796 Hyaluronic Acid 176,069 22.9%
Tattoo Removal 10,395
Neck Lift 98,754 Scar Revision 74,716 Non-Surgical
TOTAL OTHER 47,428 60,422 7.9%
Rhinoplasty 102,653 Surgical Vaginal Rejuvenation 8,446 Skin Tightening
TOTAL FACE & HEAD 910,879 Thigh Lift 14,943 Full Field Ablative 54,575 7.1%
Upper Body Lift 11,045 Hair Removal 29,237 3.8%
BREAST
TOTAL BODY & EXTREMITIES 862,152
Breast Augmentation 232,593
Breast Implant Removal 42,231 MOST COMMON PROCEDURES
Breast Lift 137,736
TOTAL % OF
Breast Reduction 115,647 TOTAL
Liposuction 289,766 12.3%
Gynecomastia 44,180
Breast Augmentation 232,593 9.9%
Inverted Nipple Correction 9,096
Eyelid Surgery 231,293 9.8%
TOTAL BREAST 581,482
Abdominoplasty 192,961 8.2%
Buttock Augmentation 168,272 7.1%
2024
INTERNATIONAL
Please credit the International Society of Aesthetic Plastic Surgery when citing statistical data. Contact ISAPS: +44 20 7038 7812 | media@isaps.org | www.isaps.org 16
SURVEY"
2024,E:\shared\行业报告\2024 isaps-global-survey.pdf,https://www.isaps.org/media/30xldsyf/isaps-global-survey-2024.pdf,17,"JAPAN
TOTAL NUMBER OF
PROCEDURES
JAPAN
1,631,600
TOTAL SURGICAL PROCEDURES 380,000 TOTAL NON-SURGICAL PROCEDURES 1,251,600
FACE & HEAD BODY & EXTREMITIES INJECTABLES FACIAL REJUVENATION
Brow Lift 12,800 Abdominoplasty 6,000 Botulinum Toxin 414,800 Chemical Peel 131,200
Buccal Fat Removal 2,400 Brachioplasty 0 Calcium Hydroxyapatite 800 Full Field Ablative 74,000
Dimple Creation 400 Buttock Augmentation 1,200 Hyaluronic Acid 341,600 Non-Surgical Skin Tightening 81,600
Ear Surgery 3,600 Buttock Lift 0 Poly-L-Lactic Acid 30,400 TOTAL FACIAL REJUVENATION 286,800
Eyelid Surgery 140,000 Hand Rejuvenation 1,200 TOTAL INJECTABLES 787,600
Face Lift 21,600 with Fat Grafting MOST COMMON PROCEDURES
Facial Bone Contouring 12,400 Labiaplasty 7,200 OTHER
TOTAL % OF
Fat Grafting – Face 19,600 Liposuction 37,200 TOTAL
Hair Removal 133,200
Lip Enhancement/ Lower Body Lift 0 Botulinum Toxin 414,800 33.1%
5,600 Non-Surgical Fat Reduction 26,800
Perioral Procedure Other Outer Genital Surgery 3,200 Hyaluronic Acid 341,600 27.3%
Tattoo Removal 17,200
Neck Lift 9,600 Scar Revision 14,800 Hair Removal 133,200 10.6%
TOTAL OTHER 177,200
Rhinoplasty 40,400 Surgical Vaginal Rejuvenation 2,000 Chemical Peel 131,200 10.5%
TOTAL FACE & HEAD 268,400 Thigh Lift 0 Non-Surgical
81,600 6.5%
Upper Body Lift 400 Skin Tightening
BREAST
TOTAL BODY & EXTREMITIES 73,200
Breast Augmentation 24,400
Breast Implant Removal 4,000 MOST COMMON PROCEDURES
Breast Lift 1,600
TOTAL % OF
Breast Reduction 4,000 TOTAL
Eyelid Surgery 140,000 36.8%
Gynecomastia 800
Rhinoplasty 40,400 10.6%
Inverted Nipple Correction 3,600
Liposuction 37,200 9.8%
TOTAL BREAST 38,400
Breast Augmentation 24,400 6.4%
Face Lift 21,600 5.7%
2024
INTERNATIONAL
Please credit the International Society of Aesthetic Plastic Surgery when citing statistical data. Contact ISAPS: +44 20 7038 7812 | media@isaps.org | www.isaps.org 17
SURVEY"
2024,E:\shared\行业报告\2024 isaps-global-survey.pdf,https://www.isaps.org/media/30xldsyf/isaps-global-survey-2024.pdf,18,"ITALY
TOTAL NUMBER OF
PROCEDURES
ITALY
1,371,220
TOTAL SURGICAL PROCEDURES 480,047 TOTAL NON-SURGICAL PROCEDURES 891,172
FACE & HEAD BODY & EXTREMITIES INJECTABLES FACIAL REJUVENATION
Brow Lift 7,877 Abdominoplasty 27,350 Botulinum Toxin 316,385 Chemical Peel 33,258
Buccal Fat Removal 438 Brachioplasty 9,408 Calcium Hydroxyapatite 17,504 Full Field Ablative 14,660
Dimple Creation 0 Buttock Augmentation 7,002 Hyaluronic Acid 430,598 Non-Surgical Skin Tightening 22,318
Ear Surgery 15,754 Buttock Lift 1,313 Poly-L-Lactic Acid 12,472 TOTAL FACIAL REJUVENATION 70,235
Eyelid Surgery 56,013 Hand Rejuvenation 1,094 TOTAL INJECTABLES 776,959
Face Lift 14,441 with Fat Grafting MOST COMMON PROCEDURES
Facial Bone Contouring 3,938 Labiaplasty 5,251 OTHER
TOTAL % OF
Fat Grafting – Face 25,818 Liposuction 39,603 TOTAL
Hair Removal 16,629
Lip Enhancement/ Lower Body Lift 656 Hyaluronic Acid 430,598 48.3%
40,040 Non-Surgical Fat Reduction 16,848
Perioral Procedure Other Outer Genital Surgery 438 Botulinum Toxin 316,385 35.5%
Tattoo Removal 10,502
Neck Lift 7,439 Scar Revision 21,880 Chemical Peel 33,258 3.7%
TOTAL OTHER 43,979
Rhinoplasty 40,478 Surgical Vaginal Rejuvenation 656 Non-Surgical
22,318 2.5%
TOTAL FACE & HEAD 212,236 Thigh Lift 4,814 Skin Tightening
Upper Body Lift 656 Calcium
17,504 2.0%
BREAST Hydroxyapatite
TOTAL BODY & EXTREMITIES 120,121
Breast Augmentation 74,392
Breast Implant Removal 15,316 MOST COMMON PROCEDURES
Breast Lift 27,131
TOTAL % OF
Breast Reduction 17,723 TOTAL
Breast Augmentation 74,392 15.5%
Gynecomastia 10,502
Eyelid Surgery 56,013 11.7%
Inverted Nipple Correction 2,626
Rhinoplasty 40,478 8.4%
TOTAL BREAST 147,690
Lip Enhancement/
40,040 8.3%
Perioral Procedure
Liposuction 39,603 8.2%
2024
INTERNATIONAL
Please credit the International Society of Aesthetic Plastic Surgery when citing statistical data. Contact ISAPS: +44 20 7038 7812 | media@isaps.org | www.isaps.org 18
SURVEY"
2024,E:\shared\行业报告\2024 isaps-global-survey.pdf,https://www.isaps.org/media/30xldsyf/isaps-global-survey-2024.pdf,19,"GERMANY
TOTAL NUMBER OF
PROCEDURES
GERMANY
1,303,528
TOTAL SURGICAL PROCEDURES 626,215 TOTAL NON-SURGICAL PROCEDURES 677,313
FACE & HEAD BODY & EXTREMITIES INJECTABLES FACIAL REJUVENATION
Brow Lift 11,982 Abdominoplasty 38,940 Botulinum Toxin 361,210 Chemical Peel 1,410
Buccal Fat Removal 1,057 Brachioplasty 11,453 Calcium Hydroxyapatite 9,162 Full Field Ablative 23,963
Dimple Creation 352 Buttock Augmentation 13,567 Hyaluronic Acid 221,836 Non-Surgical Skin Tightening 28,192
Ear Surgery 10,043 Buttock Lift 4,053 Poly-L-Lactic Acid 18,677 TOTAL FACIAL REJUVENATION 53,565
Eyelid Surgery 78,409 Hand Rejuvenation 2,291 TOTAL INJECTABLES 610,885
Face Lift 25,197 with Fat Grafting MOST COMMON PROCEDURES
Facial Bone Contouring 2,643 Labiaplasty 7,400 OTHER
TOTAL % OF
Fat Grafting – Face 24,316 Liposuction 111,711 TOTAL
Hair Removal 3,348
Lip Enhancement/ Lower Body Lift 3,700 Botulinum Toxin 361,210 53.3%
22,554 Non-Surgical Fat Reduction 8,810
Perioral Procedure Other Outer Genital Surgery 2,291 Hyaluronic Acid 221,836 32.8%
Tattoo Removal 705
Neck Lift 20,792 Scar Revision 28,192 Non-Surgical
TOTAL OTHER 12,863 28,192 4.2%
Rhinoplasty 23,963 Surgical Vaginal Rejuvenation 352 Skin Tightening
TOTAL FACE & HEAD 221,307 Thigh Lift 13,039 Full Field Ablative 23,963 3.5%
Upper Body Lift 1,586 Poly-L-Lactic Acid 18,677 2.8%
BREAST
TOTAL BODY & EXTREMITIES 238,575
Breast Augmentation 70,128
Breast Implant Removal 12,510 MOST COMMON PROCEDURES
Breast Lift 29,778
TOTAL % OF
Breast Reduction 32,068 TOTAL
Liposuction 111,711 17.8%
Gynecomastia 17,444
Eyelid Surgery 78,409 12.5%
Inverted Nipple Correction 4,405
Breast Augmentation 70,128 11.2%
TOTAL BREAST 166,333
Abdominoplasty 38,940 6.2%
Breast Reduction 32,068 5.1%
2024
INTERNATIONAL
Please credit the International Society of Aesthetic Plastic Surgery when citing statistical data. Contact ISAPS: +44 20 7038 7812 | media@isaps.org | www.isaps.org 19
SURVEY"
2024,E:\shared\行业报告\2024 isaps-global-survey.pdf,https://www.isaps.org/media/30xldsyf/isaps-global-survey-2024.pdf,20,"MEXICO
TOTAL NUMBER OF
PROCEDURES
MEXICO
1,294,946
TOTAL SURGICAL PROCEDURES 734,082 TOTAL NON-SURGICAL PROCEDURES 560,865
FACE & HEAD BODY & EXTREMITIES INJECTABLES FACIAL REJUVENATION
Brow Lift 21,304 Abdominoplasty 52,762 Botulinum Toxin 250,468 Chemical Peel 19,910
Buccal Fat Removal 20,906 Brachioplasty 12,145 Calcium Hydroxyapatite 22,299 Full Field Ablative 15,530
Dimple Creation 597 Buttock Augmentation 62,717 Hyaluronic Acid 137,777 Non-Surgical Skin Tightening 34,643
Ear Surgery 12,344 Buttock Lift 5,973 Poly-L-Lactic Acid 11,349 TOTAL FACIAL REJUVENATION 70,083
Eyelid Surgery 65,305 Hand Rejuvenation 2,389 TOTAL INJECTABLES 421,893
Face Lift 24,290 with Fat Grafting MOST COMMON PROCEDURES
Facial Bone Contouring 15,132 Labiaplasty 5,973 OTHER
TOTAL % OF
Fat Grafting – Face 30,861 Liposuction 98,754 TOTAL
Hair Removal 30,462
Lip Enhancement/ Lower Body Lift 8,960 Botulinum Toxin 250,468 44.7%
33,250 Non-Surgical Fat Reduction 28,870
Perioral Procedure Other Outer Genital Surgery 2,190 Hyaluronic Acid 137,777 24.6%
Tattoo Removal 9,557
Neck Lift 23,295 Scar Revision 32,254 Non-Surgical
TOTAL OTHER 68,889 34,643 6.2%
Rhinoplasty 45,196 Surgical Vaginal Rejuvenation 1,593 Skin Tightening
TOTAL FACE & HEAD 292,478 Thigh Lift 5,376 Hair Removal 30,462 5.4%
Upper Body Lift 2,987 Non-Surgical
28,870 5.1%
BREAST Fat Reduction
TOTAL BODY & EXTREMITIES 294,071
Breast Augmentation 67,893
Breast Implant Removal 15,530 MOST COMMON PROCEDURES
Breast Lift 32,254
TOTAL % OF
Breast Reduction 18,317 TOTAL
Liposuction 98,754 13.5%
Gynecomastia 10,751
Breast Augmentation 67,893 9.2%
Inverted Nipple Correction 2,787
Eyelid Surgery 65,305 8.9%
TOTAL BREAST 147,533
Buttock
62,717 8.5%
Augmentation
Abdominoplasty 52,762 7.2%
2024
INTERNATIONAL
Please credit the International Society of Aesthetic Plastic Surgery when citing statistical data. Contact ISAPS: +44 20 7038 7812 | media@isaps.org | www.isaps.org 20
SURVEY"
2024,E:\shared\行业报告\2024 isaps-global-survey.pdf,https://www.isaps.org/media/30xldsyf/isaps-global-survey-2024.pdf,21,"INDIA
TOTAL NUMBER OF
PROCEDURES
INDIA
1,288,840
TOTAL SURGICAL PROCEDURES 677,040 TOTAL NON-SURGICAL PROCEDURES 611,800
FACE & HEAD BODY & EXTREMITIES INJECTABLES FACIAL REJUVENATION
Brow Lift 7,840 Abdominoplasty 28,840 Botulinum Toxin 76,720 Chemical Peel 85,120
Buccal Fat Removal 10,360 Brachioplasty 5,320 Calcium Hydroxyapatite 280 Full Field Ablative 49,560
Dimple Creation 8,680 Buttock Augmentation 8,680 Hyaluronic Acid 97,160 Non-Surgical Skin Tightening 35,280
Ear Surgery 31,640 Buttock Lift 840 Poly-L-Lactic Acid 5,320 TOTAL FACIAL REJUVENATION 169,960
Eyelid Surgery 46,760 Hand Rejuvenation 3,920 TOTAL INJECTABLES 179,480
Face Lift 11,200 with Fat Grafting MOST COMMON PROCEDURES
Facial Bone Contouring 9,240 Labiaplasty 7,000 OTHER
TOTAL % OF
Fat Grafting – Face 41,440 Liposuction 97,160 TOTAL
Hair Removal 208,880
Lip Enhancement/ Lower Body Lift 2,520 Hair Removal 208,880 34.1%
19,320 Non-Surgical Fat Reduction 21,560
Perioral Procedure Other Outer Genital Surgery 3,640 Hyaluronic Acid 97,160 15.9%
Tattoo Removal 31,920
Neck Lift 11,200 Scar Revision 106,120 Chemical Peel 85,120 13.9%
TOTAL OTHER 262,360
Rhinoplasty 67,760 Surgical Vaginal Rejuvenation 5,600 Botulinum Toxin 76,720 12.5%
TOTAL FACE & HEAD 265,440 Thigh Lift 2,800 Full Field Ablative 49,560 8.1%
Upper Body Lift 1,680
BREAST
TOTAL BODY & EXTREMITIES 274,120
Breast Augmentation 47,600
Breast Implant Removal 4,200 MOST COMMON PROCEDURES
Breast Lift 13,440
TOTAL % OF
Breast Reduction 22,400 TOTAL
Scar Revision 106,120 15.7%
Gynecomastia 47,320
Liposuction 97,160 14.4%
Inverted Nipple Correction 2,520
Rhinoplasty 67,760 10.0%
TOTAL BREAST 137,480
Breast Augmentation 47,600 7.0%
Gynecomastia 47,320 7.0%
2024
INTERNATIONAL
Please credit the International Society of Aesthetic Plastic Surgery when citing statistical data. Contact ISAPS: +44 20 7038 7812 | media@isaps.org | www.isaps.org 21
SURVEY"
2024,E:\shared\行业报告\2024 isaps-global-survey.pdf,https://www.isaps.org/media/30xldsyf/isaps-global-survey-2024.pdf,22,"TURKIYE
TOTAL NUMBER OF
PROCEDURES
TURKIYE
1,110,306
TOTAL SURGICAL PROCEDURES 570,478 TOTAL NON-SURGICAL PROCEDURES 539,828
FACE & HEAD BODY & EXTREMITIES INJECTABLES FACIAL REJUVENATION
Brow Lift 18,111 Abdominoplasty 29,458 Botulinum Toxin 260,390 Chemical Peel 3,410
Buccal Fat Removal 11,160 Brachioplasty 7,696 Calcium Hydroxyapatite 10,640 Full Field Ablative 14,879
Dimple Creation 1,800 Buttock Augmentation 14,356 Hyaluronic Acid 160,944 Non-Surgical Skin Tightening 29,881
Ear Surgery 12,127 Buttock Lift 2,573 Poly-L-Lactic Acid 3,005 TOTAL FACIAL REJUVENATION 48,169
Eyelid Surgery 59,540 Hand Rejuvenation 3,840 TOTAL INJECTABLES 434,978
Face Lift 22,996 with Fat Grafting MOST COMMON PROCEDURES
Facial Bone Contouring 8,392 Labiaplasty 6,219 OTHER
TOTAL % OF
Fat Grafting – Face 38,466 Liposuction 53,480 TOTAL
Hair Removal 39,083
Lip Enhancement/ Lower Body Lift 3,518 Botulinum Toxin 260,390 48.2%
25,866 Non-Surgical Fat Reduction 9,558
Perioral Procedure Other Outer Genital Surgery 2,160 Hyaluronic Acid 160,944 29.8%
Tattoo Removal 8,040
Neck Lift 15,969 Scar Revision 36,240 Hair Removal 39,083 7.2%
TOTAL OTHER 56,681
Rhinoplasty 60,982 Surgical Vaginal Rejuvenation 2,861 Non-Surgical
29,881 5.5%
TOTAL FACE & HEAD 275,410 Thigh Lift 5,880 Skin Tightening
Upper Body Lift 2,612 Full Field Ablative 14,879 2.8%
BREAST
TOTAL BODY & EXTREMITIES 170,893
Breast Augmentation 48,179
Breast Implant Removal 6,091 MOST COMMON PROCEDURES
Breast Lift 26,036
TOTAL % OF
Breast Reduction 25,334 TOTAL
Rhinoplasty 60,982 10.7%
Gynecomastia 16,974
Eyelid Surgery 59,540 10.4%
Inverted Nipple Correction 1,560
Liposuction 53,480 9.4%
TOTAL BREAST 124,175
Breast Augmentation 48,179 8.4%
Fat Grafting – Face 38,466 6.7%
2024
INTERNATIONAL
Please credit the International Society of Aesthetic Plastic Surgery when citing statistical data. Contact ISAPS: +44 20 7038 7812 | media@isaps.org | www.isaps.org 22
SURVEY"
2024,E:\shared\行业报告\2024 isaps-global-survey.pdf,https://www.isaps.org/media/30xldsyf/isaps-global-survey-2024.pdf,23,"FRANCE
TOTAL NUMBER OF
PROCEDURES
FRANCE
912,940
TOTAL SURGICAL PROCEDURES 415,800 TOTAL NON-SURGICAL PROCEDURES 497,140
FACE & HEAD BODY & EXTREMITIES INJECTABLES FACIAL REJUVENATION
Brow Lift 4,340 Abdominoplasty 30,240 Botulinum Toxin 184,800 Chemical Peel 10,080
Buccal Fat Removal 1,120 Brachioplasty 8,820 Calcium Hydroxyapatite 11,200 Full Field Ablative 2,660
Dimple Creation 0 Buttock Augmentation 5,320 Hyaluronic Acid 217,140 Non-Surgical Skin Tightening 21,280
Ear Surgery 12,040 Buttock Lift 1,540 Poly-L-Lactic Acid 5,600 TOTAL FACIAL REJUVENATION 34,020
Eyelid Surgery 43,820 Hand Rejuvenation 560 TOTAL INJECTABLES 418,740
Face Lift 21,840 with Fat Grafting MOST COMMON PROCEDURES
Facial Bone Contouring 700 Labiaplasty 13,440 OTHER
TOTAL % OF
Fat Grafting – Face 19,040 Liposuction 37,240 TOTAL
Hair Removal 33,040
Lip Enhancement/ Lower Body Lift 4,060 Hyaluronic Acid 217,140 43.7%
16,380 Non-Surgical Fat Reduction 9,940
Perioral Procedure Other Outer Genital Surgery 2,100 Botulinum Toxin 184,800 37.2%
Tattoo Removal 1,400
Neck Lift 11,060 Scar Revision 11,620 Hair Removal 33,040 6.6%
TOTAL OTHER 44,380
Rhinoplasty 17,920 Surgical Vaginal Rejuvenation 2,100 Non-Surgical
21,280 4.3%
TOTAL FACE & HEAD 148,260 Thigh Lift 6,720 Skin Tightening
Upper Body Lift 840 Calcium
11,200 2.3%
BREAST Hydroxyapatite
TOTAL BODY & EXTREMITIES 124,600
Breast Augmentation 58,520
Breast Implant Removal 9,940 MOST COMMON PROCEDURES
Breast Lift 21,560
TOTAL % OF
Breast Reduction 38,780 TOTAL
Breast Augmentation 58,520 14.1%
Gynecomastia 9,940
Eyelid Surgery 43,820 10.5%
Inverted Nipple Correction 4,200
Breast Reduction 38,780 9.3%
TOTAL BREAST 142,940
Liposuction 37,240 9.0%
Abdominoplasty 30,240 7.3%
2024
INTERNATIONAL
Please credit the International Society of Aesthetic Plastic Surgery when citing statistical data. Contact ISAPS: +44 20 7038 7812 | media@isaps.org | www.isaps.org 23
SURVEY"
2024,E:\shared\行业报告\2024 isaps-global-survey.pdf,https://www.isaps.org/media/30xldsyf/isaps-global-survey-2024.pdf,24,"CHINESE TAIPEI
TOTAL NUMBER OF
PROCEDURES
CHINESE TAIPEI
658,320
TOTAL SURGICAL PROCEDURES 257,480 TOTAL NON-SURGICAL PROCEDURES 400,840
FACE & HEAD BODY & EXTREMITIES INJECTABLES FACIAL REJUVENATION
Brow Lift 6,331 Abdominoplasty 4,415 Botulinum Toxin 177,846 Chemical Peel 3,582
Buccal Fat Removal 2,332 Brachioplasty 1,000 Calcium Hydroxyapatite 916 Full Field Ablative 21,825
Dimple Creation 1,250 Buttock Augmentation 2,832 Hyaluronic Acid 85,882 Non-Surgical Skin Tightening 33,903
Ear Surgery 1,333 Buttock Lift 750 Poly-L-Lactic Acid 21,491 TOTAL FACIAL REJUVENATION 59,310
Eyelid Surgery 68,473 Hand Rejuvenation 1,749 TOTAL INJECTABLES 286,136
Face Lift 11,079 with Fat Grafting MOST COMMON PROCEDURES
Facial Bone Contouring 8,663 Labiaplasty 6,914 OTHER
TOTAL % OF
Fat Grafting – Face 36,236 Liposuction 17,993 TOTAL
Hair Removal 37,069
Lip Enhancement/ Lower Body Lift 167 Botulinum Toxin 177,846 44.4%
5,998 Non-Surgical Fat Reduction 14,994
Perioral Procedure Other Outer Genital Surgery 2,499 Hyaluronic Acid 85,882 21.4%
Tattoo Removal 3,332
Neck Lift 4,248 Scar Revision 17,326 Hair Removal 37,069 9.2%
TOTAL OTHER 55,394
Rhinoplasty 10,996 Surgical Vaginal Rejuvenation 2,749 Non-Surgical
33,903 8.5%
TOTAL FACE & HEAD 156,937 Thigh Lift 167 Skin Tightening
Upper Body Lift 0 Full Field Ablative 21,825 5.4%
BREAST
TOTAL BODY & EXTREMITIES 58,560
Breast Augmentation 27,822
Breast Implant Removal 2,332 MOST COMMON PROCEDURES
Breast Lift 1,833
TOTAL % OF
Breast Reduction 1,749 TOTAL
Eyelid Surgery 68,473 26.6%
Gynecomastia 5,748
Fat Grafting – Face 36,236 14.1%
Inverted Nipple Correction 2,499
Breast Augmentation 27,822 10.8%
TOTAL BREAST 41,983
Liposuction 17,993 7.0%
Scar Revision 17,326 6.7%
2024
INTERNATIONAL
Please credit the International Society of Aesthetic Plastic Surgery when citing statistical data. Contact ISAPS: +44 20 7038 7812 | media@isaps.org | www.isaps.org 24
SURVEY"
2024,E:\shared\行业报告\2024 isaps-global-survey.pdf,https://www.isaps.org/media/30xldsyf/isaps-global-survey-2024.pdf,25,"SPAIN
TOTAL NUMBER OF
PROCEDURES
SPAIN
588,859
TOTAL SURGICAL PROCEDURES 303,559 TOTAL NON-SURGICAL PROCEDURES 285,300
FACE & HEAD BODY & EXTREMITIES INJECTABLES FACIAL REJUVENATION
Brow Lift 5,801 Abdominoplasty 15,692 Botulinum Toxin 100,996 Chemical Peel 7,893
Buccal Fat Removal 2,473 Brachioplasty 2,282 Calcium Hydroxyapatite 7,228 Full Field Ablative 18,259
Dimple Creation 190 Buttock Augmentation 7,323 Hyaluronic Acid 124,676 Non-Surgical Skin Tightening 5,991
Ear Surgery 10,461 Buttock Lift 2,187 Poly-L-Lactic Acid 3,233 TOTAL FACIAL REJUVENATION 32,144
Eyelid Surgery 35,187 Hand Rejuvenation 95 TOTAL INJECTABLES 236,133
Face Lift 6,372 with Fat Grafting MOST COMMON PROCEDURES
Facial Bone Contouring 4,755 Labiaplasty 5,231 OTHER
TOTAL % OF
Fat Grafting – Face 12,553 Liposuction 29,481 TOTAL
Hair Removal 13,219
Lip Enhancement/ Lower Body Lift 1,997 Hyaluronic Acid 124,676 43.7%
24,821 Non-Surgical Fat Reduction 3,043
Perioral Procedure Other Outer Genital Surgery 1,236 Botulinum Toxin 100,996 35.4%
Tattoo Removal 761
Neck Lift 7,703 Scar Revision 8,369 Full Field Ablative 18,259 6.4%
TOTAL OTHER 17,023
Rhinoplasty 18,830 Surgical Vaginal Rejuvenation 380 Hair Removal 13,219 4.6%
TOTAL FACE & HEAD 129,146 Thigh Lift 2,473 Chemical Peel 7,893 2.8%
Upper Body Lift 761
BREAST
TOTAL BODY & EXTREMITIES 77,506
Breast Augmentation 42,129
Breast Implant Removal 9,415 MOST COMMON PROCEDURES
Breast Lift 19,781
TOTAL % OF
Breast Reduction 16,547 TOTAL
Breast Augmentation 42,129 13.9%
Gynecomastia 7,323
Eyelid Surgery 35,187 11.6%
Inverted Nipple Correction 1,712
Liposuction 29,481 9.7%
TOTAL BREAST 96,907
Lip Enhancement/
24,821 8.2%
Perioral Procedure
Breast Lift 19,781 6.5%
2024
INTERNATIONAL
Please credit the International Society of Aesthetic Plastic Surgery when citing statistical data. Contact ISAPS: +44 20 7038 7812 | media@isaps.org | www.isaps.org 25
SURVEY"
2024,E:\shared\行业报告\2024 isaps-global-survey.pdf,https://www.isaps.org/media/30xldsyf/isaps-global-survey-2024.pdf,26,"GREECE
TOTAL NUMBER OF
PROCEDURES
GREECE
529,440
TOTAL SURGICAL PROCEDURES 118,720 TOTAL NON-SURGICAL PROCEDURES 410,720
FACE & HEAD BODY & EXTREMITIES INJECTABLES FACIAL REJUVENATION
Brow Lift 2,280 Abdominoplasty 5,600 Botulinum Toxin 130,760 Chemical Peel 21,840
Buccal Fat Removal 400 Brachioplasty 2,360 Calcium Hydroxyapatite 2,560 Full Field Ablative 15,720
Dimple Creation 280 Buttock Augmentation 3,040 Hyaluronic Acid 133,320 Non-Surgical Skin Tightening 19,560
Ear Surgery 4,600 Buttock Lift 280 Poly-L-Lactic Acid 5,080 TOTAL FACIAL REJUVENATION 57,120
Eyelid Surgery 16,040 Hand Rejuvenation 920 TOTAL INJECTABLES 271,720
Face Lift 5,480 with Fat Grafting MOST COMMON PROCEDURES
Facial Bone Contouring 400 Labiaplasty 760 OTHER
TOTAL % OF
Fat Grafting – Face 7,280 Liposuction 14,280 TOTAL
Hair Removal 68,400
Lip Enhancement/ Lower Body Lift 2,080 Hyaluronic Acid 133,320 32.5%
7,800 Non-Surgical Fat Reduction 12,640
Perioral Procedure Other Outer Genital Surgery 280 Botulinum Toxin 130,760 31.8%
Tattoo Removal 840
Neck Lift 5,320 Scar Revision 5,960 Hair Removal 68,400 16.7%
TOTAL OTHER 81,880
Rhinoplasty 5,680 Surgical Vaginal Rejuvenation 240 Chemical Peel 21,840 5.3%
TOTAL FACE & HEAD 55,560 Thigh Lift 1,960 Non-Surgical
19,560 4.8%
Upper Body Lift 560 Skin Tightening
BREAST
TOTAL BODY & EXTREMITIES 38,320
Breast Augmentation 10,720
Breast Implant Removal 1,520 MOST COMMON PROCEDURES
Breast Lift 4,160
TOTAL % OF
Breast Reduction 3,960 TOTAL
Eyelid Surgery 16,040 13.5%
Gynecomastia 3,840
Liposuction 14,280 12.0%
Inverted Nipple Correction 640
Breast Augmentation 10,720 9.0%
TOTAL BREAST 24,840
Lip Enhancement/
7,800 6.6%
Perioral Procedure
Fat Grafting – Face 7,280 6.1%
2024
INTERNATIONAL
Please credit the International Society of Aesthetic Plastic Surgery when citing statistical data. Contact ISAPS: +44 20 7038 7812 | media@isaps.org | www.isaps.org 26
SURVEY"
2024,E:\shared\行业报告\2024 isaps-global-survey.pdf,https://www.isaps.org/media/30xldsyf/isaps-global-survey-2024.pdf,27,"COLOMBIA
TOTAL NUMBER OF
PROCEDURES
COLOMBIA
490,944
TOTAL SURGICAL PROCEDURES 321,408 TOTAL NON-SURGICAL PROCEDURES 169,536
FACE & HEAD BODY & EXTREMITIES INJECTABLES FACIAL REJUVENATION
Brow Lift 9,696 Abdominoplasty 21,984 Botulinum Toxin 65,472 Chemical Peel 5,760
Buccal Fat Removal 5,952 Brachioplasty 5,088 Calcium Hydroxyapatite 6,048 Full Field Ablative 6,240
Dimple Creation 384 Buttock Augmentation 27,360 Hyaluronic Acid 44,448 Non-Surgical Skin Tightening 4,512
Ear Surgery 5,472 Buttock Lift 2,400 Poly-L-Lactic Acid 8,928 TOTAL FACIAL REJUVENATION 16,512
Eyelid Surgery 28,032 Hand Rejuvenation 1,056 TOTAL INJECTABLES 124,896
Face Lift 11,136 with Fat Grafting MOST COMMON PROCEDURES
Facial Bone Contouring 3,360 Labiaplasty 3,456 OTHER
TOTAL % OF
Fat Grafting – Face 14,304 Liposuction 41,280 TOTAL
Hair Removal 18,432
Lip Enhancement/ Lower Body Lift 2,496 Botulinum Toxin 65,472 38.6%
7,968 Non-Surgical Fat Reduction 7,584
Perioral Procedure Other Outer Genital Surgery 768 Hyaluronic Acid 44,448 26.2%
Tattoo Removal 2,112
Neck Lift 8,448 Scar Revision 12,096 Hair Removal 18,432 10.9%
TOTAL OTHER 28,128
Rhinoplasty 17,664 Surgical Vaginal Rejuvenation 1,728 Poly-L-Lactic Acid 8,928 5.3%
TOTAL FACE & HEAD 112,416 Thigh Lift 2,592 Non-Surgical
7,584 4.5%
Upper Body Lift 768 Fat Reduction
BREAST
TOTAL BODY & EXTREMITIES 123,072
Breast Augmentation 33,984
Breast Implant Removal 11,520 MOST COMMON PROCEDURES
Breast Lift 19,872
TOTAL % OF
Breast Reduction 13,632 TOTAL
Liposuction 41,280 12.8%
Gynecomastia 5,952
Breast Augmentation 33,984 10.6%
Inverted Nipple Correction 960
Eyelid Surgery 28,032 8.7%
TOTAL BREAST 85,920
Buttock
27,360 8.5%
Augmentation
Abdominoplasty 21,984 6.8%
2024
INTERNATIONAL
Please credit the International Society of Aesthetic Plastic Surgery when citing statistical data. Contact ISAPS: +44 20 7038 7812 | media@isaps.org | www.isaps.org 27
SURVEY"
2024,E:\shared\行业报告\2024 isaps-global-survey.pdf,https://www.isaps.org/media/30xldsyf/isaps-global-survey-2024.pdf,28,"UAE
TOTAL NUMBER OF
PROCEDURES
UAE
482,752
TOTAL SURGICAL PROCEDURES 272,000 TOTAL NON-SURGICAL PROCEDURES 210,752
FACE & HEAD BODY & EXTREMITIES INJECTABLES FACIAL REJUVENATION
Brow Lift 7,296 Abdominoplasty 19,008 Botulinum Toxin 70,144 Chemical Peel 8,448
Buccal Fat Removal 2,304 Brachioplasty 5,568 Calcium Hydroxyapatite 2,240 Full Field Ablative 9,216
Dimple Creation 1,856 Buttock Augmentation 21,440 Hyaluronic Acid 78,400 Non-Surgical Skin Tightening 13,824
Ear Surgery 3,520 Buttock Lift 2,304 Poly-L-Lactic Acid 3,520 TOTAL FACIAL REJUVENATION 31,488
Eyelid Surgery 19,648 Hand Rejuvenation 2,432 TOTAL INJECTABLES 154,304
Face Lift 6,848 with Fat Grafting MOST COMMON PROCEDURES
Facial Bone Contouring 2,752 Labiaplasty 3,200 OTHER
TOTAL % OF
Fat Grafting – Face 15,680 Liposuction 45,440 TOTAL
Hair Removal 18,880
Lip Enhancement/ Lower Body Lift 3,072 Hyaluronic Acid 78,400 37.2%
11,840 Non-Surgical Fat Reduction 5,248
Perioral Procedure Other Outer Genital Surgery 2,944 Botulinum Toxin 70,144 33.3%
Tattoo Removal 832
Neck Lift 6,016 Scar Revision 15,808 Hair Removal 18,880 9.0%
TOTAL OTHER 24,960
Rhinoplasty 13,632 Surgical Vaginal Rejuvenation 2,432 Non-Surgical
13,824 6.6%
TOTAL FACE & HEAD 91,392 Thigh Lift 3,584 Skin Tightening
Upper Body Lift 2,880 Full Field Ablative 9,216 4.4%
BREAST
TOTAL BODY & EXTREMITIES 130,112
Breast Augmentation 20,224
Breast Implant Removal 3,264 MOST COMMON PROCEDURES
Breast Lift 9,984
TOTAL % OF
Breast Reduction 7,424 TOTAL
Liposuction 45,440 16.7%
Gynecomastia 8,576
Buttock
Inverted Nipple Correction 1,024 21,440 7.9%
Augmentation
TOTAL BREAST 50,496 Breast Augmentation 20,224 7.4%
Eyelid Surgery 19,648 7.2%
Abdominoplasty 19,008 7.0%
2024
INTERNATIONAL
Please credit the International Society of Aesthetic Plastic Surgery when citing statistical data. Contact ISAPS: +44 20 7038 7812 | media@isaps.org | www.isaps.org 28
SURVEY"
2024,E:\shared\行业报告\2024 isaps-global-survey.pdf,https://www.isaps.org/media/30xldsyf/isaps-global-survey-2024.pdf,29,"ARGENTINA
TOTAL NUMBER OF
PROCEDURES
ARGENTINA
435,936
TOTAL SURGICAL PROCEDURES 209,760 TOTAL NON-SURGICAL PROCEDURES 226,176
FACE & HEAD BODY & EXTREMITIES INJECTABLES FACIAL REJUVENATION
Brow Lift 7,205 Abdominoplasty 14,136 Botulinum Toxin 59,006 Chemical Peel 8,755
Buccal Fat Removal 3,374 Brachioplasty 2,189 Calcium Hydroxyapatite 4,834 Full Field Ablative 5,654
Dimple Creation 91 Buttock Augmentation 5,107 Hyaluronic Acid 80,165 Non-Surgical Skin Tightening 8,938
Ear Surgery 4,195 Buttock Lift 912 Poly-L-Lactic Acid 4,378 TOTAL FACIAL REJUVENATION 23,347
Eyelid Surgery 16,142 Hand Rejuvenation 456 TOTAL INJECTABLES 148,382
Face Lift 10,306 with Fat Grafting MOST COMMON PROCEDURES
Facial Bone Contouring 2,006 Labiaplasty 2,554 OTHER
TOTAL % OF
Fat Grafting – Face 11,309 Liposuction 16,416 TOTAL
Hair Removal 29,275
Lip Enhancement/ Lower Body Lift 1,915 Hyaluronic Acid 80,165 35.4%
17,328 Non-Surgical Fat Reduction 16,690
Perioral Procedure Other Outer Genital Surgery 547 Botulinum Toxin 59,006 26.1%
Tattoo Removal 8,482
Neck Lift 7,296 Scar Revision 7,934 Hair Removal 29,275 12.9%
TOTAL OTHER 54,446
Rhinoplasty 15,960 Surgical Vaginal Rejuvenation 912 Non-Surgical
16,690 7.4%
TOTAL FACE & HEAD 95,213 Thigh Lift 1,459 Fat Reduction
Upper Body Lift 638 Non-Surgical
8,938 4.0%
BREAST Skin Tightening
TOTAL BODY & EXTREMITIES 55,176
Breast Augmentation 28,819
Breast Implant Removal 5,198 MOST COMMON PROCEDURES
Breast Lift 11,309
TOTAL % OF
Breast Reduction 9,029 TOTAL
Breast Augmentation 28,819 13.7%
Gynecomastia 4,195
Lip Enhancement/
Inverted Nipple Correction 821 17,328 8.3%
Perioral Procedure
TOTAL BREAST 59,371 Liposuction 16,416 7.8%
Eyelid Surgery 16,142 7.7%
Rhinoplasty 15,960 7.6%
2024
INTERNATIONAL
Please credit the International Society of Aesthetic Plastic Surgery when citing statistical data. Contact ISAPS: +44 20 7038 7812 | media@isaps.org | www.isaps.org 29
SURVEY"
2024,E:\shared\行业报告\2024 isaps-global-survey.pdf,https://www.isaps.org/media/30xldsyf/isaps-global-survey-2024.pdf,30,"IRAN
TOTAL NUMBER OF
PROCEDURES
IRAN
420,321
TOTAL SURGICAL PROCEDURES 266,443 TOTAL NON-SURGICAL PROCEDURES 153,878
FACE & HEAD BODY & EXTREMITIES INJECTABLES FACIAL REJUVENATION
Brow Lift 12,173 Abdominoplasty 15,651 Botulinum Toxin 81,733 Chemical Peel 329
Buccal Fat Removal 4,888 Brachioplasty 3,008 Calcium Hydroxyapatite 564 Full Field Ablative 5,170
Dimple Creation 564 Buttock Augmentation 9,494 Hyaluronic Acid 44,556 Non-Surgical Skin Tightening 4,418
Ear Surgery 3,854 Buttock Lift 658 Poly-L-Lactic Acid 47 TOTAL FACIAL REJUVENATION 9,917
Eyelid Surgery 28,482 Hand Rejuvenation 3,290 TOTAL INJECTABLES 126,900
Face Lift 10,481 with Fat Grafting MOST COMMON PROCEDURES
Facial Bone Contouring 3,290 Labiaplasty 1,363 OTHER
TOTAL % OF
Fat Grafting – Face 21,432 Liposuction 25,615 TOTAL
Hair Removal 15,463
Lip Enhancement/ Lower Body Lift 1,739 Botulinum Toxin 81,733 53.1%
8,366 Non-Surgical Fat Reduction 1,410
Perioral Procedure Other Outer Genital Surgery 611 Hyaluronic Acid 44,556 29.0%
Tattoo Removal 188
Neck Lift 6,486 Scar Revision 12,032 Hair Removal 15,463 10.0%
TOTAL OTHER 17,061
Rhinoplasty 40,702 Surgical Vaginal Rejuvenation 470 Full Field Ablative 5,170 3.4%
TOTAL FACE & HEAD 140,718 Thigh Lift 1,551 Non-Surgical
4,418 2.9%
Upper Body Lift 940 Skin Tightening
BREAST
TOTAL BODY & EXTREMITIES 76,422
Breast Augmentation 15,839
Breast Implant Removal 1,692 MOST COMMON PROCEDURES
Breast Lift 11,656
TOTAL % OF
Breast Reduction 14,194 TOTAL
Rhinoplasty 40,702 15.3%
Gynecomastia 5,546
Eyelid Surgery 28,482 10.7%
Inverted Nipple Correction 376
Liposuction 25,615 9.6%
TOTAL BREAST 49,303
Fat Grafting – Face 21,432 8.0%
Breast Augmentation 15,839 5.9%
2024
INTERNATIONAL
Please credit the International Society of Aesthetic Plastic Surgery when citing statistical data. Contact ISAPS: +44 20 7038 7812 | media@isaps.org | www.isaps.org 30
SURVEY"
2024,E:\shared\行业报告\2024 isaps-global-survey.pdf,https://www.isaps.org/media/30xldsyf/isaps-global-survey-2024.pdf,31,"VIETNAM
TOTAL NUMBER OF
PROCEDURES
VIETNAM
262,620
TOTAL SURGICAL PROCEDURES 200,280 TOTAL NON-SURGICAL PROCEDURES 62,340
FACE & HEAD BODY & EXTREMITIES INJECTABLES FACIAL REJUVENATION
Brow Lift 9,840 Abdominoplasty 8,400 Botulinum Toxin 29,220 Chemical Peel 4,860
Buccal Fat Removal 3,420 Brachioplasty 780 Calcium Hydroxyapatite 0 Full Field Ablative 1,320
Dimple Creation 3,000 Buttock Augmentation 8,340 Hyaluronic Acid 24,720 Non-Surgical Skin Tightening 360
Ear Surgery 2,580 Buttock Lift 420 Poly-L-Lactic Acid 120 TOTAL FACIAL REJUVENATION 6,540
Eyelid Surgery 35,640 Hand Rejuvenation 1,980 TOTAL INJECTABLES 54,060
Face Lift 7,080 with Fat Grafting MOST COMMON PROCEDURES
Facial Bone Contouring 4,800 Labiaplasty 2,280 OTHER
TOTAL % OF
Fat Grafting – Face 24,660 Liposuction 16,500 TOTAL
Hair Removal 0
Lip Enhancement/ Lower Body Lift 360 Botulinum Toxin 29,220 46.9%
8,040 Non-Surgical Fat Reduction 1,020
Perioral Procedure Other Outer Genital Surgery 780 Hyaluronic Acid 24,720 39.7%
Tattoo Removal 720
Neck Lift 1,920 Scar Revision 6,240 Chemical Peel 4,860 7.8%
TOTAL OTHER 1,740
Rhinoplasty 23,400 Surgical Vaginal Rejuvenation 1,560 Full Field Ablative 1,320 2.1%
TOTAL FACE & HEAD 124,380 Thigh Lift 660 Non-Surgical
1,020 1.6%
Upper Body Lift 360 Fat Reduction
BREAST
TOTAL BODY & EXTREMITIES 48,660
Breast Augmentation 16,920
Breast Implant Removal 1,920 MOST COMMON PROCEDURES
Breast Lift 5,280
TOTAL % OF
Breast Reduction 1,980 TOTAL
Eyelid Surgery 35,640 17.8%
Gynecomastia 120
Fat Grafting – Face 24,660 12.3%
Inverted Nipple Correction 1,020
Rhinoplasty 23,400 11.7%
TOTAL BREAST 27,240
Breast Augmentation 16,920 8.4%
Liposuction 16,500 8.2%
2024
INTERNATIONAL
Please credit the International Society of Aesthetic Plastic Surgery when citing statistical data. Contact ISAPS: +44 20 7038 7812 | media@isaps.org | www.isaps.org 31
SURVEY"
2024,E:\shared\行业报告\2024 isaps-global-survey.pdf,https://www.isaps.org/media/30xldsyf/isaps-global-survey-2024.pdf,32,"THAILAND
TOTAL NUMBER OF
PROCEDURES
THAILAND
197,505
TOTAL SURGICAL PROCEDURES 146,585 TOTAL NON-SURGICAL PROCEDURES 50,920
FACE & HEAD BODY & EXTREMITIES INJECTABLES FACIAL REJUVENATION
Brow Lift 7,315 Abdominoplasty 5,130 Botulinum Toxin 29,925 Chemical Peel 190
Buccal Fat Removal 1,710 Brachioplasty 1,568 Calcium Hydroxyapatite 713 Full Field Ablative 570
Dimple Creation 665 Buttock Augmentation 1,425 Hyaluronic Acid 10,450 Non-Surgical Skin Tightening 3,278
Ear Surgery 2,613 Buttock Lift 523 Poly-L-Lactic Acid 523 TOTAL FACIAL REJUVENATION 4,038
Eyelid Surgery 29,260 Hand Rejuvenation 285 TOTAL INJECTABLES 41,610
Face Lift 9,025 with Fat Grafting MOST COMMON PROCEDURES
Facial Bone Contouring 3,610 Labiaplasty 1,235 OTHER
TOTAL % OF
Fat Grafting – Face 6,840 Liposuction 8,360 TOTAL
Hair Removal 2,708
Lip Enhancement/ Lower Body Lift 950 Botulinum Toxin 29,925 58.8%
3,325 Non-Surgical Fat Reduction 2,375
Perioral Procedure Other Outer Genital Surgery 428 Hyaluronic Acid 10,450 20.5%
Tattoo Removal 190
Neck Lift 5,130 Scar Revision 8,930 Non-Surgical
TOTAL OTHER 5,272 3,278 6.4%
Rhinoplasty 20,948 Surgical Vaginal Rejuvenation 475 Skin Tightening
TOTAL FACE & HEAD 90,440 Thigh Lift 903 Hair Removal 2,708 5.3%
Upper Body Lift 570 Non-Surgical
2,375 4.7%
BREAST Fat Reduction
TOTAL BODY & EXTREMITIES 30,780
Breast Augmentation 13,633
Breast Implant Removal 2,850 MOST COMMON PROCEDURES
Breast Lift 3,705
TOTAL % OF
Breast Reduction 2,755 TOTAL
Eyelid Surgery 29,260 20.0%
Gynecomastia 1,330
Rhinoplasty 20,948 14.3%
Inverted Nipple Correction 1,093
Breast Augmentation 13,633 9.3%
TOTAL BREAST 25,365
Face Lift 9,025 6.2%
Scar Revision 8,930 6.1%
2024
INTERNATIONAL
Please credit the International Society of Aesthetic Plastic Surgery when citing statistical data. Contact ISAPS: +44 20 7038 7812 | media@isaps.org | www.isaps.org 32
SURVEY"
2024,E:\shared\行业报告\2024 isaps-global-survey.pdf,https://www.isaps.org/media/30xldsyf/isaps-global-survey-2024.pdf,33,"AUSTRALIA
TOTAL NUMBER OF
PROCEDURES
AUSTRALIA
177,502
TOTAL SURGICAL PROCEDURES 114,188 TOTAL NON-SURGICAL PROCEDURES 63,315
FACE & HEAD BODY & EXTREMITIES INJECTABLES FACIAL REJUVENATION
Brow Lift 2,783 Abdominoplasty 9,975 Botulinum Toxin 26,775 Chemical Peel 525
Buccal Fat Removal 210 Brachioplasty 2,415 Calcium Hydroxyapatite 105 Full Field Ablative 1,995
Dimple Creation 0 Buttock Augmentation 210 Hyaluronic Acid 25,148 Non-Surgical Skin Tightening 2,993
Ear Surgery 2,205 Buttock Lift 525 Poly-L-Lactic Acid 840 TOTAL FACIAL REJUVENATION 5,512
Eyelid Surgery 10,920 Hand Rejuvenation 53 TOTAL INJECTABLES 52,868
Face Lift 4,463 with Fat Grafting MOST COMMON PROCEDURES
Facial Bone Contouring 263 Labiaplasty 1,733 OTHER
TOTAL % OF
Fat Grafting – Face 3,045 Liposuction 10,395 TOTAL
Hair Removal 4,095
Lip Enhancement/ Lower Body Lift 2,100 Botulinum Toxin 26,775 42.3%
2,153 Non-Surgical Fat Reduction 525
Perioral Procedure Other Outer Genital Surgery 210 Hyaluronic Acid 25,148 39.7%
Tattoo Removal 315
Neck Lift 3,465 Scar Revision 11,025 Hair Removal 4,095 6.5%
TOTAL OTHER 4,935
Rhinoplasty 2,835 Surgical Vaginal Rejuvenation 0 Non-Surgical
2,993 4.7%
TOTAL FACE & HEAD 32,340 Thigh Lift 1,785 Skin Tightening
Upper Body Lift 735 Full Field Ablative 1,995 3.2%
BREAST
TOTAL BODY & EXTREMITIES 41,160
Breast Augmentation 14,123
Breast Implant Removal 5,618 MOST COMMON PROCEDURES
Breast Lift 7,718
TOTAL % OF
Breast Reduction 9,608 TOTAL
Breast Augmentation 14,123 12.4%
Gynecomastia 2,363
Scar Revision 11,025 9.7%
Inverted Nipple Correction 1,260
Eyelid Surgery 10,920 9.6%
TOTAL BREAST 40,688
Liposuction 10,395 9.1%
Abdominoplasty 9,975 8.7%
2024
INTERNATIONAL
Please credit the International Society of Aesthetic Plastic Surgery when citing statistical data. Contact ISAPS: +44 20 7038 7812 | media@isaps.org | www.isaps.org 33
SURVEY"
2024,E:\shared\行业报告\2024 isaps-global-survey.pdf,https://www.isaps.org/media/30xldsyf/isaps-global-survey-2024.pdf,34,"SAUDI ARABIA
TOTAL NUMBER OF
PROCEDURES
SAUDI ARABIA
154,330
TOTAL SURGICAL PROCEDURES 84,590 TOTAL NON-SURGICAL PROCEDURES 69,740
FACE & HEAD BODY & EXTREMITIES INJECTABLES FACIAL REJUVENATION
Brow Lift 924 Abdominoplasty 6,710 Botulinum Toxin 21,868 Chemical Peel 1,320
Buccal Fat Removal 902 Brachioplasty 2,222 Calcium Hydroxyapatite 1,078 Full Field Ablative 1,210
Dimple Creation 506 Buttock Augmentation 6,116 Hyaluronic Acid 26,774 Non-Surgical Skin Tightening 2,662
Ear Surgery 1,056 Buttock Lift 1,342 Poly-L-Lactic Acid 1,012 TOTAL FACIAL REJUVENATION 5,192
Eyelid Surgery 2,706 Hand Rejuvenation 1,100 TOTAL INJECTABLES 50,732
Face Lift 2,002 with Fat Grafting MOST COMMON PROCEDURES
Facial Bone Contouring 968 Labiaplasty 330 OTHER
TOTAL % OF
Fat Grafting – Face 4,664 Liposuction 13,838 TOTAL
Hair Removal 12,562
Lip Enhancement/ Lower Body Lift 1,848 Hyaluronic Acid 26,774 38.4%
3,212 Non-Surgical Fat Reduction 968
Perioral Procedure Other Outer Genital Surgery 88 Botulinum Toxin 21,868 31.4%
Tattoo Removal 286
Neck Lift 1,210 Scar Revision 5,148 Hair Removal 12,562 18.0%
TOTAL OTHER 13,816
Rhinoplasty 2,904 Surgical Vaginal Rejuvenation 506 Non-Surgical
2,662 3.8%
TOTAL FACE & HEAD 21,054 Thigh Lift 1,386 Skin Tightening
Upper Body Lift 1,078 Chemical Peel 1,320 1.9%
BREAST
TOTAL BODY & EXTREMITIES 41,712
Breast Augmentation 8,558
Breast Implant Removal 1,144 MOST COMMON PROCEDURES
Breast Lift 4,818
TOTAL % OF
Breast Reduction 4,774 TOTAL
Liposuction 13,838 16.4%
Gynecomastia 2,266
Breast Augmentation 8,558 10.1%
Inverted Nipple Correction 264
Abdominoplasty 6,710 7.9%
TOTAL BREAST 21,824
Buttock
6,116 7.2%
Augmentation
Scar Revision 5,148 6.1%
2024
INTERNATIONAL
Please credit the International Society of Aesthetic Plastic Surgery when citing statistical data. Contact ISAPS: +44 20 7038 7812 | media@isaps.org | www.isaps.org 34
SURVEY"
2024,E:\shared\行业报告\2024 isaps-global-survey.pdf,https://www.isaps.org/media/30xldsyf/isaps-global-survey-2024.pdf,35,"UK
TOTAL NUMBER OF
PROCEDURES
UK
141,134
TOTAL SURGICAL PROCEDURES 118,608 TOTAL NON-SURGICAL PROCEDURES 22,526
FACE & HEAD BODY & EXTREMITIES INJECTABLES FACIAL REJUVENATION
Brow Lift 1,531 Abdominoplasty 10,716 Botulinum Toxin 11,081 Chemical Peel 1,094
Buccal Fat Removal 146 Brachioplasty 1,895 Calcium Hydroxyapatite 365 Full Field Ablative 583
Dimple Creation 0 Buttock Augmentation 656 Hyaluronic Acid 6,415 Non-Surgical Skin Tightening 802
Ear Surgery 3,645 Buttock Lift 219 Poly-L-Lactic Acid 875 TOTAL FACIAL REJUVENATION 2,479
Eyelid Surgery 11,008 Hand Rejuvenation 219 TOTAL INJECTABLES 18,735
Face Lift 4,739 with Fat Grafting MOST COMMON PROCEDURES
Facial Bone Contouring 875 Labiaplasty 2,916 OTHER
TOTAL % OF
Fat Grafting – Face 1,968 Liposuction 9,404 TOTAL
Hair Removal 802
Lip Enhancement/ Lower Body Lift 948 Botulinum Toxin 11,081 49.2%
437 Non-Surgical Fat Reduction 292
Perioral Procedure Other Outer Genital Surgery 510 Hyaluronic Acid 6,415 28.5%
Tattoo Removal 219
Neck Lift 3,062 Scar Revision 4,520 Chemical Peel 1,094 4.9%
TOTAL OTHER 1,312
Rhinoplasty 7,655 Surgical Vaginal Rejuvenation 0 Poly-L-Lactic Acid 875 3.9%
TOTAL FACE & HEAD 35,065 Thigh Lift 875 Non-Surgical
802 3.6%
Upper Body Lift 219 Skin Tightening
BREAST
TOTAL BODY & EXTREMITIES 33,097
Breast Augmentation 23,547
Breast Implant Removal 5,759 MOST COMMON PROCEDURES
Breast Lift 7,800
TOTAL % OF
Breast Reduction 10,352 TOTAL
Breast Augmentation 23,547 19.9%
Gynecomastia 1,458
Eyelid Surgery 11,008 9.3%
Inverted Nipple Correction 1,531
Abdominoplasty 10,716 9.0%
TOTAL BREAST 50,447
Breast Reduction 10,352 8.7%
Liposuction 9,404 7.9%
2024
INTERNATIONAL
Please credit the International Society of Aesthetic Plastic Surgery when citing statistical data. Contact ISAPS: +44 20 7038 7812 | media@isaps.org | www.isaps.org 35
SURVEY"
2024,E:\shared\行业报告\2024 isaps-global-survey.pdf,https://www.isaps.org/media/30xldsyf/isaps-global-survey-2024.pdf,36,"TUNISIA
TOTAL NUMBER OF
PROCEDURES
TUNISIA
114,376
TOTAL SURGICAL PROCEDURES 69,382 TOTAL NON-SURGICAL PROCEDURES 44,994
FACE & HEAD BODY & EXTREMITIES INJECTABLES FACIAL REJUVENATION
Brow Lift 1,349 Abdominoplasty 4,031 Botulinum Toxin 13,311 Chemical Peel 1,566
Buccal Fat Removal 928 Brachioplasty 1,189 Calcium Hydroxyapatite 2,117 Full Field Ablative 1,740
Dimple Creation 247 Buttock Augmentation 4,394 Hyaluronic Acid 15,385 Non-Surgical Skin Tightening 2,349
Ear Surgery 1,349 Buttock Lift 218 Poly-L-Lactic Acid 827 TOTAL FACIAL REJUVENATION 5,655
Eyelid Surgery 5,438 Hand Rejuvenation 508 TOTAL INJECTABLES 31,639
Face Lift 3,756 with Fat Grafting MOST COMMON PROCEDURES
Facial Bone Contouring 1,059 Labiaplasty 464 OTHER
TOTAL % OF
Fat Grafting – Face 4,089 Liposuction 10,397 TOTAL
Hair Removal 6,279
Lip Enhancement/ Lower Body Lift 392 Hyaluronic Acid 15,385 34.2%
2,668 Non-Surgical Fat Reduction 957
Perioral Procedure Other Outer Genital Surgery 160 Botulinum Toxin 13,311 29.6%
Tattoo Removal 464
Neck Lift 3,016 Scar Revision 4,278 Hair Removal 6,279 14.0%
TOTAL OTHER 7,700
Rhinoplasty 4,495 Surgical Vaginal Rejuvenation 203 Non-Surgical
2,349 5.2%
TOTAL FACE & HEAD 28,391 Thigh Lift 841 Skin Tightening
Upper Body Lift 73 Calcium
2,117 4.7%
BREAST Hydroxyapatite
TOTAL BODY & EXTREMITIES 27,144
Breast Augmentation 6,148
Breast Implant Removal 754 MOST COMMON PROCEDURES
Breast Lift 2,596
TOTAL % OF
Breast Reduction 2,320 TOTAL
Liposuction 10,397 15.0%
Gynecomastia 1,813
Breast Augmentation 6,148 8.9%
Inverted Nipple Correction 218
Eyelid Surgery 5,438 7.8%
TOTAL BREAST 13,848
Rhinoplasty 4,495 6.5%
Buttock Augmentation 4,394 6.3%
2024
INTERNATIONAL
Please credit the International Society of Aesthetic Plastic Surgery when citing statistical data. Contact ISAPS: +44 20 7038 7812 | media@isaps.org | www.isaps.org 36
SURVEY"
2024,E:\shared\行业报告\2024 isaps-global-survey.pdf,https://www.isaps.org/media/30xldsyf/isaps-global-survey-2024.pdf,37,"MOROCCO
TOTAL NUMBER OF
PROCEDURES
MOROCCO
99,636
TOTAL SURGICAL PROCEDURES 38,904 TOTAL NON-SURGICAL PROCEDURES 60,732
FACE & HEAD BODY & EXTREMITIES INJECTABLES FACIAL REJUVENATION
Brow Lift 1,044 Abdominoplasty 2,460 Botulinum Toxin 22,272 Chemical Peel 1,236
Buccal Fat Removal 240 Brachioplasty 492 Calcium Hydroxyapatite 2,940 Full Field Ablative 1,704
Dimple Creation 84 Buttock Augmentation 2,868 Hyaluronic Acid 23,892 Non-Surgical Skin Tightening 1,320
Ear Surgery 1,092 Buttock Lift 48 Poly-L-Lactic Acid 240 TOTAL FACIAL REJUVENATION 4,260
Eyelid Surgery 4,296 Hand Rejuvenation 492 TOTAL INJECTABLES 49,344
Face Lift 1,200 with Fat Grafting MOST COMMON PROCEDURES
Facial Bone Contouring 192 Labiaplasty 552 OTHER
TOTAL % OF
Fat Grafting – Face 3,360 Liposuction 4,524 TOTAL
Hair Removal 6,024
Lip Enhancement/ Lower Body Lift 216 Hyaluronic Acid 23,892 39.3%
1,356 Non-Surgical Fat Reduction 336
Perioral Procedure Other Outer Genital Surgery 60 Botulinum Toxin 22,272 36.7%
Tattoo Removal 768
Neck Lift 1,116 Scar Revision 4,704 Hair Removal 6,024 9.9%
TOTAL OTHER 7,128
Rhinoplasty 1,944 Surgical Vaginal Rejuvenation 120 Calcium
2,940 4.8%
TOTAL FACE & HEAD 15,924 Thigh Lift 348 Hydroxyapatite
Upper Body Lift 228 Full Field Ablative 1,704 2.8%
BREAST
TOTAL BODY & EXTREMITIES 17,112
Breast Augmentation 1,656
Breast Implant Removal 420 MOST COMMON PROCEDURES
Breast Lift 984
TOTAL % OF
Breast Reduction 1,440 TOTAL
Scar Revision 4,704 12.1%
Gynecomastia 1,188
Liposuction 4,524 11.6%
Inverted Nipple Correction 180
Eyelid Surgery 4,296 11.0%
TOTAL BREAST 5,868
Fat Grafting – Face 3,360 8.6%
Buttock Augmentation 2,868 7.4%
2024
INTERNATIONAL
Please credit the International Society of Aesthetic Plastic Surgery when citing statistical data. Contact ISAPS: +44 20 7038 7812 | media@isaps.org | www.isaps.org 37
SURVEY"
2024,E:\shared\行业报告\2024 isaps-global-survey.pdf,https://www.isaps.org/media/30xldsyf/isaps-global-survey-2024.pdf,38,"SOUTH AFRICA
TOTAL NUMBER OF
PROCEDURES
SOUTH AFRICA
99,184
TOTAL SURGICAL PROCEDURES 44,750 TOTAL NON-SURGICAL PROCEDURES 54,434
FACE & HEAD BODY & EXTREMITIES INJECTABLES FACIAL REJUVENATION
Brow Lift 627 Abdominoplasty 2,828 Botulinum Toxin 33,491 Chemical Peel 5,764
Buccal Fat Removal 179 Brachioplasty 501 Calcium Hydroxyapatite 465 Full Field Ablative 322
Dimple Creation 0 Buttock Augmentation 233 Hyaluronic Acid 10,668 Non-Surgical Skin Tightening 2,148
Ear Surgery 967 Buttock Lift 107 Poly-L-Lactic Acid 1,092 TOTAL FACIAL REJUVENATION 8,234
Eyelid Surgery 6,945 Hand Rejuvenation 394 TOTAL INJECTABLES 45,717
Face Lift 2,363 with Fat Grafting MOST COMMON PROCEDURES
Facial Bone Contouring 36 Labiaplasty 662 OTHER
TOTAL % OF
Fat Grafting – Face 4,618 Liposuction 4,761 TOTAL
Hair Removal 0
Lip Enhancement/ Lower Body Lift 125 Botulinum Toxin 33,491 61.5%
770 Non-Surgical Fat Reduction 376
Perioral Procedure Other Outer Genital Surgery 107 Hyaluronic Acid 10,668 19.6%
Tattoo Removal 107
Neck Lift 1,038 Scar Revision 1,844 Chemical Peel 5,764 10.6%
TOTAL OTHER 483
Rhinoplasty 1,629 Surgical Vaginal Rejuvenation 233 Non-Surgical
2,148 3.9%
TOTAL FACE & HEAD 19,171 Thigh Lift 251 Skin Tightening
Upper Body Lift 36 Poly-L-Lactic Acid 1,092 2.0%
BREAST
TOTAL BODY & EXTREMITIES 12,082
Breast Augmentation 5,012
Breast Implant Removal 1,128 MOST COMMON PROCEDURES
Breast Lift 2,685
TOTAL % OF
Breast Reduction 3,544 TOTAL
Eyelid Surgery 6,945 15.5%
Gynecomastia 877
Breast Augmentation 5,012 11.2%
Inverted Nipple Correction 251
Liposuction 4,761 10.6%
TOTAL BREAST 13,497
Fat Grafting – Face 4,618 10.3%
Breast Reduction 3,544 7.9%
2024
INTERNATIONAL
Please credit the International Society of Aesthetic Plastic Surgery when citing statistical data. Contact ISAPS: +44 20 7038 7812 | media@isaps.org | www.isaps.org 38
SURVEY"
2024,E:\shared\行业报告\2024 isaps-global-survey.pdf,https://www.isaps.org/media/30xldsyf/isaps-global-survey-2024.pdf,39,"CZECHIA
TOTAL NUMBER OF
PROCEDURES
CZECHIA
87,236
TOTAL SURGICAL PROCEDURES 59,400 TOTAL NON-SURGICAL PROCEDURES 27,836
FACE & HEAD BODY & EXTREMITIES INJECTABLES FACIAL REJUVENATION
Brow Lift 1,898 Abdominoplasty 2,987 Botulinum Toxin 16,913 Chemical Peel 0
Buccal Fat Removal 50 Brachioplasty 479 Calcium Hydroxyapatite 165 Full Field Ablative 990
Dimple Creation 0 Buttock Augmentation 182 Hyaluronic Acid 8,250 Non-Surgical Skin Tightening 1,485
Ear Surgery 1,980 Buttock Lift 33 Poly-L-Lactic Acid 0 TOTAL FACIAL REJUVENATION 2,475
Eyelid Surgery 16,533 Hand Rejuvenation 116 TOTAL INJECTABLES 25,328
Face Lift 1,733 with Fat Grafting MOST COMMON PROCEDURES
Facial Bone Contouring 281 Labiaplasty 1,419 OTHER
TOTAL % OF
Fat Grafting – Face 1,122 Liposuction 6,518 TOTAL
Hair Removal 0
Lip Enhancement/ Lower Body Lift 0 Botulinum Toxin 16,913 60.8%
1,023 Non-Surgical Fat Reduction 0
Perioral Procedure Other Outer Genital Surgery 99 Hyaluronic Acid 8,250 29.6%
Tattoo Removal 33
Neck Lift 957 Scar Revision 2,244 Non-Surgical
TOTAL OTHER 33 1,485 5.3%
Rhinoplasty 2,079 Surgical Vaginal Rejuvenation 116 Skin Tightening
TOTAL FACE & HEAD 27,654 Thigh Lift 479 Full Field Ablative 990 3.6%
Upper Body Lift 0 Calcium
165 0.6%
BREAST Hydroxyapatite
TOTAL BODY & EXTREMITIES 14,668
Breast Augmentation 6,782
Breast Implant Removal 1,518 MOST COMMON PROCEDURES
Breast Lift 3,333
TOTAL % OF
Breast Reduction 3,746 TOTAL
Eyelid Surgery 16,533 27.8%
Gynecomastia 1,139
Breast Augmentation 6,782 11.4%
Inverted Nipple Correction 561
Liposuction 6,518 11.0%
TOTAL BREAST 17,078
Breast Reduction 3,746 6.3%
Breast Lift 3,333 5.6%
2024
INTERNATIONAL
Please credit the International Society of Aesthetic Plastic Surgery when citing statistical data. Contact ISAPS: +44 20 7038 7812 | media@isaps.org | www.isaps.org 39
SURVEY"
2024,E:\shared\行业报告\2024 isaps-global-survey.pdf,https://www.isaps.org/media/30xldsyf/isaps-global-survey-2024.pdf,40,"CHILE
TOTAL NUMBER OF
PROCEDURES
CHILE
70,570
TOTAL SURGICAL PROCEDURES 43,576 TOTAL NON-SURGICAL PROCEDURES 26,994
FACE & HEAD BODY & EXTREMITIES INJECTABLES FACIAL REJUVENATION
Brow Lift 908 Abdominoplasty 5,891 Botulinum Toxin 10,626 Chemical Peel 462
Buccal Fat Removal 182 Brachioplasty 264 Calcium Hydroxyapatite 429 Full Field Ablative 1,089
Dimple Creation 33 Buttock Augmentation 4,125 Hyaluronic Acid 5,231 Non-Surgical Skin Tightening 231
Ear Surgery 941 Buttock Lift 132 Poly-L-Lactic Acid 858 TOTAL FACIAL REJUVENATION 1,782
Eyelid Surgery 3,597 Hand Rejuvenation 17 TOTAL INJECTABLES 17,144
Face Lift 710 with Fat Grafting MOST COMMON PROCEDURES
Facial Bone Contouring 297 Labiaplasty 182 OTHER
TOTAL % OF
Fat Grafting – Face 908 Liposuction 7,343 TOTAL
Hair Removal 4,637
Lip Enhancement/ Lower Body Lift 396 Botulinum Toxin 10,626 39.4%
1,848 Non-Surgical Fat Reduction 3,432
Perioral Procedure Other Outer Genital Surgery 33 Hyaluronic Acid 5,231 19.4%
Tattoo Removal 0
Neck Lift 363 Scar Revision 1,881 Hair Removal 4,637 17.2%
TOTAL OTHER 8,068
Rhinoplasty 1,403 Surgical Vaginal Rejuvenation 66 Non-Surgical
3,432 12.7%
TOTAL FACE & HEAD 11,187 Thigh Lift 182 Fat Reduction
Upper Body Lift 17 Full Field Ablative 1,089 4.0%
BREAST
TOTAL BODY & EXTREMITIES 20,526
Breast Augmentation 4,340
Breast Implant Removal 660 MOST COMMON PROCEDURES
Breast Lift 2,921
TOTAL % OF
Breast Reduction 2,475 TOTAL
Liposuction 7,343 16.8%
Gynecomastia 1,370
Abdominoplasty 5,891 13.5%
Inverted Nipple Correction 99
Breast Augmentation 4,340 10.0%
TOTAL BREAST 11,864
Buttock
4,125 9.5%
Augmentation
Eyelid Surgery 3,597 8.3%
2024
INTERNATIONAL
Please credit the International Society of Aesthetic Plastic Surgery when citing statistical data. Contact ISAPS: +44 20 7038 7812 | media@isaps.org | www.isaps.org 40
SURVEY"
2024,E:\shared\行业报告\2024 isaps-global-survey.pdf,https://www.isaps.org/media/30xldsyf/isaps-global-survey-2024.pdf,41,"NORWAY
TOTAL NUMBER OF
PROCEDURES
NORWAY
49,788
TOTAL SURGICAL PROCEDURES 40,164 TOTAL NON-SURGICAL PROCEDURES 9,624
FACE & HEAD BODY & EXTREMITIES INJECTABLES FACIAL REJUVENATION
Brow Lift 888 Abdominoplasty 2,772 Botulinum Toxin 5,340 Chemical Peel 432
Buccal Fat Removal 24 Brachioplasty 552 Calcium Hydroxyapatite 108 Full Field Ablative 408
Dimple Creation 0 Buttock Augmentation 732 Hyaluronic Acid 2,700 Non-Surgical Skin Tightening 564
Ear Surgery 504 Buttock Lift 204 Poly-L-Lactic Acid 0 TOTAL FACIAL REJUVENATION 1,404
Eyelid Surgery 5,712 Hand Rejuvenation with Fat 48 TOTAL INJECTABLES 8,148
Face Lift 1,320 Grafting MOST COMMON PROCEDURES
Facial Bone Contouring 84 Labiaplasty 936 OTHER
TOTAL % OF
Fat Grafting – Face 2,964 Liposuction 6,012 TOTAL
Hair Removal 0
Lip Enhancement/ Lower Body Lift 264 Botulinum Toxin 5,340 55.5%
468 Non-Surgical Fat Reduction 0
Perioral Procedure Other Outer Genital Surgery 108 Hyaluronic Acid 2,700 28.1%
Tattoo Removal 72
Neck Lift 816 Scar Revision 1,212 Non-Surgical
TOTAL OTHER 72 564 5.9%
Rhinoplasty 1,308 Surgical Vaginal Rejuvenation 132 Skin Tightening
TOTAL FACE & HEAD 14,088 Thigh Lift 408 Chemical Peel 432 4.5%
Upper Body Lift 180 Full Field Ablative 408 4.2%
BREAST
TOTAL BODY & EXTREMITIES 13,560
Breast Augmentation 5,508
Breast Implant Removal 1,788 MOST COMMON PROCEDURES
Breast Lift 2,388
TOTAL % OF
Breast Reduction 1,620 TOTAL
Liposuction 6,012 15.0%
Gynecomastia 972
Eyelid Surgery 5,712 14.2%
Inverted Nipple Correction 240
Breast Augmentation 5,508 13.7%
TOTAL BREAST 12,516
Fat Grafting – Face 2,964 7.4%
Abdominoplasty 2,772 6.9%
2024
INTERNATIONAL
Please credit the International Society of Aesthetic Plastic Surgery when citing statistical data. Contact ISAPS: +44 20 7038 7812 | media@isaps.org | www.isaps.org 41
SURVEY"
2024,E:\shared\行业报告\2024 isaps-global-survey.pdf,https://www.isaps.org/media/30xldsyf/isaps-global-survey-2024.pdf,42,"MALAYSIA
TOTAL NUMBER OF
PROCEDURES
MALAYSIA
30,885
TOTAL SURGICAL PROCEDURES 19,676 TOTAL NON-SURGICAL PROCEDURES 11,208
FACE & HEAD BODY & EXTREMITIES INJECTABLES FACIAL REJUVENATION
Brow Lift 986 Abdominoplasty 957 Botulinum Toxin 4,089 Chemical Peel 696
Buccal Fat Removal 435 Brachioplasty 435 Calcium Hydroxyapatite 44 Full Field Ablative 1,740
Dimple Creation 160 Buttock Augmentation 29 Hyaluronic Acid 1,929 Non-Surgical Skin Tightening 841
Ear Surgery 522 Buttock Lift 0 Poly-L-Lactic Acid 406 TOTAL FACIAL REJUVENATION 3,277
Eyelid Surgery 3,480 Hand Rejuvenation 44 TOTAL INJECTABLES 6,467
Face Lift 870 with Fat Grafting MOST COMMON PROCEDURES
Facial Bone Contouring 261 Labiaplasty 174 OTHER
TOTAL % OF
Fat Grafting – Face 1,653 Liposuction 1,465 TOTAL
Hair Removal 725
Lip Enhancement/ Lower Body Lift 44 Botulinum Toxin 4,089 36.5%
218 Non-Surgical Fat Reduction 348
Perioral Procedure Other Outer Genital Surgery 0 Hyaluronic Acid 1,929 17.2%
Tattoo Removal 392
Neck Lift 464 Scar Revision 2,320 Full Field Ablative 1,740 15.5%
TOTAL OTHER 1,464
Rhinoplasty 1,407 Surgical Vaginal Rejuvenation 29 Non-Surgical
841 7.5%
TOTAL FACE & HEAD 10,454 Thigh Lift 145 Skin Tightening
Upper Body Lift 58 Hair Removal 725 6.5%
BREAST
TOTAL BODY & EXTREMITIES 5,698
Breast Augmentation 1,523
Breast Implant Removal 363 MOST COMMON PROCEDURES
Breast Lift 421
TOTAL % OF
Breast Reduction 580 TOTAL
Eyelid Surgery 3,480 17.7%
Gynecomastia 551
Scar Revision 2,320 11.8%
Inverted Nipple Correction 87
Fat Grafting – Face 1,653 8.4%
TOTAL BREAST 3,524
Breast Augmentation 1,523 7.7%
Liposuction 1,465 7.4%
2024
INTERNATIONAL
Please credit the International Society of Aesthetic Plastic Surgery when citing statistical data. Contact ISAPS: +44 20 7038 7812 | media@isaps.org | www.isaps.org 42
SURVEY"
2024,E:\shared\行业报告\2024 isaps-global-survey.pdf,https://www.isaps.org/media/30xldsyf/isaps-global-survey-2024.pdf,43,"PHILIPPINES
TOTAL NUMBER OF
PROCEDURES
PHILIPPINES
27,920
TOTAL SURGICAL PROCEDURES 16,340 TOTAL NON-SURGICAL PROCEDURES 11,580
FACE & HEAD BODY & EXTREMITIES INJECTABLES FACIAL REJUVENATION
Brow Lift 160 Abdominoplasty 800 Botulinum Toxin 5,940 Chemical Peel 0
Buccal Fat Removal 320 Brachioplasty 140 Calcium Hydroxyapatite 0 Full Field Ablative 0
Dimple Creation 80 Buttock Augmentation 60 Hyaluronic Acid 3,520 Non-Surgical Skin Tightening 80
Ear Surgery 360 Buttock Lift 0 Poly-L-Lactic Acid 0 TOTAL FACIAL REJUVENATION 80
Eyelid Surgery 3,080 Hand Rejuvenation 0 TOTAL INJECTABLES 9,460
Face Lift 500 with Fat Grafting MOST COMMON PROCEDURES
Facial Bone Contouring 200 Labiaplasty 100 OTHER
TOTAL % OF
Fat Grafting – Face 160 Liposuction 1,740 TOTAL
Hair Removal 0
Lip Enhancement/ Lower Body Lift 120 Botulinum Toxin 5,940 51.3%
300 Non-Surgical Fat Reduction 2,000
Perioral Procedure Other Outer Genital Surgery 20 Hyaluronic Acid 3,520 30.4%
Tattoo Removal 40
Neck Lift 220 Scar Revision 1,760 Non-Surgical
TOTAL OTHER 2,040 2,000 17.3%
Rhinoplasty 2,480 Surgical Vaginal Rejuvenation 60 Fat Reduction
TOTAL FACE & HEAD 7,860 Thigh Lift 80 Non-Surgical
80 0.7%
Upper Body Lift 120 Skin Tightening
BREAST Tattoo Removal 40 0.3%
TOTAL BODY & EXTREMITIES 5,000
Breast Augmentation 1,500
Breast Implant Removal 300 MOST COMMON PROCEDURES
Breast Lift 360
TOTAL % OF
Breast Reduction 500 TOTAL
Eyelid Surgery 3,080 18.8%
Gynecomastia 760
Rhinoplasty 2,480 15.2%
Inverted Nipple Correction 60
Scar Revision 1,760 10.8%
TOTAL BREAST 3,480
Liposuction 1,740 10.6%
Breast Augmentation 1,500 9.2%
2024
INTERNATIONAL
Please credit the International Society of Aesthetic Plastic Surgery when citing statistical data. Contact ISAPS: +44 20 7038 7812 | media@isaps.org | www.isaps.org 43
SURVEY"
2024,E:\shared\行业报告\2024 isaps-global-survey.pdf,https://www.isaps.org/media/30xldsyf/isaps-global-survey-2024.pdf,44,"SINGAPORE
TOTAL NUMBER OF
PROCEDURES
SINGAPORE
25,739
TOTAL SURGICAL PROCEDURES 15,512 TOTAL NON-SURGICAL PROCEDURES 10,227
FACE & HEAD BODY & EXTREMITIES INJECTABLES FACIAL REJUVENATION
Brow Lift 609 Abdominoplasty 630 Botulinum Toxin 4,718 Chemical Peel 0
Buccal Fat Removal 336 Brachioplasty 196 Calcium Hydroxyapatite 0 Full Field Ablative 1,260
Dimple Creation 56 Buttock Augmentation 91 Hyaluronic Acid 3,514 Non-Surgical Skin Tightening 546
Ear Surgery 154 Buttock Lift 77 Poly-L-Lactic Acid 0 TOTAL FACIAL REJUVENATION 1,806
Eyelid Surgery 3,185 Hand Rejuvenation 56 TOTAL INJECTABLES 8,232
Face Lift 840 with Fat Grafting MOST COMMON PROCEDURES
Facial Bone Contouring 119 Labiaplasty 140 OTHER
TOTAL % OF
Fat Grafting – Face 1,134 Liposuction 1,442 TOTAL
Hair Removal 21
Lip Enhancement/ Lower Body Lift 168 Botulinum Toxin 4,718 46.1%
238 Non-Surgical Fat Reduction 91
Perioral Procedure Other Outer Genital Surgery 98 Hyaluronic Acid 3,514 34.4%
Tattoo Removal 77
Neck Lift 777 Scar Revision 1,470 Full Field Ablative 1,260 12.3%
TOTAL OTHER 189
Rhinoplasty 504 Surgical Vaginal Rejuvenation 98 Non-Surgical
546 5.3%
TOTAL FACE & HEAD 7,952 Thigh Lift 133 Skin Tightening
Upper Body Lift 14 Non-Surgical
91 0.9%
BREAST Fat Reduction
TOTAL BODY & EXTREMITIES 4,613
Breast Augmentation 1,169
Breast Implant Removal 434 MOST COMMON PROCEDURES
Breast Lift 322
TOTAL % OF
Breast Reduction 420 TOTAL
Eyelid Surgery 3,185 20.5%
Gynecomastia 511
Scar Revision 1,470 9.5%
Inverted Nipple Correction 91
Liposuction 1,442 9.3%
TOTAL BREAST 2,947
Breast Augmentation 1,169 7.5%
Fat Grafting – Face 1,134 7.3%
2024
INTERNATIONAL
Please credit the International Society of Aesthetic Plastic Surgery when citing statistical data. Contact ISAPS: +44 20 7038 7812 | media@isaps.org | www.isaps.org 44
SURVEY"
2024,E:\shared\行业报告\2024 isaps-global-survey.pdf,https://www.isaps.org/media/30xldsyf/isaps-global-survey-2024.pdf,45,"PANAMA
TOTAL NUMBER OF
PROCEDURES
PANAMA
21,254
TOTAL SURGICAL PROCEDURES 13,579 TOTAL NON-SURGICAL PROCEDURES 7,675
FACE & HEAD BODY & EXTREMITIES INJECTABLES FACIAL REJUVENATION
Brow Lift 192 Abdominoplasty 902 Botulinum Toxin 4,214 Chemical Peel 106
Buccal Fat Removal 130 Brachioplasty 230 Calcium Hydroxyapatite 307 Full Field Ablative 96
Dimple Creation 0 Buttock Augmentation 869 Hyaluronic Acid 2,194 Non-Surgical Skin Tightening 110
Ear Surgery 250 Buttock Lift 86 Poly-L-Lactic Acid 14 TOTAL FACIAL REJUVENATION 312
Eyelid Surgery 1,373 Hand Rejuvenation 178 TOTAL INJECTABLES 6,730
Face Lift 394 with Fat Grafting MOST COMMON PROCEDURES
Facial Bone Contouring 456 Labiaplasty 130 OTHER
TOTAL % OF
Fat Grafting – Face 826 Liposuction 1,387 TOTAL
Hair Removal 533
Lip Enhancement/ Lower Body Lift 86 Botulinum Toxin 4,214 54.9%
259 Non-Surgical Fat Reduction 82
Perioral Procedure Other Outer Genital Surgery 48 Hyaluronic Acid 2,194 28.6%
Tattoo Removal 19
Neck Lift 384 Scar Revision 782 Hair Removal 533 6.9%
TOTAL OTHER 634
Rhinoplasty 595 Surgical Vaginal Rejuvenation 29 Calcium
307 4.0%
TOTAL FACE & HEAD 4,858 Thigh Lift 72 Hydroxyapatite
Upper Body Lift 14 Non-Surgical
110 1.4%
BREAST Skin Tightening
TOTAL BODY & EXTREMITIES 4,814
Breast Augmentation 1,387
Breast Implant Removal 456 MOST COMMON PROCEDURES
Breast Lift 898
TOTAL % OF
Breast Reduction 538 TOTAL
Breast Augmentation 1,387 10.2%
Gynecomastia 562
Liposuction 1,387 10.2%
Inverted Nipple Correction 67
Eyelid Surgery 1,373 10.1%
TOTAL BREAST 3,907
Abdominoplasty 902 6.6%
Breast Lift 898 6.6%
2024
INTERNATIONAL
Please credit the International Society of Aesthetic Plastic Surgery when citing statistical data. Contact ISAPS: +44 20 7038 7812 | media@isaps.org | www.isaps.org 45
SURVEY"
2024,E:\shared\行业报告\2024 isaps-global-survey.pdf,https://www.isaps.org/media/30xldsyf/isaps-global-survey-2024.pdf,46,"BANGLADESH
TOTAL NUMBER OF
PROCEDURES
BANGLADESH
19,460
TOTAL SURGICAL PROCEDURES 14,300 TOTAL NON-SURGICAL PROCEDURES 5,160
FACE & HEAD BODY & EXTREMITIES INJECTABLES FACIAL REJUVENATION
Brow Lift 340 Abdominoplasty 980 Botulinum Toxin 590 Chemical Peel 570
Buccal Fat Removal 180 Brachioplasty 170 Calcium Hydroxyapatite 0 Full Field Ablative 900
Dimple Creation 230 Buttock Augmentation 290 Hyaluronic Acid 490 Non-Surgical Skin Tightening 580
Ear Surgery 590 Buttock Lift 0 Poly-L-Lactic Acid 20 TOTAL FACIAL REJUVENATION 2,050
Eyelid Surgery 1,150 Hand Rejuvenation 100 TOTAL INJECTABLES 1,100
Face Lift 590 with Fat Grafting MOST COMMON PROCEDURES
Facial Bone Contouring 200 Labiaplasty 190 OTHER
TOTAL % OF
Fat Grafting – Face 900 Liposuction 1,420 TOTAL
Hair Removal 1,500
Lip Enhancement/ Lower Body Lift 60 Hair Removal 1,500 29.1%
450 Non-Surgical Fat Reduction 60
Perioral Procedure Other Outer Genital Surgery 90 Full Field Ablative 900 17.4%
Tattoo Removal 450
Neck Lift 200 Scar Revision 2,310 Botulinum Toxin 590 11.4%
TOTAL OTHER 2,010
Rhinoplasty 780 Surgical Vaginal Rejuvenation 120 Non-Surgical
580 11.2%
TOTAL FACE & HEAD 5,610 Thigh Lift 40 Skin Tightening
Upper Body Lift 0 Chemical Peel 570 11.0%
BREAST
TOTAL BODY & EXTREMITIES 5,770
Breast Augmentation 750
Breast Implant Removal 80 MOST COMMON PROCEDURES
Breast Lift 410
TOTAL % OF
Breast Reduction 440 TOTAL
Scar Revision 2,310 16.2%
Gynecomastia 1,140
Liposuction 1,420 9.9%
Inverted Nipple Correction 100
Eyelid Surgery 1,150 8.0%
TOTAL BREAST 2,920
Gynecomastia 1,140 8.0%
Abdominoplasty 980 6.9%
2024
INTERNATIONAL
Please credit the International Society of Aesthetic Plastic Surgery when citing statistical data. Contact ISAPS: +44 20 7038 7812 | media@isaps.org | www.isaps.org 46
SURVEY"
2024,E:\shared\行业报告\2024 isaps-global-survey.pdf,https://www.isaps.org/media/30xldsyf/isaps-global-survey-2024.pdf,47,"NUMBER OF WORLDWIDE SURGICAL PROCEDURES BY LOCATION
SURGICAL PROCEDURES WORLDWIDE ARGENTINA AUSTRALIA BANGLADESH BRAZIL CHILE CHINESE TAIPEI COLOMBIA CZECHIA
Estimated Number of Plastic Surgeons 58,506 912 525 100 6,497 165 833 960 165
FACE & HEAD
Brow Lift 524,386 7,205 2,783 340 74,716 908 6,331 9,696 1,898
Buccal Fat Removal 229,688 3,374 210 180 12,344 182 2,332 5,952 50
Dimple Creation 51,291 91 0 230 3,249 33 1,250 384 0
Ear Surgery 363,754 4,195 2,205 590 39,632 941 1,333 5,472 1,980
Eyelid Surgery 2,115,360 16,142 10,920 1,150 231,293 3,597 68,473 28,032 16,533
Face Lift 737,028 10,306 4,463 590 121,494 710 11,079 11,136 1,733
Facial Bone Contouring 237,188 2,006 263 200 20,141 297 8,663 3,360 281
Fat Grafting – Face 947,007 11,309 3,045 900 112,398 908 36,236 14,304 1,122
Lip Enhancement/Perioral Procedure 730,752 17,328 2,153 450 94,207 1,848 5,998 7,968 1,023
Neck Lift 477,624 7,296 3,465 200 98,754 363 4,248 8,448 957
Rhinoplasty 1,083,631 15,960 2,835 780 102,653 1,403 10,996 17,664 2,079
Total Face & Head Procedures 7,497,709 95,213 32,340 5,610 910,879 11,187 156,937 112,416 27,654
BREAST
Breast Augmentation 1,658,615 28,819 14,123 750 232,593 4,340 27,822 33,984 6,782
Breast Implant Removal 341,971 5,198 5,618 80 42,231 660 2,332 11,520 1,518
Breast Lift 772,138 11,309 7,718 410 137,736 2,921 1,833 19,872 3,333
Breast Reduction 652,676 9,029 9,608 440 115,647 2,475 1,749 13,632 3,746
Gynecomastia 383,656 4,195 2,363 1,140 44,180 1,370 5,748 5,952 1,139
Inverted Nipple Correction 98,512 821 1,260 100 9,096 99 2,499 960 561
Total Breast Procedures 3,907,567 59,371 40,688 2,920 581,482 11,864 41,983 85,920 17,078
BODY & EXTREMITIES
Abdominoplasty 1,036,236 14,136 9,975 980 192,961 5,891 4,415 21,984 2,987
Brachioplasty 212,223 2,189 2,415 170 28,587 264 1,000 5,088 479
Buttock Augmentation 644,770 5,107 210 290 168,272 4,125 2,832 27,360 182
Buttock Lift 80,610 912 525 0 12,344 132 750 2,400 33
Hand Rejuvenation with Fat Grafting 100,093 456 53 100 6,497 17 1,749 1,056 116
Liposuction 2,087,189 16,416 10,395 1,420 289,766 7,343 17,993 41,280 6,518
Lower Body Lift 119,706 1,915 2,100 60 17,542 396 167 2,496 0
Scar Revision 1,156,446 7,934 11,025 2,310 74,716 1,881 17,326 12,096 2,244
Thigh Lift 136,522 1,459 1,785 40 14,943 182 167 2,592 479
Upper Body Lift 63,074 638 735 0 11,045 17 0 768 0
Labiaplasty 210,633 2,554 1,733 190 29,237 182 6,914 3,456 1,419
Surgical Vaginal Rejuvenation 75,719 912 0 120 8,446 66 2,749 1,728 116
Other Outer Genital Surgery 87,179 547 210 90 7,796 33 2,499 768 99
Total Body & Extremities Procedures 6,010,401 55,176 41,160 5,770 862,152 20,526 58,560 123,072 14,669
Total Surgical Procedures 17,415,678 209,760 114,188 14,300 2,354,513 43,577 257,480 321,408 59,400
2024
INTERNATIONAL
Please credit the International Society of Aesthetic Plastic Surgery when citing statistical data. Contact ISAPS: +44 20 7038 7812 | media@isaps.org | www.isaps.org 47
SURVEY"
2024,E:\shared\行业报告\2024 isaps-global-survey.pdf,https://www.isaps.org/media/30xldsyf/isaps-global-survey-2024.pdf,48,"NUMBER OF WORLDWIDE SURGICAL PROCEDURES BY LOCATION
SURGICAL PROCEDURES FRANCE GERMANY GREECE INDIA IRAN ITALY JAPAN MALAYSIA MEXICO MOROCCO
Estimated Number of Plastic Surgeons 1,400 1,762 400 2,800 470 2,188 4,000 145 1,991 120
FACE & HEAD
Brow Lift 4,340 11,982 2,280 7,840 12,173 7,877 12,800 986 21,304 1,044
Buccal Fat Removal 1,120 1,057 400 10,360 4,888 438 2,400 435 20,906 240
Dimple Creation 0 352 280 8,680 564 0 400 160 597 84
Ear Surgery 12,040 10,043 4,600 31,640 3,854 15,754 3,600 522 12,344 1,092
Eyelid Surgery 43,820 78,409 16,040 46,760 28,482 56,013 140,000 3,480 65,305 4,296
Face Lift 21,840 25,197 5,480 11,200 10,481 14,441 21,600 870 24,290 1,200
Facial Bone Contouring 700 2,643 400 9,240 3,290 3,938 12,400 261 15,132 192
Fat Grafting – Face 19,040 24,316 7,280 41,440 21,432 25,818 19,600 1,653 30,861 3,360
Lip Enhancement/Perioral Procedure 16,380 22,554 7,800 19,320 8,366 40,040 5,600 218 33,250 1,356
Neck Lift 11,060 20,792 5,320 11,200 6,486 7,439 9,600 464 23,295 1,116
Rhinoplasty 17,920 23,963 5,680 67,760 40,702 40,478 40,400 1,407 45,196 1,944
Total Face & Head Procedures 148,260 221,307 55,560 265,440 140,718 212,236 268,400 10,455 292,478 15,924
BREAST
Breast Augmentation 58,520 70,128 10,720 47,600 15,839 74,392 24,400 1,523 67,893 1,656
Breast Implant Removal 9,940 12,510 1,520 4,200 1,692 15,316 4,000 363 15,530 420
Breast Lift 21,560 29,778 4,160 13,440 11,656 27,131 1,600 421 32,254 984
Breast Reduction 38,780 32,068 3,960 22,400 14,194 17,723 4,000 580 18,317 1,440
Gynecomastia 9,940 17,444 3,840 47,320 5,546 10,502 800 551 10,751 1,188
Inverted Nipple Correction 4,200 4,405 640 2,520 376 2,626 3,600 87 2,787 180
Total Breast Procedures 142,940 166,333 24,840 137,480 49,303 147,690 38,400 3,524 147,533 5,868
BODY & EXTREMITIES
Abdominoplasty 30,240 38,940 5,600 28,840 15,651 27,350 6,000 957 52,762 2,460
Brachioplasty 8,820 11,453 2,360 5,320 3,008 9,408 0 435 12,145 492
Buttock Augmentation 5,320 13,567 3,040 8,680 9,494 7,002 1,200 29 62,717 2,868
Buttock Lift 1,540 4,053 280 840 658 1,313 0 0 5,973 48
Hand Rejuvenation with Fat Grafting 560 2,291 920 3,920 3,290 1,094 1,200 44 2,389 492
Liposuction 37,240 111,711 14,280 97,160 25,615 39,603 37,200 1,465 98,754 4,524
Lower Body Lift 4,060 3,700 2,080 2,520 1,739 656 0 44 8,960 216
Scar Revision 11,620 28,192 5,960 106,120 12,032 21,880 14,800 2,320 32,254 4,704
Thigh Lift 6,720 13,039 1,960 2,800 1,551 4,814 0 145 5,376 348
Upper Body Lift 840 1,586 560 1,680 940 656 400 58 2,987 228
Labiaplasty 13,440 7,400 760 7,000 1,363 5,251 7,200 174 5,973 552
Surgical Vaginal Rejuvenation 2,100 352 240 5,600 470 656 2,000 29 1,593 120
Other Outer Genital Surgery 2,100 2,291 280 3,640 611 438 3,200 0 2,190 60
Total Body & Extremities Procedures 124,600 238,575 38,320 274,120 76,422 120,121 73,200 5,699 294,071 17,112
Total Surgical Procedures 415,800 626,215 118,720 677,040 266,443 480,047 380,000 19,677 734,082 38,904
2024
INTERNATIONAL
Please credit the International Society of Aesthetic Plastic Surgery when citing statistical data. Contact ISAPS: +44 20 7038 7812 | media@isaps.org | www.isaps.org 48
SURVEY"
2024,E:\shared\行业报告\2024 isaps-global-survey.pdf,https://www.isaps.org/media/30xldsyf/isaps-global-survey-2024.pdf,49,"NUMBER OF WORLDWIDE SURGICAL PROCEDURES BY LOCATION
SURGICAL PROCEDURES NORWAY PANAMA PHILIPPINES SAUDI ARABIA SINGAPORE SOUTH AFRICA SPAIN THAILAND TUNISIA TURKIYE
Estimated Number of Plastic Surgeons 120 48 200 220 70 179 951 475 145 1,200
FACE & HEAD
Brow Lift 888 192 160 924 609 627 5,801 7,315 1,349 18,111
Buccal Fat Removal 24 130 320 902 336 179 2,473 1,710 928 11,160
Dimple Creation 0 0 80 506 56 0 190 665 247 1,800
Ear Surgery 504 250 360 1,056 154 967 10,461 2,613 1,349 12,127
Eyelid Surgery 5,712 1,373 3,080 2,706 3,185 6,945 35,187 29,260 5,438 59,540
Face Lift 1,320 394 500 2,002 840 2,363 6,372 9,025 3,756 22,996
Facial Bone Contouring 84 456 200 968 119 36 4,755 3,610 1,059 8,392
Fat Grafting – Face 2,964 826 160 4,664 1,134 4,618 12,553 6,840 4,089 38,466
Lip Enhancement/Perioral Procedure 468 259 300 3,212 238 770 24,821 3,325 2,668 25,866
Neck Lift 816 384 220 1,210 777 1,038 7,703 5,130 3,016 15,969
Rhinoplasty 1,308 595 2,480 2,904 504 1,629 18,830 20,948 4,495 60,982
Total Face & Head Procedures 14,088 4,858 7,860 21,054 7,952 19,171 129,146 90,440 28,391 275,410
BREAST
Breast Augmentation 5,508 1,387 1,500 8,558 1,169 5,012 42,129 13,633 6,148 48,179
Breast Implant Removal 1,788 456 300 1,144 434 1,128 9,415 2,850 754 6,091
Breast Lift 2,388 898 360 4,818 322 2,685 19,781 3,705 2,596 26,036
Breast Reduction 1,620 538 500 4,774 420 3,544 16,547 2,755 2,320 25,334
Gynecomastia 972 562 760 2,266 511 877 7,323 1,330 1,813 16,974
Inverted Nipple Correction 240 67 60 264 91 251 1,712 1,093 218 1,560
Total Breast Procedures 12,516 3,907 3,480 21,824 2,947 13,497 96,907 25,365 13,848 124,175
BODY & EXTREMITIES
Abdominoplasty 2,772 902 800 6,710 630 2,828 15,692 5,130 4,031 29,458
Brachioplasty 552 230 140 2,222 196 501 2,282 1,568 1,189 7,696
Buttock Augmentation 732 869 60 6,116 91 233 7,323 1,425 4,394 14,356
Buttock Lift 204 86 0 1,342 77 107 2,187 523 218 2,573
Hand Rejuvenation with Fat Grafting 48 178 0 1,100 56 394 95 285 508 3,840
Liposuction 6,012 1,387 1,740 13,838 1,442 4,761 29,481 8,360 10,397 53,480
Lower Body Lift 264 86 120 1,848 168 125 1,997 950 392 3,518
Scar Revision 1,212 782 1,760 5,148 1,470 1,844 8,369 8,930 4,278 36,240
Thigh Lift 408 72 80 1,386 133 251 2,473 903 841 5,880
Upper Body Lift 180 14 120 1,078 14 36 761 570 73 2,612
Labiaplasty 936 130 100 330 140 662 5,231 1,235 464 6,219
Surgical Vaginal Rejuvenation 132 29 60 506 98 233 380 475 203 2,861
Other Outer Genital Surgery 108 48 20 88 98 107 1,236 428 160 2,160
Total Body & Extremities Procedures 13,560 4,814 5,000 41,712 4,613 12,083 77,507 30,780 27,144 170,893
Total Surgical Procedures 40,164 13,579 16,340 84,590 15,512 44,750 303,559 146,585 69,383 570,478
2024
INTERNATIONAL
Please credit the International Society of Aesthetic Plastic Surgery when citing statistical data. Contact ISAPS: +44 20 7038 7812 | media@isaps.org | www.isaps.org 49
SURVEY"
2024,E:\shared\行业报告\2024 isaps-global-survey.pdf,https://www.isaps.org/media/30xldsyf/isaps-global-survey-2024.pdf,50,"NUMBER OF WORLDWIDE SURGICAL PROCEDURES BY LOCATION
SURGICAL PROCEDURES UAE UK US VIETNAM
Estimated Number of Plastic Surgeons 640 729 7,752 600
FACE & HEAD
Brow Lift 7,296 1,531 29,417 9,840
Buccal Fat Removal 2,304 146 68,838 3,420
Dimple Creation 1,856 0 2,326 3,000
Ear Surgery 3,520 3,645 24,720 2,580
Eyelid Surgery 19,648 11,008 114,030 35,640
Face Lift 6,848 4,739 94,646 7,080
Facial Bone Contouring 2,752 875 12,882 4,800
Fat Grafting – Face 15,680 1,968 27,000 24,660
Lip Enhancement/Perioral Procedure 11,840 437 108,373 8,040
Neck Lift 6,016 3,062 41,218 1,920
Rhinoplasty 13,632 7,655 39,978 23,400
Total Face & Head Procedures 91,392 35,065 563,426 124,380
BREAST
Breast Augmentation 20,224 23,547 227,470 16,920
Breast Implant Removal 3,264 5,759 66,514 1,920
Breast Lift 9,984 7,800 141,355 5,280
Breast Reduction 7,424 10,352 67,478 1,980
Gynecomastia 8,576 1,458 21,348 120
Inverted Nipple Correction 1,024 1,531 17,985 1,020
Total Breast Procedures 50,496 50,447 542,150 27,240
BODY & EXTREMITIES
Abdominoplasty 19,008 10,716 172,826 8,400
Brachioplasty 5,568 1,895 30,818 780
Buttock Augmentation 21,440 656 21,347 8,340
Buttock Lift 2,304 219 13,942 420
Hand Rejuvenation with Fat Grafting 2,432 219 31,163 1,980
Liposuction 45,440 9,404 342,751 16,500
Lower Body Lift 3,072 948 17,337 360
Scar Revision 15,808 4,520 190,854 6,240
Thigh Lift 3,584 875 17,261 660
Upper Body Lift 2,880 219 10,335 360
Labiaplasty 3,200 2,916 18,490 2,280
Surgical Vaginal Rejuvenation 2,432 0 4,346 1,560
Other Outer Genital Surgery 2,944 510 22,481 780
Total Body & Extremities Procedures 130,112 33,097 893,952 48,660
Total Surgical Procedures 272,000 118,608 1,999,528 200,280
2024
INTERNATIONAL
Please credit the International Society of Aesthetic Plastic Surgery when citing statistical data. Contact ISAPS: +44 20 7038 7812 | media@isaps.org | www.isaps.org 50
SURVEY"
2024,E:\shared\行业报告\2024 isaps-global-survey.pdf,https://www.isaps.org/media/30xldsyf/isaps-global-survey-2024.pdf,51,"NUMBER OF WORLDWIDE NON-SURGICAL PROCEDURES BY LOCATION
NON-SURGICAL PROCEDURES WORLDWIDE ARGENTINA AUSTRALIA BANGLADESH BRAZIL CHILE CHINESE TAIPEI COLOMBIA CZECHIA
Estimated Number of Plastic Surgeons 58,506 912 525 100 6,497 165 833 960 165
INJECTABLES
Botulinum Toxin 7,887,955 59,006 26,775 590 351,488 10,626 177,846 65,472 16,913
Calcium Hydroxyapatite 418,173 4,834 105 0 28,587 429 916 6,048 165
Hyaluronic Acid 6,338,184 80,165 25,148 490 176,069 5,231 85,882 44,448 8,250
Poly-L-Lactic Acid 642,566 4,378 840 20 28,587 858 21,491 8,928 0
Total Injectables Procedures 15,286,878 148,382 52,868 1,100 584,730 17,144 286,136 124,896 25,328
FACIAL REJUVENATION
Chemical Peel 820,225 8,755 525 570 22,090 462 3,582 5,760 0
Full Field Ablative 752,717 5,654 1,995 900 54,575 1,089 21,825 6,240 990
Non-Surgical Skin Tightening 1,239,306 8,938 2,993 580 60,422 231 33,903 4,512 1,485
Total Facial Rejuvenation Procedures 2,812,249 23,347 5,513 2,050 137,087 1,782 59,310 16,512 2,475
OTHER
Hair Removal 1,487,130 29,275 4,095 1,500 29,237 4,637 37,069 18,432 0
Non-Surgical Fat Reduction 702,836 16,690 525 60 7,796 3,432 14,994 7,584 0
Tattoo Removal 246,594 8,482 315 450 10,395 0 3,332 2,112 33
Total Other Procedures 2,436,560 54,446 4,935 2,010 47,428 8,069 55,395 28,128 33
Total Non-Surgical Procedures 20,535,686 226,176 63,315 5,160 769,245 26,994 400,840 169,536 27,836
Total
SURGICAL &
37,951,364 435,936 177,503 19,460 3,123,758 70,571 658,320 490,944 87,236
NON-SURGICAL
Procedures
2024
INTERNATIONAL
Please credit the International Society of Aesthetic Plastic Surgery when citing statistical data. Contact ISAPS: +44 20 7038 7812 | media@isaps.org | www.isaps.org 51
SURVEY"
2024,E:\shared\行业报告\2024 isaps-global-survey.pdf,https://www.isaps.org/media/30xldsyf/isaps-global-survey-2024.pdf,52,"NUMBER OF WORLDWIDE NON-SURGICAL PROCEDURES BY LOCATION
NON-SURGICAL PROCEDURES FRANCE GERMANY GREECE INDIA IRAN ITALY JAPAN MALAYSIA MEXICO MOROCCO
Estimated Number of Plastic Surgeons 1,400 1,762 400 2,800 470 2,188 4,000 145 1,991 120
INJECTABLES
Botulinum Toxin 184,800 361,210 130,760 76,720 81,733 316,385 414,800 4,089 250,468 22,272
Calcium Hydroxyapatite 11,200 9,162 2,560 280 564 17,504 800 44 22,299 2,940
Hyaluronic Acid 217,140 221,836 133,320 97,160 44,556 430,598 341,600 1,929 137,777 23,892
Poly-L-Lactic Acid 5,600 18,677 5,080 5,320 47 12,472 30,400 406 11,349 240
Total Injectables Procedures 418,740 610,885 271,720 179,480 126,900 776,959 787,600 6,467 421,893 49,344
FACIAL REJUVENATION
Chemical Peel 10,080 1,410 21,840 85,120 329 33,258 131,200 696 19,910 1,236
Full Field Ablative 2,660 23,963 15,720 49,560 5,170 14,660 74,000 1,740 15,530 1,704
Non-Surgical Skin Tightening 21,280 28,192 19,560 35,280 4,418 22,318 81,600 841 34,643 1,320
Total Facial Rejuvenation Procedures 34,020 53,565 57,120 169,960 9,917 70,235 286,800 3,277 70,083 4,260
OTHER
Hair Removal 33,040 3,348 68,400 208,880 15,463 16,629 133,200 725 30,462 6,024
Non-Surgical Fat Reduction 9,940 8,810 12,640 21,560 1,410 16,848 26,800 348 28,870 336
Tattoo Removal 1,400 705 840 31,920 188 10,502 17,200 392 9,557 768
Total Other Procedures 44,380 12,863 81,880 262,360 17,061 43,979 177,200 1,465 68,889 7,128
Total Non-Surgical Procedures 497,140 677,313 410,720 611,800 153,878 891,172 1,251,600 11,209 560,865 60,732
Total
SURGICAL &
912,940 1,303,528 529,440 1,288,840 420,321 1,371,220 1,631,600 30,885 1,294,946 99,636
NON-SURGICAL
Procedures
2024
INTERNATIONAL
Please credit the International Society of Aesthetic Plastic Surgery when citing statistical data. Contact ISAPS: +44 20 7038 7812 | media@isaps.org | www.isaps.org 52
SURVEY"
2024,E:\shared\行业报告\2024 isaps-global-survey.pdf,https://www.isaps.org/media/30xldsyf/isaps-global-survey-2024.pdf,53,"NUMBER OF WORLDWIDE NON-SURGICAL PROCEDURES BY LOCATION
NON-SURGICAL PROCEDURES NORWAY PANAMA PHILIPPINES SAUDI ARABIA SINGAPORE SOUTH AFRICA SPAIN THAILAND TUNISIA TURKIYE
Estimated Number of Plastic Surgeons 120 48 200 220 70 179 951 475 145 1,200
INJECTABLES
Botulinum Toxin 5,340 4,214 5,940 21,868 4,718 33,491 100,996 29,925 13,311 260,390
Calcium Hydroxyapatite 108 307 0 1,078 0 465 7,228 713 2,117 10,640
Hyaluronic Acid 2,700 2,194 3,520 26,774 3,514 10,668 124,676 10,450 15,385 160,944
Poly-L-Lactic Acid 0 14 0 1,012 0 1,092 3,233 523 827 3,005
Total Injectables Procedures 8,148 6,730 9,460 50,732 8,232 45,717 236,133 41,610 31,639 434,978
FACIAL REJUVENATION
Chemical Peel 432 106 0 1,320 0 5,764 7,893 190 1,566 3,410
Full Field Ablative 408 96 0 1,210 1,260 322 18,259 570 1,740 14,879
Non-Surgical Skin Tightening 564 110 80 2,662 546 2,148 5,991 3,278 2,349 29,881
Total Facial Rejuvenation Procedures 1,404 312 80 5,192 1,806 8,234 32,144 4,038 5,655 48,169
OTHER
Hair Removal 0 533 0 12,562 21 0 13,219 2,708 6,279 39,083
Non-Surgical Fat Reduction 0 82 2,000 968 91 376 3,043 2,375 957 9,558
Tattoo Removal 72 19 40 286 77 107 761 190 464 8,040
Total Other Procedures 72 634 2,040 13,816 189 483 17,023 5,273 7,700 56,681
Total Non-Surgical Procedures 9,624 7,675 11,580 69,740 10,227 54,434 285,300 50,920 44,994 539,828
Total
SURGICAL &
49,788 21,254 27,920 154,330 25,739 99,184 588,859 197,505 114,376 1,110,306
NON-SURGICAL
Procedures
2024
INTERNATIONAL
Please credit the International Society of Aesthetic Plastic Surgery when citing statistical data. Contact ISAPS: +44 20 7038 7812 | media@isaps.org | www.isaps.org 53
SURVEY"
2024,E:\shared\行业报告\2024 isaps-global-survey.pdf,https://www.isaps.org/media/30xldsyf/isaps-global-survey-2024.pdf,54,"NUMBER OF WORLDWIDE NON-SURGICAL PROCEDURES BY LOCATION
NON-SURGICAL PROCEDURES UAE UK US VIETNAM
Estimated Number of Plastic Surgeons 640 729 7,752 600
INJECTABLES
Botulinum Toxin 70,144 11,081 1,794,384 29,220
Calcium Hydroxyapatite 2,240 365 97,758 0
Hyaluronic Acid 78,400 6,415 1,229,041 24,720
Poly-L-Lactic Acid 3,520 875 62,694 120
Total Injectables Procedures 154,304 18,735 3,183,878 54,060
FACIAL REJUVENATION
Chemical Peel 8,448 1,094 170,203 4,860
Full Field Ablative 9,216 583 101,497 1,320
Non-Surgical Skin Tightening 13,824 802 356,072 360
Total Facial Rejuvenation Procedures 31,488 2,479 627,772 6,540
OTHER
Hair Removal 18,880 802 157,756 0
Fat Reduction 5,248 292 178,409 1,020
Tattoo Removal 832 219 17,830 720
Total Other Procedures 24,960 1,312 353,995 1,740
Total Non-Surgical Procedures 210,752 22,526 4,165,645 62,340
Total
SURGICAL &
482,752 141,134 6,165,173 262,620
NON-SURGICAL
Procedures
2024
INTERNATIONAL
Please credit the International Society of Aesthetic Plastic Surgery when citing statistical data. Contact ISAPS: +44 20 7038 7812 | media@isaps.org | www.isaps.org 54
SURVEY"
2024,E:\shared\行业报告\2024 isaps-global-survey.pdf,https://www.isaps.org/media/30xldsyf/isaps-global-survey-2024.pdf,55,"MOST POPULAR SURGICAL PROCEDURES BY
WORLDWIDE LOCATION
EYELID SURGERY LIPOSUCTION BREAST AUGMENTATION
NUMBER OF PERCENTAGE NUMBER OF PERCENTAGE NUMBER OF PERCENTAGE
RANK LOCATION RANK LOCATION RANK LOCATION
PROCEDURES OF TOTAL PROCEDURES OF TOTAL PROCEDURES OF TOTAL
1 Brazil 231,293 10.9% 1 US 342,751 16.4% 1 Brazil 232,593 14.0%
2 Japan 140,000 6.6% 2 Brazil 289,766 13.9% 2 US 227,470 13.7%
3 US 114,030 5.4% 3 Germany 111,711 5.4% 3 Italy 74,392 4.5%
4 Germany 78,409 3.7% 4 Mexico 98,754 4.7% 4 Germany 70,128 4.2%
5 Chinese Taipei 68,473 3.2% 5 India 97,160 4.7% 5 Mexico 67,893 4.1%
6 Mexico 65,305 3.1% 6 Turkiye 53,480 2.6% 6 France 58,520 3.5%
7 Turkiye 59,540 2.8% 7 UAE 45,440 2.2% 7 Turkiye 48,179 2.9%
8 Italy 56,013 2.6% 8 Colombia 41,280 2.0% 8 India 47,600 2.9%
9 India 46,760 2.2% 9 Italy 39,603 1.9% 9 Spain 42,129 2.5%
10 France 43,820 2.1% 10 France 37,240 1.8% 10 Colombia 33,984 2.0%
SCAR REVISION RHINOPLASTY
NUMBER OF PERCENTAGE NUMBER OF PERCENTAGE
RANK LOCATION RANK LOCATION
PROCEDURES OF TOTAL PROCEDURES OF TOTAL
1 US 190,854 16.5% 1 Brazil 102,653 9.5%
2 India 106,120 9.2% 2 India 67,760 6.3%
3 Brazil 74,716 6.5% 3 Turkiye 60,982 5.6%
4 Turkiye 36,240 3.1% 4 Mexico 45,196 4.2%
5 Mexico 32,254 2.8% 5 Iran 40,702 3.8%
6 Germany 28,192 2.4% 6 Italy 40,478 3.7%
7 Italy 21,880 1.9% 7 Japan 40,400 3.7%
8 Chinese Taipei 17,326 1.5% 8 US 39,978 3.7%
9 UAE 15,808 1.4% 9 Germany 23,963 2.2%
10 Japan 14,800 1.3% 10 Vietnam 23,400 2.2%
2024
INTERNATIONAL
Please credit the International Society of Aesthetic Plastic Surgery when citing statistical data. Contact ISAPS: +44 20 7038 7812 | media@isaps.org | www.isaps.org 55
SURVEY"
2024,E:\shared\行业报告\2024 isaps-global-survey.pdf,https://www.isaps.org/media/30xldsyf/isaps-global-survey-2024.pdf,56,"MOST POPULAR NON-SURGICAL PROCEDURES
BY WORLDWIDE LOCATION
BOTULINUM TOXIN HYALURONIC ACID HAIR REMOVAL
NUMBER OF PERCENTAGE NUMBER OF PERCENTAGE NUMBER OF PERCENTAGE
RANK LOCATION RANK LOCATION RANK LOCATION
PROCEDURES OF TOTAL PROCEDURES OF TOTAL PROCEDURES OF TOTAL
1 US 1,794,384 22.7% 1 US 1,229,041 19.4% 1 India 208,880 14.0%
2 Japan 414,800 5.3% 2 Italy 430,598 6.8% 2 US 157,756 10.6%
3 Germany 361,210 4.6% 3 Japan 341,600 5.4% 3 Japan 133,200 9.0%
4 Brazil 351,488 4.5% 4 Germany 221,836 3.5% 4 Greece 68,400 4.6%
5 Italy 316,385 4.0% 5 France 217,140 3.4% 5 Turkiye 39,083 2.6%
6 Turkiye 260,390 3.3% 6 Brazil 176,069 2.8% 6 Chinese Taipei 37,069 2.5%
7 Mexico 250,468 3.2% 7 Turkiye 160,944 2.5% 7 France 33,040 2.2%
8 France 184,800 2.3% 8 Mexico 137,777 2.2% 8 Mexico 30,462 2.0%
9 Chinese Taipei 177,846 2.3% 9 Greece 133,320 2.1% 9 Argentina 29,275 2.0%
10 Greece 130,760 1.7% 10 Spain 124,676 2.0% 10 Brazil 29,237 2.0%
NON-SURGICAL SKIN TIGHTENING CHEMICAL PEEL
NUMBER OF PERCENTAGE NUMBER OF PERCENTAGE
RANK LOCATION RANK LOCATION
PROCEDURES OF TOTAL PROCEDURES OF TOTAL
1 US 356,072 28.7% 1 US 170,203 20.8%
2 Japan 81,600 6.6% 2 Japan 131,200 16.0%
3 Brazil 60,422 4.9% 3 India 85,120 10.4%
4 India 35,280 2.8% 4 Italy 33,258 4.1%
5 Mexico 34,643 2.8% 5 Brazil 22,090 2.7%
6 Chinese Taipei 33,903 2.7% 6 Greece 21,840 2.7%
7 Turkiye 29,881 2.4% 7 Mexico 19,910 2.4%
8 Germany 28,192 2.3% 8 France 10,080 1.2%
9 Italy 22,318 1.8% 9 Argentina 8,755 1.1%
10 France 21,280 1.7% 10 UAE 8,448 1.0%
2024
INTERNATIONAL
Please credit the International Society of Aesthetic Plastic Surgery when citing statistical data. Contact ISAPS: +44 20 7038 7812 | media@isaps.org | www.isaps.org 56
SURVEY"
2024,E:\shared\行业报告\2024 isaps-global-survey.pdf,https://www.isaps.org/media/30xldsyf/isaps-global-survey-2024.pdf,57,"SURGICAL TOTALS RANKED BY CATEGORY
NUMBER OF PERCENTAGE
RANK LOCATION
PROCEDURES OF TOTAL
1 Brazil 910,879 12.1%
2 US 563,426 7.5%
3 Mexico 292,478 3.9%
4 Turkiye 275,410 3.7%
5 Japan 268,400 3.6%
6 India 265,440 3.5%
7 Germany 221,307 3.0%
8 Italy 212,236 2.8%
9 Chinese Taipei 156,937 2.1%
10 France 148,260 2.0%
2024
INTERNATIONAL
Please credit the International Society of Aesthetic Plastic Surgery when citing statistical data. Contact ISAPS: +44 20 7038 7812 | media@isaps.org | www.isaps.org 57
SURVEY
FACE
&
HEAD
NUMBER OF PERCENTAGE
RANK LOCATION
PROCEDURES OF TOTAL
1 US 893,952 14.9%
2 Brazil 862,152 14.3%
3 Mexico 294,071 4.9%
4 India 274,120 4.6%
5 Germany 238,575 4.0%
6 Turkiye 170,893 2.8%
7 UAE 130,112 2.2%
8 France 124,600 2.1%
9 Colombia 123,072 2.0%
10 Italy 120,121 2.0%
NUMBER OF PERCENTAGE
RANK LOCATION
PROCEDURES OF TOTAL
1 Brazil 581,482 14.9%
2 US 542,150 13.9%
3 Germany 166,333 4.3%
4 Italy 147,690 3.8%
5 Mexico 147,533 3.8%
6 France 142,940 3.7%
7 India 137,480 3.5%
8 Turkiye 124,175 3.2%
9 Spain 96,907 2.5%
10 Colombia 85,920 2.2%
BREAST
BODY
&
EXTREMITIES"
2024,E:\shared\行业报告\2024 isaps-global-survey.pdf,https://www.isaps.org/media/30xldsyf/isaps-global-survey-2024.pdf,58,"NON-SURGICAL TOTALS RANKED BY CATEGORY
NUMBER OF PERCENTAGE
RANK LOCATION
PROCEDURES OF TOTAL
1 US 3,183,878 20.8%
2 Japan 787,600 5.2%
3 Italy 776,959 5.1%
4 Germany 610,885 4.0%
5 Brazil 584,730 3.8%
6 Turkiye 434,978 2.8%
7 Mexico 421,893 2.8%
8 France 418,740 2.7%
9 Chinese Taipei 286,136 1.9%
10 Greece 271,720 1.8%
2024
INTERNATIONAL
Please credit the International Society of Aesthetic Plastic Surgery when citing statistical data. Contact ISAPS: +44 20 7038 7812 | media@isaps.org | www.isaps.org 58
SURVEY
INJECTABLES
NUMBER OF PERCENTAGE
RANK LOCATION
PROCEDURES OF TOTAL
1 US 353,995 14.5%
2 India 262,360 10.8%
3 Japan 177,200 7.3%
4 Greece 81,880 3.4%
5 Mexico 68,889 2.8%
6 Turkiye 56,681 2.3%
7 Chinese Taipei 55,395 2.3%
8 Argentina 54,446 2.2%
9 Brazil 47,428 1.9%
10 France 44,380 1.8%
NUMBER OF PERCENTAGE
RANK LOCATION
PROCEDURES OF TOTAL
1 US 627,772 22.3%
2 Japan 286,800 10.2%
3 India 169,960 6.0%
4 Brazil 137,087 4.9%
5 Italy 70,235 2.5%
6 Mexico 70,083 2.5%
7 Chinese Taipei 59,310 2.1%
8 Greece 57,120 2.0%
9 Germany 53,565 1.9%
10 Turkiye 48,169 1.7%
FACIAL
REJUVENATION
OTHER"
2024,E:\shared\行业报告\2024 isaps-global-survey.pdf,https://www.isaps.org/media/30xldsyf/isaps-global-survey-2024.pdf,59,"RANKING TOTAL NUMBER OF PROCEDURES
TOP 10
PERCENTAGE
PERCENTAGE OF TOTAL
TOTAL SURGICAL OF TOTAL NUMBER OF PERCENTAGE
RANK LOCATION TOTAL SURGICAL NON-SURGICAL
PROCEDURES NON-SURGICAL PROCEDURES OF TOTAL
PROCEDURES PROCEDURES
PROCEDURES
1 US 1,999,528 11.5% 4,165,645 20.3% 6,165,173 16.2%
2 Brazil 2,354,513 13.5% 769,245 3.7% 3,123,758 8.2%
3 Japan 380,000 2.2% 1,251,600 6.1% 1,631,600 4.3%
4 Italy 480,047 2.8% 891,172 4.3% 1,371,220 3.6%
5 Germany 626,215 3.6% 677,313 3.3% 1,303,528 3.4%
6 Mexico 734,082 4.2% 560,865 2.7% 1,294,946 3.4%
7 India 677,040 3.9% 611,800 3.0% 1,288,840 3.4%
8 Turkiye 570,478 3.3% 539,828 2.6% 1,110,306 2.9%
9 France 415,800 2.4% 497,140 2.4% 912,940 2.4%
10 Chinese Taipei 257,480 1.5% 400,840 2.0% 658,320 1.7%
2024
INTERNATIONAL
Please credit the International Society of Aesthetic Plastic Surgery when citing statistical data. Contact ISAPS: +44 20 7038 7812 | media@isaps.org | www.isaps.org 59
SURVEY"
2024,E:\shared\行业报告\2024 isaps-global-survey.pdf,https://www.isaps.org/media/30xldsyf/isaps-global-survey-2024.pdf,60,"RANKING ESTIMATED NUMBER OF PLASTIC SURGEONS
TOP 30
RANKED BY ESTIMATED
NUMBER OF PLASTIC SURGEONS
NUMBER OF % OF NUMBER OF % OF
RANK LOCATION RANK LOCATION
SURGEONS TOTAL SURGEONS TOTAL
1 US 7,752 13.2% 16 Chinese Taipei 833 1.4%
2 Brazil 6,497 11.1% 17 UK 729 1.2%
3 China 5,000 8.5% 18 Venezuela 725 1.2%
4 Japan 4,000 6.8% 19 UAE 640 1.1%
Korea, Republic
5 2,808 4.8% 20 Vietnam 600 1.0%
of (South Korea)
6 India 2,800 4.8% 21 Egypt 580 1.0%
7 Italy 2,188 3.7% 22 Peru 575 1.0%
8 Russia 2,000 3.4% 23 Australia 525 0.9%
9 Mexico 1,991 3.4% 24 Thailand 475 0.8%
10 Germany 1,762 3.0% 25 Iran 470 0.8%
11 France 1,400 2.4% 26 Canada 450 0.8%
12 Turkiye 1,200 2.1% 27 Netherlands 431 0.7%
13 Colombia 960 1.6% 28 Greece 400 0.7%
14 Spain 951 1.6% 29 Romania 400 0.7%
15 Argentina 912 1.6% 30 Ukraine 350 0.6%
2024
INTERNATIONAL
Please credit the International Society of Aesthetic Plastic Surgery when citing statistical data. Contact ISAPS: +44 20 7038 7812 | media@isaps.org | www.isaps.org 60
SURVEY"
2024,E:\shared\行业报告\2024 isaps-global-survey.pdf,https://www.isaps.org/media/30xldsyf/isaps-global-survey-2024.pdf,61,"RANKING SURGICAL PROCEDURE GROUP
% OF % OF
RANK TOTAL RANK TOTAL
TOTAL TOTAL
US MEXICO
1 Total Body & Extremities Procedures 893,952 44.7% 1 Total Body & Extremities Procedures 294,071 40.1%
2 Total Face & Head Procedures 563,426 28.2% 2 Total Face & Head Procedures 292,478 39.8%
3 Total Breast Procedures 542,150 27.1% 3 Total Breast Procedures 147,533 20.1%
BRAZIL INDIA
1 Total Face & Head Procedures 910,879 38.7% 1 Total Body & Extremities Procedures 274,120 40.5%
2 Total Body & Extremities Procedures 862,152 36.6% 2 Total Face & Head Procedures 265,440 39.2%
3 Total Breast Procedures 581,482 24.7% 3 Total Breast Procedures 137,480 20.3%
JAPAN TURKIYE
1 Total Face & Head Procedures 268,400 70.6% 1 Total Face & Head Procedures 275,410 48.3%
2 Total Body & Extremities Procedures 73,200 19.3% 2 Total Body & Extremities Procedures 170,893 30.0%
3 Total Breast Procedures 38,400 10.1% 3 Total Breast Procedures 124,175 21.8%
ITALY FRANCE
1 Total Face & Head Procedures 212,236 44.2% 1 Total Face & Head Procedures 148,260 35.7%
2 Total Breast Procedures 147,690 30.8% 2 Total Breast Procedures 142,940 34.4%
3 Total Body & Extremities Procedures 120,121 25.0% 3 Total Body & Extremities Procedures 124,600 30.0%
GERMANY CHINESE TAIPEI
1 Total Body & Extremities Procedures 238,575 38.1% 1 Total Face & Head Procedures 156,937 61.0%
2 Total Face & Head Procedures 221,307 35.3% 2 Total Body & Extremities Procedures 58,560 22.7%
3 Total Breast Procedures 166,333 26.6% 3 Total Breast Procedures 41,983 16.3%
2024
INTERNATIONAL
Please credit the International Society of Aesthetic Plastic Surgery when citing statistical data. Contact ISAPS: +44 20 7038 7812 | media@isaps.org | www.isaps.org 61
SURVEY"
2024,E:\shared\行业报告\2024 isaps-global-survey.pdf,https://www.isaps.org/media/30xldsyf/isaps-global-survey-2024.pdf,62,"RANKING NON-SURGICAL PROCEDURE GROUP
% OF % OF
RANK TOTAL RANK TOTAL
TOTAL TOTAL
US MEXICO
1 Total Injectables Procedures 3,183,878 76.4% 1 Total Injectables Procedures 421,893 75.2%
2 Total Facial Rejuvenation Procedures 627,772 15.1% 2 Total Facial Rejuvenation Procedures 70,083 12.5%
3 Total Other Procedures 353,995 8.5% 3 Total Other Procedures 68,889 12.3%
BRAZIL INDIA
1 Total Injectables Procedures 584,730 76.0% 1 Total Other Procedures 262,360 42.9%
2 Total Facial Rejuvenation Procedures 137,087 17.8% 2 Total Injectables Procedures 179,480 29.3%
3 Total Other Procedures 47,428 6.2% 3 Total Facial Rejuvenation Procedures 169,960 27.8%
JAPAN TURKIYE
1 Total Injectables Procedures 787,600 62.9% 1 Total Injectables Procedures 434,978 80.6%
2 Total Facial Rejuvenation Procedures 286,800 22.9% 2 Total Other Procedures 56,681 10.5%
3 Total Other Procedures 177,200 14.2% 3 Total Facial Rejuvenation Procedures 48,169 8.9%
ITALY FRANCE
1 Total Injectables Procedures 776,959 87.2% 1 Total Injectables Procedures 418,740 84.2%
2 Total Facial Rejuvenation Procedures 70,235 7.9% 2 Total Other Procedures 44,380 8.9%
3 Total Other Procedures 43,979 4.9% 3 Total Facial Rejuvenation Procedures 34,020 6.8%
GERMANY CHINESE TAIPEI
1 Total Injectables Procedures 610,885 90.2% 1 Total Injectables Procedures 286,136 71.4%
2 Total Facial Rejuvenation Procedures 53,565 7.9% 2 Total Facial Rejuvenation Procedures 59,310 14.8%
3 Total Other Procedures 12,863 1.9% 3 Total Other Procedures 55,395 13.8%
2024
INTERNATIONAL
Please credit the International Society of Aesthetic Plastic Surgery when citing statistical data. Contact ISAPS: +44 20 7038 7812 | media@isaps.org | www.isaps.org 62
SURVEY"
2024,E:\shared\行业报告\2024 isaps-global-survey.pdf,https://www.isaps.org/media/30xldsyf/isaps-global-survey-2024.pdf,63,"PROCEDURES PERFORMED BY
PL ASTIC
SURGEONS
IN 2024"
2024,E:\shared\行业报告\2024 isaps-global-survey.pdf,https://www.isaps.org/media/30xldsyf/isaps-global-survey-2024.pdf,64,"NUMBER OF WORLDWIDE SURGICAL PROCEDURES
PERFORMED BY PLASTIC SURGEONS
PERCENTAGE OF TOTAL
RANK SURGICAL PROCEDURES TOTAL
SURGICAL PROCEDURES
1 Eyelid Surgery 2,115,360 12.1%
2 Liposuction 2,087,189 12.0%
3 Breast Augmentation 1,658,615 9.5%
4 Scar Revision 1,156,446 6.6%
5 Rhinoplasty 1,083,631 6.2%
6 Abdominoplasty 1,036,236 6.0%
7 Fat Grafting – Face 947,007 5.4%
8 Breast Lift 772,138 4.4%
9 Face Lift 737,028 4.2%
10 Lip Enhancement/Perioral Procedure 730,752 4.2%
11 Breast Reduction 652,676 3.7%
12 Buttock Augmentation 644,770 3.7%
13 Brow Lift 524,386 3.0%
14 Neck Lift 477,624 2.7%
15 Gynecomastia 383,656 2.2%
16 Ear Surgery 363,754 2.1%
17 Breast Implant Removal 341,971 2.0%
18 Facial Bone Contouring 237,188 1.4%
19 Buccal Fat Removal 229,688 1.3%
20 Upper Arm Lift 212,223 1.2%
21 Labiaplasty 210,633 1.2%
22 Thigh Lift 136,522 0.8%
23 Lower Body Lift 119,706 0.7%
24 Hand Rejuvenation with Fat Grafting 100,093 0.6%
25 Inverted Nipple Correction 98,512 0.6%
26 Other Outer Genital Surgery 87,179 0.5%
27 Buttock Lift 80,610 0.5%
28 Surgical Vaginal Rejuvenation (including introitusplasty, fat grafting or mucosa-muscle tightening) 75,719 0.4%
29 Upper Body Lift 63,074 0.4%
30 Dimple Creation 51,291 0.3%
Total Surgical Procedures 17,415,678
2024
INTERNATIONAL
Please credit the International Society of Aesthetic Plastic Surgery when citing statistical data. Contact ISAPS: +44 20 7038 7812 | media@isaps.org | www.isaps.org 64
SURVEY"
2024,E:\shared\行业报告\2024 isaps-global-survey.pdf,https://www.isaps.org/media/30xldsyf/isaps-global-survey-2024.pdf,65,"NUMBER OF WORLDWIDE NON-SURGICAL PROCEDURES
PERFORMED BY PLASTIC SURGEONS
PERCENTAGE OF TOTAL
RANK NON-SURGICAL PROCEDURES TOTAL
NON-SURGICAL PROCEDURES
1 Botulinum Toxin 7,887,955 38.4%
2 Hyaluronic Acid 6,338,184 30.9%
3 Hair Removal 1,487,130 7.2%
4 Non-Surgical Skin Tightening 1,239,306 6.0%
5 Chemical Peel 820,225 4.0%
6 Full Field Ablative 752,717 3.7%
7 Non-Surgical Fat Reduction 702,836 3.4%
8 Poly-L-Lactic Acid 642,566 3.1%
9 Calcium Hydroxylapatite 418,173 2.0%
10 Tattoo Removal 246,594 1.2%
Total Non-Surgical Procedures 20,535,686
2024
INTERNATIONAL
Please credit the International Society of Aesthetic Plastic Surgery when citing statistical data. Contact ISAPS: +44 20 7038 7812 | media@isaps.org | www.isaps.org 65
SURVEY"
2024,E:\shared\行业报告\2024 isaps-global-survey.pdf,https://www.isaps.org/media/30xldsyf/isaps-global-survey-2024.pdf,66,"PERCENTAGE OF PLASTIC SURGEONS PERFORMING
EACH SURGICAL PROCEDURE
SURGICAL PROCEDURES WORLDWIDE ARGENTINA AUSTRALIA BANGLADESH BRAZIL CHILE CHINESE TAIPEI COLOMBIA CZECHIA
FACE & HEAD
Brow Lift 67.5% 61.4% 61.1% 44.2% 66.9% 69.2% 67.4% 75.6% 79.2%
Buccal Fat Removal 42.5% 37.1% 13.0% 34.6% 22.5% 23.1% 32.6% 64.6% 12.5%
Dimple Creation 15.2% 2.9% 0.0% 26.9% 4.7% 3.8% 30.4% 6.1% 0.0%
Ear Surgery 70.9% 77.1% 79.6% 76.9% 73.4% 65.4% 26.1% 82.9% 87.5%
Eyelid Surgery 89.4% 87.1% 88.9% 73.1% 88.8% 92.3% 93.5% 96.3% 91.7%
Face Lift 70.2% 62.9% 74.1% 55.8% 84.6% 69.2% 76.1% 84.2% 75.0%
Facial Bone Contouring 36.6% 42.9% 18.5% 17.3% 33.1% 53.8% 41.3% 50.0% 25.0%
Fat Grafting – Face 71.4% 67.1% 53.7% 53.8% 75.7% 61.5% 91.3% 76.8% 66.7%
Hair Transplantation 13.5% 15.7% 1.8% 26.9% 7.7% 3.8% 6.5% 12.2% 0.0%
Lip Enhancement/Perioral Procedure 58.3% 65.7% 40.7% 51.9% 58.6% 69.2% 47.8% 64.6% 54.2%
Neck Lift 57.3% 57.1% 74.1% 26.9% 70.4% 38.5% 47.8% 74.4% 58.3%
Rhinoplasty 70.5% 72.9% 44.4% 75.0% 69.2% 80.8% 56.5% 84.2% 41.7%
BREAST
Breast Augmentation – Saline 3.5% 7.1% 1.8% 5.8% 3.6% 7.7% 6.5% 3.7% 0.0%
Breast Augmentation – Silicone 80.5% 87.1% 90.7% 63.5% 92.3% 96.2% 78.3% 93.9% 87.5%
Breast Augmentation – Fat Transfer 52.4% 51.4% 44.4% 36.5% 53.2% 50.0% 63.0% 64.6% 66.7%
Breast Implant Removal 71.5% 78.6% 88.9% 25.0% 85.2% 84.6% 56.5% 92.7% 83.3%
Breast Lift 73.9% 85.7% 79.6% 55.8% 90.5% 96.2% 54.4% 91.5% 91.7%
Breast Reduction 75.4% 84.3% 92.6% 67.3% 87.6% 96.2% 37.0% 89.0% 91.7%
Gynecomastia 70.1% 70.0% 75.9% 90.4% 73.4% 84.6% 54.4% 75.6% 87.5%
Inverted Nipple Correction 43.5% 38.6% 61.1% 30.8% 40.2% 38.5% 58.7% 28.0% 70.8%
BODY & EXTREMITIES
Abdominoplasty 81.0% 87.1% 90.7% 94.2% 91.1% 96.2% 58.7% 93.9% 91.7%
Brachioplasty 57.7% 48.6% 64.8% 28.8% 71.0% 69.2% 23.9% 69.5% 70.8%
Buttock Augmentation – Implants only 15.6% 27.1% 0.0% 3.8% 24.3% 34.6% 8.7% 34.2% 4.2%
Buttock Augmentation – FatTransfer 48.7% 41.4% 9.3% 13.5% 76.3% 84.6% 21.7% 85.4% 16.7%
Buttock Augmentation – Injectables 8.9% 7.1% 0.0% 3.8% 10.6% 11.5% 2.2% 4.9% 0.0%
Buttock Lift 23.3% 18.6% 22.2% 3.8% 33.1% 19.2% 10.9% 36.6% 12.5%
Hand Rejuvenation with Fat Grafting 25.7% 11.4% 7.4% 23.1% 21.9% 3.8% 26.1% 19.5% 25.0%
Liposuction 81.6% 80.0% 81.5% 75.0% 91.1% 100.0% 78.3% 91.5% 95.8%
Lower Body Lift 31.6% 28.6% 42.6% 11.5% 34.3% 42.3% 8.7% 45.1% 4.2%
Scar Revision 73.3% 67.1% 85.2% 90.4% 78.1% 73.1% 65.2% 69.5% 87.5%
Thigh Lift 39.0% 27.1% 59.3% 15.4% 36.7% 38.5% 15.2% 52.4% 58.3%
Upper Body Lift 18.8% 14.3% 25.9% 0.0% 29.6% 7.7% 2.2% 20.7% 4.2%
Penile Enlargement 9.8% 2.9% 1.8% 21.2% 4.1% 7.7% 8.7% 8.5% 0.0%
Labia Minora Plasty, Labiaplasty 51.2% 48.6% 50.0% 34.6% 66.9% 42.3% 50.0% 59.8% 79.2%
Surgical Vaginal Rejuvenation 21.8% 17.1% 0.0% 25.0% 24.8% 7.7% 39.1% 26.8% 12.5%
Other Outer Genital Surgery 22.8% 21.4% 9.3% 26.9% 26.6% 7.7% 26.1% 17.1% 20.8%
Sex Reassignment Surgery 7.9% 18.6% 7.4% 15.4% 3.6% 11.5% 6.5% 4.9% 8.3%
2024
INTERNATIONAL
Please credit the International Society of Aesthetic Plastic Surgery when citing statistical data. Contact ISAPS: +44 20 7038 7812 | media@isaps.org | www.isaps.org 66
SURVEY"
2024,E:\shared\行业报告\2024 isaps-global-survey.pdf,https://www.isaps.org/media/30xldsyf/isaps-global-survey-2024.pdf,67,"PERCENTAGE OF PLASTIC SURGEONS PERFORMING
EACH SURGICAL PROCEDURE
SURGICAL PROCEDURES FRANCE GERMANY GREECE INDIA IRAN ITALY JAPAN MALAYSIA MEXICO MOROCCO
FACE & HEAD
Brow Lift 56.1% 62.5% 59.3% 42.0% 87.7% 60.3% 43.0% 45.0% 78.0% 67.9%
Buccal Fat Removal 13.6% 20.8% 22.2% 55.1% 79.0% 13.8% 15.0% 30.0% 84.4% 25.0%
Dimple Creation 1.5% 8.3% 14.8% 55.8% 19.3% 0.0% 2.0% 25.0% 6.9% 10.7%
Ear Surgery 80.3% 64.6% 81.5% 81.9% 75.4% 79.3% 31.0% 45.0% 84.4% 64.3%
Eyelid Surgery 93.9% 95.8% 100.0% 85.5% 96.5% 86.2% 79.0% 100.0% 96.8% 92.9%
Face Lift 81.8% 68.8% 81.5% 46.4% 89.5% 63.8% 27.0% 65.0% 87.2% 71.4%
Facial Bone Contouring 9.1% 16.7% 14.8% 48.6% 57.9% 17.2% 14.0% 10.0% 67.4% 25.0%
Fat Grafting – Face 69.7% 66.7% 70.4% 80.4% 89.5% 62.1% 34.0% 65.0% 77.5% 92.9%
Hair Transplantation 18.2% 10.4% 18.5% 61.6% 1.8% 1.7% 4.0% 25.0% 7.8% 14.3%
Lip Enhancement/Perioral Procedure 47.0% 43.8% 59.3% 63.0% 70.2% 51.7% 25.0% 15.0% 78.9% 57.1%
Neck Lift 56.1% 52.1% 70.4% 39.9% 77.2% 43.1% 17.0% 30.0% 82.1% 64.3%
Rhinoplasty 56.1% 35.4% 74.1% 81.2% 100.0% 72.4% 49.0% 75.0% 90.4% 64.3%
BREAST
Breast Augmentation – Saline 1.5% 0.0% 0.0% 5.1% 0.0% 0.0% 1.0% 5.0% 2.3% 3.6%
Breast Augmentation – Silicone 95.4% 89.6% 88.9% 73.9% 96.5% 89.7% 19.0% 55.0% 96.3% 75.0%
Breast Augmentation – Fat Transfer 83.3% 75.0% 37.0% 63.0% 45.6% 36.2% 22.0% 55.0% 60.1% 67.9%
Breast Implant Removal 87.9% 83.3% 66.7% 49.3% 77.2% 74.1% 28.0% 60.0% 91.7% 60.7%
Breast Lift 92.4% 81.2% 74.1% 60.1% 94.7% 84.5% 7.0% 50.0% 95.9% 89.3%
Breast Reduction 92.4% 89.6% 77.8% 80.4% 96.5% 81.0% 10.0% 65.0% 87.2% 100.0%
Gynecomastia 78.8% 75.0% 81.5% 94.2% 91.2% 67.2% 9.0% 85.0% 85.3% 92.9%
Inverted Nipple Correction 65.2% 56.2% 55.6% 28.3% 26.3% 41.4% 24.0% 25.0% 49.5% 39.3%
BODY & EXTREMITIES
Abdominoplasty 90.9% 89.6% 92.6% 87.0% 96.5% 86.2% 10.0% 90.0% 95.9% 100.0%
Brachioplasty 83.3% 70.8% 77.8% 49.3% 77.2% 65.5% 3.0% 55.0% 78.9% 67.9%
Buttock Augmentation – Implants only 10.6% 10.4% 14.8% 9.4% 29.8% 13.8% 1.0% 0.0% 33.0% 0.0%
Buttock Augmentation – FatTransfer 53.0% 33.3% 29.6% 35.5% 80.7% 25.9% 5.0% 5.0% 91.3% 85.7%
Buttock Augmentation – Injectables 7.6% 6.2% 25.9% 5.1% 10.5% 17.2% 1.0% 0.0% 6.9% 21.4%
Buttock Lift 18.2% 37.5% 18.5% 9.4% 33.3% 22.4% 2.0% 0.0% 37.2% 10.7%
Hand Rejuvenation with Fat Grafting 16.7% 31.2% 44.4% 35.5% 64.9% 13.8% 8.0% 10.0% 26.2% 50.0%
Liposuction 90.9% 81.2% 74.1% 85.5% 91.2% 86.2% 27.0% 90.0% 95.4% 96.4%
Lower Body Lift 45.4% 29.2% 40.7% 29.0% 42.1% 12.1% 1.0% 10.0% 61.0% 32.1%
Scar Revision 63.6% 64.6% 77.8% 91.3% 77.2% 56.9% 37.0% 80.0% 84.9% 85.7%
Thigh Lift 56.1% 58.3% 40.7% 24.6% 50.9% 39.7% 3.0% 20.0% 44.0% 46.4%
Upper Body Lift 15.2% 18.8% 25.9% 16.7% 31.6% 5.2% 2.0% 10.0% 29.8% 17.9%
Penile Enlargement 16.7% 12.5% 11.1% 16.7% 3.5% 8.6% 3.0% 0.0% 12.4% 10.7%
Labia Minora Plasty, Labiaplasty 69.7% 47.9% 40.7% 52.9% 38.6% 56.9% 21.0% 55.0% 54.1% 57.1%
Surgical Vaginal Rejuvenation 13.6% 6.2% 11.1% 41.3% 21.0% 10.3% 8.0% 10.0% 19.3% 10.7%
Other Outer Genital Surgery 25.8% 12.5% 11.1% 37.0% 24.6% 10.3% 8.0% 5.0% 22.9% 21.4%
Sex Reassignment Surgery 7.6% 6.2% 7.4% 30.4% 12.3% 6.9% 3.0% 0.0% 5.0% 3.6%
2024
INTERNATIONAL
Please credit the International Society of Aesthetic Plastic Surgery when citing statistical data. Contact ISAPS: +44 20 7038 7812 | media@isaps.org | www.isaps.org 67
SURVEY"
2024,E:\shared\行业报告\2024 isaps-global-survey.pdf,https://www.isaps.org/media/30xldsyf/isaps-global-survey-2024.pdf,68,"PERCENTAGE OF PLASTIC SURGEONS PERFORMING
EACH SURGICAL PROCEDURE
SURGICAL PROCEDURES NORWAY PANAMA PHILIPPINES SAUDI ARABIA SINGAPORE SOUTH AFRICA SPAIN THAILAND TUNISIA TURKIYE
FACE & HEAD
Brow Lift 58.8% 77.8% 37.0% 53.6% 66.7% 68.0% 67.4% 86.8% 79.2% 88.1%
Buccal Fat Removal 5.9% 61.1% 44.4% 42.9% 41.7% 24.0% 37.2% 39.5% 84.9% 76.9%
Dimple Creation 0.0% 0.0% 22.2% 35.7% 8.3% 0.0% 4.6% 29.0% 26.4% 26.1%
Ear Surgery 64.7% 94.4% 74.1% 71.4% 58.3% 84.0% 93.0% 60.5% 96.2% 87.3%
Eyelid Surgery 88.2% 100.0% 100.0% 78.6% 100.0% 96.0% 93.0% 89.5% 98.1% 95.5%
Face Lift 70.6% 88.9% 51.8% 57.1% 83.3% 84.0% 62.8% 73.7% 92.4% 85.8%
Facial Bone Contouring 17.6% 50.0% 22.2% 10.7% 33.3% 12.0% 32.6% 43.4% 58.5% 50.0%
Fat Grafting – Face 70.6% 83.3% 29.6% 82.1% 91.7% 84.0% 83.7% 60.5% 90.6% 91.0%
Hair Transplantation 5.9% 5.6% 7.4% 3.6% 0.0% 0.0% 2.3% 10.5% 9.4% 19.4%
Lip Enhancement/Perioral Procedure 52.9% 77.8% 40.7% 64.3% 58.3% 40.0% 72.1% 51.3% 79.2% 71.6%
Neck Lift 76.5% 83.3% 22.2% 50.0% 83.3% 68.0% 58.1% 56.6% 90.6% 75.4%
Rhinoplasty 23.5% 94.4% 96.3% 50.0% 91.7% 44.0% 74.4% 84.2% 86.8% 90.3%
BREAST
Breast Augmentation – Saline 0.0% 0.0% 3.7% 3.6% 0.0% 0.0% 9.3% 0.0% 1.9% 0.8%
Breast Augmentation – Silicone 82.4% 100.0% 81.5% 89.3% 66.7% 100.0% 95.4% 81.6% 92.4% 96.3%
Breast Augmentation – Fat Transfer 76.5% 55.6% 14.8% 67.9% 83.3% 48.0% 58.1% 18.4% 71.7% 52.2%
Breast Implant Removal 88.2% 100.0% 59.3% 85.7% 100.0% 88.0% 97.7% 73.7% 64.2% 79.1%
Breast Lift 82.4% 100.0% 37.0% 89.3% 66.7% 96.0% 97.7% 63.2% 90.6% 92.5%
Breast Reduction 82.4% 100.0% 51.8% 92.9% 83.3% 100.0% 95.4% 63.2% 92.4% 94.0%
Gynecomastia 70.6% 94.4% 44.4% 89.3% 91.7% 72.0% 88.4% 44.7% 90.6% 85.8%
Inverted Nipple Correction 52.9% 50.0% 11.1% 39.3% 41.7% 32.0% 67.4% 43.4% 50.9% 44.0%
BODY & EXTREMITIES
Abdominoplasty 82.4% 100.0% 92.6% 100.0% 91.7% 88.0% 93.0% 71.0% 92.4% 94.0%
Brachioplasty 64.7% 66.7% 40.7% 92.9% 58.3% 76.0% 72.1% 35.5% 77.4% 83.6%
Buttock Augmentation – Implants only 11.8% 27.8% 14.8% 14.3% 0.0% 0.0% 16.3% 15.8% 22.6% 10.4%
Buttock Augmentation – FatTransfer 47.1% 100.0% 7.4% 89.3% 16.7% 28.0% 51.2% 15.8% 73.6% 66.4%
Buttock Augmentation – Injectables 5.9% 0.0% 0.0% 14.3% 0.0% 4.0% 2.3% 4.0% 13.2% 3.7%
Buttock Lift 35.3% 61.1% 0.0% 64.3% 25.0% 20.0% 27.9% 11.8% 34.0% 37.3%
Hand Rejuvenation with Fat Grafting 11.8% 33.3% 0.0% 64.3% 33.3% 32.0% 7.0% 13.2% 47.2% 44.0%
Liposuction 82.4% 100.0% 88.9% 100.0% 100.0% 84.0% 93.0% 65.8% 92.4% 93.3%
Lower Body Lift 41.2% 61.1% 7.4% 85.7% 50.0% 24.0% 41.9% 17.1% 35.8% 41.8%
Scar Revision 82.4% 94.4% 77.8% 89.3% 75.0% 72.0% 72.1% 64.5% 88.7% 81.3%
Thigh Lift 47.1% 50.0% 18.5% 85.7% 41.7% 52.0% 53.5% 21.0% 66.0% 67.9%
Upper Body Lift 17.6% 11.1% 3.7% 64.3% 16.7% 12.0% 20.9% 11.8% 15.1% 32.1%
Penile Enlargement 5.9% 0.0% 3.7% 10.7% 0.0% 4.0% 7.0% 9.2% 24.5% 17.2%
Labia Minora Plasty, Labiaplasty 82.4% 66.7% 11.1% 17.9% 41.7% 72.0% 76.7% 32.9% 50.9% 69.4%
Surgical Vaginal Rejuvenation 5.9% 22.2% 11.1% 25.0% 25.0% 8.0% 9.3% 11.8% 28.3% 38.1%
Other Outer Genital Surgery 17.6% 27.8% 7.4% 7.1% 25.0% 24.0% 25.6% 18.4% 28.3% 35.1%
Sex Reassignment Surgery 5.9% 0.0% 0.0% 3.6% 0.0% 16.0% 14.0% 18.4% 0.0% 6.0%
2024
INTERNATIONAL
Please credit the International Society of Aesthetic Plastic Surgery when citing statistical data. Contact ISAPS: +44 20 7038 7812 | media@isaps.org | www.isaps.org 68
SURVEY"
2024,E:\shared\行业报告\2024 isaps-global-survey.pdf,https://www.isaps.org/media/30xldsyf/isaps-global-survey-2024.pdf,69,"PERCENTAGE OF PLASTIC SURGEONS PERFORMING
EACH SURGICAL PROCEDURE
SURGICAL PROCEDURES UAE UK VIETNAM
FACE & HEAD
Brow Lift 73.3% 40.6% 59.6%
Buccal Fat Removal 56.7% 9.4% 48.9%
Dimple Creation 30.0% 0.0% 36.2%
Ear Surgery 76.7% 68.8% 19.2%
Eyelid Surgery 90.0% 84.4% 61.7%
Face Lift 80.0% 53.1% 36.2%
Facial Bone Contouring 26.7% 9.4% 29.8%
Fat Grafting – Face 83.3% 40.6% 55.3%
Hair Transplantation 16.7% 3.1% 2.1%
Lip Enhancement/Perioral Procedure 73.3% 12.5% 44.7%
Neck Lift 86.7% 43.8% 17.0%
Rhinoplasty 56.7% 34.4% 55.3%
BREAST
Breast Augmentation – Saline 3.3% 6.2% 2.1%
Breast Augmentation – Silicone 96.7% 90.6% 31.9%
Breast Augmentation – Fat Transfer 73.3% 50.0% 23.4%
Breast Implant Removal 100.0% 90.6% 25.5%
Breast Lift 93.3% 87.5% 23.4%
Breast Reduction 90.0% 93.8% 25.5%
Gynecomastia 86.7% 59.4% 8.5%
Inverted Nipple Correction 53.3% 65.6% 25.5%
BODY & EXTREMITIES
Abdominoplasty 96.7% 96.9% 29.8%
Brachioplasty 86.7% 71.9% 17.0%
Buttock Augmentation – Implants only 13.3% 0.0% 19.2%
Buttock Augmentation – FatTransfer 83.3% 6.2% 23.4%
Buttock Augmentation – Injectables 50.0% 3.1% 2.1%
Buttock Lift 50.0% 15.6% 6.4%
Hand Rejuvenation with Fat Grafting 56.7% 12.5% 17.0%
Liposuction 96.7% 71.9% 25.5%
Lower Body Lift 56.7% 34.4% 4.3%
Scar Revision 76.7% 59.4% 27.7%
Thigh Lift 73.3% 43.8% 10.6%
Upper Body Lift 40.0% 15.6% 4.3%
Penile Enlargement 13.3% 0.0% 0.0%
Labia Minora Plasty, Labiaplasty 66.7% 62.5% 23.4%
Surgical Vaginal Rejuvenation 43.3% 0.0% 21.3%
Other Outer Genital Surgery 46.7% 9.4% 14.9%
Sex Reassignment Surgery 0.0% 6.2% 0.0%
2024
INTERNATIONAL
Please credit the International Society of Aesthetic Plastic Surgery when citing statistical data. Contact ISAPS: +44 20 7038 7812 | media@isaps.org | www.isaps.org 69
SURVEY"
2024,E:\shared\行业报告\2024 isaps-global-survey.pdf,https://www.isaps.org/media/30xldsyf/isaps-global-survey-2024.pdf,70,"PERCENTAGE OF PLASTIC SURGEONS PERFORMING
EACH NON-SURGICAL PROCEDURE
NON-SURGICAL PROCEDURES WORLDWIDE ARGENTINA AUSTRALIA BANGLADESH BRAZIL CHILE CHINESE TAIPEI COLOMBIA CZECHIA
INJECTABLES – FACE
Botulinum Toxin 80.8% 80.0% 59.3% 46.2% 71.6% 100.0% 91.3% 86.6% 66.7%
Calcium Hydroxyapatite 21.4% 28.6% 5.6% 0.0% 21.9% 26.9% 10.9% 23.2% 8.3%
Hyaluronic Acid 70.1% 74.3% 40.7% 25.0% 56.2% 88.5% 76.1% 70.7% 58.3%
Poly-L-Lactic Acid 17.9% 14.3% 5.6% 3.8% 22.5% 11.5% 43.5% 15.8% 0.0%
Polymethyl Methacrylate 1.9% 0.0% 0.0% 0.0% 0.6% 3.8% 8.7% 0.0% 0.0%
INJECTABLES – BODY
Hyaluronic Acid 16.8% 8.6% 3.7% 11.5% 14.8% 23.1% 10.9% 9.8% 8.3%
Polymethyl Methacrylate 0.9% 0.0% 0.0% 0.0% 1.8% 3.8% 0.0% 1.2% 0.0%
FACIAL REJUVENATION
Chemical Peel 21.4% 22.9% 13.0% 32.7% 14.2% 15.4% 10.9% 9.8% 0.0%
Full Field Ablative 21.8% 18.6% 16.7% 25.0% 21.9% 30.8% 34.8% 17.1% 16.7%
Dermabrasion 13.1% 7.1% 7.4% 23.1% 14.2% 7.7% 17.4% 9.8% 0.0%
Microdermabrasion 11.4% 5.7% 11.1% 30.8% 8.9% 0.0% 8.7% 12.2% 0.0%
Non-Surgical Skin Tightening 26.6% 20.0% 16.7% 23.1% 22.5% 7.7% 60.9% 12.2% 16.7%
Photo Rejuvenation (IPL) 15.0% 18.6% 11.1% 9.6% 4.1% 19.2% 43.5% 11.0% 12.5%
OTHER
Cellulite Treatment 13.9% 30.0% 3.7% 7.7% 16.6% 26.9% 10.9% 19.5% 4.2%
Hair Removal 18.8% 18.6% 5.6% 44.2% 2.4% 19.2% 47.8% 9.8% 0.0%
Non-Surgical Fat Reduction 19.5% 21.4% 5.6% 11.5% 7.1% 19.2% 34.8% 22.0% 0.0%
Non-Surgical Vaginal Rejuvenation 8.0% 10.0% 1.8% 7.7% 7.7% 3.8% 17.4% 7.3% 8.3%
Tattoo Removal 18.2% 15.7% 5.6% 50.0% 5.3% 0.0% 41.3% 9.8% 8.3%
Treatment of Leg Veins 6.5% 5.7% 1.8% 13.5% 0.6% 3.8% 10.9% 1.2% 8.3%
Sclerotherapy 7.4% 11.4% 3.7% 17.3% 0.0% 0.0% 6.5% 4.9% 20.8%
2024
INTERNATIONAL
Please credit the International Society of Aesthetic Plastic Surgery when citing statistical data. Contact ISAPS: +44 20 7038 7812 | media@isaps.org | www.isaps.org 70
SURVEY"
2024,E:\shared\行业报告\2024 isaps-global-survey.pdf,https://www.isaps.org/media/30xldsyf/isaps-global-survey-2024.pdf,71,"PERCENTAGE OF PLASTIC SURGEONS PERFORMING
EACH NON-SURGICAL PROCEDURE
NON-SURGICAL PROCEDURES FRANCE GERMANY GREECE INDIA IRAN ITALY JAPAN MALAYSIA MEXICO MOROCCO
INJECTABLES – FACE
Botulinum Toxin 92.4% 83.3% 96.3% 61.6% 89.5% 84.5% 84.0% 45.0% 94.5% 85.7%
Calcium Hydroxyapatite 39.4% 22.9% 29.6% 2.9% 3.5% 36.2% 3.0% 10.0% 38.5% 39.3%
Hyaluronic Acid 92.4% 70.8% 96.3% 52.9% 75.4% 82.8% 70.0% 30.0% 87.6% 82.1%
Poly-L-Lactic Acid 16.7% 18.8% 33.3% 4.4% 3.5% 24.1% 13.0% 15.0% 22.9% 21.4%
Polymethyl Methacrylate 1.5% 0.0% 0.0% 1.4% 3.5% 1.7% 0.0% 0.0% 1.8% 3.6%
INJECTABLES – BODY
Hyaluronic Acid 15.2% 20.8% 37.0% 14.5% 15.8% 25.9% 9.0% 10.0% 12.4% 28.6%
Polymethyl Methacrylate 0.0% 0.0% 0.0% 2.9% 0.0% 0.0% 0.0% 0.0% 0.0% 7.1%
FACIAL REJUVENATION
Chemical Peel 43.9% 10.4% 51.8% 42.8% 3.5% 41.4% 43.0% 5.0% 24.8% 32.1%
Full Field Ablative 13.6% 12.5% 55.6% 33.3% 21.0% 34.5% 23.0% 30.0% 18.8% 39.3%
Dermabrasion 12.1% 10.4% 18.5% 31.2% 15.8% 3.4% 11.0% 5.0% 13.8% 21.4%
Microdermabrasion 4.6% 6.2% 25.9% 26.1% 14.0% 5.2% 9.0% 10.0% 22.0% 17.9%
Non-Surgical Skin Tightening 24.2% 18.8% 48.2% 34.8% 21.0% 22.4% 32.0% 25.0% 31.2% 17.9%
Photo Rejuvenation (IPL) 9.1% 10.4% 29.6% 17.4% 3.5% 10.3% 39.0% 5.0% 12.4% 3.6%
OTHER
Cellulite Treatment 10.6% 8.3% 55.6% 9.4% 12.3% 24.1% 2.0% 0.0% 28.0% 3.6%
Hair Removal 22.7% 6.2% 59.3% 49.3% 10.5% 13.8% 35.0% 20.0% 14.2% 28.6%
Non-Surgical Fat Reduction 30.3% 18.8% 51.8% 19.6% 5.3% 22.4% 21.0% 10.0% 28.9% 21.4%
Non-Surgical Vaginal Rejuvenation 6.1% 4.2% 7.4% 12.3% 1.8% 8.6% 2.0% 5.0% 11.5% 7.1%
Tattoo Removal 3.0% 4.2% 11.1% 50.0% 12.3% 17.2% 33.0% 15.0% 21.6% 32.1%
Treatment of Leg Veins 3.0% 10.4% 22.2% 17.4% 3.5% 12.1% 4.0% 5.0% 7.8% 14.3%
Sclerotherapy 1.5% 6.2% 29.6% 22.5% 3.5% 12.1% 4.0% 0.0% 8.3% 14.3%
2024
INTERNATIONAL
Please credit the International Society of Aesthetic Plastic Surgery when citing statistical data. Contact ISAPS: +44 20 7038 7812 | media@isaps.org | www.isaps.org 71
SURVEY"
2024,E:\shared\行业报告\2024 isaps-global-survey.pdf,https://www.isaps.org/media/30xldsyf/isaps-global-survey-2024.pdf,72,"PERCENTAGE OF PLASTIC SURGEONS PERFORMING
EACH NON-SURGICAL PROCEDURE
NON-SURGICAL PROCEDURES NORWAY PANAMA PHILIPPINES SAUDI ARABIA SINGAPORE SOUTH AFRICA SPAIN THAILAND TUNISIA TURKIYE
INJECTABLES – FACE
Botulinum Toxin 88.2% 100.0% 100.0% 96.4% 100.0% 88.0% 79.1% 68.4% 86.8% 92.5%
Calcium Hydroxyapatite 11.8% 44.4% 0.0% 21.4% 0.0% 12.0% 25.6% 7.9% 34.0% 27.6%
Hyaluronic Acid 47.1% 83.3% 77.8% 89.3% 83.3% 88.0% 69.8% 42.1% 84.9% 85.1%
Poly-L-Lactic Acid 0.0% 11.1% 0.0% 25.0% 0.0% 16.0% 18.6% 7.9% 32.1% 9.7%
Polymethyl Methacrylate 0.0% 0.0% 0.0% 3.6% 0.0% 0.0% 0.0% 1.3% 0.0% 1.5%
INJECTABLES – BODY
Hyaluronic Acid 5.9% 5.6% 18.5% 25.0% 8.3% 4.0% 7.0% 4.0% 22.6% 9.0%
Polymethyl Methacrylate 0.0% 0.0% 0.0% 0.0% 0.0% 0.0% 0.0% 0.0% 0.0% 0.8%
FACIAL REJUVENATION
Chemical Peel 29.4% 16.7% 0.0% 14.3% 0.0% 44.0% 39.5% 1.3% 24.5% 15.7%
Full Field Ablative 29.4% 11.1% 0.0% 10.7% 58.3% 12.0% 25.6% 4.0% 15.1% 21.6%
Dermabrasion 5.9% 5.6% 3.7% 7.1% 0.0% 24.0% 14.0% 9.2% 7.6% 18.7%
Microdermabrasion 0.0% 11.1% 3.7% 7.1% 0.0% 4.0% 16.3% 2.6% 13.2% 9.7%
Non-Surgical Skin Tightening 11.8% 22.2% 7.4% 35.7% 41.7% 24.0% 25.6% 18.4% 32.1% 32.8%
Photo Rejuvenation (IPL) 0.0% 5.6% 0.0% 7.1% 33.3% 4.0% 23.3% 10.5% 5.7% 4.5%
OTHER
Cellulite Treatment 5.9% 27.8% 0.0% 21.4% 0.0% 4.0% 18.6% 4.0% 11.3% 12.7%
Hair Removal 0.0% 5.6% 0.0% 7.1% 8.3% 0.0% 11.6% 14.5% 18.9% 9.7%
Non-Surgical Fat Reduction 0.0% 22.2% 33.3% 14.3% 16.7% 8.0% 16.3% 14.5% 22.6% 24.6%
Non-Surgical Vaginal Rejuvenation 0.0% 16.7% 0.0% 3.6% 0.0% 4.0% 7.0% 2.6% 13.2% 9.7%
Tattoo Removal 5.9% 5.6% 3.7% 3.6% 25.0% 16.0% 9.3% 5.3% 20.8% 14.9%
Treatment of Leg Veins 0.0% 5.6% 3.7% 7.1% 8.3% 0.0% 7.0% 4.0% 3.8% 7.5%
Sclerotherapy 11.8% 0.0% 22.2% 3.6% 0.0% 0.0% 11.6% 5.3% 0.0% 4.5%
2024
INTERNATIONAL
Please credit the International Society of Aesthetic Plastic Surgery when citing statistical data. Contact ISAPS: +44 20 7038 7812 | media@isaps.org | www.isaps.org 72
SURVEY"
2024,E:\shared\行业报告\2024 isaps-global-survey.pdf,https://www.isaps.org/media/30xldsyf/isaps-global-survey-2024.pdf,73,"PERCENTAGE OF PLASTIC SURGEONS PERFORMING
EACH NON-SURGICAL PROCEDURE
NON-SURGICAL PROCEDURES UAE UK VIETNAM
INJECTABLES – FACE
Botulinum Toxin 80.0% 53.1% 36.2%
Calcium Hydroxyapatite 23.3% 3.1% 0.0%
Hyaluronic Acid 70.0% 31.2% 29.8%
Poly-L-Lactic Acid 26.7% 3.1% 2.1%
Polymethyl Methacrylate 0.0% 3.1% 0.0%
INJECTABLES – BODY
Hyaluronic Acid 53.3% 6.2% 0.0%
Polymethyl Methacrylate 0.0% 0.0% 0.0%
FACIAL REJUVENATION
Chemical Peel 13.3% 6.2% 4.3%
Full Field Ablative 16.7% 6.2% 2.1%
Dermabrasion 13.3% 0.0% 2.1%
Microdermabrasion 6.7% 0.0% 0.0%
Non-Surgical Skin Tightening 26.7% 12.5% 2.1%
Photo Rejuvenation (IPL) 0.0% 3.1% 0.0%
OTHER
Cellulite Treatment 20.0% 3.1% 0.0%
Hair Removal 16.7% 3.1% 0.0%
Non-Surgical Fat Reduction 23.3% 3.1% 4.3%
Non-Surgical Vaginal Rejuvenation 20.0% 0.0% 0.0%
Tattoo Removal 16.7% 6.2% 2.1%
Treatment of Leg Veins 3.3% 0.0% 0.0%
Sclerotherapy 6.7% 3.1% 0.0%
2024
INTERNATIONAL
Please credit the International Society of Aesthetic Plastic Surgery when citing statistical data. Contact ISAPS: +44 20 7038 7812 | media@isaps.org | www.isaps.org 73
SURVEY"
2024,E:\shared\行业报告\2024 isaps-global-survey.pdf,https://www.isaps.org/media/30xldsyf/isaps-global-survey-2024.pdf,74,DEMOGRAPHICS
2024,E:\shared\行业报告\2024 isaps-global-survey.pdf,https://www.isaps.org/media/30xldsyf/isaps-global-survey-2024.pdf,75,"GENDER DISTRIBUTION FOR COSMETIC PROCEDURES –
SURGICAL
NUMBER OF PERCENTAGE NUMBER OF PERCENTAGE
RANK FEMALE RANK MALE
PROCEDURES OF TOTAL PROCEDURES OF TOTAL
1 Liposuction 1,792,323 85.9% 1 Eyelid Surgery 489,763 23.2%
2 Eyelid Surgery 1,625,597 76.8% 2 Gynecomastia 383,656 100.0%
3 Breast Augmentation 1,611,758 97.2% 3 Scar Revision 319,987 27.7%
4 Abdominoplasty 945,636 91.3% 4 Liposuction 294,866 14.1%
5 Scar Revision 836,458 72.3% 5 Rhinoplasty 287,398 26.5%
6 Rhinoplasty 796,233 73.5% 6 Fat Grafting – Face 173,940 18.4%
7 Fat Grafting – Face 773,067 81.6% 7 Ear Surgery 131,356 36.1%
8 Breast Lift 772,138 100.0% 8 Face Lift (all types) 123,776 16.8%
9 Lip Enhancement/Perioral Procedure 660,034 90.3% 9 Brow Lift 97,680 18.6%
10 Breast Reduction 652,676 100.0% 10 Neck Lift 91,232 19.1%
11 Buttock Augmentation 618,384 95.9% 11 Abdominoplasty 90,600 8.7%
12 Face Lift (all types) 613,252 83.2% 12 Lip Enhancement/Perioral Procedure 70,718 9.7%
13 Brow Lift 426,707 81.4% 13 Facial Bone Contouring 60,559 25.5%
14 Neck Lift 386,392 80.9% 14 Breast Augmentation 46,858 2.8%
15 Breast Implant Removal 335,864 98.2% 15 Buccal Fat Removal 40,195 17.5%
16 Ear Surgery 232,399 63.9% 16 Buttock Augmentation 26,386 4.1%
17 Labia Minora Plasty, Labiaplasty 210,633 100.0% 17 Lower Body Lift 19,951 16.7%
18 Brachioplasty 201,340 94.9% 18 Brachioplasty 10,883 5.1%
19 Buccal Fat Removal 189,493 82.5% 19 Upper Body Lift 10,512 16.7%
20 Facial Bone Contouring 176,630 74.5% 20 Thigh Lift 10,502 7.7%
21 Thigh Lift 126,020 92.3% 21 Dimple Creation 8,548 16.7%
22 Lower Body Lift 99,755 83.3% 22 Breast Implant Removal 6,107 1.8%
23 Inverted Nipple Correction 98,512 100.0% 23 Hand Rejuvenation with Fat Grafting 5,888 5.9%
24 Hand Rejuvenation with Fat Grafting 94,206 94.1% 24 Buttock Lift 5,374 6.7%
25 Other Outer Genital Surgery 87,179 100.0% Total Surgical Procedures 2,806,734 16.1%
26 Surgical Vaginal Rejuvenation 75,719 100.0%
27 Buttock Lift 75,236 93.3%
28 Upper Body Lift 52,562 83.3%
29 Dimple Creation 42,742 83.3%
Total Surgical Procedures 14,608,944 83.9%
2024
INTERNATIONAL
Please credit the International Society of Aesthetic Plastic Surgery when citing statistical data. Contact ISAPS: +44 20 7038 7812 | media@isaps.org | www.isaps.org 75
SURVEY"
2024,E:\shared\行业报告\2024 isaps-global-survey.pdf,https://www.isaps.org/media/30xldsyf/isaps-global-survey-2024.pdf,76,"GENDER DISTRIBUTION FOR COSMETIC PROCEDURES –
NON-SURGICAL
NUMBER OF PERCENTAGE NUMBER OF PERCENTAGE
RANK FEMALE RANK MALE
PROCEDURES OF TOTAL PROCEDURES OF TOTAL
1 Botulinum Toxin 6,622,473 84.0% 1 Botulinum Toxin 1,265,482 16.0%
2 Hyaluronic Acid 5,458,666 86.1% 2 Hyaluronic Acid 879,517 13.9%
3 Hair Removal 1,224,695 82.4% 3 Hair Removal 262,435 17.6%
4 Non-Surgical Skin Tightening 1,046,361 84.4% 4 Non-Surgical Skin Tightening 192,946 15.6%
5 Chemical Peel 662,200 80.7% 5 Full Field Ablative 159,474 21.2%
6 Non-Surgical Fat Reduction 593,657 84.5% 6 Chemical Peel 158,025 19.3%
7 Full Field Ablative 593,243 78.8% 7 Non-Surgical Fat Reduction 109,178 15.5%
8 Poly-L-Lactic Acid 536,575 83.5% 8 Poly-L-Lactic Acid 105,990 16.5%
9 Calcium Hydroxyapatite 362,827 86.8% 9 Tattoo Removal 65,758 26.7%
10 Tattoo Removal 180,836 73.3% 10 Calcium Hydroxyapatite 55,346 13.2%
Total Non-Surgical Procedures 17,281,533 84.2% Total Non-Surgical Procedures 3,254,153 15.8%
Total Procedures 31,890,477 84.0% Total Procedures 6,060,887 16.0%
2024
INTERNATIONAL
Please credit the International Society of Aesthetic Plastic Surgery when citing statistical data. Contact ISAPS: +44 20 7038 7812 | media@isaps.org | www.isaps.org 76
SURVEY"
2024,E:\shared\行业报告\2024 isaps-global-survey.pdf,https://www.isaps.org/media/30xldsyf/isaps-global-survey-2024.pdf,77,"PATIENT AGE RELATED TO COSMETIC PROCEDURES
AGE DISTRIBUTION OF PATIENTS UNDERTAKING CERTAIN COSMETIC PROCEDURES
17 YEARS
OR 18–34 YEARS 35–50 YEARS 51–64 YEARS 65 YEARS
YOUNGER OLD OLD OLD OR OLDER
Breast Augmentation 13,269 0.8% 895,652 54.0% 620,322 37.4% 114,444 6.9% 14,928 0.9%
Liposuction 22,959 1.1% 891,230 42.7% 901,666 43.2% 242,114 11.6% 29,221 1.4%
Rhinoplasty 45,512 4.2% 651,262 60.1% 314,253 29.0% 61,767 5.7% 10,836 1.0%
External Genital Surgery
7,097 1.9% 180,789 48.4% 151,280 40.5% 30,256 8.1% 4,109 1.1%
(all types)
Botulinum Toxin 39,440 0.5% 1,798,454 22.8% 3,715,227 47.1% 1,861,557 23.6% 473,277 6.0%
Non-Surgical Fat Reduction 13,354 1.9% 286,757 40.8% 279,729 39.8% 100,506 14.3% 22,491 3.2%
2024
INTERNATIONAL
Please credit the International Society of Aesthetic Plastic Surgery when citing statistical data. Contact ISAPS: +44 20 7038 7812 | media@isaps.org | www.isaps.org 77
SURVEY"
2024,E:\shared\行业报告\2024 isaps-global-survey.pdf,https://www.isaps.org/media/30xldsyf/isaps-global-survey-2024.pdf,78,"COSMETIC PROCEDURES BY LOCATION
A FREE-STANDING
AN OFFICE FACILITY A HOSPITAL OTHER
SURGICENTER
Worldwide 29.9% 52.6% 16.3% 1.2%
Argentina 39.3% 29.4% 31.2% 0.0%
Australia 16.7% 76.0% 7.4% 0.0%
Bangladesh 15.4% 79.0% 4.9% 0.8%
Brazil 17.0% 76.0% 7.0% 0.0%
Chile 27.8% 35.2% 35.0% 2.0%
Chinese Taipei 72.0% 22.6% 3.1% 2.3%
Colombia 22.5% 30.9% 46.5% 0.0%
Czechia 25.4% 20.6% 53.9% 0.0%
France 34.1% 45.6% 16.6% 3.7%
Germany 49.4% 30.3% 17.4% 2.9%
Greece 52.7% 42.8% 4.4% 0.0%
India 18.1% 67.3% 14.0% 0.5%
Iran 19.1% 44.5% 35.0% 1.4%
Italy 37.8% 33.6% 28.6% 0.0%
Japan 55.9% 34.2% 7.8% 2.1%
Malaysia 17.2% 79.1% 3.7% 0.0%
Mexico 31.6% 45.4% 22.4% 0.6%
Morocco 47.9% 35.8% 9.6% 6.7%
Norway 12.9% 25.0% 56.2% 5.9%
Panama 23.2% 18.9% 57.9% 0.0%
Philippines 16.4% 58.4% 25.2% 0.0%
Saudi Arabia 18.4% 61.6% 18.3% 1.7%
Singapore 29.4% 46.4% 24.2% 0.0%
South Africa 22.6% 43.6% 33.8% 0.0%
Spain 34.0% 59.2% 6.6% 0.3%
Thailand 37.6% 55.0% 5.9% 1.5%
Tunisia 24.7% 52.4% 21.0% 1.9%
Turkiye 25.6% 71.8% 2.4% 0.2%
UAE 25.5% 72.6% 1.2% 0.8%
UK 6.1% 79.1% 14.5% 0.3%
US N/A N/A N/A N/A
Vietnam 10.3% 89.4% 0.3% 0.0%
2024
INTERNATIONAL
Please credit the International Society of Aesthetic Plastic Surgery when citing statistical data. Contact ISAPS: +44 20 7038 7812 | media@isaps.org | www.isaps.org 78
SURVEY"
2024,E:\shared\行业报告\2024 isaps-global-survey.pdf,https://www.isaps.org/media/30xldsyf/isaps-global-survey-2024.pdf,79,"MEDICAL TOURISM
TOP 3
MEDICAL TOURISM
MOST FREQUENTLY-CITED ORIGIN OF PATIENTS
PERCENTAGE OF PATIENTS ATTENDING FROM OTHER LOCATIONS
MEDIAN AVERAGE 1 2 3
Worldwide 5.0% 14.3%
Argentina 5.0% 11.6% Brazil Paraguay US
Australia 0.0% 0.9% New Zealand US Singapore
Bangladesh 0.0% 5.1% US India UK
Brazil 5.0% 8.2% US Portugal Italy
Chile 5.0% 10.3% Venezuela Colombia Argentina
Chinese Taipei 5.0% 7.7% Hong Kong, China China US
Colombia 20.0% 30.0% US Spain Canada
Czechia 15.0% 17.6% Germany Austria Slovak Republic
France 3.0% 6.4% Algeria UK Switzerland
Germany 5.0% 9.7% Switzerland Austria Turkiye
Greece 10.0% 10.1% Albania UK Germany
India 5.0% 7.7% US Australia UK
Iran 5.0% 9.2% Iraq Afghanistan Germany
Italy 5.0% 6.9% Switzerland France UK
Japan 3.0% 5.4% China Korea, Republic of (South Korea) Chinese Taipei
Malaysia 10.0% 16.4% Indonesia Singapore Brunei
2024
INTERNATIONAL
Please credit the International Society of Aesthetic Plastic Surgery when citing statistical data. Contact ISAPS: +44 20 7038 7812 | media@isaps.org | www.isaps.org 79
SURVEY"
2024,E:\shared\行业报告\2024 isaps-global-survey.pdf,https://www.isaps.org/media/30xldsyf/isaps-global-survey-2024.pdf,80,"MEDICAL TOURISM
TOP 3
MEDICAL TOURISM
MOST FREQUENTLY-CITED ORIGIN OF PATIENTS
PERCENTAGE OF PATIENTS ATTENDING FROM OTHER LOCATIONS
MEDIAN AVERAGE 1 2 3
Mexico 12.0% 23.4% US Canada Colombia
Morocco 15.0% 14.6% France Spain Belgium
Norway 5.0% 16.5% Sweden Denmark Germany
Panama 10.0% 12.4% US Venezuela Colombia
Philippines 7.5% 10.1% US Australia UK
Saudi Arabia 5.0% 10.6% Kuwait Syria Bahrain
Singapore 20.0% 20.0% Indonesia Vietnam China
South Africa 8.0% 9.2% UK US Australia
Spain 6.0% 16.1% UK Colombia Germany
Thailand 10.0% 20.1% Australia China Cambodia
Tunisia 45.0% 44.0% France Algeria Libya
Turkiye 15.0% 29.6% Germany UK US
UAE 30.0% 38.1% UK Saudi Arabia Lebanon
UK 0.5% 3.7% Ireland France Nigeria
US N/A N/A N/A N/A
Vietnam 2.7% 9.0% Australia US Cambodia
2024
INTERNATIONAL
Please credit the International Society of Aesthetic Plastic Surgery when citing statistical data. Contact ISAPS: +44 20 7038 7812 | media@isaps.org | www.isaps.org 80
SURVEY"
2024,E:\shared\行业报告\2024 isaps-global-survey.pdf,https://www.isaps.org/media/30xldsyf/isaps-global-survey-2024.pdf,81,"OTHER PROCEDURE STATISTICS
What percentage of eyelid surgeries were “Asian Eyelid Surgeries” What percentage of breast lift surgeries (mastopexy) were hybrid
(all kinds, double folds, epicanthus correction)? (implant and fat)?
MEDIAN 0.0% MEDIAN 3.0%
AVERAGE 16.1% AVERAGE 17.2%
What percentage of breast implant removals included fat grafting Number of patients per surgeon undergoing 'Mommy Makeover' and other
augmentation (conversion)? combined procedures (total patients, not procedures)
MEDIAN 1.0% MEDIAN 6.0
AVERAGE 14.5% AVERAGE 26.8
What percentage of breast augmentation surgeries were hybrid
(implant and fat)?
MEDIAN 2.0%
AVERAGE 14.5%
2024
INTERNATIONAL
Please credit the International Society of Aesthetic Plastic Surgery when citing statistical data. Contact ISAPS: +44 20 7038 7812 | media@isaps.org | www.isaps.org 81
SURVEY"
2024,E:\shared\行业报告\2024 isaps-global-survey.pdf,https://www.isaps.org/media/30xldsyf/isaps-global-survey-2024.pdf,82,"ADDITIONAL
STATISTICS"
2024,E:\shared\行业报告\2024 isaps-global-survey.pdf,https://www.isaps.org/media/30xldsyf/isaps-global-survey-2024.pdf,83,"ADDITIONAL STATISTICS
WORLDWIDE ARGENTINA AUSTRALIA BANGLADESH BRAZIL CHILE CHINESE TAIPEI COLOMBIA CZECHIA FRANCE
HOW MANY YEARS HAVE YOU BEEN IN PRACTICE?
Median 16.0 20.0 20.0 5.0 23.0 10.5 16.0 22.0 25.0 20.0
Average 17.5 18.8 19.2 7.6 23.4 13.7 18.1 21.6 21.4 19.7
75th Percentile 25.0 27.0 26.0 10.0 32.0 15.2 23.0 29.2 30.0 30.0
25th Percentile 8.0 5.0 10.0 3.0 14.0 7.5 12.0 15.0 12.0 11.0
WHAT IS YOUR GENDER?
Male 75.0% 66.2% 77.4% 71.2% 86.3% 45.8% 80.0% 82.3% 82.6% 60.6%
Female 25.0% 33.8% 22.6% 28.8% 13.7% 54.2% 20.0% 17.7% 17.4% 39.4%
ARE YOU CURRENTLY A MEMBER OF ISAPS?
Yes 48.9% 66.7% 54.7% 34.0% 38.5% 75.0% 57.8% 51.3% 65.2% 36.4%
No 51.1% 33.3% 45.3% 66.0% 61.5% 25.0% 42.2% 48.7% 34.8% 63.6%
GERMANY GREECE INDIA IRAN ITALY JAPAN MALAYSIA MEXICO MOROCCO NORWAY
HOW MANY YEARS HAVE YOU BEEN IN PRACTICE?
Median 16.0 19.0 12.0 15.0 25.0 15.0 9.5 22.0 15.0 17.0
Average 16.0 19.1 13.8 15.4 24.8 15.9 11.8 21.4 16.8 18.2
75th Percentile 23.5 27.5 20.0 20.0 35.0 23.0 18.5 31.0 19.0 26.0
25th Percentile 6.0 9.0 6.0 10.0 18.0 7.0 6.0 10.0 10.0 8.0
WHAT IS YOUR GENDER?
Male 80.0% 70.4% 81.2% 98.2% 73.7% 63.3% 65.0% 81.2% 52.0% 70.6%
Female 20.0% 29.6% 18.8% 1.8% 26.3% 36.7% 35.0% 18.8% 48.0% 29.4%
ARE YOU CURRENTLY A MEMBER OF ISAPS?
Yes 75.6% 77.8% 47.7% 83.3% 52.6% 14.3% 65.0% 52.8% 20.0% 35.3%
No 24.4% 22.2% 52.3% 16.7% 47.4% 85.7% 35.0% 47.2% 80.0% 64.7%
2024
INTERNATIONAL
Please credit the International Society of Aesthetic Plastic Surgery when citing statistical data. Contact ISAPS: +44 20 7038 7812 | media@isaps.org | www.isaps.org 83
SURVEY"
2024,E:\shared\行业报告\2024 isaps-global-survey.pdf,https://www.isaps.org/media/30xldsyf/isaps-global-survey-2024.pdf,84,"ADDITIONAL STATISTICS
PANAMA PHILIPPINES SAUDI ARABIA SINGAPORE SOUTH AFRICA SPAIN THAILAND TUNISIA TURKIYE
HOW MANY YEARS HAVE YOU BEEN IN PRACTICE?
Median 20.0 8.0 10.0 10.0 23.0 23.0 11.0 15.0 16.0
Average 19.6 11.4 11.6 14.5 22.8 21.7 13.5 16.0 17.7
75th Percentile 31.2 17.2 15.0 22.2 30.0 28.8 20.0 21.0 25.0
25th Percentile 10.5 3.0 4.0 5.8 15.0 14.0 3.5 9.0 10.0
WHAT IS YOUR GENDER?
Male 83.3% 66.7% 78.6% 75.0% 84.0% 72.1% 77.5% 53.8% 86.6%
Female 16.7% 33.3% 21.4% 25.0% 16.0% 27.9% 22.5% 46.2% 13.4%
ARE YOU CURRENTLY A MEMBER OF ISAPS?
Yes 77.8% 46.2% 35.7% 100.0% 84.0% 81.0% 52.1% 38.5% 52.0%
No 22.2% 53.8% 64.3% 0.0% 16.0% 19.0% 47.9% 61.5% 48.0%
UAE UK US VIETNAM
HOW MANY YEARS HAVE YOU BEEN IN PRACTICE?
Median 20.0 14.0 N/A 7.0
Average 22.6 13.4 N/A 8.3
75th Percentile 30.0 17.2 N/A 9.0
25th Percentile 16.8 6.8 N/A 6.0
WHAT IS YOUR GENDER?
Male 72.4% 71.9% N/A 93.3%
Female 27.6% 28.1% N/A 6.7%
ARE YOU CURRENTLY A MEMBER OF ISAPS?
Yes 79.3% 56.2% N/A 15.2%
No 20.7% 43.8% N/A 84.8%
2024
INTERNATIONAL
Please credit the International Society of Aesthetic Plastic Surgery when citing statistical data. Contact ISAPS: +44 20 7038 7812 | media@isaps.org | www.isaps.org 84
SURVEY"
2024,E:\shared\行业报告\2024 isaps-global-survey.pdf,https://www.isaps.org/media/30xldsyf/isaps-global-survey-2024.pdf,85,"THANK YOU TO OUR GLOBAL ALLIANCE PARTNERS
AND NATIONAL SECRETARIES
Thank you to all our Global Alliance Partners and National Secretaries, in particular to the ones taking an active part in this report.
• Argentinian Association of Aesthetic Surgery (AACE) • Italian Association of Aesthetic Plastic Surgery • Spanish Association of Aesthetic Plastic Surgery
(AICPE) (AECEP)
• Sociedad Argentina de Cirugia Plastica Estetica y
Reparadora (SACPER) • Italian Society of Plastic, Reconstructive-Regenerative • Spanish Society of Plastic, Reconstructive and
and Aesthetic Plastic Surgery (SICPRE) Aesthetic Surgery (SECPRE)
• Australasian Society of Aesthetic Plastic Surgeons
(ASAPS) • Japan Society of Aesthetic Plastic Surgery (JSAPS) • Taiwan Society of Aesthetic Plastic Surgery (TSAPS)
• Bangladesh Society of Aesthetic Plastic Surgeons • Malaysian Association of Plastic, Aesthetic and • Taiwan Society of Plastic Surgery (TSPS)
(BSAPS) Craniomaxillofacial Surgeons (MAPACS)
• Society of Aesthetic Plastic Surgeons of Thailand
• Sociedade Brasileira de Cirurgia Plástica (SBCP) • Malaysian Society of Plastic and Reconstructive (ThSAPS)
Surgery (MSPRS)
• Chilean Society of Plastic Surgery (SCCP) • Tunisian Society of Cosmetic Surgery (STCE)
• Mexican Association of Plastic, Aesthetic and
• Colombian Society of Aesthetic and Reconstructive • Turkish Society of Aesthetic Plastic Surgery (TSAPS)
Reconstructive Surgery (AMCPER)
Plastic Surgery (SCCP)
• Arab Association of Surgical and Medical Aesthetics
• Moroccan Society of Aesthetic Plastic Surgeons
• Czech Society of Aesthetic Surgery (CZMA) (AASMA)
(SOMCEP)
• Czech Society of Plastic Surgery (CSPCH) • Emirates Plastic Surgery Society (EPSS)
• Norwegian Society for Aesthetic Plastic Surgery
(NFEP)
• French Society of Aesthetic Plastic Surgeons • British Association of Aesthetic Plastic Surgeons
(SOFCEP) (BAAPS)
• Asociacion Panameña de Cirugia Plastica, Estetica y
Reconstructiva (APCPER)
• Association of German Aesthetic Plastic Surgeons • British Association of Plastic, Reconstructive and
(VDÄPC) Aesthetic Surgeons (BAPRAS)
• Philippine Association of Plastic, Reconstructive and
Aesthetic Surgeons (PAPRAS)
• German Society for Plastic, Reconstructive and • Consortium of Aesthetic Plastic Surgery Clinic
Aesthetic Surgery (DGPRÄC) Owners & UK Association of Aesthetic Plastic
• Saudi Scientific Association of Plastic Surgery and
Surgeons (UKAAPS & CAPSCO)
Burns (SSAPSB)
• Hellenic Society of Plastic, Reconstructive & Aesthetic
Surgery (HESPRAS) • The Aesthetic Society (American Society for Aesthetic
• Saudi Society of Plastic Surgery (SPSS)
Plastic Surgery, Inc.)
• Indian Association of Aesthetic Plastic Surgeons (IAAPS)
• Singapore Association of Plastic Surgeons (SAPS)
• Vietnamese Society of Aesthetic and Plastic Surgery
• Iranian Society of Plastic and Aesthetic Surgeons
• Association of Plastic, Reconstructive and Aesthetic (VSAPS)
(ISPAS)
Surgeons of Southern Africa (APRASSA)
2024
INTERNATIONAL
Please credit the International Society of Aesthetic Plastic Surgery when citing statistical data. Contact ISAPS: +44 20 7038 7812 | media@isaps.org | www.isaps.org 85
SURVEY"
2024,E:\shared\行业报告\2024 isaps-global-survey.pdf,https://www.isaps.org/media/30xldsyf/isaps-global-survey-2024.pdf,86,"2024
INTERNATIONAL
SURVEY
ISAPS BOARD OF DIRECTORS
PRESIDENT ARTURO RAMÍREZ-MONTAÑANA, MD – Mexico
PRESIDENT ELECT PARASKEVAS KONTOES, MD, PHD – Greece
GLOBAL SURVEY COMMITTEE CHAIR SECRETARY KAI SCHLAUDRAFF, MD, FEBOPRAS – Switzerland
AMIN KALAAJI, MD – Norway
TREASURER OZAN SOZER, MD – US
PAST PRESIDENT LINA TRIANA, MD – Colombia
ISAPS EXECUTIVE OFFICE
19 Mantua Road MEMBERSHIP CHAIR FABIAN CORTIÑAS, MD – Argentina
Mount Royal, NJ 08061
MEMBER-AT-LARGE GUSTAVO ABRILE, MD – Argentina
United States
Phone: +44 20 7038 7812 MEMBER-AT-LARGE NAVEEN CAVALE, FRCSED (PLAST) – UK
Email: ISAPS@isaps.org
MEMBER-AT-LARGE ANDRE CERVANTES, MD – Brazil
Website: www.isaps.org
MEMBER-AT-LARGE KAI KAYE, MD, PHD – Spain
MARKETING OFFICE NATIONAL SECRETARIES CHAIR BERTHA TORRES, MD – Mexico
boeld communication
EDUCATION COUNCIL CHAIR ANDRE AUERSVALD, MD – Brazil
Reitmorstraße 25, 80538 Munich, Germany
Email: marketing@isaps.org TRUSTEE & ETHICS COMMITTEE CHAIR IVAR VAN HEIJNINGEN, MD – Belgium
Website: www.bb-mc.com
PARLIAMENTARIAN ASHISH DAVALBHAKTA, (Plast.), FRCS (Glasg) – India
EDUCATION COUNCIL VICE CHAIR AHMAD SAAD, MD, FACS – US
FOR PRESS INQUIRIES, PLEASE
CONTACT: EXECUTIVE DIRECTOR SARAH JOHNSON – UK
media@isaps.org
design by www.bb-mc.com
photo credits by stock.adobe.com"
