source_id,region_group,country_or_region,source_name,source_family,authority_tier,data_role,metric_potential,source_url,source_page_title,discovered_url,link_text,year,artifact_type,status,http_status,content_type,local_path,sha256,bytes,captured_at,note
brazil_cfm_medical_demography,Latin America,Brazil,CFM medical demography and specialty data,official_professional_registry_statistics,official_professional_council,surgeon_denominator_proxy,"physicians by specialty, including plastic surgery, and state-level medical density",https://portal.cfm.org.br/,Portal Médico | Conselho Federal de Medicina.,http://www.flip3d.com.br/web/pub/cfm/,Jornal Medicina,,html_link,discovered,,,,,,2026-06-20T11:54:24+08:00,Strong denominator for provider density; not aesthetic procedure volume.
brazil_cfm_medical_demography,Latin America,Brazil,CFM medical demography and specialty data,official_professional_registry_statistics,official_professional_council,surgeon_denominator_proxy,"physicians by specialty, including plastic surgery, and state-level medical density",https://portal.cfm.org.br/,Portal Médico | Conselho Federal de Medicina.,http://www.flip3d.com.br/web/pub/cfm/index3/,Revista Medicina CFM,,html_link,discovered,,,,,,2026-06-20T11:54:24+08:00,Strong denominator for provider density; not aesthetic procedure volume.
brazil_cfm_medical_demography,Latin America,Brazil,CFM medical demography and specialty data,official_professional_registry_statistics,official_professional_council,surgeon_denominator_proxy,"physicians by specialty, including plastic surgery, and state-level medical density",https://portal.cfm.org.br/,Portal Médico | Conselho Federal de Medicina.,http://www.flip3d.com.br/web/pub/cfm/index7/?numero=12&edicao=4322,Agenda Parlamentar,,html_link,discovered,,,,,,2026-06-20T11:54:24+08:00,Strong denominator for provider density; not aesthetic procedure volume.
brazil_cfm_medical_demography,Latin America,Brazil,CFM medical demography and specialty data,official_professional_registry_statistics,official_professional_council,surgeon_denominator_proxy,"physicians by specialty, including plastic surgery, and state-level medical density",https://portal.cfm.org.br/,Portal Médico | Conselho Federal de Medicina.,https://app.powerbi.com/view?r=eyJrIjoiYThmNzdkZjgtMjg4Ny00YzFjLTg2N2EtODYwYjY0NzhlZDdmIiwidCI6ImRjMjIwMjQ0LTk5NTEtNDQ1NS1hN2Q5LWYwNWQwZTA3MzFmZCJ9,Radiografia das Escolas Médicas,,html_link,discovered,,,,,,2026-06-20T11:54:24+08:00,Strong denominator for provider density; not aesthetic procedure volume.
brazil_cfm_medical_demography,Latin America,Brazil,CFM medical demography and specialty data,official_professional_registry_statistics,official_professional_council,surgeon_denominator_proxy,"physicians by specialty, including plastic surgery, and state-level medical density",https://portal.cfm.org.br/,Portal Médico | Conselho Federal de Medicina.,https://demografia.cfm.org.br/,Demografia Médica,,html_link,discovered,,,,,,2026-06-20T11:54:24+08:00,Strong denominator for provider density; not aesthetic procedure volume.
brazil_cfm_medical_demography,Latin America,Brazil,CFM medical demography and specialty data,official_professional_registry_statistics,official_professional_council,surgeon_denominator_proxy,"physicians by specialty, including plastic surgery, and state-level medical density",https://portal.cfm.org.br/,Portal Médico | Conselho Federal de Medicina.,https://ecrm.cfm.org.br/,Credencial Médica,,html_link,discovered,,,,,,2026-06-20T11:54:24+08:00,Strong denominator for provider density; not aesthetic procedure volume.
brazil_cfm_medical_demography,Latin America,Brazil,CFM medical demography and specialty data,official_professional_registry_statistics,official_professional_council,surgeon_denominator_proxy,"physicians by specialty, including plastic surgery, and state-level medical density",https://portal.cfm.org.br/,Portal Médico | Conselho Federal de Medicina.,https://observatorio.cfm.org.br/escolasmedicas/,,,html_link,discovered,,,,,,2026-06-20T11:54:24+08:00,Strong denominator for provider density; not aesthetic procedure volume.
brazil_cfm_medical_demography,Latin America,Brazil,CFM medical demography and specialty data,official_professional_registry_statistics,official_professional_council,surgeon_denominator_proxy,"physicians by specialty, including plastic surgery, and state-level medical density",https://portal.cfm.org.br/,Portal Médico | Conselho Federal de Medicina.,https://portal.cfm.org.br/busca-por-escolas-medicas/,Busca por Escolas Médicas,,html_link,discovered,,,,,,2026-06-20T11:54:24+08:00,Strong denominator for provider density; not aesthetic procedure volume.
brazil_cfm_medical_demography,Latin America,Brazil,CFM medical demography and specialty data,official_professional_registry_statistics,official_professional_council,surgeon_denominator_proxy,"physicians by specialty, including plastic surgery, and state-level medical density",https://portal.cfm.org.br/,Portal Médico | Conselho Federal de Medicina.,https://portal.cfm.org.br/busca-por-estabelecimentos-de-saude/,Buscar por Empresas médicas,,html_link,discovered,,,,,,2026-06-20T11:54:24+08:00,Strong denominator for provider density; not aesthetic procedure volume.
brazil_cfm_medical_demography,Latin America,Brazil,CFM medical demography and specialty data,official_professional_registry_statistics,official_professional_council,surgeon_denominator_proxy,"physicians by specialty, including plastic surgery, and state-level medical density",https://portal.cfm.org.br/,Portal Médico | Conselho Federal de Medicina.,https://portal.cfm.org.br/etica-medica/codigo-1988/,Código de Ética Médica (versão de 1988),,html_link,discovered,,,,,,2026-06-20T11:54:24+08:00,Strong denominator for provider density; not aesthetic procedure volume.
brazil_cfm_medical_demography,Latin America,Brazil,CFM medical demography and specialty data,official_professional_registry_statistics,official_professional_council,surgeon_denominator_proxy,"physicians by specialty, including plastic surgery, and state-level medical density",https://portal.cfm.org.br/,Portal Médico | Conselho Federal de Medicina.,https://portal.cfm.org.br/etica-medica/codigo-de-etica-do-estudante-de-medicina/,Código de Ética do Estudante de Medicina,,html_link,discovered,,,,,,2026-06-20T11:54:24+08:00,Strong denominator for provider density; not aesthetic procedure volume.
brazil_cfm_medical_demography,Latin America,Brazil,CFM medical demography and specialty data,official_professional_registry_statistics,official_professional_council,surgeon_denominator_proxy,"physicians by specialty, including plastic surgery, and state-level medical density",https://portal.cfm.org.br/,Portal Médico | Conselho Federal de Medicina.,https://portal.cfm.org.br/etica-medica/codigo-de-processo-etico-profissional-atual/,Código de Processo Ético-Profissional (Atual),,html_link,discovered,,,,,,2026-06-20T11:54:24+08:00,Strong denominator for provider density; not aesthetic procedure volume.
brazil_cfm_medical_demography,Latin America,Brazil,CFM medical demography and specialty data,official_professional_registry_statistics,official_professional_council,surgeon_denominator_proxy,"physicians by specialty, including plastic surgery, and state-level medical density",https://portal.cfm.org.br/,Portal Médico | Conselho Federal de Medicina.,https://portal.cfm.org.br/etica-medica/codigo-versoes-anteriores/,Códigos de Ética Médica (versões anteriores),,html_link,discovered,,,,,,2026-06-20T11:54:24+08:00,Strong denominator for provider density; not aesthetic procedure volume.
brazil_cfm_medical_demography,Latin America,Brazil,CFM medical demography and specialty data,official_professional_registry_statistics,official_professional_council,surgeon_denominator_proxy,"physicians by specialty, including plastic surgery, and state-level medical density",https://portal.cfm.org.br/,Portal Médico | Conselho Federal de Medicina.,https://portal.cfm.org.br/etica-medica/quadro-comparativo/,Quadro Comparativo,,html_link,discovered,,,,,,2026-06-20T11:54:24+08:00,Strong denominator for provider density; not aesthetic procedure volume.
brazil_cfm_medical_demography,Latin America,Brazil,CFM medical demography and specialty data,official_professional_registry_statistics,official_professional_council,surgeon_denominator_proxy,"physicians by specialty, including plastic surgery, and state-level medical density",https://portal.cfm.org.br/,Portal Médico | Conselho Federal de Medicina.,https://portal.cfm.org.br/eventos/vii-encontro-luso-brasileiro-de-bioetica-do-cfm-ii-congresso-nacional-da-sociedade-brasileira-de-bioetica-medica/,Saiba mais,,html_link,discovered,,,,,,2026-06-20T11:54:24+08:00,Strong denominator for provider density; not aesthetic procedure volume.
brazil_cfm_medical_demography,Latin America,Brazil,CFM medical demography and specialty data,official_professional_registry_statistics,official_professional_council,surgeon_denominator_proxy,"physicians by specialty, including plastic surgery, and state-level medical density",https://portal.cfm.org.br/,Portal Médico | Conselho Federal de Medicina.,https://portal.cfm.org.br/noticias/encontro-do-cfm-discute-nesta-sexta-feira-a-integracao-da-espiritualidade-a-pratica-medica,Encontro do CFM discute a integração da espiritualidade à prática médica,,html_link,discovered,,,,,,2026-06-20T11:54:24+08:00,Strong denominator for provider density; not aesthetic procedure volume.
brazil_cfm_medical_demography,Latin America,Brazil,CFM medical demography and specialty data,official_professional_registry_statistics,official_professional_council,surgeon_denominator_proxy,"physicians by specialty, including plastic surgery, and state-level medical density",https://portal.cfm.org.br/,Portal Médico | Conselho Federal de Medicina.,https://portal.cfm.org.br/noticias/justica-mantem-valida-resolucao-cfm-que-define-criterios-para-regime-de-sobreaviso-e-remuneracao-medica/,TRF1 mantém válida Resolução CFM que define critérios para regime de sobreaviso e remuneração,,html_link,discovered,,,,,,2026-06-20T11:54:24+08:00,Strong denominator for provider density; not aesthetic procedure volume.
brazil_cfm_medical_demography,Latin America,Brazil,CFM medical demography and specialty data,official_professional_registry_statistics,official_professional_council,surgeon_denominator_proxy,"physicians by specialty, including plastic surgery, and state-level medical density",https://portal.cfm.org.br/,Portal Médico | Conselho Federal de Medicina.,https://portal.cfm.org.br/noticias/norma-que-regulamenta-a-assistencia-medica-a-pessoas-transgenero-segue-plenamente-vigente-no-pais,Norma que regulamenta a assistência médica a pessoas transgênero segue vigente no país,,html_link,discovered,,,,,,2026-06-20T11:54:24+08:00,Strong denominator for provider density; not aesthetic procedure volume.
brazil_cfm_medical_demography,Latin America,Brazil,CFM medical demography and specialty data,official_professional_registry_statistics,official_professional_council,surgeon_denominator_proxy,"physicians by specialty, including plastic surgery, and state-level medical density",https://portal.cfm.org.br/,Portal Médico | Conselho Federal de Medicina.,https://portal.cfm.org.br/residencia-medica/,Residência Médica,,html_link,discovered,,,,,,2026-06-20T11:54:24+08:00,Strong denominator for provider density; not aesthetic procedure volume.
brazil_cfm_medical_demography,Latin America,Brazil,CFM medical demography and specialty data,official_professional_registry_statistics,official_professional_council,surgeon_denominator_proxy,"physicians by specialty, including plastic surgery, and state-level medical density",https://portal.cfm.org.br/,Portal Médico | Conselho Federal de Medicina.,https://publicidademedica.cfm.org.br/,Manual de Publicidade Médica,,html_link,discovered,,,,,,2026-06-20T11:54:24+08:00,Strong denominator for provider density; not aesthetic procedure volume.
brazil_cfm_medical_demography,Latin America,Brazil,CFM medical demography and specialty data,official_professional_registry_statistics,official_professional_council,surgeon_denominator_proxy,"physicians by specialty, including plastic surgery, and state-level medical density",https://portal.cfm.org.br/,Portal Médico | Conselho Federal de Medicina.,https://www.youtube.com/watch?v=f7CCS7gjrFg,Webinar do CFM discute hoje a integração da espiritualidade à prática médica,,html_link,discovered,,,,,,2026-06-20T11:54:24+08:00,Strong denominator for provider density; not aesthetic procedure volume.
brazil_cfm_medical_demography,Latin America,Brazil,CFM medical demography and specialty data,official_professional_registry_statistics,official_professional_council,surgeon_denominator_proxy,"physicians by specialty, including plastic surgery, and state-level medical density",https://portal.cfm.org.br/,Portal Médico | Conselho Federal de Medicina.,https://portal.cfm.org.br/,,,html_source_page,fetched,200,text/html; charset=UTF-8,,,,2026-06-20T11:54:24+08:00,Strong denominator for provider density; not aesthetic procedure volume.
brazil_cfm_medical_demography,Latin America,Brazil,CFM medical demography and specialty data,official_professional_registry_statistics,official_professional_council,surgeon_denominator_proxy,"physicians by specialty, including plastic surgery, and state-level medical density",https://portal.cfm.org.br/,Portal Médico | Conselho Federal de Medicina.,https://portal.cfm.org.br/etica-medica/codigo-de-processo-etico-profissional-2001/,Código de Processo Ético-Profissional 2001,2001,html_link,discovered,,,,,,2026-06-20T11:54:24+08:00,Strong denominator for provider density; not aesthetic procedure volume.
brazil_cfm_medical_demography,Latin America,Brazil,CFM medical demography and specialty data,official_professional_registry_statistics,official_professional_council,surgeon_denominator_proxy,"physicians by specialty, including plastic surgery, and state-level medical density",https://portal.cfm.org.br/,Portal Médico | Conselho Federal de Medicina.,https://portal.cfm.org.br/etica-medica/codigo-de-processo-etico-profissional-2009/,Código de Processo Ético-Profissional (2009),2009,html_link,discovered,,,,,,2026-06-20T11:54:24+08:00,Strong denominator for provider density; not aesthetic procedure volume.
brazil_cfm_medical_demography,Latin America,Brazil,CFM medical demography and specialty data,official_professional_registry_statistics,official_professional_council,surgeon_denominator_proxy,"physicians by specialty, including plastic surgery, and state-level medical density",https://portal.cfm.org.br/,Portal Médico | Conselho Federal de Medicina.,https://portal.cfm.org.br/etica-medica/codigo-2010/,Código de Ética Médica (2009/2010),2009-2010,html_link,discovered,,,,,,2026-06-20T11:54:24+08:00,Strong denominator for provider density; not aesthetic procedure volume.
brazil_cfm_medical_demography,Latin America,Brazil,CFM medical demography and specialty data,official_professional_registry_statistics,official_professional_council,surgeon_denominator_proxy,"physicians by specialty, including plastic surgery, and state-level medical density",https://portal.cfm.org.br/,Portal Médico | Conselho Federal de Medicina.,http://www.flip3d.com.br/web/pub/cfm/index10/?numero=3&edicao=1496,Demografia Médica 2011,2011,html_link,discovered,,,,,,2026-06-20T11:54:24+08:00,Strong denominator for provider density; not aesthetic procedure volume.
brazil_cfm_medical_demography,Latin America,Brazil,CFM medical demography and specialty data,official_professional_registry_statistics,official_professional_council,surgeon_denominator_proxy,"physicians by specialty, including plastic surgery, and state-level medical density",https://portal.cfm.org.br/,Portal Médico | Conselho Federal de Medicina.,http://www.flip3d.com.br/web/pub/cfm/index10/?numero=8&edicao=1520,Demografia Médica 2013,2013,html_link,discovered,,,,,,2026-06-20T11:54:24+08:00,Strong denominator for provider density; not aesthetic procedure volume.
brazil_cfm_medical_demography,Latin America,Brazil,CFM medical demography and specialty data,official_professional_registry_statistics,official_professional_council,surgeon_denominator_proxy,"physicians by specialty, including plastic surgery, and state-level medical density",https://portal.cfm.org.br/,Portal Médico | Conselho Federal de Medicina.,https://portal.cfm.org.br/etica-medica/codigo-de-processo-etico-profissional-2013/,Código de Processo Ético-Profissional (2013),2013,html_link,discovered,,,,,,2026-06-20T11:54:24+08:00,Strong denominator for provider density; not aesthetic procedure volume.
brazil_cfm_medical_demography,Latin America,Brazil,CFM medical demography and specialty data,official_professional_registry_statistics,official_professional_council,surgeon_denominator_proxy,"physicians by specialty, including plastic surgery, and state-level medical density",https://portal.cfm.org.br/,Portal Médico | Conselho Federal de Medicina.,https://portal.cfm.org.br/etica-medica/codigo-de-processo-etico-profissional-2016/,Código de Processo Ético-Profissional (2016),2016,html_link,discovered,,,,,,2026-06-20T11:54:24+08:00,Strong denominator for provider density; not aesthetic procedure volume.
brazil_cfm_medical_demography,Latin America,Brazil,CFM medical demography and specialty data,official_professional_registry_statistics,official_professional_council,surgeon_denominator_proxy,"physicians by specialty, including plastic surgery, and state-level medical density",https://portal.cfm.org.br/,Portal Médico | Conselho Federal de Medicina.,http://cem.cfm.org.br/,Código de Ética Médica (2018),2018,html_link,discovered,,,,,,2026-06-20T11:54:24+08:00,Strong denominator for provider density; not aesthetic procedure volume.
brazil_cfm_medical_demography,Latin America,Brazil,CFM medical demography and specialty data,official_professional_registry_statistics,official_professional_council,surgeon_denominator_proxy,"physicians by specialty, including plastic surgery, and state-level medical density",https://portal.cfm.org.br/,Portal Médico | Conselho Federal de Medicina.,http://www.flip3d.com.br/web/pub/cfm/index10/?numero=15&edicao=4278#page/1,Demografia Médica 2018,2018,html_link,discovered,,,,,,2026-06-20T11:54:24+08:00,Strong denominator for provider density; not aesthetic procedure volume.
brazil_cfm_medical_demography,Latin America,Brazil,CFM medical demography and specialty data,official_professional_registry_statistics,official_professional_council,surgeon_denominator_proxy,"physicians by specialty, including plastic surgery, and state-level medical density",https://portal.cfm.org.br/,Portal Médico | Conselho Federal de Medicina.,https://www.flip3d.com.br/pub/cfm/index10/?numero=23&edicao=5058,Demografia Médica 2020,2020,html_link,discovered,,,,,,2026-06-20T11:54:24+08:00,Strong denominator for provider density; not aesthetic procedure volume.
brazil_cfm_medical_demography,Latin America,Brazil,CFM medical demography and specialty data,official_professional_registry_statistics,official_professional_council,surgeon_denominator_proxy,"physicians by specialty, including plastic surgery, and state-level medical density",https://portal.cfm.org.br/,Portal Médico | Conselho Federal de Medicina.,https://observatorio.cfm.org.br/demografia/,Demografia Médica 2023,2023,html_link,discovered,,,,,,2026-06-20T11:54:24+08:00,Strong denominator for provider density; not aesthetic procedure volume.
brazil_cfm_medical_demography,Latin America,Brazil,CFM medical demography and specialty data,official_professional_registry_statistics,official_professional_council,surgeon_denominator_proxy,"physicians by specialty, including plastic surgery, and state-level medical density",https://portal.cfm.org.br/,Portal Médico | Conselho Federal de Medicina.,https://www.flip3d.com.br/pub/cfm/index10/?numero=28&edicao=5665,Demografia Médica 2024,2024,html_link,discovered,,,,,,2026-06-20T11:54:24+08:00,Strong denominator for provider density; not aesthetic procedure volume.
brazil_sbcp_pesquisas_censo,Latin America,Brazil,SBCP pesquisas and censo publications,official_association_statistics,official_association,treatment_volume_candidate_and_surgeon_demography,SBCP censo/demography publications and linked ISAPS Brazil/global reports,https://www.cirurgiaplastica.org.br/pesquisas/,Pesquisas - SBCP,https://online.fliphtml5.com/urtuw/REVISTA_CENSO_2025_V06/#p=1,,,html_link,discovered,,,,,,2026-06-20T11:54:20+08:00,Official association research page. 2025 item is a FlipHTML5 demography/censo publication and needs structure QA before extraction.
brazil_sbcp_pesquisas_censo,Latin America,Brazil,SBCP pesquisas and censo publications,official_association_statistics,official_association,treatment_volume_candidate_and_surgeon_demography,SBCP censo/demography publications and linked ISAPS Brazil/global reports,https://www.cirurgiaplastica.org.br/pesquisas/,Pesquisas - SBCP,https://www.cirurgiaplastica.org.br/cirurgias-e-procedimentos/cancer-de-pele/,,,html_link,discovered,,,,,,2026-06-20T11:54:20+08:00,Official association research page. 2025 item is a FlipHTML5 demography/censo publication and needs structure QA before extraction.
brazil_sbcp_pesquisas_censo,Latin America,Brazil,SBCP pesquisas and censo publications,official_association_statistics,official_association,treatment_volume_candidate_and_surgeon_demography,SBCP censo/demography publications and linked ISAPS Brazil/global reports,https://www.cirurgiaplastica.org.br/pesquisas/,Pesquisas - SBCP,https://www.cirurgiaplastica.org.br/cirurgias-e-procedimentos/cirurgia-da-mao/,,,html_link,discovered,,,,,,2026-06-20T11:54:20+08:00,Official association research page. 2025 item is a FlipHTML5 demography/censo publication and needs structure QA before extraction.
brazil_sbcp_pesquisas_censo,Latin America,Brazil,SBCP pesquisas and censo publications,official_association_statistics,official_association,treatment_volume_candidate_and_surgeon_demography,SBCP censo/demography publications and linked ISAPS Brazil/global reports,https://www.cirurgiaplastica.org.br/pesquisas/,Pesquisas - SBCP,https://www.cirurgiaplastica.org.br/cirurgias-e-procedimentos/cirurgia-para-homens/,,,html_link,discovered,,,,,,2026-06-20T11:54:20+08:00,Official association research page. 2025 item is a FlipHTML5 demography/censo publication and needs structure QA before extraction.
brazil_sbcp_pesquisas_censo,Latin America,Brazil,SBCP pesquisas and censo publications,official_association_statistics,official_association,treatment_volume_candidate_and_surgeon_demography,SBCP censo/demography publications and linked ISAPS Brazil/global reports,https://www.cirurgiaplastica.org.br/pesquisas/,Pesquisas - SBCP,https://www.cirurgiaplastica.org.br/cirurgias-e-procedimentos/contorno-corporal/,,,html_link,discovered,,,,,,2026-06-20T11:54:20+08:00,Official association research page. 2025 item is a FlipHTML5 demography/censo publication and needs structure QA before extraction.
brazil_sbcp_pesquisas_censo,Latin America,Brazil,SBCP pesquisas and censo publications,official_association_statistics,official_association,treatment_volume_candidate_and_surgeon_demography,SBCP censo/demography publications and linked ISAPS Brazil/global reports,https://www.cirurgiaplastica.org.br/pesquisas/,Pesquisas - SBCP,https://www.cirurgiaplastica.org.br/cirurgias-e-procedimentos/correcao-de-cicatriz/,,,html_link,discovered,,,,,,2026-06-20T11:54:20+08:00,Official association research page. 2025 item is a FlipHTML5 demography/censo publication and needs structure QA before extraction.
brazil_sbcp_pesquisas_censo,Latin America,Brazil,SBCP pesquisas and censo publications,official_association_statistics,official_association,treatment_volume_candidate_and_surgeon_demography,SBCP censo/demography publications and linked ISAPS Brazil/global reports,https://www.cirurgiaplastica.org.br/pesquisas/,Pesquisas - SBCP,https://www.cirurgiaplastica.org.br/cirurgias-e-procedimentos/expansao-de-tecido/,,,html_link,discovered,,,,,,2026-06-20T11:54:20+08:00,Official association research page. 2025 item is a FlipHTML5 demography/censo publication and needs structure QA before extraction.
brazil_sbcp_pesquisas_censo,Latin America,Brazil,SBCP pesquisas and censo publications,official_association_statistics,official_association,treatment_volume_candidate_and_surgeon_demography,SBCP censo/demography publications and linked ISAPS Brazil/global reports,https://www.cirurgiaplastica.org.br/pesquisas/,Pesquisas - SBCP,https://www.cirurgiaplastica.org.br/cirurgias-e-procedimentos/face/,,,html_link,discovered,,,,,,2026-06-20T11:54:20+08:00,Official association research page. 2025 item is a FlipHTML5 demography/censo publication and needs structure QA before extraction.
brazil_sbcp_pesquisas_censo,Latin America,Brazil,SBCP pesquisas and censo publications,official_association_statistics,official_association,treatment_volume_candidate_and_surgeon_demography,SBCP censo/demography publications and linked ISAPS Brazil/global reports,https://www.cirurgiaplastica.org.br/pesquisas/,Pesquisas - SBCP,https://www.cirurgiaplastica.org.br/cirurgias-e-procedimentos/face/tumores-cutaneos/,,,html_link,discovered,,,,,,2026-06-20T11:54:20+08:00,Official association research page. 2025 item is a FlipHTML5 demography/censo publication and needs structure QA before extraction.
brazil_sbcp_pesquisas_censo,Latin America,Brazil,SBCP pesquisas and censo publications,official_association_statistics,official_association,treatment_volume_candidate_and_surgeon_demography,SBCP censo/demography publications and linked ISAPS Brazil/global reports,https://www.cirurgiaplastica.org.br/pesquisas/,Pesquisas - SBCP,https://www.cirurgiaplastica.org.br/cirurgias-e-procedimentos/labio-leporino/,,,html_link,discovered,,,,,,2026-06-20T11:54:20+08:00,Official association research page. 2025 item is a FlipHTML5 demography/censo publication and needs structure QA before extraction.
brazil_sbcp_pesquisas_censo,Latin America,Brazil,SBCP pesquisas and censo publications,official_association_statistics,official_association,treatment_volume_candidate_and_surgeon_demography,SBCP censo/demography publications and linked ISAPS Brazil/global reports,https://www.cirurgiaplastica.org.br/pesquisas/,Pesquisas - SBCP,https://www.cirurgiaplastica.org.br/cirurgias-e-procedimentos/lipoaspiracao/,,,html_link,discovered,,,,,,2026-06-20T11:54:20+08:00,Official association research page. 2025 item is a FlipHTML5 demography/censo publication and needs structure QA before extraction.
brazil_sbcp_pesquisas_censo,Latin America,Brazil,SBCP pesquisas and censo publications,official_association_statistics,official_association,treatment_volume_candidate_and_surgeon_demography,SBCP censo/demography publications and linked ISAPS Brazil/global reports,https://www.cirurgiaplastica.org.br/pesquisas/,Pesquisas - SBCP,https://www.cirurgiaplastica.org.br/cirurgias-e-procedimentos/mama/,,,html_link,discovered,,,,,,2026-06-20T11:54:20+08:00,Official association research page. 2025 item is a FlipHTML5 demography/censo publication and needs structure QA before extraction.
brazil_sbcp_pesquisas_censo,Latin America,Brazil,SBCP pesquisas and censo publications,official_association_statistics,official_association,treatment_volume_candidate_and_surgeon_demography,SBCP censo/demography publications and linked ISAPS Brazil/global reports,https://www.cirurgiaplastica.org.br/pesquisas/,Pesquisas - SBCP,https://www.cirurgiaplastica.org.br/cirurgias-e-procedimentos/minimamente-invasivos/,,,html_link,discovered,,,,,,2026-06-20T11:54:20+08:00,Official association research page. 2025 item is a FlipHTML5 demography/censo publication and needs structure QA before extraction.
brazil_sbcp_pesquisas_censo,Latin America,Brazil,SBCP pesquisas and censo publications,official_association_statistics,official_association,treatment_volume_candidate_and_surgeon_demography,SBCP censo/demography publications and linked ISAPS Brazil/global reports,https://www.cirurgiaplastica.org.br/pesquisas/,Pesquisas - SBCP,https://www.cirurgiaplastica.org.br/cirurgias-e-procedimentos/queimadura/,,,html_link,discovered,,,,,,2026-06-20T11:54:20+08:00,Official association research page. 2025 item is a FlipHTML5 demography/censo publication and needs structure QA before extraction.
brazil_sbcp_pesquisas_censo,Latin America,Brazil,SBCP pesquisas and censo publications,official_association_statistics,official_association,treatment_volume_candidate_and_surgeon_demography,SBCP censo/demography publications and linked ISAPS Brazil/global reports,https://www.cirurgiaplastica.org.br/pesquisas/,Pesquisas - SBCP,https://www.cirurgiaplastica.org.br/cirurgias-e-procedimentos/transplante-capilar/,,,html_link,discovered,,,,,,2026-06-20T11:54:20+08:00,Official association research page. 2025 item is a FlipHTML5 demography/censo publication and needs structure QA before extraction.
brazil_sbcp_pesquisas_censo,Latin America,Brazil,SBCP pesquisas and censo publications,official_association_statistics,official_association,treatment_volume_candidate_and_surgeon_demography,SBCP censo/demography publications and linked ISAPS Brazil/global reports,https://www.cirurgiaplastica.org.br/pesquisas/,Pesquisas - SBCP,https://www.cirurgiaplastica.org.br/en/pesquisas/,,,html_link,discovered,,,,,,2026-06-20T11:54:20+08:00,Official association research page. 2025 item is a FlipHTML5 demography/censo publication and needs structure QA before extraction.
brazil_sbcp_pesquisas_censo,Latin America,Brazil,SBCP pesquisas and censo publications,official_association_statistics,official_association,treatment_volume_candidate_and_surgeon_demography,SBCP censo/demography publications and linked ISAPS Brazil/global reports,https://www.cirurgiaplastica.org.br/pesquisas/,Pesquisas - SBCP,https://www.cirurgiaplastica.org.br/estatuto-regimentos/,,,html_link,discovered,,,,,,2026-06-20T11:54:20+08:00,Official association research page. 2025 item is a FlipHTML5 demography/censo publication and needs structure QA before extraction.
brazil_sbcp_pesquisas_censo,Latin America,Brazil,SBCP pesquisas and censo publications,official_association_statistics,official_association,treatment_volume_candidate_and_surgeon_demography,SBCP censo/demography publications and linked ISAPS Brazil/global reports,https://www.cirurgiaplastica.org.br/pesquisas/,Pesquisas - SBCP,https://www.cirurgiaplastica.org.br/pesquisas,Pesquisas,,html_link,discovered,,,,,,2026-06-20T11:54:20+08:00,Official association research page. 2025 item is a FlipHTML5 demography/censo publication and needs structure QA before extraction.
brazil_sbcp_pesquisas_censo,Latin America,Brazil,SBCP pesquisas and censo publications,official_association_statistics,official_association,treatment_volume_candidate_and_surgeon_demography,SBCP censo/demography publications and linked ISAPS Brazil/global reports,https://www.cirurgiaplastica.org.br/pesquisas/,Pesquisas - SBCP,https://www.cirurgiaplastica.org.br/pesquisas/#ajax-content-wrap,Skip to main content,,html_link,discovered,,,,,,2026-06-20T11:54:20+08:00,Official association research page. 2025 item is a FlipHTML5 demography/censo publication and needs structure QA before extraction.
brazil_sbcp_pesquisas_censo,Latin America,Brazil,SBCP pesquisas and censo publications,official_association_statistics,official_association,treatment_volume_candidate_and_surgeon_demography,SBCP censo/demography publications and linked ISAPS Brazil/global reports,https://www.cirurgiaplastica.org.br/pesquisas/,Pesquisas - SBCP,https://www.cirurgiaplastica.org.br/pesquisas/,,,html_source_page,fetched,200,text/html; charset=UTF-8,,,,2026-06-20T11:54:20+08:00,Official association research page. 2025 item is a FlipHTML5 demography/censo publication and needs structure QA before extraction.
brazil_sbcp_pesquisas_censo,Latin America,Brazil,SBCP pesquisas and censo publications,official_association_statistics,official_association,treatment_volume_candidate_and_surgeon_demography,SBCP censo/demography publications and linked ISAPS Brazil/global reports,https://www.cirurgiaplastica.org.br/pesquisas/,Pesquisas - SBCP,https://www.isaps.org/media/a0qfm4h3/isaps-global-survey_2022.pdf,,,pdf,downloaded,200,application/pdf,data\commercial_sources\geo_market_sources\brazil_sbcp_pesquisas_censo\unknown-year__pdf__isaps-global-survey_2022__ee6fdc69.pdf,b7d00b2e1b8b63d79dfe4a05ca0dc58053e6613511fbb62984523958de96a6a5,4504223,2026-06-20T11:54:21+08:00,Official association research page. 2025 item is a FlipHTML5 demography/censo publication and needs structure QA before extraction.
brazil_sbcp_pesquisas_censo,Latin America,Brazil,SBCP pesquisas and censo publications,official_association_statistics,official_association,treatment_volume_candidate_and_surgeon_demography,SBCP censo/demography publications and linked ISAPS Brazil/global reports,https://www.cirurgiaplastica.org.br/pesquisas/,Pesquisas - SBCP,http://www2.cirurgiaplastica.org.br/wp-content/uploads/2017/12/CENSO-2017.pdf,,2017,pdf,discovered,,,,,,2026-06-20T11:54:21+08:00,Official association research page. 2025 item is a FlipHTML5 demography/censo publication and needs structure QA before extraction.
brazil_sbcp_pesquisas_censo,Latin America,Brazil,SBCP pesquisas and censo publications,official_association_statistics,official_association,treatment_volume_candidate_and_surgeon_demography,SBCP censo/demography publications and linked ISAPS Brazil/global reports,https://www.cirurgiaplastica.org.br/pesquisas/,Pesquisas - SBCP,http://www2.cirurgiaplastica.org.br/wp-content/uploads/2017/12/Datafolha_2009.pdf,,2017,pdf,discovered,,,,,,2026-06-20T11:54:21+08:00,Official association research page. 2025 item is a FlipHTML5 demography/censo publication and needs structure QA before extraction.
brazil_sbcp_pesquisas_censo,Latin America,Brazil,SBCP pesquisas and censo publications,official_association_statistics,official_association,treatment_volume_candidate_and_surgeon_demography,SBCP censo/demography publications and linked ISAPS Brazil/global reports,https://www.cirurgiaplastica.org.br/pesquisas/,Pesquisas - SBCP,http://www2.cirurgiaplastica.org.br/wp-content/uploads/2017/12/ISAPS_2013.pdf,,2017,pdf,discovered,,,,,,2026-06-20T11:54:21+08:00,Official association research page. 2025 item is a FlipHTML5 demography/censo publication and needs structure QA before extraction.
brazil_sbcp_pesquisas_censo,Latin America,Brazil,SBCP pesquisas and censo publications,official_association_statistics,official_association,treatment_volume_candidate_and_surgeon_demography,SBCP censo/demography publications and linked ISAPS Brazil/global reports,https://www.cirurgiaplastica.org.br/pesquisas/,Pesquisas - SBCP,http://www2.cirurgiaplastica.org.br/wp-content/uploads/2019/08/Apresentação-Censo-2018_V3.pdf,,2019,pdf,discovered,,,,,,2026-06-20T11:54:21+08:00,Official association research page. 2025 item is a FlipHTML5 demography/censo publication and needs structure QA before extraction.
brazil_sbcp_surgeon_locator,Latin America,Brazil,SBCP surgeon locator,professional_association_provider_locator,official_association,surgeon_density_proxy,member plastic surgeons by location if accessible; channel/professional density proxy,https://www.cirurgiaplastica.org.br/encontre-um-cirurgiao/,Encontre um Cirurgião - SBCP,https://cbc.org.br/,CBC – Colégio Brasileiro de Cirurgiões,,html_link,discovered,,,,,,2026-06-20T11:54:18+08:00,Official association locator; follow-up needs form/endpoint mapping for state-level member counts.
brazil_sbcp_surgeon_locator,Latin America,Brazil,SBCP surgeon locator,professional_association_provider_locator,official_association,surgeon_density_proxy,member plastic surgeons by location if accessible; channel/professional density proxy,https://www.cirurgiaplastica.org.br/encontre-um-cirurgiao/,Encontre um Cirurgião - SBCP,https://restrito.cirurgiaplastica.org.br/?page_id=22,,,html_link,discovered,,,,,,2026-06-20T11:54:18+08:00,Official association locator; follow-up needs form/endpoint mapping for state-level member counts.
brazil_sbcp_surgeon_locator,Latin America,Brazil,SBCP surgeon locator,professional_association_provider_locator,official_association,surgeon_density_proxy,member plastic surgeons by location if accessible; channel/professional density proxy,https://www.cirurgiaplastica.org.br/encontre-um-cirurgiao/,Encontre um Cirurgião - SBCP,https://servcred.cirurgiaplastica.org.br/login.aspx?ReturnUrl=%2f,,,html_link,discovered,,,,,,2026-06-20T11:54:18+08:00,Official association locator; follow-up needs form/endpoint mapping for state-level member counts.
brazil_sbcp_surgeon_locator,Latin America,Brazil,SBCP surgeon locator,professional_association_provider_locator,official_association,surgeon_density_proxy,member plastic surgeons by location if accessible; channel/professional density proxy,https://www.cirurgiaplastica.org.br/encontre-um-cirurgiao/,Encontre um Cirurgião - SBCP,https://www.cirurgiaplastica.org.br,,,html_link,discovered,,,,,,2026-06-20T11:54:18+08:00,Official association locator; follow-up needs form/endpoint mapping for state-level member counts.
brazil_sbcp_surgeon_locator,Latin America,Brazil,SBCP surgeon locator,professional_association_provider_locator,official_association,surgeon_density_proxy,member plastic surgeons by location if accessible; channel/professional density proxy,https://www.cirurgiaplastica.org.br/encontre-um-cirurgiao/,Encontre um Cirurgião - SBCP,https://www.cirurgiaplastica.org.br/cirurgias-e-procedimentos/cancer-de-pele/,,,html_link,discovered,,,,,,2026-06-20T11:54:18+08:00,Official association locator; follow-up needs form/endpoint mapping for state-level member counts.
brazil_sbcp_surgeon_locator,Latin America,Brazil,SBCP surgeon locator,professional_association_provider_locator,official_association,surgeon_density_proxy,member plastic surgeons by location if accessible; channel/professional density proxy,https://www.cirurgiaplastica.org.br/encontre-um-cirurgiao/,Encontre um Cirurgião - SBCP,https://www.cirurgiaplastica.org.br/cirurgias-e-procedimentos/cirurgia-da-mao/,,,html_link,discovered,,,,,,2026-06-20T11:54:18+08:00,Official association locator; follow-up needs form/endpoint mapping for state-level member counts.
brazil_sbcp_surgeon_locator,Latin America,Brazil,SBCP surgeon locator,professional_association_provider_locator,official_association,surgeon_density_proxy,member plastic surgeons by location if accessible; channel/professional density proxy,https://www.cirurgiaplastica.org.br/encontre-um-cirurgiao/,Encontre um Cirurgião - SBCP,https://www.cirurgiaplastica.org.br/cirurgias-e-procedimentos/cirurgia-para-homens/,,,html_link,discovered,,,,,,2026-06-20T11:54:18+08:00,Official association locator; follow-up needs form/endpoint mapping for state-level member counts.
brazil_sbcp_surgeon_locator,Latin America,Brazil,SBCP surgeon locator,professional_association_provider_locator,official_association,surgeon_density_proxy,member plastic surgeons by location if accessible; channel/professional density proxy,https://www.cirurgiaplastica.org.br/encontre-um-cirurgiao/,Encontre um Cirurgião - SBCP,https://www.cirurgiaplastica.org.br/cirurgias-e-procedimentos/contorno-corporal/,,,html_link,discovered,,,,,,2026-06-20T11:54:18+08:00,Official association locator; follow-up needs form/endpoint mapping for state-level member counts.
brazil_sbcp_surgeon_locator,Latin America,Brazil,SBCP surgeon locator,professional_association_provider_locator,official_association,surgeon_density_proxy,member plastic surgeons by location if accessible; channel/professional density proxy,https://www.cirurgiaplastica.org.br/encontre-um-cirurgiao/,Encontre um Cirurgião - SBCP,https://www.cirurgiaplastica.org.br/cirurgias-e-procedimentos/correcao-de-cicatriz/,,,html_link,discovered,,,,,,2026-06-20T11:54:18+08:00,Official association locator; follow-up needs form/endpoint mapping for state-level member counts.
brazil_sbcp_surgeon_locator,Latin America,Brazil,SBCP surgeon locator,professional_association_provider_locator,official_association,surgeon_density_proxy,member plastic surgeons by location if accessible; channel/professional density proxy,https://www.cirurgiaplastica.org.br/encontre-um-cirurgiao/,Encontre um Cirurgião - SBCP,https://www.cirurgiaplastica.org.br/cirurgias-e-procedimentos/expansao-de-tecido/,,,html_link,discovered,,,,,,2026-06-20T11:54:18+08:00,Official association locator; follow-up needs form/endpoint mapping for state-level member counts.
brazil_sbcp_surgeon_locator,Latin America,Brazil,SBCP surgeon locator,professional_association_provider_locator,official_association,surgeon_density_proxy,member plastic surgeons by location if accessible; channel/professional density proxy,https://www.cirurgiaplastica.org.br/encontre-um-cirurgiao/,Encontre um Cirurgião - SBCP,https://www.cirurgiaplastica.org.br/cirurgias-e-procedimentos/face/,,,html_link,discovered,,,,,,2026-06-20T11:54:18+08:00,Official association locator; follow-up needs form/endpoint mapping for state-level member counts.
brazil_sbcp_surgeon_locator,Latin America,Brazil,SBCP surgeon locator,professional_association_provider_locator,official_association,surgeon_density_proxy,member plastic surgeons by location if accessible; channel/professional density proxy,https://www.cirurgiaplastica.org.br/encontre-um-cirurgiao/,Encontre um Cirurgião - SBCP,https://www.cirurgiaplastica.org.br/cirurgias-e-procedimentos/face/tumores-cutaneos/,,,html_link,discovered,,,,,,2026-06-20T11:54:18+08:00,Official association locator; follow-up needs form/endpoint mapping for state-level member counts.
brazil_sbcp_surgeon_locator,Latin America,Brazil,SBCP surgeon locator,professional_association_provider_locator,official_association,surgeon_density_proxy,member plastic surgeons by location if accessible; channel/professional density proxy,https://www.cirurgiaplastica.org.br/encontre-um-cirurgiao/,Encontre um Cirurgião - SBCP,https://www.cirurgiaplastica.org.br/cirurgias-e-procedimentos/labio-leporino/,,,html_link,discovered,,,,,,2026-06-20T11:54:18+08:00,Official association locator; follow-up needs form/endpoint mapping for state-level member counts.
brazil_sbcp_surgeon_locator,Latin America,Brazil,SBCP surgeon locator,professional_association_provider_locator,official_association,surgeon_density_proxy,member plastic surgeons by location if accessible; channel/professional density proxy,https://www.cirurgiaplastica.org.br/encontre-um-cirurgiao/,Encontre um Cirurgião - SBCP,https://www.cirurgiaplastica.org.br/cirurgias-e-procedimentos/lipoaspiracao/,,,html_link,discovered,,,,,,2026-06-20T11:54:18+08:00,Official association locator; follow-up needs form/endpoint mapping for state-level member counts.
brazil_sbcp_surgeon_locator,Latin America,Brazil,SBCP surgeon locator,professional_association_provider_locator,official_association,surgeon_density_proxy,member plastic surgeons by location if accessible; channel/professional density proxy,https://www.cirurgiaplastica.org.br/encontre-um-cirurgiao/,Encontre um Cirurgião - SBCP,https://www.cirurgiaplastica.org.br/cirurgias-e-procedimentos/mama/,,,html_link,discovered,,,,,,2026-06-20T11:54:18+08:00,Official association locator; follow-up needs form/endpoint mapping for state-level member counts.
brazil_sbcp_surgeon_locator,Latin America,Brazil,SBCP surgeon locator,professional_association_provider_locator,official_association,surgeon_density_proxy,member plastic surgeons by location if accessible; channel/professional density proxy,https://www.cirurgiaplastica.org.br/encontre-um-cirurgiao/,Encontre um Cirurgião - SBCP,https://www.cirurgiaplastica.org.br/cirurgias-e-procedimentos/minimamente-invasivos/,,,html_link,discovered,,,,,,2026-06-20T11:54:18+08:00,Official association locator; follow-up needs form/endpoint mapping for state-level member counts.
brazil_sbcp_surgeon_locator,Latin America,Brazil,SBCP surgeon locator,professional_association_provider_locator,official_association,surgeon_density_proxy,member plastic surgeons by location if accessible; channel/professional density proxy,https://www.cirurgiaplastica.org.br/encontre-um-cirurgiao/,Encontre um Cirurgião - SBCP,https://www.cirurgiaplastica.org.br/cirurgias-e-procedimentos/queimadura/,,,html_link,discovered,,,,,,2026-06-20T11:54:18+08:00,Official association locator; follow-up needs form/endpoint mapping for state-level member counts.
brazil_sbcp_surgeon_locator,Latin America,Brazil,SBCP surgeon locator,professional_association_provider_locator,official_association,surgeon_density_proxy,member plastic surgeons by location if accessible; channel/professional density proxy,https://www.cirurgiaplastica.org.br/encontre-um-cirurgiao/,Encontre um Cirurgião - SBCP,https://www.cirurgiaplastica.org.br/cirurgias-e-procedimentos/transplante-capilar/,,,html_link,discovered,,,,,,2026-06-20T11:54:18+08:00,Official association locator; follow-up needs form/endpoint mapping for state-level member counts.
brazil_sbcp_surgeon_locator,Latin America,Brazil,SBCP surgeon locator,professional_association_provider_locator,official_association,surgeon_density_proxy,member plastic surgeons by location if accessible; channel/professional density proxy,https://www.cirurgiaplastica.org.br/encontre-um-cirurgiao/,Encontre um Cirurgião - SBCP,https://www.cirurgiaplastica.org.br/contato/,,,html_link,discovered,,,,,,2026-06-20T11:54:18+08:00,Official association locator; follow-up needs form/endpoint mapping for state-level member counts.
brazil_sbcp_surgeon_locator,Latin America,Brazil,SBCP surgeon locator,professional_association_provider_locator,official_association,surgeon_density_proxy,member plastic surgeons by location if accessible; channel/professional density proxy,https://www.cirurgiaplastica.org.br/encontre-um-cirurgiao/,Encontre um Cirurgião - SBCP,https://www.cirurgiaplastica.org.br/eleicoes/,,,html_link,discovered,,,,,,2026-06-20T11:54:18+08:00,Official association locator; follow-up needs form/endpoint mapping for state-level member counts.
brazil_sbcp_surgeon_locator,Latin America,Brazil,SBCP surgeon locator,professional_association_provider_locator,official_association,surgeon_density_proxy,member plastic surgeons by location if accessible; channel/professional density proxy,https://www.cirurgiaplastica.org.br/encontre-um-cirurgiao/,Encontre um Cirurgião - SBCP,https://www.cirurgiaplastica.org.br/en/encontre-um-cirurgiao/,,,html_link,discovered,,,,,,2026-06-20T11:54:18+08:00,Official association locator; follow-up needs form/endpoint mapping for state-level member counts.
brazil_sbcp_surgeon_locator,Latin America,Brazil,SBCP surgeon locator,professional_association_provider_locator,official_association,surgeon_density_proxy,member plastic surgeons by location if accessible; channel/professional density proxy,https://www.cirurgiaplastica.org.br/encontre-um-cirurgiao/,Encontre um Cirurgião - SBCP,https://www.cirurgiaplastica.org.br/encontre-um-cirurgiao/#ajax-content-wrap,Skip to main content,,html_link,discovered,,,,,,2026-06-20T11:54:18+08:00,Official association locator; follow-up needs form/endpoint mapping for state-level member counts.
brazil_sbcp_surgeon_locator,Latin America,Brazil,SBCP surgeon locator,professional_association_provider_locator,official_association,surgeon_density_proxy,member plastic surgeons by location if accessible; channel/professional density proxy,https://www.cirurgiaplastica.org.br/encontre-um-cirurgiao/,Encontre um Cirurgião - SBCP,https://www.cirurgiaplastica.org.br/estatuto-regimentos/,,,html_link,discovered,,,,,,2026-06-20T11:54:18+08:00,Official association locator; follow-up needs form/endpoint mapping for state-level member counts.
brazil_sbcp_surgeon_locator,Latin America,Brazil,SBCP surgeon locator,professional_association_provider_locator,official_association,surgeon_density_proxy,member plastic surgeons by location if accessible; channel/professional density proxy,https://www.cirurgiaplastica.org.br/encontre-um-cirurgiao/,Encontre um Cirurgião - SBCP,https://www.cirurgiaplastica.org.br/eventos/eventos-apoiados/,,,html_link,discovered,,,,,,2026-06-20T11:54:18+08:00,Official association locator; follow-up needs form/endpoint mapping for state-level member counts.
brazil_sbcp_surgeon_locator,Latin America,Brazil,SBCP surgeon locator,professional_association_provider_locator,official_association,surgeon_density_proxy,member plastic surgeons by location if accessible; channel/professional density proxy,https://www.cirurgiaplastica.org.br/encontre-um-cirurgiao/,Encontre um Cirurgião - SBCP,https://www.cirurgiaplastica.org.br/eventos/eventos-oficiais/,,,html_link,discovered,,,,,,2026-06-20T11:54:18+08:00,Official association locator; follow-up needs form/endpoint mapping for state-level member counts.
brazil_sbcp_surgeon_locator,Latin America,Brazil,SBCP surgeon locator,professional_association_provider_locator,official_association,surgeon_density_proxy,member plastic surgeons by location if accessible; channel/professional density proxy,https://www.cirurgiaplastica.org.br/encontre-um-cirurgiao/,Encontre um Cirurgião - SBCP,https://www.cirurgiaplastica.org.br/eventos/eventos-regionais/,,,html_link,discovered,,,,,,2026-06-20T11:54:18+08:00,Official association locator; follow-up needs form/endpoint mapping for state-level member counts.
brazil_sbcp_surgeon_locator,Latin America,Brazil,SBCP surgeon locator,professional_association_provider_locator,official_association,surgeon_density_proxy,member plastic surgeons by location if accessible; channel/professional density proxy,https://www.cirurgiaplastica.org.br/encontre-um-cirurgiao/,Encontre um Cirurgião - SBCP,https://www.cirurgiaplastica.org.br/medico/editais/,,,html_link,discovered,,,,,,2026-06-20T11:54:18+08:00,Official association locator; follow-up needs form/endpoint mapping for state-level member counts.
brazil_sbcp_surgeon_locator,Latin America,Brazil,SBCP surgeon locator,professional_association_provider_locator,official_association,surgeon_density_proxy,member plastic surgeons by location if accessible; channel/professional density proxy,https://www.cirurgiaplastica.org.br/encontre-um-cirurgiao/,Encontre um Cirurgião - SBCP,https://www.cirurgiaplastica.org.br/medico/manuais-ebooks/,,,html_link,discovered,,,,,,2026-06-20T11:54:18+08:00,Official association locator; follow-up needs form/endpoint mapping for state-level member counts.
brazil_sbcp_surgeon_locator,Latin America,Brazil,SBCP surgeon locator,professional_association_provider_locator,official_association,surgeon_density_proxy,member plastic surgeons by location if accessible; channel/professional density proxy,https://www.cirurgiaplastica.org.br/encontre-um-cirurgiao/,Encontre um Cirurgião - SBCP,https://www.cirurgiaplastica.org.br/medico/plastikos-2/,,,html_link,discovered,,,,,,2026-06-20T11:54:18+08:00,Official association locator; follow-up needs form/endpoint mapping for state-level member counts.
brazil_sbcp_surgeon_locator,Latin America,Brazil,SBCP surgeon locator,professional_association_provider_locator,official_association,surgeon_density_proxy,member plastic surgeons by location if accessible; channel/professional density proxy,https://www.cirurgiaplastica.org.br/encontre-um-cirurgiao/,Encontre um Cirurgião - SBCP,https://www.cirurgiaplastica.org.br/medico/torne-se-um-membro/,,,html_link,discovered,,,,,,2026-06-20T11:54:18+08:00,Official association locator; follow-up needs form/endpoint mapping for state-level member counts.
brazil_sbcp_surgeon_locator,Latin America,Brazil,SBCP surgeon locator,professional_association_provider_locator,official_association,surgeon_density_proxy,member plastic surgeons by location if accessible; channel/professional density proxy,https://www.cirurgiaplastica.org.br/encontre-um-cirurgiao/,Encontre um Cirurgião - SBCP,https://www.cirurgiaplastica.org.br/noticias/,,,html_link,discovered,,,,,,2026-06-20T11:54:18+08:00,Official association locator; follow-up needs form/endpoint mapping for state-level member counts.
brazil_sbcp_surgeon_locator,Latin America,Brazil,SBCP surgeon locator,professional_association_provider_locator,official_association,surgeon_density_proxy,member plastic surgeons by location if accessible; channel/professional density proxy,https://www.cirurgiaplastica.org.br/encontre-um-cirurgiao/,Encontre um Cirurgião - SBCP,https://www.cirurgiaplastica.org.br/pesquisas/,,,html_link,discovered,,,,,,2026-06-20T11:54:18+08:00,Official association locator; follow-up needs form/endpoint mapping for state-level member counts.
brazil_sbcp_surgeon_locator,Latin America,Brazil,SBCP surgeon locator,professional_association_provider_locator,official_association,surgeon_density_proxy,member plastic surgeons by location if accessible; channel/professional density proxy,https://www.cirurgiaplastica.org.br/encontre-um-cirurgiao/,Encontre um Cirurgião - SBCP,https://www.cirurgiaplastica.org.br/releases/,,,html_link,discovered,,,,,,2026-06-20T11:54:18+08:00,Official association locator; follow-up needs form/endpoint mapping for state-level member counts.
brazil_sbcp_surgeon_locator,Latin America,Brazil,SBCP surgeon locator,professional_association_provider_locator,official_association,surgeon_density_proxy,member plastic surgeons by location if accessible; channel/professional density proxy,https://www.cirurgiaplastica.org.br/encontre-um-cirurgiao/,Encontre um Cirurgião - SBCP,https://www.cirurgiaplastica.org.br/sbcp/capitulos-e-comissoes/,,,html_link,discovered,,,,,,2026-06-20T11:54:18+08:00,Official association locator; follow-up needs form/endpoint mapping for state-level member counts.
brazil_sbcp_surgeon_locator,Latin America,Brazil,SBCP surgeon locator,professional_association_provider_locator,official_association,surgeon_density_proxy,member plastic surgeons by location if accessible; channel/professional density proxy,https://www.cirurgiaplastica.org.br/encontre-um-cirurgiao/,Encontre um Cirurgião - SBCP,https://www.cirurgiaplastica.org.br/sbcp/diretoria/,,,html_link,discovered,,,,,,2026-06-20T11:54:18+08:00,Official association locator; follow-up needs form/endpoint mapping for state-level member counts.
brazil_sbcp_surgeon_locator,Latin America,Brazil,SBCP surgeon locator,professional_association_provider_locator,official_association,surgeon_density_proxy,member plastic surgeons by location if accessible; channel/professional density proxy,https://www.cirurgiaplastica.org.br/encontre-um-cirurgiao/,Encontre um Cirurgião - SBCP,https://www.cirurgiaplastica.org.br/sbcp/missao/,,,html_link,discovered,,,,,,2026-06-20T11:54:18+08:00,Official association locator; follow-up needs form/endpoint mapping for state-level member counts.
brazil_sbcp_surgeon_locator,Latin America,Brazil,SBCP surgeon locator,professional_association_provider_locator,official_association,surgeon_density_proxy,member plastic surgeons by location if accessible; channel/professional density proxy,https://www.cirurgiaplastica.org.br/encontre-um-cirurgiao/,Encontre um Cirurgião - SBCP,https://www.cirurgiaplastica.org.br/sbcp/museu/,,,html_link,discovered,,,,,,2026-06-20T11:54:18+08:00,Official association locator; follow-up needs form/endpoint mapping for state-level member counts.
brazil_sbcp_surgeon_locator,Latin America,Brazil,SBCP surgeon locator,professional_association_provider_locator,official_association,surgeon_density_proxy,member plastic surgeons by location if accessible; channel/professional density proxy,https://www.cirurgiaplastica.org.br/encontre-um-cirurgiao/,Encontre um Cirurgião - SBCP,https://www.cirurgiaplastica.org.br/sbcp/regionais/,,,html_link,discovered,,,,,,2026-06-20T11:54:18+08:00,Official association locator; follow-up needs form/endpoint mapping for state-level member counts.
brazil_sbcp_surgeon_locator,Latin America,Brazil,SBCP surgeon locator,professional_association_provider_locator,official_association,surgeon_density_proxy,member plastic surgeons by location if accessible; channel/professional density proxy,https://www.cirurgiaplastica.org.br/encontre-um-cirurgiao/,Encontre um Cirurgião - SBCP,https://www.cirurgiaplastica.org.br/sbcp/servicos-credenciados,,,html_link,discovered,,,,,,2026-06-20T11:54:18+08:00,Official association locator; follow-up needs form/endpoint mapping for state-level member counts.
brazil_sbcp_surgeon_locator,Latin America,Brazil,SBCP surgeon locator,professional_association_provider_locator,official_association,surgeon_density_proxy,member plastic surgeons by location if accessible; channel/professional density proxy,https://www.cirurgiaplastica.org.br/encontre-um-cirurgiao/,Encontre um Cirurgião - SBCP,https://www.cirurgiaplastica.org.br/sbcp/sobre/,,,html_link,discovered,,,,,,2026-06-20T11:54:18+08:00,Official association locator; follow-up needs form/endpoint mapping for state-level member counts.
brazil_sbcp_surgeon_locator,Latin America,Brazil,SBCP surgeon locator,professional_association_provider_locator,official_association,surgeon_density_proxy,member plastic surgeons by location if accessible; channel/professional density proxy,https://www.cirurgiaplastica.org.br/encontre-um-cirurgiao/,Encontre um Cirurgião - SBCP,https://www.cirurgiaplastica.org.br/seguranca-do-paciente/cirurgiao-de-confianca/,,,html_link,discovered,,,,,,2026-06-20T11:54:18+08:00,Official association locator; follow-up needs form/endpoint mapping for state-level member counts.
brazil_sbcp_surgeon_locator,Latin America,Brazil,SBCP surgeon locator,professional_association_provider_locator,official_association,surgeon_density_proxy,member plastic surgeons by location if accessible; channel/professional density proxy,https://www.cirurgiaplastica.org.br/encontre-um-cirurgiao/,Encontre um Cirurgião - SBCP,https://www.cirurgiaplastica.org.br/seguranca-do-paciente/seguranca-e-riscos/,,,html_link,discovered,,,,,,2026-06-20T11:54:18+08:00,Official association locator; follow-up needs form/endpoint mapping for state-level member counts.
brazil_sbcp_surgeon_locator,Latin America,Brazil,SBCP surgeon locator,professional_association_provider_locator,official_association,surgeon_density_proxy,member plastic surgeons by location if accessible; channel/professional density proxy,https://www.cirurgiaplastica.org.br/encontre-um-cirurgiao/,Encontre um Cirurgião - SBCP,https://www.cirurgiaplastica.org.br/seguranca-do-paciente/sua-seguranca-e-saude/,,,html_link,discovered,,,,,,2026-06-20T11:54:18+08:00,Official association locator; follow-up needs form/endpoint mapping for state-level member counts.
brazil_sbcp_surgeon_locator,Latin America,Brazil,SBCP surgeon locator,professional_association_provider_locator,official_association,surgeon_density_proxy,member plastic surgeons by location if accessible; channel/professional density proxy,https://www.cirurgiaplastica.org.br/encontre-um-cirurgiao/,Encontre um Cirurgião - SBCP,https://www.cirurgiaplastica.org.br/encontre-um-cirurgiao/,,,html_source_page,fetched,200,text/html; charset=UTF-8,,,,2026-06-20T11:54:18+08:00,Official association locator; follow-up needs form/endpoint mapping for state-level member counts.
canada_cihi_physician_specialty,North America,Canada,"CIHI physicians per 100,000 population by specialty",official_health_workforce_statistics,official_health_data_agency,surgeon_denominator_proxy,physician density by specialty and year; Canada health-workforce denominator,https://www.cihi.ca/en/indicators/physicians-per-100000-population-by-specialty,"Physicians per 100,000 Population, by Specialty | CIHI",https://www.cihi.ca/en/about-cihi/health-data-ethics,Health data ethics,,html_link,discovered,,,,,,2026-06-20T11:55:34+08:00,"Official denominator source for Canada. Use as physician/specialty density, not procedure volume."
canada_cihi_physician_specialty,North America,Canada,"CIHI physicians per 100,000 population by specialty",official_health_workforce_statistics,official_health_data_agency,surgeon_denominator_proxy,physician density by specialty and year; Canada health-workforce denominator,https://www.cihi.ca/en/indicators/physicians-per-100000-population-by-specialty,"Physicians per 100,000 Population, by Specialty | CIHI",https://www.cihi.ca/en/access-data-and-reports,Explore all access data and reports,,html_link,discovered,,,,,,2026-06-20T11:55:34+08:00,"Official denominator source for Canada. Use as physician/specialty density, not procedure volume."
canada_cihi_physician_specialty,North America,Canada,"CIHI physicians per 100,000 population by specialty",official_health_workforce_statistics,official_health_data_agency,surgeon_denominator_proxy,physician density by specialty and year; Canada health-workforce denominator,https://www.cihi.ca/en/indicators/physicians-per-100000-population-by-specialty,"Physicians per 100,000 Population, by Specialty | CIHI",https://www.cihi.ca/en/access-data-and-reports/dashboards,Dashboards,,html_link,discovered,,,,,,2026-06-20T11:55:34+08:00,"Official denominator source for Canada. Use as physician/specialty density, not procedure volume."
canada_cihi_physician_specialty,North America,Canada,"CIHI physicians per 100,000 population by specialty",official_health_workforce_statistics,official_health_data_agency,surgeon_denominator_proxy,physician density by specialty and year; Canada health-workforce denominator,https://www.cihi.ca/en/indicators/physicians-per-100000-population-by-specialty,"Physicians per 100,000 Population, by Specialty | CIHI",https://www.cihi.ca/en/access-data-and-reports/data-holdings,Data holdings,,html_link,discovered,,,,,,2026-06-20T11:55:34+08:00,"Official denominator source for Canada. Use as physician/specialty density, not procedure volume."
canada_cihi_physician_specialty,North America,Canada,"CIHI physicians per 100,000 population by specialty",official_health_workforce_statistics,official_health_data_agency,surgeon_denominator_proxy,physician density by specialty and year; Canada health-workforce denominator,https://www.cihi.ca/en/indicators/physicians-per-100000-population-by-specialty,"Physicians per 100,000 Population, by Specialty | CIHI",https://www.cihi.ca/en/access-data-and-reports/data-tables,Data tables,,html_link,discovered,,,,,,2026-06-20T11:55:34+08:00,"Official denominator source for Canada. Use as physician/specialty density, not procedure volume."
canada_cihi_physician_specialty,North America,Canada,"CIHI physicians per 100,000 population by specialty",official_health_workforce_statistics,official_health_data_agency,surgeon_denominator_proxy,physician density by specialty and year; Canada health-workforce denominator,https://www.cihi.ca/en/indicators/physicians-per-100000-population-by-specialty,"Physicians per 100,000 Population, by Specialty | CIHI",https://www.cihi.ca/en/access-data-and-reports/health-system-context-series,Health System Context Series,,html_link,discovered,,,,,,2026-06-20T11:55:34+08:00,"Official denominator source for Canada. Use as physician/specialty density, not procedure volume."
canada_cihi_physician_specialty,North America,Canada,"CIHI physicians per 100,000 population by specialty",official_health_workforce_statistics,official_health_data_agency,surgeon_denominator_proxy,physician density by specialty and year; Canada health-workforce denominator,https://www.cihi.ca/en/indicators/physicians-per-100000-population-by-specialty,"Physicians per 100,000 Population, by Specialty | CIHI",https://www.cihi.ca/en/access-data-and-reports/health-system-performance-measurement,Health system performance measurement,,html_link,discovered,,,,,,2026-06-20T11:55:34+08:00,"Official denominator source for Canada. Use as physician/specialty density, not procedure volume."
canada_cihi_physician_specialty,North America,Canada,"CIHI physicians per 100,000 population by specialty",official_health_workforce_statistics,official_health_data_agency,surgeon_denominator_proxy,physician density by specialty and year; Canada health-workforce denominator,https://www.cihi.ca/en/indicators/physicians-per-100000-population-by-specialty,"Physicians per 100,000 Population, by Specialty | CIHI",https://www.cihi.ca/en/access-data-and-reports/indicator-library,Indicator Library,,html_link,discovered,,,,,,2026-06-20T11:55:34+08:00,"Official denominator source for Canada. Use as physician/specialty density, not procedure volume."
canada_cihi_physician_specialty,North America,Canada,"CIHI physicians per 100,000 population by specialty",official_health_workforce_statistics,official_health_data_agency,surgeon_denominator_proxy,physician density by specialty and year; Canada health-workforce denominator,https://www.cihi.ca/en/indicators/physicians-per-100000-population-by-specialty,"Physicians per 100,000 Population, by Specialty | CIHI",https://www.cihi.ca/en/access-data-and-reports/reports-and-releases,Reports and releases,,html_link,discovered,,,,,,2026-06-20T11:55:34+08:00,"Official denominator source for Canada. Use as physician/specialty density, not procedure volume."
canada_cihi_physician_specialty,North America,Canada,"CIHI physicians per 100,000 population by specialty",official_health_workforce_statistics,official_health_data_agency,surgeon_denominator_proxy,physician density by specialty and year; Canada health-workforce denominator,https://www.cihi.ca/en/indicators/physicians-per-100000-population-by-specialty,"Physicians per 100,000 Population, by Specialty | CIHI",https://www.cihi.ca/en/access-data-and-reports/tools,Tools,,html_link,discovered,,,,,,2026-06-20T11:55:34+08:00,"Official denominator source for Canada. Use as physician/specialty density, not procedure volume."
canada_cihi_physician_specialty,North America,Canada,"CIHI physicians per 100,000 population by specialty",official_health_workforce_statistics,official_health_data_agency,surgeon_denominator_proxy,physician density by specialty and year; Canada health-workforce denominator,https://www.cihi.ca/en/indicators/physicians-per-100000-population-by-specialty,"Physicians per 100,000 Population, by Specialty | CIHI",https://www.cihi.ca/en/access-data-and-reports/topics,Topics,,html_link,discovered,,,,,,2026-06-20T11:55:34+08:00,"Official denominator source for Canada. Use as physician/specialty density, not procedure volume."
canada_cihi_physician_specialty,North America,Canada,"CIHI physicians per 100,000 population by specialty",official_health_workforce_statistics,official_health_data_agency,surgeon_denominator_proxy,physician density by specialty and year; Canada health-workforce denominator,https://www.cihi.ca/en/indicators/physicians-per-100000-population-by-specialty,"Physicians per 100,000 Population, by Specialty | CIHI",https://www.cihi.ca/en/cihi_entity_export/node/12757,Download CSV,,html_link,discovered,,,,,,2026-06-20T11:55:35+08:00,"Official denominator source for Canada. Use as physician/specialty density, not procedure volume."
canada_cihi_physician_specialty,North America,Canada,"CIHI physicians per 100,000 population by specialty",official_health_workforce_statistics,official_health_data_agency,surgeon_denominator_proxy,physician density by specialty and year; Canada health-workforce denominator,https://www.cihi.ca/en/indicators/physicians-per-100000-population-by-specialty,"Physicians per 100,000 Population, by Specialty | CIHI",https://www.cihi.ca/en/indicators/physicians-per-100000-population-by-specialty#main-content,Skip to main content,,html_link,discovered,,,,,,2026-06-20T11:55:34+08:00,"Official denominator source for Canada. Use as physician/specialty density, not procedure volume."
canada_cihi_physician_specialty,North America,Canada,"CIHI physicians per 100,000 population by specialty",official_health_workforce_statistics,official_health_data_agency,surgeon_denominator_proxy,physician density by specialty and year; Canada health-workforce denominator,https://www.cihi.ca/en/indicators/physicians-per-100000-population-by-specialty,"Physicians per 100,000 Population, by Specialty | CIHI",https://www.cihi.ca/en/physicians,Physicians web page,,html_link,discovered,,,,,,2026-06-20T11:55:35+08:00,"Official denominator source for Canada. Use as physician/specialty density, not procedure volume."
canada_cihi_physician_specialty,North America,Canada,"CIHI physicians per 100,000 population by specialty",official_health_workforce_statistics,official_health_data_agency,surgeon_denominator_proxy,physician density by specialty and year; Canada health-workforce denominator,https://www.cihi.ca/en/indicators/physicians-per-100000-population-by-specialty,"Physicians per 100,000 Population, by Specialty | CIHI",https://www.cihi.ca/en/submit-data-and-view-standards,Explore all submit data and view standards,,html_link,discovered,,,,,,2026-06-20T11:55:34+08:00,"Official denominator source for Canada. Use as physician/specialty density, not procedure volume."
canada_cihi_physician_specialty,North America,Canada,"CIHI physicians per 100,000 population by specialty",official_health_workforce_statistics,official_health_data_agency,surgeon_denominator_proxy,physician density by specialty and year; Canada health-workforce denominator,https://www.cihi.ca/en/indicators/physicians-per-100000-population-by-specialty,"Physicians per 100,000 Population, by Specialty | CIHI",https://www.cihi.ca/en/submit-data-and-view-standards/codes-classifications-and-terminologies,"Codes, Classifications, and Terminologies",,html_link,discovered,,,,,,2026-06-20T11:55:34+08:00,"Official denominator source for Canada. Use as physician/specialty density, not procedure volume."
canada_cihi_physician_specialty,North America,Canada,"CIHI physicians per 100,000 population by specialty",official_health_workforce_statistics,official_health_data_agency,surgeon_denominator_proxy,physician density by specialty and year; Canada health-workforce denominator,https://www.cihi.ca/en/indicators/physicians-per-100000-population-by-specialty,"Physicians per 100,000 Population, by Specialty | CIHI",https://www.cihi.ca/en/submit-data-and-view-standards/data-and-information-quality,Data and information quality,,html_link,discovered,,,,,,2026-06-20T11:55:34+08:00,"Official denominator source for Canada. Use as physician/specialty density, not procedure volume."
canada_cihi_physician_specialty,North America,Canada,"CIHI physicians per 100,000 population by specialty",official_health_workforce_statistics,official_health_data_agency,surgeon_denominator_proxy,physician density by specialty and year; Canada health-workforce denominator,https://www.cihi.ca/en/indicators/physicians-per-100000-population-by-specialty,"Physicians per 100,000 Population, by Specialty | CIHI",https://www.cihi.ca/en/submit-data-and-view-standards/data-standards,Data standards,,html_link,discovered,,,,,,2026-06-20T11:55:34+08:00,"Official denominator source for Canada. Use as physician/specialty density, not procedure volume."
canada_cihi_physician_specialty,North America,Canada,"CIHI physicians per 100,000 population by specialty",official_health_workforce_statistics,official_health_data_agency,surgeon_denominator_proxy,physician density by specialty and year; Canada health-workforce denominator,https://www.cihi.ca/en/indicators/physicians-per-100000-population-by-specialty,"Physicians per 100,000 Population, by Specialty | CIHI",https://www.cihi.ca/en/submit-data-and-view-standards/methodologies-and-decision-support-tools,Methodologies and decision-support tools,,html_link,discovered,,,,,,2026-06-20T11:55:34+08:00,"Official denominator source for Canada. Use as physician/specialty density, not procedure volume."
canada_cihi_physician_specialty,North America,Canada,"CIHI physicians per 100,000 population by specialty",official_health_workforce_statistics,official_health_data_agency,surgeon_denominator_proxy,physician density by specialty and year; Canada health-workforce denominator,https://www.cihi.ca/en/indicators/physicians-per-100000-population-by-specialty,"Physicians per 100,000 Population, by Specialty | CIHI",https://www.cihi.ca/en/submit-data-and-view-standards/submission-deadlines-and-refresh-dates,Submission deadlines and refresh dates,,html_link,discovered,,,,,,2026-06-20T11:55:34+08:00,"Official denominator source for Canada. Use as physician/specialty density, not procedure volume."
canada_cihi_physician_specialty,North America,Canada,"CIHI physicians per 100,000 population by specialty",official_health_workforce_statistics,official_health_data_agency,surgeon_denominator_proxy,physician density by specialty and year; Canada health-workforce denominator,https://www.cihi.ca/en/indicators/physicians-per-100000-population-by-specialty,"Physicians per 100,000 Population, by Specialty | CIHI",https://www.cihi.ca/en/submit-data-and-view-standards/submission-support-resources,Submission support resources,,html_link,discovered,,,,,,2026-06-20T11:55:34+08:00,"Official denominator source for Canada. Use as physician/specialty density, not procedure volume."
canada_cihi_physician_specialty,North America,Canada,"CIHI physicians per 100,000 population by specialty",official_health_workforce_statistics,official_health_data_agency,surgeon_denominator_proxy,physician density by specialty and year; Canada health-workforce denominator,https://www.cihi.ca/en/indicators/physicians-per-100000-population-by-specialty,"Physicians per 100,000 Population, by Specialty | CIHI",https://www.cihi.ca/en/submit-data-and-view-standards/support-request-equery,Support Request (eQuery),,html_link,discovered,,,,,,2026-06-20T11:55:34+08:00,"Official denominator source for Canada. Use as physician/specialty density, not procedure volume."
canada_cihi_physician_specialty,North America,Canada,"CIHI physicians per 100,000 population by specialty",official_health_workforce_statistics,official_health_data_agency,surgeon_denominator_proxy,physician density by specialty and year; Canada health-workforce denominator,https://www.cihi.ca/en/indicators/physicians-per-100000-population-by-specialty,"Physicians per 100,000 Population, by Specialty | CIHI",https://www.cihi.ca/en/indicators/physicians-per-100000-population-by-specialty,,,html_source_page,fetched,200,text/html; charset=UTF-8,,,,2026-06-20T11:55:34+08:00,"Official denominator source for Canada. Use as physician/specialty density, not procedure volume."
canada_cihi_physician_specialty,North America,Canada,"CIHI physicians per 100,000 population by specialty",official_health_workforce_statistics,official_health_data_agency,surgeon_denominator_proxy,physician density by specialty and year; Canada health-workforce denominator,https://www.cihi.ca/en/indicators/physicians-per-100000-population-by-specialty,"Physicians per 100,000 Population, by Specialty | CIHI",https://www.cihi.ca/sites/default/files/document/data-file/866-family-medicine-physicians-per-100000-population-data-table-en.xlsx,download the data file,,xlsx,downloaded,200,application/vnd.openxmlformats-officedocument.spreadsheetml.sheet,data\commercial_sources\geo_market_sources\canada_cihi_physician_specialty\unknown-year__xlsx__download-the-data-file__3f5856da.xlsx,d046b6c5f23c8cbc41cbbafe5ab5a9071c98529f7cb41c47b1dea0c7ded9191c,98143,2026-06-20T11:55:35+08:00,"Official denominator source for Canada. Use as physician/specialty density, not procedure volume."
canada_csaps_surgeon_locator,North America,Canada,Canadian Society for Aesthetic Plastic Surgery surgeon locator,official_association_provider_locator,official_association,surgeon_density_proxy,aesthetic plastic surgeon locator by Canadian area/province,https://csaps.ca/general-information/find-a-csaps-surgeon/,Find a CSAPS Surgeon | CSAPS,https://csaps.ca/general-information/find-a-csaps-surgeon/,Welcome,,html_link,discovered,,,,,,2026-06-20T11:55:38+08:00,Aesthetic-surgeon locator proxy. Store aggregate geography counts only.
canada_csaps_surgeon_locator,North America,Canada,Canadian Society for Aesthetic Plastic Surgery surgeon locator,official_association_provider_locator,official_association,surgeon_density_proxy,aesthetic plastic surgeon locator by Canadian area/province,https://csaps.ca/general-information/find-a-csaps-surgeon/,Find a CSAPS Surgeon | CSAPS,https://csaps.ca/general-information/why-choose-a-csaps-surgeon/,Why Choose a CSAPS Surgeon?,,html_link,discovered,,,,,,2026-06-20T11:55:38+08:00,Aesthetic-surgeon locator proxy. Store aggregate geography counts only.
canada_csaps_surgeon_locator,North America,Canada,Canadian Society for Aesthetic Plastic Surgery surgeon locator,official_association_provider_locator,official_association,surgeon_density_proxy,aesthetic plastic surgeon locator by Canadian area/province,https://csaps.ca/general-information/find-a-csaps-surgeon/,Find a CSAPS Surgeon | CSAPS,https://csaps.ca/medical-professionals-endorsed-aesthetic-fellowship-programs/,Endorsed Aesthetic Fellowship Programs,,html_link,discovered,,,,,,2026-06-20T11:55:38+08:00,Aesthetic-surgeon locator proxy. Store aggregate geography counts only.
canada_csaps_surgeon_locator,North America,Canada,Canadian Society for Aesthetic Plastic Surgery surgeon locator,official_association_provider_locator,official_association,surgeon_density_proxy,aesthetic plastic surgeon locator by Canadian area/province,https://csaps.ca/general-information/find-a-csaps-surgeon/,Find a CSAPS Surgeon | CSAPS,https://csaps.ca/medical-professionals/communication-for-our-members-and-plastic-surgeons/,Communication for our members and plastic surgeons,,html_link,discovered,,,,,,2026-06-20T11:55:38+08:00,Aesthetic-surgeon locator proxy. Store aggregate geography counts only.
canada_csaps_surgeon_locator,North America,Canada,Canadian Society for Aesthetic Plastic Surgery surgeon locator,official_association_provider_locator,official_association,surgeon_density_proxy,aesthetic plastic surgeon locator by Canadian area/province,https://csaps.ca/general-information/find-a-csaps-surgeon/,Find a CSAPS Surgeon | CSAPS,https://csaps.ca/medical-professionals/membership/,Become a Member of CSAPS,,html_link,discovered,,,,,,2026-06-20T11:55:38+08:00,Aesthetic-surgeon locator proxy. Store aggregate geography counts only.
canada_csaps_surgeon_locator,North America,Canada,Canadian Society for Aesthetic Plastic Surgery surgeon locator,official_association_provider_locator,official_association,surgeon_density_proxy,aesthetic plastic surgeon locator by Canadian area/province,https://csaps.ca/general-information/find-a-csaps-surgeon/,Find a CSAPS Surgeon | CSAPS,https://csaps.ca/member-profile-update-2/,Update My Profile,,html_link,discovered,,,,,,2026-06-20T11:55:38+08:00,Aesthetic-surgeon locator proxy. Store aggregate geography counts only.
canada_csaps_surgeon_locator,North America,Canada,Canadian Society for Aesthetic Plastic Surgery surgeon locator,official_association_provider_locator,official_association,surgeon_density_proxy,aesthetic plastic surgeon locator by Canadian area/province,https://csaps.ca/general-information/find-a-csaps-surgeon/,Find a CSAPS Surgeon | CSAPS,https://csaps.ca/general-information/find-a-csaps-surgeon/,,,html_source_page,fetched,200,text/html; charset=UTF-8,,,,2026-06-20T11:55:38+08:00,Aesthetic-surgeon locator proxy. Store aggregate geography counts only.
canada_csps_society_context,North America,Canada,Canadian Society of Plastic Surgeons,official_association_context,official_association,association_context_proxy,national plastic-surgery society context and member scale statement,https://plasticsurgery.ca/,,https://plasticsurgery.ca/?page_id=779,Young Surgeons,,html_link,discovered,,,,,,2026-06-20T11:55:37+08:00,Association context for Canada; current source is not a treatment-volume table.
canada_csps_society_context,North America,Canada,Canadian Society of Plastic Surgeons,official_association_context,official_association,association_context_proxy,national plastic-surgery society context and member scale statement,https://plasticsurgery.ca/,,https://plasticsurgery.ca/about/,Find out more,,html_link,discovered,,,,,,2026-06-20T11:55:37+08:00,Association context for Canada; current source is not a treatment-volume table.
canada_csps_society_context,North America,Canada,Canadian Society of Plastic Surgeons,official_association_context,official_association,association_context_proxy,national plastic-surgery society context and member scale statement,https://plasticsurgery.ca/,,https://plasticsurgery.ca/about/choose-plastic-surgeon/,Why Choose a Plastic Surgeon?,,html_link,discovered,,,,,,2026-06-20T11:55:37+08:00,Association context for Canada; current source is not a treatment-volume table.
canada_csps_society_context,North America,Canada,Canadian Society of Plastic Surgeons,official_association_context,official_association,association_context_proxy,national plastic-surgery society context and member scale statement,https://plasticsurgery.ca/,,https://plasticsurgery.ca/about/choosing-plastic-surgeon/,Choosing a Plastic Surgeon,,html_link,discovered,,,,,,2026-06-20T11:55:37+08:00,Association context for Canada; current source is not a treatment-volume table.
canada_csps_society_context,North America,Canada,Canadian Society of Plastic Surgeons,official_association_context,official_association,association_context_proxy,national plastic-surgery society context and member scale statement,https://plasticsurgery.ca/,,https://plasticsurgery.ca/about/locate-surgeon/,Locate a Surgeon,,html_link,discovered,,,,,,2026-06-20T11:55:37+08:00,Association context for Canada; current source is not a treatment-volume table.
canada_csps_society_context,North America,Canada,Canadian Society of Plastic Surgeons,official_association_context,official_association,association_context_proxy,national plastic-surgery society context and member scale statement,https://plasticsurgery.ca/,,https://plasticsurgery.ca/medical-professionals/,Find out more,,html_link,discovered,,,,,,2026-06-20T11:55:37+08:00,Association context for Canada; current source is not a treatment-volume table.
canada_csps_society_context,North America,Canada,Canadian Society of Plastic Surgeons,official_association_context,official_association,association_context_proxy,national plastic-surgery society context and member scale statement,https://plasticsurgery.ca/,,https://plasticsurgery.ca/medical-professionals/annual-meeting/,Annual Meeting,,html_link,discovered,,,,,,2026-06-20T11:55:37+08:00,Association context for Canada; current source is not a treatment-volume table.
canada_csps_society_context,North America,Canada,Canadian Society of Plastic Surgeons,official_association_context,official_association,association_context_proxy,national plastic-surgery society context and member scale statement,https://plasticsurgery.ca/,,https://plasticsurgery.ca/medical-professionals/annual-meeting/call-for-abstracts/,Call for Abstracts,,html_link,discovered,,,,,,2026-06-20T11:55:37+08:00,Association context for Canada; current source is not a treatment-volume table.
canada_csps_society_context,North America,Canada,Canadian Society of Plastic Surgeons,official_association_context,official_association,association_context_proxy,national plastic-surgery society context and member scale statement,https://plasticsurgery.ca/,,https://plasticsurgery.ca/medical-professionals/annual-meeting/csps-abstract-reviewer-login/,Abstract Reviewer Login,,html_link,discovered,,,,,,2026-06-20T11:55:37+08:00,Association context for Canada; current source is not a treatment-volume table.
canada_csps_society_context,North America,Canada,Canadian Society of Plastic Surgeons,official_association_context,official_association,association_context_proxy,national plastic-surgery society context and member scale statement,https://plasticsurgery.ca/,,https://plasticsurgery.ca/medical-professionals/annual-meeting/exhibitors/,Exhibitors,,html_link,discovered,,,,,,2026-06-20T11:55:37+08:00,Association context for Canada; current source is not a treatment-volume table.
canada_csps_society_context,North America,Canada,Canadian Society of Plastic Surgeons,official_association_context,official_association,association_context_proxy,national plastic-surgery society context and member scale statement,https://plasticsurgery.ca/,,https://plasticsurgery.ca/medical-professionals/annual-meeting/past-scientific-programs/,Past Scientific Programs,,html_link,discovered,,,,,,2026-06-20T11:55:37+08:00,Association context for Canada; current source is not a treatment-volume table.
canada_csps_society_context,North America,Canada,Canadian Society of Plastic Surgeons,official_association_context,official_association,association_context_proxy,national plastic-surgery society context and member scale statement,https://plasticsurgery.ca/,,https://plasticsurgery.ca/medical-professionals/annual-meeting/registration/,Registration,,html_link,discovered,,,,,,2026-06-20T11:55:37+08:00,Association context for Canada; current source is not a treatment-volume table.
canada_csps_society_context,North America,Canada,Canadian Society of Plastic Surgeons,official_association_context,official_association,association_context_proxy,national plastic-surgery society context and member scale statement,https://plasticsurgery.ca/,,https://plasticsurgery.ca/medical-professionals/annual-meeting/scientific-award-winners/,Scientific Award Winners,,html_link,discovered,,,,,,2026-06-20T11:55:37+08:00,Association context for Canada; current source is not a treatment-volume table.
canada_csps_society_context,North America,Canada,Canadian Society of Plastic Surgeons,official_association_context,official_association,association_context_proxy,national plastic-surgery society context and member scale statement,https://plasticsurgery.ca/,,https://plasticsurgery.ca/medical-professionals/annual-meeting/scientific-program/,Scientific Program,,html_link,discovered,,,,,,2026-06-20T11:55:37+08:00,Association context for Canada; current source is not a treatment-volume table.
canada_csps_society_context,North America,Canada,Canadian Society of Plastic Surgeons,official_association_context,official_association,association_context_proxy,national plastic-surgery society context and member scale statement,https://plasticsurgery.ca/,,https://plasticsurgery.ca/medical-professionals/information-plastic-surgeons/,Information for Plastic Surgeons,,html_link,discovered,,,,,,2026-06-20T11:55:37+08:00,Association context for Canada; current source is not a treatment-volume table.
canada_csps_society_context,North America,Canada,Canadian Society of Plastic Surgeons,official_association_context,official_association,association_context_proxy,national plastic-surgery society context and member scale statement,https://plasticsurgery.ca/,,https://plasticsurgery.ca/medical-professionals/information-plastic-surgeons/alcl/,ALCL,,html_link,discovered,,,,,,2026-06-20T11:55:37+08:00,Association context for Canada; current source is not a treatment-volume table.
canada_csps_society_context,North America,Canada,Canadian Society of Plastic Surgeons,official_association_context,official_association,association_context_proxy,national plastic-surgery society context and member scale statement,https://plasticsurgery.ca/,,https://plasticsurgery.ca/medical-professionals/information-plastic-surgeons/leeches/,Leeches,,html_link,discovered,,,,,,2026-06-20T11:55:37+08:00,Association context for Canada; current source is not a treatment-volume table.
canada_csps_society_context,North America,Canada,Canadian Society of Plastic Surgeons,official_association_context,official_association,association_context_proxy,national plastic-surgery society context and member scale statement,https://plasticsurgery.ca/,,https://plasticsurgery.ca/medical-professionals/membership-application/,Apply to be a Member,,html_link,discovered,,,,,,2026-06-20T11:55:37+08:00,Association context for Canada; current source is not a treatment-volume table.
canada_csps_society_context,North America,Canada,Canadian Society of Plastic Surgeons,official_association_context,official_association,association_context_proxy,national plastic-surgery society context and member scale statement,https://plasticsurgery.ca/,,https://plasticsurgery.ca/medical-professionals/pay-dues/,Pay Member Dues,,html_link,discovered,,,,,,2026-06-20T11:55:37+08:00,Association context for Canada; current source is not a treatment-volume table.
canada_csps_society_context,North America,Canada,Canadian Society of Plastic Surgeons,official_association_context,official_association,association_context_proxy,national plastic-surgery society context and member scale statement,https://plasticsurgery.ca/,,https://plasticsurgery.ca/medical-professionals/women-plastic-surgeons-canada/,Women Plastic Surgeons of Canada,,html_link,discovered,,,,,,2026-06-20T11:55:37+08:00,Association context for Canada; current source is not a treatment-volume table.
canada_csps_society_context,North America,Canada,Canadian Society of Plastic Surgeons,official_association_context,official_association,association_context_proxy,national plastic-surgery society context and member scale statement,https://plasticsurgery.ca/,,https://plasticsurgery.ca/members-only/,"Members only (under construction, and unavailable)",,html_link,discovered,,,,,,2026-06-20T11:55:37+08:00,Association context for Canada; current source is not a treatment-volume table.
canada_csps_society_context,North America,Canada,Canadian Society of Plastic Surgeons,official_association_context,official_association,association_context_proxy,national plastic-surgery society context and member scale statement,https://plasticsurgery.ca/,,https://www.facebook.com/profile.php?id=100069412702058,Facebook,,html_link,discovered,,,,,,2026-06-20T11:55:37+08:00,Association context for Canada; current source is not a treatment-volume table.
canada_csps_society_context,North America,Canada,Canadian Society of Plastic Surgeons,official_association_context,official_association,association_context_proxy,national plastic-surgery society context and member scale statement,https://plasticsurgery.ca/,,https://www.instagram.com/cspscanadianplasticsurgeons/,Instagram,,html_link,discovered,,,,,,2026-06-20T11:55:37+08:00,Association context for Canada; current source is not a treatment-volume table.
canada_csps_society_context,North America,Canada,Canadian Society of Plastic Surgeons,official_association_context,official_association,association_context_proxy,national plastic-surgery society context and member scale statement,https://plasticsurgery.ca/,,https://www.womenscollegehospital.ca/care-programs/peter-gilgan-centre-for-womens-cancers/breast-cancer-awareness-month/,Find out more,,html_link,discovered,,,,,,2026-06-20T11:55:37+08:00,Association context for Canada; current source is not a treatment-volume table.
canada_csps_society_context,North America,Canada,Canadian Society of Plastic Surgeons,official_association_context,official_association,association_context_proxy,national plastic-surgery society context and member scale statement,https://plasticsurgery.ca/,,https://plasticsurgery.ca/,,,html_source_page,fetched,200,text/html; charset=UTF-8,,,,2026-06-20T11:55:37+08:00,Association context for Canada; current source is not a treatment-volume table.
czech_cspch_society_context,Europe,Czech Republic,Czech Society of Plastic Surgery,official_association_context,official_association,association_context_proxy,national society reference and official website path via EASAPS/ESAPS,https://esaps.eu/society/12,Esaps official webpage,http://realplasticsurgeon.eu/joinesaps2025,Become a member,,html_link,discovered,,,,,,2026-06-20T11:55:33+08:00,Association context and national-society discovery path; not treatment volume.
czech_cspch_society_context,Europe,Czech Republic,Czech Society of Plastic Surgery,official_association_context,official_association,association_context_proxy,national society reference and official website path via EASAPS/ESAPS,https://esaps.eu/society/12,Esaps official webpage,https://chirurgie-plasticka.cz/cs/,Official website,,html_link,discovered,,,,,,2026-06-20T11:55:33+08:00,Association context and national-society discovery path; not treatment volume.
czech_cspch_society_context,Europe,Czech Republic,Czech Society of Plastic Surgery,official_association_context,official_association,association_context_proxy,national society reference and official website path via EASAPS/ESAPS,https://esaps.eu/society/12,Esaps official webpage,https://doctormanager.be/medical-software-plastic-surgery,,,html_link,discovered,,,,,,2026-06-20T11:55:33+08:00,Association context and national-society discovery path; not treatment volume.
czech_cspch_society_context,Europe,Czech Republic,Czech Society of Plastic Surgery,official_association_context,official_association,association_context_proxy,national society reference and official website path via EASAPS/ESAPS,https://esaps.eu/society/12,Esaps official webpage,https://esaps.eu/society/12,About us,,html_link,discovered,,,,,,2026-06-20T11:55:33+08:00,Association context and national-society discovery path; not treatment volume.
czech_cspch_society_context,Europe,Czech Republic,Czech Society of Plastic Surgery,official_association_context,official_association,association_context_proxy,national society reference and official website path via EASAPS/ESAPS,https://esaps.eu/society/12,Esaps official webpage,https://esaps.eu/society/about-us#team,The Team,,html_link,discovered,,,,,,2026-06-20T11:55:33+08:00,Association context and national-society discovery path; not treatment volume.
czech_cspch_society_context,Europe,Czech Republic,Czech Society of Plastic Surgery,official_association_context,official_association,association_context_proxy,national society reference and official website path via EASAPS/ESAPS,https://esaps.eu/society/12,Esaps official webpage,https://realplasticsurgeon.eu/auth/login,Log in,,html_link,discovered,,,,,,2026-06-20T11:55:33+08:00,Association context and national-society discovery path; not treatment volume.
czech_cspch_society_context,Europe,Czech Republic,Czech Society of Plastic Surgery,official_association_context,official_association,association_context_proxy,national society reference and official website path via EASAPS/ESAPS,https://esaps.eu/society/12,Esaps official webpage,https://esaps.eu/society/12,,,html_source_page,fetched,200,text/html; charset=UTF-8,,,,2026-06-20T11:55:33+08:00,Association context and national-society discovery path; not treatment volume.
czech_nrpzs_provider_registry,Europe,Czech Republic,Czech NRPZS healthcare provider registry,official_government_provider_registry,official_government,provider_channel_density_proxy,healthcare provider registry with care-profile and specialty fields including plastic surgery,https://nrpzs.uzis.cz/,,https://nrpzs.uzis.cz/,Czech NRPZS healthcare provider registry,,html_source_page,reference_confirmed,,,,,,2026-06-20T11:55:32+08:00,Official provider-density proxy. Follow-up should query/aggregate provider records by specialty and geography.
france_cnom_medical_demography_atlas,Europe,France,CNOM medical demography atlas,official_professional_registry_statistics,official_professional_council,surgeon_denominator_proxy,physician and surgical-specialty demography by region/department; denominator for provider-density work,https://www.conseil-national.medecin.fr/sites/default/files/cnom_atlas_demographie_2025_tome_1.pdf,,https://www.conseil-national.medecin.fr/sites/default/files/cnom_atlas_demographie_2025_tome_1.pdf,CNOM medical demography atlas,,pdf,downloaded,200,application/pdf,data\commercial_sources\geo_market_sources\france_cnom_medical_demography_atlas\unknown-year__pdf__cnom-medical-demography-atlas__2873fee0.pdf,02867d162ed5e60f6e450263daed0780d26a859a41e167c0614581c31de7dcba,9733495,2026-06-20T11:55:05+08:00,"Strong official denominator source for France. Use for physician/surgical-specialty density, not aesthetic procedure volume."
france_sofcep_surgery_context,Europe,France,SOFCEP plastic and aesthetic surgery in France,official_association_context,official_association,surgeon_density_context_proxy,association context and qualified surgeon count statement for France,https://sofcep.fr/en/surgery/,Surgery - SOFCEP,https://sofcep.fr/en/surgery/#kleo-lostpass-modal,Lost your password?,,html_link,discovered,,,,,,2026-06-20T11:55:07+08:00,Association context for surgeon-density interpretation; verify against CNOM before using as numeric denominator.
france_sofcep_surgery_context,Europe,France,SOFCEP plastic and aesthetic surgery in France,official_association_context,official_association,surgeon_density_context_proxy,association context and qualified surgeon count statement for France,https://sofcep.fr/en/surgery/,Surgery - SOFCEP,https://sofcep.fr/en/surgery/,,,html_source_page,fetched,200,text/html; charset=UTF-8,,,,2026-06-20T11:55:07+08:00,Association context for surgeon-density interpretation; verify against CNOM before using as numeric denominator.
germany_dgaepc_statistics,Europe,Germany,DGÄPC statistics,official_association_statistics,official_association,procedure_mix_country_year,annual German aesthetic-plastic surgery statistics and patient survey PDFs,https://www.dgaepc.de/aktuelles/dgaepc-statistik/,DGÄPC-Statistik Zahlen Fakten Trends,https://www.dgaepc.de/aktuelles/dgaepc-statistik/#content,Zum Inhalt springen,,html_link,discovered,,,,,,2026-06-20T11:54:39+08:00,Useful Europe country-level companion; verify whether counts are procedure volume or survey shares before loading to market_metrics.
germany_dgaepc_statistics,Europe,Germany,DGÄPC statistics,official_association_statistics,official_association,procedure_mix_country_year,annual German aesthetic-plastic surgery statistics and patient survey PDFs,https://www.dgaepc.de/aktuelles/dgaepc-statistik/,DGÄPC-Statistik Zahlen Fakten Trends,https://www.dgaepc.de/aktuelles/dgaepc-statistik/,,,html_source_page,fetched,200,text/html; charset=UTF-8,,,,2026-06-20T11:54:39+08:00,Useful Europe country-level companion; verify whether counts are procedure volume or survey shares before loading to market_metrics.
germany_dgaepc_statistics,Europe,Germany,DGÄPC statistics,official_association_statistics,official_association,procedure_mix_country_year,annual German aesthetic-plastic surgery statistics and patient survey PDFs,https://www.dgaepc.de/aktuelles/dgaepc-statistik/,DGÄPC-Statistik Zahlen Fakten Trends,https://www.dgaepc.de/wp-content/uploads/2016/11/DGAEPC-Statistik_2016.pdf,,2016,pdf,downloaded,200,application/pdf,data\commercial_sources\geo_market_sources\germany_dgaepc_statistics\2016__pdf__dgaepc-statistik_2016__17df3e8a.pdf,aa8d3889c3046f40f1ea123962723f0be1d31e220d6fd5cbcb69d02725bdb657,951083,2026-06-20T11:55:00+08:00,Useful Europe country-level companion; verify whether counts are procedure volume or survey shares before loading to market_metrics.
germany_dgaepc_statistics,Europe,Germany,DGÄPC statistics,official_association_statistics,official_association,procedure_mix_country_year,annual German aesthetic-plastic surgery statistics and patient survey PDFs,https://www.dgaepc.de/aktuelles/dgaepc-statistik/,DGÄPC-Statistik Zahlen Fakten Trends,https://www.dgaepc.de/wp-content/uploads/2017/11/DGAEPC-Statistik_2017.pdf,,2017,pdf,downloaded,200,application/pdf,data\commercial_sources\geo_market_sources\germany_dgaepc_statistics\2017__pdf__dgaepc-statistik_2017__4360cdfd.pdf,f3c47eca5e2890a49bae33a436e63a28325580697dab04035ce14a043d77986c,3217005,2026-06-20T11:54:58+08:00,Useful Europe country-level companion; verify whether counts are procedure volume or survey shares before loading to market_metrics.
germany_dgaepc_statistics,Europe,Germany,DGÄPC statistics,official_association_statistics,official_association,procedure_mix_country_year,annual German aesthetic-plastic surgery statistics and patient survey PDFs,https://www.dgaepc.de/aktuelles/dgaepc-statistik/,DGÄPC-Statistik Zahlen Fakten Trends,https://www.dgaepc.de/wp-content/uploads/2018/10/DGAEPC-Statistik_2018.pdf,,2018,pdf,downloaded,200,application/pdf,data\commercial_sources\geo_market_sources\germany_dgaepc_statistics\2018__pdf__dgaepc-statistik_2018__d9ead9be.pdf,df34e20d7b6cb238b0e3698a381d0ff64cc208a6332669f391114c40b14539c0,2787483,2026-06-20T11:54:56+08:00,Useful Europe country-level companion; verify whether counts are procedure volume or survey shares before loading to market_metrics.
germany_dgaepc_statistics,Europe,Germany,DGÄPC statistics,official_association_statistics,official_association,procedure_mix_country_year,annual German aesthetic-plastic surgery statistics and patient survey PDFs,https://www.dgaepc.de/aktuelles/dgaepc-statistik/,DGÄPC-Statistik Zahlen Fakten Trends,https://www.dgaepc.de/wp-content/uploads/2019/11/dgaepc_statistik-2019.pdf,,2019,pdf,downloaded,200,application/pdf,data\commercial_sources\geo_market_sources\germany_dgaepc_statistics\2019__pdf__dgaepc_statistik-2019__e9ed1ed6.pdf,05a14b7c9a236394261a74521a57aff4c3b93a68f7ebf8159201466be36447c7,1961033,2026-06-20T11:54:53+08:00,Useful Europe country-level companion; verify whether counts are procedure volume or survey shares before loading to market_metrics.
germany_dgaepc_statistics,Europe,Germany,DGÄPC statistics,official_association_statistics,official_association,procedure_mix_country_year,annual German aesthetic-plastic surgery statistics and patient survey PDFs,https://www.dgaepc.de/aktuelles/dgaepc-statistik/,DGÄPC-Statistik Zahlen Fakten Trends,https://www.dgaepc.de/aktuelles/dgaepc-statistik/dgaepc-statistik-2020/,,2020,html_link,discovered,,,,,,2026-06-20T11:54:50+08:00,Useful Europe country-level companion; verify whether counts are procedure volume or survey shares before loading to market_metrics.
germany_dgaepc_statistics,Europe,Germany,DGÄPC statistics,official_association_statistics,official_association,procedure_mix_country_year,annual German aesthetic-plastic surgery statistics and patient survey PDFs,https://www.dgaepc.de/aktuelles/dgaepc-statistik/,DGÄPC-Statistik Zahlen Fakten Trends,https://www.dgaepc.de/wp-content/uploads/2020/09/DGA%CC%88PC_Statistik-2019-2020_101120.pdf,,2020,pdf,downloaded,200,application/pdf,data\commercial_sources\geo_market_sources\germany_dgaepc_statistics\2020__pdf__dga-cc-88pc_statistik-2019-2020_101120__70167826.pdf,0a83aeb3f5b1d6aeaf661ea2c4e39ce7c7649ec37b7afe0255703213c07eed16,1317549,2026-06-20T11:54:51+08:00,Useful Europe country-level companion; verify whether counts are procedure volume or survey shares before loading to market_metrics.
germany_dgaepc_statistics,Europe,Germany,DGÄPC statistics,official_association_statistics,official_association,procedure_mix_country_year,annual German aesthetic-plastic surgery statistics and patient survey PDFs,https://www.dgaepc.de/aktuelles/dgaepc-statistik/,DGÄPC-Statistik Zahlen Fakten Trends,https://www.dgaepc.de/aktuelles/dgaepc-statistik/dgaepc-statistik-2021/,,2021,html_link,discovered,,,,,,2026-06-20T11:54:47+08:00,Useful Europe country-level companion; verify whether counts are procedure volume or survey shares before loading to market_metrics.
germany_dgaepc_statistics,Europe,Germany,DGÄPC statistics,official_association_statistics,official_association,procedure_mix_country_year,annual German aesthetic-plastic surgery statistics and patient survey PDFs,https://www.dgaepc.de/aktuelles/dgaepc-statistik/,DGÄPC-Statistik Zahlen Fakten Trends,https://www.dgaepc.de/wp-content/uploads/2021/10/DGAePC_Statistik-2021.pdf,,2021,pdf,downloaded,200,application/pdf,data\commercial_sources\geo_market_sources\germany_dgaepc_statistics\2021__pdf__dgaepc_statistik-2021__c7f31d54.pdf,a2b71676828fef62d617ae9910bfe7e9ee961bd5c0e5271eea4234391155ed67,2420325,2026-06-20T11:54:50+08:00,Useful Europe country-level companion; verify whether counts are procedure volume or survey shares before loading to market_metrics.
germany_dgaepc_statistics,Europe,Germany,DGÄPC statistics,official_association_statistics,official_association,procedure_mix_country_year,annual German aesthetic-plastic surgery statistics and patient survey PDFs,https://www.dgaepc.de/aktuelles/dgaepc-statistik/,DGÄPC-Statistik Zahlen Fakten Trends,https://www.dgaepc.de/aktuelles/dgaepc-statistik/dgaepc-statistik-2022/,,2022,html_link,discovered,,,,,,2026-06-20T11:54:45+08:00,Useful Europe country-level companion; verify whether counts are procedure volume or survey shares before loading to market_metrics.
germany_dgaepc_statistics,Europe,Germany,DGÄPC statistics,official_association_statistics,official_association,procedure_mix_country_year,annual German aesthetic-plastic surgery statistics and patient survey PDFs,https://www.dgaepc.de/aktuelles/dgaepc-statistik/,DGÄPC-Statistik Zahlen Fakten Trends,https://www.dgaepc.de/wp-content/uploads/2022/12/DGAECP-Statistik-2022-online.pdf,,2022,pdf,downloaded,200,application/pdf,data\commercial_sources\geo_market_sources\germany_dgaepc_statistics\2022__pdf__dgaecp-statistik-2022-online__93c10aaf.pdf,4ca41c000d4fcfa6de58b496e81e3aae4d93c1087547a461a18bda2481f224ab,1676990,2026-06-20T11:54:47+08:00,Useful Europe country-level companion; verify whether counts are procedure volume or survey shares before loading to market_metrics.
germany_dgaepc_statistics,Europe,Germany,DGÄPC statistics,official_association_statistics,official_association,procedure_mix_country_year,annual German aesthetic-plastic surgery statistics and patient survey PDFs,https://www.dgaepc.de/aktuelles/dgaepc-statistik/,DGÄPC-Statistik Zahlen Fakten Trends,https://www.dgaepc.de/aktuelles/dgaepc-statistik/dgaepc-statistik-2023/,,2023,html_link,discovered,,,,,,2026-06-20T11:54:44+08:00,Useful Europe country-level companion; verify whether counts are procedure volume or survey shares before loading to market_metrics.
germany_dgaepc_statistics,Europe,Germany,DGÄPC statistics,official_association_statistics,official_association,procedure_mix_country_year,annual German aesthetic-plastic surgery statistics and patient survey PDFs,https://www.dgaepc.de/aktuelles/dgaepc-statistik/,DGÄPC-Statistik Zahlen Fakten Trends,https://www.dgaepc.de/wp-content/uploads/2023/12/692202-Prospekt-DGACP-Statistik-2023-Webversion.pdf,,2023,pdf,downloaded,200,application/pdf,data\commercial_sources\geo_market_sources\germany_dgaepc_statistics\2023__pdf__692202-prospekt-dgacp-statistik-2023-webversion__77e21abd.pdf,231d2afb2134d0d9fecc297a93f556298245757a9fbe64c8d15a5acf2fd5ab1f,1675718,2026-06-20T11:54:45+08:00,Useful Europe country-level companion; verify whether counts are procedure volume or survey shares before loading to market_metrics.
germany_dgaepc_statistics,Europe,Germany,DGÄPC statistics,official_association_statistics,official_association,procedure_mix_country_year,annual German aesthetic-plastic surgery statistics and patient survey PDFs,https://www.dgaepc.de/aktuelles/dgaepc-statistik/,DGÄPC-Statistik Zahlen Fakten Trends,https://www.dgaepc.de/aktuelles/dgaepc-statistik/dgaepc-statistik-2024/,,2024,html_link,discovered,,,,,,2026-06-20T11:54:42+08:00,Useful Europe country-level companion; verify whether counts are procedure volume or survey shares before loading to market_metrics.
germany_dgaepc_statistics,Europe,Germany,DGÄPC statistics,official_association_statistics,official_association,procedure_mix_country_year,annual German aesthetic-plastic surgery statistics and patient survey PDFs,https://www.dgaepc.de/aktuelles/dgaepc-statistik/,DGÄPC-Statistik Zahlen Fakten Trends,https://www.dgaepc.de/wp-content/uploads/2024/11/dgaepc-statistik-2024-web-komprimiert.pdf,,2024,pdf,downloaded,200,application/pdf,data\commercial_sources\geo_market_sources\germany_dgaepc_statistics\2024__pdf__dgaepc-statistik-2024-web-komprimiert__2f532a8f.pdf,9a349aa31427f603947e5d8b1b287fd6a3408d008696c4c694edeb6dc1c93592,1564395,2026-06-20T11:54:44+08:00,Useful Europe country-level companion; verify whether counts are procedure volume or survey shares before loading to market_metrics.
germany_dgaepc_statistics,Europe,Germany,DGÄPC statistics,official_association_statistics,official_association,procedure_mix_country_year,annual German aesthetic-plastic surgery statistics and patient survey PDFs,https://www.dgaepc.de/aktuelles/dgaepc-statistik/,DGÄPC-Statistik Zahlen Fakten Trends,https://www.dgaepc.de/aktuelles/dgaepc-statistik/dgaepc-statistik-2025/,,2025,html_link,discovered,,,,,,2026-06-20T11:54:39+08:00,Useful Europe country-level companion; verify whether counts are procedure volume or survey shares before loading to market_metrics.
germany_dgaepc_statistics,Europe,Germany,DGÄPC statistics,official_association_statistics,official_association,procedure_mix_country_year,annual German aesthetic-plastic surgery statistics and patient survey PDFs,https://www.dgaepc.de/aktuelles/dgaepc-statistik/,DGÄPC-Statistik Zahlen Fakten Trends,https://www.dgaepc.de/wp-content/uploads/2025/11/DGAECP-Statistik-2025-Web.pdf,,2025,pdf,downloaded,200,application/pdf,data\commercial_sources\geo_market_sources\germany_dgaepc_statistics\2025__pdf__dgaecp-statistik-2025-web__5a1ecf14.pdf,054633e9cdebcea07e4b83bebbe9fd9c19b05591813f777234b18391a22f9912,12226450,2026-06-20T11:54:42+08:00,Useful Europe country-level companion; verify whether counts are procedure volume or survey shares before loading to market_metrics.
hong_kong_consumer_medical_beauty_complaints,Asia,Hong Kong,Consumer Council medical beauty regulation/complaints release,statutory_consumer_research,public_statutory_consumer_body,consumer_risk_heat_proxy,complaints and consumer-protection signals for medical beauty services,https://www.consumer.org.hk/en/press-release/medical-beauty,Over 90% of Consumers Support Legislative Approach to Govern “Medical Beauty” Service Consumer Council Calling for a Clear Definition and Licensing Regime | Consumer Council,https://ecomplaint.consumer.org.hk/?lang=en,,,html_link,discovered,,,,,,2026-06-20T11:54:04+08:00,"Use only as heat/risk proxy, not market size or treatment volume."
hong_kong_consumer_medical_beauty_complaints,Asia,Hong Kong,Consumer Council medical beauty regulation/complaints release,statutory_consumer_research,public_statutory_consumer_body,consumer_risk_heat_proxy,complaints and consumer-protection signals for medical beauty services,https://www.consumer.org.hk/en/press-release/medical-beauty,Over 90% of Consumers Support Legislative Approach to Govern “Medical Beauty” Service Consumer Council Calling for a Clear Definition and Licensing Regime | Consumer Council,https://www.consumer.org.hk/en/complaints-and-services,,,html_link,discovered,,,,,,2026-06-20T11:54:04+08:00,"Use only as heat/risk proxy, not market size or treatment volume."
hong_kong_consumer_medical_beauty_complaints,Asia,Hong Kong,Consumer Council medical beauty regulation/complaints release,statutory_consumer_research,public_statutory_consumer_body,consumer_risk_heat_proxy,complaints and consumer-protection signals for medical beauty services,https://www.consumer.org.hk/en/press-release/medical-beauty,Over 90% of Consumers Support Legislative Approach to Govern “Medical Beauty” Service Consumer Council Calling for a Clear Definition and Licensing Regime | Consumer Council,https://www.consumer.org.hk/en/complaints-and-services/complaint-and-enquiry-channels,,,html_link,discovered,,,,,,2026-06-20T11:54:04+08:00,"Use only as heat/risk proxy, not market size or treatment volume."
hong_kong_consumer_medical_beauty_complaints,Asia,Hong Kong,Consumer Council medical beauty regulation/complaints release,statutory_consumer_research,public_statutory_consumer_body,consumer_risk_heat_proxy,complaints and consumer-protection signals for medical beauty services,https://www.consumer.org.hk/en/press-release/medical-beauty,Over 90% of Consumers Support Legislative Approach to Govern “Medical Beauty” Service Consumer Council Calling for a Clear Definition and Licensing Regime | Consumer Council,https://www.consumer.org.hk/en/complaints-and-services/complaint-figures,,,html_link,discovered,,,,,,2026-06-20T11:54:04+08:00,"Use only as heat/risk proxy, not market size or treatment volume."
hong_kong_consumer_medical_beauty_complaints,Asia,Hong Kong,Consumer Council medical beauty regulation/complaints release,statutory_consumer_research,public_statutory_consumer_body,consumer_risk_heat_proxy,complaints and consumer-protection signals for medical beauty services,https://www.consumer.org.hk/en/press-release/medical-beauty,Over 90% of Consumers Support Legislative Approach to Govern “Medical Beauty” Service Consumer Council Calling for a Clear Definition and Licensing Regime | Consumer Council,https://www.consumer.org.hk/en/complaints-and-services/complaint-record,,,html_link,discovered,,,,,,2026-06-20T11:54:04+08:00,"Use only as heat/risk proxy, not market size or treatment volume."
hong_kong_consumer_medical_beauty_complaints,Asia,Hong Kong,Consumer Council medical beauty regulation/complaints release,statutory_consumer_research,public_statutory_consumer_body,consumer_risk_heat_proxy,complaints and consumer-protection signals for medical beauty services,https://www.consumer.org.hk/en/press-release/medical-beauty,Over 90% of Consumers Support Legislative Approach to Govern “Medical Beauty” Service Consumer Council Calling for a Clear Definition and Licensing Regime | Consumer Council,https://www.consumer.org.hk/en/complaints-and-services/consumer-legal-action-fund,,,html_link,discovered,,,,,,2026-06-20T11:54:04+08:00,"Use only as heat/risk proxy, not market size or treatment volume."
hong_kong_consumer_medical_beauty_complaints,Asia,Hong Kong,Consumer Council medical beauty regulation/complaints release,statutory_consumer_research,public_statutory_consumer_body,consumer_risk_heat_proxy,complaints and consumer-protection signals for medical beauty services,https://www.consumer.org.hk/en/press-release/medical-beauty,Over 90% of Consumers Support Legislative Approach to Govern “Medical Beauty” Service Consumer Council Calling for a Clear Definition and Licensing Regime | Consumer Council,https://www.consumer.org.hk/en/complaints-and-services/elderly-hotline,,,html_link,discovered,,,,,,2026-06-20T11:54:04+08:00,"Use only as heat/risk proxy, not market size or treatment volume."
hong_kong_consumer_medical_beauty_complaints,Asia,Hong Kong,Consumer Council medical beauty regulation/complaints release,statutory_consumer_research,public_statutory_consumer_body,consumer_risk_heat_proxy,complaints and consumer-protection signals for medical beauty services,https://www.consumer.org.hk/en/press-release/medical-beauty,Over 90% of Consumers Support Legislative Approach to Govern “Medical Beauty” Service Consumer Council Calling for a Clear Definition and Licensing Regime | Consumer Council,https://www.consumer.org.hk/en/complaints-and-services/faq,,,html_link,discovered,,,,,,2026-06-20T11:54:04+08:00,"Use only as heat/risk proxy, not market size or treatment volume."
hong_kong_consumer_medical_beauty_complaints,Asia,Hong Kong,Consumer Council medical beauty regulation/complaints release,statutory_consumer_research,public_statutory_consumer_body,consumer_risk_heat_proxy,complaints and consumer-protection signals for medical beauty services,https://www.consumer.org.hk/en/press-release/medical-beauty,Over 90% of Consumers Support Legislative Approach to Govern “Medical Beauty” Service Consumer Council Calling for a Clear Definition and Licensing Regime | Consumer Council,https://www.consumer.org.hk/en/complaints-and-services/named-firms,,,html_link,discovered,,,,,,2026-06-20T11:54:04+08:00,"Use only as heat/risk proxy, not market size or treatment volume."
hong_kong_consumer_medical_beauty_complaints,Asia,Hong Kong,Consumer Council medical beauty regulation/complaints release,statutory_consumer_research,public_statutory_consumer_body,consumer_risk_heat_proxy,complaints and consumer-protection signals for medical beauty services,https://www.consumer.org.hk/en/press-release/medical-beauty,Over 90% of Consumers Support Legislative Approach to Govern “Medical Beauty” Service Consumer Council Calling for a Clear Definition and Licensing Regime | Consumer Council,https://www.consumer.org.hk/en/complaints-and-services/racial-equality-measures,,,html_link,discovered,,,,,,2026-06-20T11:54:04+08:00,"Use only as heat/risk proxy, not market size or treatment volume."
hong_kong_consumer_medical_beauty_complaints,Asia,Hong Kong,Consumer Council medical beauty regulation/complaints release,statutory_consumer_research,public_statutory_consumer_body,consumer_risk_heat_proxy,complaints and consumer-protection signals for medical beauty services,https://www.consumer.org.hk/en/press-release/medical-beauty,Over 90% of Consumers Support Legislative Approach to Govern “Medical Beauty” Service Consumer Council Calling for a Clear Definition and Licensing Regime | Consumer Council,https://www.consumer.org.hk/en/complaints-and-services/sanctioned-traders,,,html_link,discovered,,,,,,2026-06-20T11:54:04+08:00,"Use only as heat/risk proxy, not market size or treatment volume."
hong_kong_consumer_medical_beauty_complaints,Asia,Hong Kong,Consumer Council medical beauty regulation/complaints release,statutory_consumer_research,public_statutory_consumer_body,consumer_risk_heat_proxy,complaints and consumer-protection signals for medical beauty services,https://www.consumer.org.hk/en/press-release/medical-beauty,Over 90% of Consumers Support Legislative Approach to Govern “Medical Beauty” Service Consumer Council Calling for a Clear Definition and Licensing Regime | Consumer Council,https://www.consumer.org.hk/en/complaints-and-services/wechat-mini-program,,,html_link,discovered,,,,,,2026-06-20T11:54:04+08:00,"Use only as heat/risk proxy, not market size or treatment volume."
hong_kong_consumer_medical_beauty_complaints,Asia,Hong Kong,Consumer Council medical beauty regulation/complaints release,statutory_consumer_research,public_statutory_consumer_body,consumer_risk_heat_proxy,complaints and consumer-protection signals for medical beauty services,https://www.consumer.org.hk/en/press-release/medical-beauty,Over 90% of Consumers Support Legislative Approach to Govern “Medical Beauty” Service Consumer Council Calling for a Clear Definition and Licensing Regime | Consumer Council,https://www.consumer.org.hk/en/press-release/medical-beauty#skip-start,Skip to main content,,html_link,discovered,,,,,,2026-06-20T11:54:04+08:00,"Use only as heat/risk proxy, not market size or treatment volume."
hong_kong_consumer_medical_beauty_complaints,Asia,Hong Kong,Consumer Council medical beauty regulation/complaints release,statutory_consumer_research,public_statutory_consumer_body,consumer_risk_heat_proxy,complaints and consumer-protection signals for medical beauty services,https://www.consumer.org.hk/en/press-release/medical-beauty,Over 90% of Consumers Support Legislative Approach to Govern “Medical Beauty” Service Consumer Council Calling for a Clear Definition and Licensing Regime | Consumer Council,https://www.consumer.org.hk/en/price-comparison-tools/infant-formula-price-survey,,,html_link,discovered,,,,,,2026-06-20T11:54:04+08:00,"Use only as heat/risk proxy, not market size or treatment volume."
hong_kong_consumer_medical_beauty_complaints,Asia,Hong Kong,Consumer Council medical beauty regulation/complaints release,statutory_consumer_research,public_statutory_consumer_body,consumer_risk_heat_proxy,complaints and consumer-protection signals for medical beauty services,https://www.consumer.org.hk/en/press-release/medical-beauty,Over 90% of Consumers Support Legislative Approach to Govern “Medical Beauty” Service Consumer Council Calling for a Clear Definition and Licensing Regime | Consumer Council,https://www.consumer.org.hk/en/shopping-guide/health-and-beauty,,,html_link,discovered,,,,,,2026-06-20T11:54:04+08:00,"Use only as heat/risk proxy, not market size or treatment volume."
hong_kong_consumer_medical_beauty_complaints,Asia,Hong Kong,Consumer Council medical beauty regulation/complaints release,statutory_consumer_research,public_statutory_consumer_body,consumer_risk_heat_proxy,complaints and consumer-protection signals for medical beauty services,https://www.consumer.org.hk/en/press-release/medical-beauty,Over 90% of Consumers Support Legislative Approach to Govern “Medical Beauty” Service Consumer Council Calling for a Clear Definition and Licensing Regime | Consumer Council,https://www.consumer.org.hk/sc/press-release/medical-beauty,简,,html_link,discovered,,,,,,2026-06-20T11:54:04+08:00,"Use only as heat/risk proxy, not market size or treatment volume."
hong_kong_consumer_medical_beauty_complaints,Asia,Hong Kong,Consumer Council medical beauty regulation/complaints release,statutory_consumer_research,public_statutory_consumer_body,consumer_risk_heat_proxy,complaints and consumer-protection signals for medical beauty services,https://www.consumer.org.hk/en/press-release/medical-beauty,Over 90% of Consumers Support Legislative Approach to Govern “Medical Beauty” Service Consumer Council Calling for a Clear Definition and Licensing Regime | Consumer Council,https://www.consumer.org.hk/tc/press-release/medical-beauty,繁,,html_link,discovered,,,,,,2026-06-20T11:54:04+08:00,"Use only as heat/risk proxy, not market size or treatment volume."
hong_kong_consumer_medical_beauty_complaints,Asia,Hong Kong,Consumer Council medical beauty regulation/complaints release,statutory_consumer_research,public_statutory_consumer_body,consumer_risk_heat_proxy,complaints and consumer-protection signals for medical beauty services,https://www.consumer.org.hk/en/press-release/medical-beauty,Over 90% of Consumers Support Legislative Approach to Govern “Medical Beauty” Service Consumer Council Calling for a Clear Definition and Licensing Regime | Consumer Council,https://www.consumer.org.hk/ws_en/competition_issues/reports/20161209.html,Source: Consumer Protection of Medical Beauty Services - A New Regulatory Regime,,html_link,discovered,,,,,,2026-06-20T11:54:04+08:00,"Use only as heat/risk proxy, not market size or treatment volume."
hong_kong_consumer_medical_beauty_complaints,Asia,Hong Kong,Consumer Council medical beauty regulation/complaints release,statutory_consumer_research,public_statutory_consumer_body,consumer_risk_heat_proxy,complaints and consumer-protection signals for medical beauty services,https://www.consumer.org.hk/en/press-release/medical-beauty,Over 90% of Consumers Support Legislative Approach to Govern “Medical Beauty” Service Consumer Council Calling for a Clear Definition and Licensing Regime | Consumer Council,https://www.consumer.org.hk/en/press-release/medical-beauty,,,html_source_page,fetched,200,text/html; charset=utf-8,,,,2026-06-20T11:54:04+08:00,"Use only as heat/risk proxy, not market size or treatment volume."
hong_kong_dh_day_procedure_centres,Asia,Hong Kong,DATA.GOV.HK licensed day procedure centres,official_government_open_data,official_government,provider_channel_density_proxy,licensed day procedure centres; specialty and address fields in CSV where available,https://data.gov.hk/en-data/api/3/action/package_show?id=hk-dh-dh_hq-dh-orphf-dpcl,List of Day Procedure Centres Licensed under Private Healthcare Facilities Ordinance (Cap. 633),https://www.dh.gov.hk/datagovhk/orphf/DPC_Cap.633_20251217_eng.csv,List of Day Procedure Centres Licensed under Private Healthcare Facilities Ordinance (Cap. 633) (English),,csv,downloaded,200,text/csv,data\commercial_sources\geo_market_sources\hong_kong_dh_day_procedure_centres\unknown-year__csv__list-of-day-procedure-centres-licensed-under-private-healthcare-faciliti__b17b9354.csv,1fae32c825dc730c4a164198cc5c84a4d3bce8189e09c0f52611bedc42917414,299694,2026-06-20T11:53:42+08:00,Channel/provider proxy under Private Healthcare Facilities Ordinance; not procedure count.
hong_kong_dh_day_procedure_centres,Asia,Hong Kong,DATA.GOV.HK licensed day procedure centres,official_government_open_data,official_government,provider_channel_density_proxy,licensed day procedure centres; specialty and address fields in CSV where available,https://data.gov.hk/en-data/api/3/action/package_show?id=hk-dh-dh_hq-dh-orphf-dpcl,List of Day Procedure Centres Licensed under Private Healthcare Facilities Ordinance (Cap. 633),https://www.dh.gov.hk/datagovhk/orphf/DPC_Cap.633_20251217_sc.csv,List of Day Procedure Centres Licensed under Private Healthcare Facilities Ordinance (Cap. 633) (Simplified Chinese),,csv,downloaded,200,text/csv,data\commercial_sources\geo_market_sources\hong_kong_dh_day_procedure_centres\unknown-year__csv__list-of-day-procedure-centres-licensed-under-private-healthcare-faciliti__d5ef7a4d.csv,1fae32c825dc730c4a164198cc5c84a4d3bce8189e09c0f52611bedc42917414,299694,2026-06-20T11:53:47+08:00,Channel/provider proxy under Private Healthcare Facilities Ordinance; not procedure count.
hong_kong_dh_day_procedure_centres,Asia,Hong Kong,DATA.GOV.HK licensed day procedure centres,official_government_open_data,official_government,provider_channel_density_proxy,licensed day procedure centres; specialty and address fields in CSV where available,https://data.gov.hk/en-data/api/3/action/package_show?id=hk-dh-dh_hq-dh-orphf-dpcl,List of Day Procedure Centres Licensed under Private Healthcare Facilities Ordinance (Cap. 633),https://www.dh.gov.hk/datagovhk/orphf/DPC_Cap.633_20251217_tc.csv,List of Day Procedure Centres Licensed under Private Healthcare Facilities Ordinance (Cap. 633) (Traditional Chinese),,csv,downloaded,200,text/csv,data\commercial_sources\geo_market_sources\hong_kong_dh_day_procedure_centres\unknown-year__csv__list-of-day-procedure-centres-licensed-under-private-healthcare-faciliti__45865a5d.csv,1fae32c825dc730c4a164198cc5c84a4d3bce8189e09c0f52611bedc42917414,299694,2026-06-20T11:53:44+08:00,Channel/provider proxy under Private Healthcare Facilities Ordinance; not procedure count.
hong_kong_dh_day_procedure_centres,Asia,Hong Kong,DATA.GOV.HK licensed day procedure centres,official_government_open_data,official_government,provider_channel_density_proxy,licensed day procedure centres; specialty and address fields in CSV where available,https://data.gov.hk/en-data/api/3/action/package_show?id=hk-dh-dh_hq-dh-orphf-dpcl,,https://data.gov.hk/en-data/api/3/action/package_show?id=hk-dh-dh_hq-dh-orphf-dpcl,CKAN package metadata,,json,downloaded,200,application/json;charset=utf-8,data\commercial_sources\geo_market_sources\hong_kong_dh_day_procedure_centres\unknown-year__json__ckan-package-metadata__665b8d56.json,65d5500925f2d081b4544194538ca899d2a70dcf7cbfd61a8c8da300aa25979c,4366,2026-06-20T11:53:39+08:00,Channel/provider proxy under Private Healthcare Facilities Ordinance; not procedure count.
hong_kong_dh_medical_beauty_guidance,Asia,Hong Kong,Department of Health medical beauty guidance,official_government_guidance,official_government,regulatory_context_proxy,procedure boundary definitions and regulatory context for medical beauty services,https://www.dh.gov.hk/english/useful/useful_medical_beauty/useful_medical_beauty.html,Department of Health - Differentiation between Medical Procedures and Beauty Services,https://www.dh.gov.hk/english/useful/useful_medical_beauty/useful_medical_beauty.html#mainContentSkip,Skip to content,,html_link,discovered,,,,,,2026-06-20T11:53:49+08:00,Regulatory context only; useful for scope definitions and channel classification.
hong_kong_dh_medical_beauty_guidance,Asia,Hong Kong,Department of Health medical beauty guidance,official_government_guidance,official_government,regulatory_context_proxy,procedure boundary definitions and regulatory context for medical beauty services,https://www.dh.gov.hk/english/useful/useful_medical_beauty/useful_medical_beauty.html,Department of Health - Differentiation between Medical Procedures and Beauty Services,https://www.dh.gov.hk/english/useful/useful_medical_beauty/useful_medical_beauty.html,,,html_source_page,fetched,200,text/html; charset=UTF-8,,,,2026-06-20T11:53:49+08:00,Regulatory context only; useful for scope definitions and channel classification.
hong_kong_dh_medical_beauty_guidance,Asia,Hong Kong,Department of Health medical beauty guidance,official_government_guidance,official_government,regulatory_context_proxy,procedure boundary definitions and regulatory context for medical beauty services,https://www.dh.gov.hk/english/useful/useful_medical_beauty/useful_medical_beauty.html,Department of Health - Differentiation between Medical Procedures and Beauty Services,https://www.dh.gov.hk/english/useful/useful_medical_beauty/files/Advisory_note_eng.pdf,,,pdf,downloaded,200,application/pdf,data\commercial_sources\geo_market_sources\hong_kong_dh_medical_beauty_guidance\unknown-year__pdf__advisory_note_eng__ee4e18c2.pdf,08df92875644e1b73eecb844394d3f1a6cb977d76154fd1863ed6641506684ab,479112,2026-06-20T11:53:58+08:00,Regulatory context only; useful for scope definitions and channel classification.
hong_kong_dh_medical_beauty_guidance,Asia,Hong Kong,Department of Health medical beauty guidance,official_government_guidance,official_government,regulatory_context_proxy,procedure boundary definitions and regulatory context for medical beauty services,https://www.dh.gov.hk/english/useful/useful_medical_beauty/useful_medical_beauty.html,Department of Health - Differentiation between Medical Procedures and Beauty Services,https://www.dh.gov.hk/english/useful/useful_medical_beauty/files/Factsheet_eng.pdf,,,pdf,downloaded,200,application/pdf,data\commercial_sources\geo_market_sources\hong_kong_dh_medical_beauty_guidance\unknown-year__pdf__factsheet_eng__7b0ac0c1.pdf,b1232d1ba89dcb2b387c67a1611107d83c2f962379048e55b1dfde89afda3aa7,205611,2026-06-20T11:53:53+08:00,Regulatory context only; useful for scope definitions and channel classification.
hong_kong_dh_medical_beauty_guidance,Asia,Hong Kong,Department of Health medical beauty guidance,official_government_guidance,official_government,regulatory_context_proxy,procedure boundary definitions and regulatory context for medical beauty services,https://www.dh.gov.hk/english/useful/useful_medical_beauty/useful_medical_beauty.html,Department of Health - Differentiation between Medical Procedures and Beauty Services,https://www.dh.gov.hk/english/useful/useful_medical_beauty/files/Letter_to_doctors.pdf,,,pdf,downloaded,200,application/pdf,data\commercial_sources\geo_market_sources\hong_kong_dh_medical_beauty_guidance\unknown-year__pdf__letter_to_doctors__632c1c48.pdf,7f8740330ba55dba54288535b1fd5f8ece3ef3c880797f42f88adbfbbc891847,172529,2026-06-20T11:54:00+08:00,Regulatory context only; useful for scope definitions and channel classification.
hong_kong_dh_medical_beauty_guidance,Asia,Hong Kong,Department of Health medical beauty guidance,official_government_guidance,official_government,regulatory_context_proxy,procedure boundary definitions and regulatory context for medical beauty services,https://www.dh.gov.hk/english/useful/useful_medical_beauty/useful_medical_beauty.html,Department of Health - Differentiation between Medical Procedures and Beauty Services,https://www.dh.gov.hk/english/useful/useful_medical_beauty/files/Letter_to_doctors2.pdf,,,pdf,downloaded,200,application/pdf,data\commercial_sources\geo_market_sources\hong_kong_dh_medical_beauty_guidance\unknown-year__pdf__letter_to_doctors2__453e8a26.pdf,8f363ddf46be50abb7973a23277dc9cbc28b614985b5a4f7cb470b646dd75815,146608,2026-06-20T11:54:02+08:00,Regulatory context only; useful for scope definitions and channel classification.
hong_kong_dh_medical_beauty_guidance,Asia,Hong Kong,Department of Health medical beauty guidance,official_government_guidance,official_government,regulatory_context_proxy,procedure boundary definitions and regulatory context for medical beauty services,https://www.dh.gov.hk/english/useful/useful_medical_beauty/useful_medical_beauty.html,Department of Health - Differentiation between Medical Procedures and Beauty Services,https://www.dh.gov.hk/english/useful/useful_medical_beauty/files/WG_report_eng.pdf,,,pdf,downloaded,200,application/pdf,data\commercial_sources\geo_market_sources\hong_kong_dh_medical_beauty_guidance\unknown-year__pdf__wg_report_eng__6b0dd533.pdf,6d82b5f177c404b3672c7db69e22b7fd87cb3660575c8323091ad813034d5699,490438,2026-06-20T11:53:51+08:00,Regulatory context only; useful for scope definitions and channel classification.
hong_kong_dh_medical_beauty_guidance,Asia,Hong Kong,Department of Health medical beauty guidance,official_government_guidance,official_government,regulatory_context_proxy,procedure boundary definitions and regulatory context for medical beauty services,https://www.dh.gov.hk/english/useful/useful_medical_beauty/useful_medical_beauty.html,Department of Health - Differentiation between Medical Procedures and Beauty Services,https://www.dh.gov.hk/tc_chi/useful/useful_medical_beauty/files/Booklet_on_Cosmetic_Procedures.pdf,,,pdf,downloaded,200,application/pdf,data\commercial_sources\geo_market_sources\hong_kong_dh_medical_beauty_guidance\unknown-year__pdf__booklet_on_cosmetic_procedures__941bafec.pdf,85c83c06ee92852fb1ba466e8157d19cb98dfa1f7d9d377e9d9c7b5ceb93121c,1818666,2026-06-20T11:53:55+08:00,Regulatory context only; useful for scope definitions and channel classification.
israel_ima_society_context,Middle East,Israel,IMAJ Plastic Surgery in Israel issue context,official_medical_association_journal,official_medical_association,association_context_proxy,specialty context and society references for Israeli plastic and aesthetic surgery,https://www.ima.org.il/medicineIMAJ/Article.aspx?aId=6650,ההסתדרות הרפואית בישראל,https://www.ima.org.il/MedicineIMAJ/Search.aspx?q=aesthetic surgery,aesthetic surgery,,html_link,discovered,,,,,,2026-06-20T11:55:28+08:00,"Context source only; useful for source discovery and Israel society grounding, not treatment volume."
israel_ima_society_context,Middle East,Israel,IMAJ Plastic Surgery in Israel issue context,official_medical_association_journal,official_medical_association,association_context_proxy,specialty context and society references for Israeli plastic and aesthetic surgery,https://www.ima.org.il/medicineIMAJ/Article.aspx?aId=6650,ההסתדרות הרפואית בישראל,https://www.ima.org.il/MedicineIMAJ/Search.aspx?q=plastic surgery,plastic surgery,,html_link,discovered,,,,,,2026-06-20T11:55:28+08:00,"Context source only; useful for source discovery and Israel society grounding, not treatment volume."
israel_ima_society_context,Middle East,Israel,IMAJ Plastic Surgery in Israel issue context,official_medical_association_journal,official_medical_association,association_context_proxy,specialty context and society references for Israeli plastic and aesthetic surgery,https://www.ima.org.il/medicineIMAJ/Article.aspx?aId=6650,ההסתדרות הרפואית בישראל,https://www.ima.org.il/MedicineIMAJ/StaticPage.aspx?Page=10339,What is the Israeli Medical Association?,,html_link,discovered,,,,,,2026-06-20T11:55:27+08:00,"Context source only; useful for source discovery and Israel society grounding, not treatment volume."
israel_ima_society_context,Middle East,Israel,IMAJ Plastic Surgery in Israel issue context,official_medical_association_journal,official_medical_association,association_context_proxy,specialty context and society references for Israeli plastic and aesthetic surgery,https://www.ima.org.il/medicineIMAJ/Article.aspx?aId=6650,ההסתדרות הרפואית בישראל,https://www.ima.org.il/medicineIMAJ/StaticPage.aspx?page=10339,What is the Israeli Medical Association?,,html_link,discovered,,,,,,2026-06-20T11:55:28+08:00,"Context source only; useful for source discovery and Israel society grounding, not treatment volume."
israel_ima_society_context,Middle East,Israel,IMAJ Plastic Surgery in Israel issue context,official_medical_association_journal,official_medical_association,association_context_proxy,specialty context and society references for Israeli plastic and aesthetic surgery,https://www.ima.org.il/medicineIMAJ/Article.aspx?aId=6650,ההסתדרות הרפואית בישראל,https://www.instagram.com/israelmedicalassociation/,Instagram,,html_link,discovered,,,,,,2026-06-20T11:55:23+08:00,"Context source only; useful for source discovery and Israel society grounding, not treatment volume."
israel_ima_society_context,Middle East,Israel,IMAJ Plastic Surgery in Israel issue context,official_medical_association_journal,official_medical_association,association_context_proxy,specialty context and society references for Israeli plastic and aesthetic surgery,https://www.ima.org.il/medicineIMAJ/Article.aspx?aId=6650,ההסתדרות הרפואית בישראל,https://www.ima.org.il/medicineIMAJ/Article.aspx?aId=6650,,,html_source_page,fetched,200,text/html; charset=utf-8,,,,2026-06-20T11:55:23+08:00,"Context source only; useful for source discovery and Israel society grounding, not treatment volume."
israel_ima_society_context,Middle East,Israel,IMAJ Plastic Surgery in Israel issue context,official_medical_association_journal,official_medical_association,association_context_proxy,specialty context and society references for Israeli plastic and aesthetic surgery,https://www.ima.org.il/medicineIMAJ/Article.aspx?aId=6650,ההסתדרות הרפואית בישראל,https://ima-contentfiles.s3.amazonaws.com/CheckListImaj.pdf,Checklist for Submitting Manuscript,,pdf,downloaded,200,application/pdf,data\commercial_sources\geo_market_sources\israel_ima_society_context\unknown-year__pdf__checklist-for-submitting-manuscript__57387d24.pdf,aa734e4d00f56fbba89962988504c80aa5af05d56caffba91a0aab0af78d5476,246567,2026-06-20T11:55:27+08:00,"Context source only; useful for source discovery and Israel society grounding, not treatment volume."
israel_ima_society_context,Middle East,Israel,IMAJ Plastic Surgery in Israel issue context,official_medical_association_journal,official_medical_association,association_context_proxy,specialty context and society references for Israeli plastic and aesthetic surgery,https://www.ima.org.il/medicineIMAJ/Article.aspx?aId=6650,ההסתדרות הרפואית בישראל,https://ima-files.s3.amazonaws.com/772406_a10118e6-08ec-4981-a92e-e255fdf0d513.pdf,Full article (PDF),,pdf,downloaded,200,application/pdf,data\commercial_sources\geo_market_sources\israel_ima_society_context\unknown-year__pdf__full-article-pdf__bb17e081.pdf,04bfa40100aabcf044186328163b5c54a4c758c852880034b042a3d2d6a0db18,189250,2026-06-20T11:55:28+08:00,"Context source only; useful for source discovery and Israel society grounding, not treatment volume."
israel_ima_society_context,Middle East,Israel,IMAJ Plastic Surgery in Israel issue context,official_medical_association_journal,official_medical_association,association_context_proxy,specialty context and society references for Israeli plastic and aesthetic surgery,https://www.ima.org.il/medicineIMAJ/Article.aspx?aId=6650,ההסתדרות הרפואית בישראל,https://www.ima.org.il/userfiles/image/Declarationimaj.pdf,Declaration Form,,pdf,downloaded,200,application/pdf,data\commercial_sources\geo_market_sources\israel_ima_society_context\unknown-year__pdf__declaration-form__e87c7c7c.pdf,a82010889db16dc0a0d1e706d91f92bffb40808416a96faa9a1be8e9b9a168c2,107409,2026-06-20T11:55:25+08:00,"Context source only; useful for source discovery and Israel society grounding, not treatment volume."
israel_ima_society_context,Middle East,Israel,IMAJ Plastic Surgery in Israel issue context,official_medical_association_journal,official_medical_association,association_context_proxy,specialty context and society references for Israeli plastic and aesthetic surgery,https://www.ima.org.il/medicineIMAJ/Article.aspx?aId=6650,ההסתדרות הרפואית בישראל,https://www.ima.org.il/userfiles/image/DisclosureImaj.pdf,Disclosure Form,,pdf,downloaded,200,application/pdf,data\commercial_sources\geo_market_sources\israel_ima_society_context\unknown-year__pdf__disclosure-form__29675c36.pdf,85452e579e15b93f97556ecc5d308b83834f01d0185c1eebdf0466c160ed4e2f,123877,2026-06-20T11:55:24+08:00,"Context source only; useful for source discovery and Israel society grounding, not treatment volume."
israel_plastic_surgery_society_news,Middle East,Israel,Israel Society of Plastic and Aesthetic Surgery news and locator,official_association_news_locator,official_association,association_survey_interest_proxy,association survey/news signals and specialist locator links for Israel,https://www.plasticsurgery.org.il/,איגוד הישראלי לכירורגיה פלסטית ואסתטית - Israel Society of Plastic Surgeons,https://www.plasticsurgery.org.il/ViewContent.aspx?CategoryId=9975,מידע רפואי על ניתוחים בתחום הפלסטיקה,,html_link,discovered,,,,,,2026-06-20T11:55:21+08:00,Current evidence is association news/survey and locator context. Use only as interest/channel proxy until official procedure tables are found.
israel_plastic_surgery_society_news,Middle East,Israel,Israel Society of Plastic and Aesthetic Surgery news and locator,official_association_news_locator,official_association,association_survey_interest_proxy,association survey/news signals and specialist locator links for Israel,https://www.plasticsurgery.org.il/,איגוד הישראלי לכירורגיה פלסטית ואסתטית - Israel Society of Plastic Surgeons,https://www.plasticsurgery.org.il/https://www.ima.org.il/DoctorsIndex/,אינדקס הרופאים,,html_link,discovered,,,,,,2026-06-20T11:55:21+08:00,Current evidence is association news/survey and locator context. Use only as interest/channel proxy until official procedure tables are found.
israel_plastic_surgery_society_news,Middle East,Israel,Israel Society of Plastic and Aesthetic Surgery news and locator,official_association_news_locator,official_association,association_survey_interest_proxy,association survey/news signals and specialist locator links for Israel,https://www.plasticsurgery.org.il/,איגוד הישראלי לכירורגיה פלסטית ואסתטית - Israel Society of Plastic Surgeons,https://www.plasticsurgery.org.il/,,,html_source_page,fetched,200,text/html; charset=utf-8,,,,2026-06-20T11:55:21+08:00,Current evidence is association news/survey and locator context. Use only as interest/channel proxy until official procedure tables are found.
israel_plastic_surgery_society_news,Middle East,Israel,Israel Society of Plastic and Aesthetic Surgery news and locator,official_association_news_locator,official_association,association_survey_interest_proxy,association survey/news signals and specialist locator links for Israel,https://www.plasticsurgery.org.il/,איגוד הישראלי לכירורגיה פלסטית ואסתטית - Israel Society of Plastic Surgeons,https://www.plasticsurgery.org.il/ViewEvent.aspx?EventId=3910,כנס האיגוד 2025,2025,html_link,discovered,,,,,,2026-06-20T11:55:21+08:00,Current evidence is association news/survey and locator context. Use only as interest/channel proxy until official procedure tables are found.
israel_plastic_surgery_society_news,Middle East,Israel,Israel Society of Plastic and Aesthetic Surgery news and locator,official_association_news_locator,official_association,association_survey_interest_proxy,association survey/news signals and specialist locator links for Israel,https://www.plasticsurgery.org.il/,איגוד הישראלי לכירורגיה פלסטית ואסתטית - Israel Society of Plastic Surgeons,https://www.plasticsurgery.org.il/ViewContent.aspx?CategoryId=9946,דמי חבר 2026,2026,html_link,discovered,,,,,,2026-06-20T11:55:21+08:00,Current evidence is association news/survey and locator context. Use only as interest/channel proxy until official procedure tables are found.
italy_aicpe_observatory_statistics,Europe,Italy,AICPE observatory and statistics,official_association_statistics,official_association,treatment_volume_country_year_candidate,Italy procedure totals and procedure-mix commentary; AICPE statistics archive links,https://www.aicpe.org/2022/02/comunicato-stampa-osservatorio-aicpe-come-ha-inciso-la-pandemia-sui-numeri-della-chirurgia-plastica-estetica/,COMUNICATO STAMPA - Osservatorio AICPE Come ha inciso la pandemia sui numeri della Chirurgia Plastica Estetica - AICPE,https://www.aicpe.org/press-2/statistiche/,Statistiche,,html_link,discovered,,,,,,2026-06-20T11:55:12+08:00,Association observatory source. Treat 2020/2019 procedure totals as candidate rows until methodology/source-label QA is complete.
italy_aicpe_observatory_statistics,Europe,Italy,AICPE observatory and statistics,official_association_statistics,official_association,treatment_volume_country_year_candidate,Italy procedure totals and procedure-mix commentary; AICPE statistics archive links,https://www.aicpe.org/2022/02/comunicato-stampa-osservatorio-aicpe-come-ha-inciso-la-pandemia-sui-numeri-della-chirurgia-plastica-estetica/,COMUNICATO STAMPA - Osservatorio AICPE Come ha inciso la pandemia sui numeri della Chirurgia Plastica Estetica - AICPE,https://www.linkedin.com/company/associazione-italiana-di-chirurgia-plastica-estetica/,,,html_link,discovered,,,,,,2026-06-20T11:55:12+08:00,Association observatory source. Treat 2020/2019 procedure totals as candidate rows until methodology/source-label QA is complete.
italy_aicpe_observatory_statistics,Europe,Italy,AICPE observatory and statistics,official_association_statistics,official_association,treatment_volume_country_year_candidate,Italy procedure totals and procedure-mix commentary; AICPE statistics archive links,https://www.aicpe.org/2022/02/comunicato-stampa-osservatorio-aicpe-come-ha-inciso-la-pandemia-sui-numeri-della-chirurgia-plastica-estetica/,COMUNICATO STAMPA - Osservatorio AICPE Come ha inciso la pandemia sui numeri della Chirurgia Plastica Estetica - AICPE,https://www.aicpe.org/2022/02/comunicato-stampa-osservatorio-aicpe-come-ha-inciso-la-pandemia-sui-numeri-della-chirurgia-plastica-estetica/,,2022,html_link,discovered,,,,,,2026-06-20T11:55:12+08:00,Association observatory source. Treat 2020/2019 procedure totals as candidate rows until methodology/source-label QA is complete.
italy_aicpe_observatory_statistics,Europe,Italy,AICPE observatory and statistics,official_association_statistics,official_association,treatment_volume_country_year_candidate,Italy procedure totals and procedure-mix commentary; AICPE statistics archive links,https://www.aicpe.org/2022/02/comunicato-stampa-osservatorio-aicpe-come-ha-inciso-la-pandemia-sui-numeri-della-chirurgia-plastica-estetica/,COMUNICATO STAMPA - Osservatorio AICPE Come ha inciso la pandemia sui numeri della Chirurgia Plastica Estetica - AICPE,https://www.aicpe.org/rassegna-stampa-2022/,2022,2022,html_link,discovered,,,,,,2026-06-20T11:55:12+08:00,Association observatory source. Treat 2020/2019 procedure totals as candidate rows until methodology/source-label QA is complete.
italy_aicpe_observatory_statistics,Europe,Italy,AICPE observatory and statistics,official_association_statistics,official_association,treatment_volume_country_year_candidate,Italy procedure totals and procedure-mix commentary; AICPE statistics archive links,https://www.aicpe.org/2022/02/comunicato-stampa-osservatorio-aicpe-come-ha-inciso-la-pandemia-sui-numeri-della-chirurgia-plastica-estetica/,COMUNICATO STAMPA - Osservatorio AICPE Come ha inciso la pandemia sui numeri della Chirurgia Plastica Estetica - AICPE,https://www.aicpe.org/2022/02/comunicato-stampa-osservatorio-aicpe-come-ha-inciso-la-pandemia-sui-numeri-della-chirurgia-plastica-estetica/,,2022,html_source_page,fetched,200,text/html; charset=UTF-8,,,,2026-06-20T11:55:12+08:00,Association observatory source. Treat 2020/2019 procedure totals as candidate rows until methodology/source-label QA is complete.
italy_aicpe_observatory_statistics,Europe,Italy,AICPE observatory and statistics,official_association_statistics,official_association,treatment_volume_country_year_candidate,Italy procedure totals and procedure-mix commentary; AICPE statistics archive links,https://www.aicpe.org/2022/02/comunicato-stampa-osservatorio-aicpe-come-ha-inciso-la-pandemia-sui-numeri-della-chirurgia-plastica-estetica/,COMUNICATO STAMPA - Osservatorio AICPE Come ha inciso la pandemia sui numeri della Chirurgia Plastica Estetica - AICPE,https://www.aicpe.org/rassegna-stampa-2023/,2023,2023,html_link,discovered,,,,,,2026-06-20T11:55:12+08:00,Association observatory source. Treat 2020/2019 procedure totals as candidate rows until methodology/source-label QA is complete.
italy_aicpe_observatory_statistics,Europe,Italy,AICPE observatory and statistics,official_association_statistics,official_association,treatment_volume_country_year_candidate,Italy procedure totals and procedure-mix commentary; AICPE statistics archive links,https://www.aicpe.org/2022/02/comunicato-stampa-osservatorio-aicpe-come-ha-inciso-la-pandemia-sui-numeri-della-chirurgia-plastica-estetica/,COMUNICATO STAMPA - Osservatorio AICPE Come ha inciso la pandemia sui numeri della Chirurgia Plastica Estetica - AICPE,https://www.aicpe.org/rassegna-stampa-2024/,2024,2024,html_link,discovered,,,,,,2026-06-20T11:55:12+08:00,Association observatory source. Treat 2020/2019 procedure totals as candidate rows until methodology/source-label QA is complete.
italy_sicpre_isaps_statistics,Europe,Italy,SICPRE ISAPS report commentary,official_association_statistics_commentary,official_association,treatment_volume_secondary_isaps_commentary,Italian association commentary on ISAPS global survey and Italy-specific page references,https://www.sicpre.it/report-2023-isaps-le-procedure-non-invasive-guidano-la-crescita-mondiale/,Report 2023 ISAPS: le procedure non invasive guidano la crescita mondiale – Sicpre – Società Italiana di Chirurgia Plastica Ricostruttiva ed Estetica,https://www.sicpre.it/asps-gli-unici-italiani-con-la-piu-prestigiosa-societa-del-mondo/,,,html_link,discovered,,,,,,2026-06-20T11:55:20+08:00,Secondary national association commentary on ISAPS. Keep separate from primary ISAPS PDF extraction.
italy_sicpre_isaps_statistics,Europe,Italy,SICPRE ISAPS report commentary,official_association_statistics_commentary,official_association,treatment_volume_secondary_isaps_commentary,Italian association commentary on ISAPS global survey and Italy-specific page references,https://www.sicpre.it/report-2023-isaps-le-procedure-non-invasive-guidano-la-crescita-mondiale/,Report 2023 ISAPS: le procedure non invasive guidano la crescita mondiale – Sicpre – Società Italiana di Chirurgia Plastica Ricostruttiva ed Estetica,https://www.sicpre.it/isaps-survey-partecipa-anche-tu-al-sondaggio-mondiale/,"ISAPS Survey, partecipa anche tu al sondaggio mondiale",,html_link,discovered,,,,,,2026-06-20T11:55:20+08:00,Secondary national association commentary on ISAPS. Keep separate from primary ISAPS PDF extraction.
italy_sicpre_isaps_statistics,Europe,Italy,SICPRE ISAPS report commentary,official_association_statistics_commentary,official_association,treatment_volume_secondary_isaps_commentary,Italian association commentary on ISAPS global survey and Italy-specific page references,https://www.sicpre.it/report-2023-isaps-le-procedure-non-invasive-guidano-la-crescita-mondiale/,Report 2023 ISAPS: le procedure non invasive guidano la crescita mondiale – Sicpre – Società Italiana di Chirurgia Plastica Ricostruttiva ed Estetica,https://www.isaps.org/media/rxnfqibn/isaps-global-survey_2023.pdf,,,pdf,downloaded,200,application/pdf,data\commercial_sources\geo_market_sources\italy_sicpre_isaps_statistics\unknown-year__pdf__isaps-global-survey_2023__65f26c04.pdf,20156bc6fdbc990a87fbaf50b656360d0452b0e2166bc6731cd7779b1c44e1dc,5835720,2026-06-20T11:55:20+08:00,Secondary national association commentary on ISAPS. Keep separate from primary ISAPS PDF extraction.
italy_sicpre_isaps_statistics,Europe,Italy,SICPRE ISAPS report commentary,official_association_statistics_commentary,official_association,treatment_volume_secondary_isaps_commentary,Italian association commentary on ISAPS global survey and Italy-specific page references,https://www.sicpre.it/report-2023-isaps-le-procedure-non-invasive-guidano-la-crescita-mondiale/,Report 2023 ISAPS: le procedure non invasive guidano la crescita mondiale – Sicpre – Società Italiana di Chirurgia Plastica Ricostruttiva ed Estetica,http://www.facebook.com/sharer.php?u=https://www.sicpre.it/report-2023-isaps-le-procedure-non-invasive-guidano-la-crescita-mondiale/,,2023,html_link,discovered,,,,,,2026-06-20T11:55:20+08:00,Secondary national association commentary on ISAPS. Keep separate from primary ISAPS PDF extraction.
italy_sicpre_isaps_statistics,Europe,Italy,SICPRE ISAPS report commentary,official_association_statistics_commentary,official_association,treatment_volume_secondary_isaps_commentary,Italian association commentary on ISAPS global survey and Italy-specific page references,https://www.sicpre.it/report-2023-isaps-le-procedure-non-invasive-guidano-la-crescita-mondiale/,Report 2023 ISAPS: le procedure non invasive guidano la crescita mondiale – Sicpre – Società Italiana di Chirurgia Plastica Ricostruttiva ed Estetica,https://twitter.com/share?url=https://www.sicpre.it/report-2023-isaps-le-procedure-non-invasive-guidano-la-crescita-mondiale/,,2023,html_link,discovered,,,,,,2026-06-20T11:55:20+08:00,Secondary national association commentary on ISAPS. Keep separate from primary ISAPS PDF extraction.
italy_sicpre_isaps_statistics,Europe,Italy,SICPRE ISAPS report commentary,official_association_statistics_commentary,official_association,treatment_volume_secondary_isaps_commentary,Italian association commentary on ISAPS global survey and Italy-specific page references,https://www.sicpre.it/report-2023-isaps-le-procedure-non-invasive-guidano-la-crescita-mondiale/,Report 2023 ISAPS: le procedure non invasive guidano la crescita mondiale – Sicpre – Società Italiana di Chirurgia Plastica Ricostruttiva ed Estetica,https://www.linkedin.com/shareArticle?url=https://www.sicpre.it/report-2023-isaps-le-procedure-non-invasive-guidano-la-crescita-mondiale/,,2023,html_link,discovered,,,,,,2026-06-20T11:55:20+08:00,Secondary national association commentary on ISAPS. Keep separate from primary ISAPS PDF extraction.
italy_sicpre_isaps_statistics,Europe,Italy,SICPRE ISAPS report commentary,official_association_statistics_commentary,official_association,treatment_volume_secondary_isaps_commentary,Italian association commentary on ISAPS global survey and Italy-specific page references,https://www.sicpre.it/report-2023-isaps-le-procedure-non-invasive-guidano-la-crescita-mondiale/,Report 2023 ISAPS: le procedure non invasive guidano la crescita mondiale – Sicpre – Società Italiana di Chirurgia Plastica Ricostruttiva ed Estetica,https://www.sicpre.it/2023/01/,Gennaio 2023,2023,html_link,discovered,,,,,,2026-06-20T11:55:20+08:00,Secondary national association commentary on ISAPS. Keep separate from primary ISAPS PDF extraction.
italy_sicpre_isaps_statistics,Europe,Italy,SICPRE ISAPS report commentary,official_association_statistics_commentary,official_association,treatment_volume_secondary_isaps_commentary,Italian association commentary on ISAPS global survey and Italy-specific page references,https://www.sicpre.it/report-2023-isaps-le-procedure-non-invasive-guidano-la-crescita-mondiale/,Report 2023 ISAPS: le procedure non invasive guidano la crescita mondiale – Sicpre – Società Italiana di Chirurgia Plastica Ricostruttiva ed Estetica,https://www.sicpre.it/2023/02/,Febbraio 2023,2023,html_link,discovered,,,,,,2026-06-20T11:55:20+08:00,Secondary national association commentary on ISAPS. Keep separate from primary ISAPS PDF extraction.
italy_sicpre_isaps_statistics,Europe,Italy,SICPRE ISAPS report commentary,official_association_statistics_commentary,official_association,treatment_volume_secondary_isaps_commentary,Italian association commentary on ISAPS global survey and Italy-specific page references,https://www.sicpre.it/report-2023-isaps-le-procedure-non-invasive-guidano-la-crescita-mondiale/,Report 2023 ISAPS: le procedure non invasive guidano la crescita mondiale – Sicpre – Società Italiana di Chirurgia Plastica Ricostruttiva ed Estetica,https://www.sicpre.it/2023/03/,Marzo 2023,2023,html_link,discovered,,,,,,2026-06-20T11:55:20+08:00,Secondary national association commentary on ISAPS. Keep separate from primary ISAPS PDF extraction.
italy_sicpre_isaps_statistics,Europe,Italy,SICPRE ISAPS report commentary,official_association_statistics_commentary,official_association,treatment_volume_secondary_isaps_commentary,Italian association commentary on ISAPS global survey and Italy-specific page references,https://www.sicpre.it/report-2023-isaps-le-procedure-non-invasive-guidano-la-crescita-mondiale/,Report 2023 ISAPS: le procedure non invasive guidano la crescita mondiale – Sicpre – Società Italiana di Chirurgia Plastica Ricostruttiva ed Estetica,https://www.sicpre.it/2023/04/,Aprile 2023,2023,html_link,discovered,,,,,,2026-06-20T11:55:20+08:00,Secondary national association commentary on ISAPS. Keep separate from primary ISAPS PDF extraction.
italy_sicpre_isaps_statistics,Europe,Italy,SICPRE ISAPS report commentary,official_association_statistics_commentary,official_association,treatment_volume_secondary_isaps_commentary,Italian association commentary on ISAPS global survey and Italy-specific page references,https://www.sicpre.it/report-2023-isaps-le-procedure-non-invasive-guidano-la-crescita-mondiale/,Report 2023 ISAPS: le procedure non invasive guidano la crescita mondiale – Sicpre – Società Italiana di Chirurgia Plastica Ricostruttiva ed Estetica,https://www.sicpre.it/2023/05/,Maggio 2023,2023,html_link,discovered,,,,,,2026-06-20T11:55:20+08:00,Secondary national association commentary on ISAPS. Keep separate from primary ISAPS PDF extraction.
italy_sicpre_isaps_statistics,Europe,Italy,SICPRE ISAPS report commentary,official_association_statistics_commentary,official_association,treatment_volume_secondary_isaps_commentary,Italian association commentary on ISAPS global survey and Italy-specific page references,https://www.sicpre.it/report-2023-isaps-le-procedure-non-invasive-guidano-la-crescita-mondiale/,Report 2023 ISAPS: le procedure non invasive guidano la crescita mondiale – Sicpre – Società Italiana di Chirurgia Plastica Ricostruttiva ed Estetica,https://www.sicpre.it/2023/06/,Giugno 2023,2023,html_link,discovered,,,,,,2026-06-20T11:55:20+08:00,Secondary national association commentary on ISAPS. Keep separate from primary ISAPS PDF extraction.
italy_sicpre_isaps_statistics,Europe,Italy,SICPRE ISAPS report commentary,official_association_statistics_commentary,official_association,treatment_volume_secondary_isaps_commentary,Italian association commentary on ISAPS global survey and Italy-specific page references,https://www.sicpre.it/report-2023-isaps-le-procedure-non-invasive-guidano-la-crescita-mondiale/,Report 2023 ISAPS: le procedure non invasive guidano la crescita mondiale – Sicpre – Società Italiana di Chirurgia Plastica Ricostruttiva ed Estetica,https://www.sicpre.it/2023/07/,Luglio 2023,2023,html_link,discovered,,,,,,2026-06-20T11:55:20+08:00,Secondary national association commentary on ISAPS. Keep separate from primary ISAPS PDF extraction.
italy_sicpre_isaps_statistics,Europe,Italy,SICPRE ISAPS report commentary,official_association_statistics_commentary,official_association,treatment_volume_secondary_isaps_commentary,Italian association commentary on ISAPS global survey and Italy-specific page references,https://www.sicpre.it/report-2023-isaps-le-procedure-non-invasive-guidano-la-crescita-mondiale/,Report 2023 ISAPS: le procedure non invasive guidano la crescita mondiale – Sicpre – Società Italiana di Chirurgia Plastica Ricostruttiva ed Estetica,https://www.sicpre.it/2023/08/,Agosto 2023,2023,html_link,discovered,,,,,,2026-06-20T11:55:20+08:00,Secondary national association commentary on ISAPS. Keep separate from primary ISAPS PDF extraction.
italy_sicpre_isaps_statistics,Europe,Italy,SICPRE ISAPS report commentary,official_association_statistics_commentary,official_association,treatment_volume_secondary_isaps_commentary,Italian association commentary on ISAPS global survey and Italy-specific page references,https://www.sicpre.it/report-2023-isaps-le-procedure-non-invasive-guidano-la-crescita-mondiale/,Report 2023 ISAPS: le procedure non invasive guidano la crescita mondiale – Sicpre – Società Italiana di Chirurgia Plastica Ricostruttiva ed Estetica,https://www.sicpre.it/2023/09/,Settembre 2023,2023,html_link,discovered,,,,,,2026-06-20T11:55:20+08:00,Secondary national association commentary on ISAPS. Keep separate from primary ISAPS PDF extraction.
italy_sicpre_isaps_statistics,Europe,Italy,SICPRE ISAPS report commentary,official_association_statistics_commentary,official_association,treatment_volume_secondary_isaps_commentary,Italian association commentary on ISAPS global survey and Italy-specific page references,https://www.sicpre.it/report-2023-isaps-le-procedure-non-invasive-guidano-la-crescita-mondiale/,Report 2023 ISAPS: le procedure non invasive guidano la crescita mondiale – Sicpre – Società Italiana di Chirurgia Plastica Ricostruttiva ed Estetica,https://www.sicpre.it/2023/10/,Ottobre 2023,2023,html_link,discovered,,,,,,2026-06-20T11:55:20+08:00,Secondary national association commentary on ISAPS. Keep separate from primary ISAPS PDF extraction.
italy_sicpre_isaps_statistics,Europe,Italy,SICPRE ISAPS report commentary,official_association_statistics_commentary,official_association,treatment_volume_secondary_isaps_commentary,Italian association commentary on ISAPS global survey and Italy-specific page references,https://www.sicpre.it/report-2023-isaps-le-procedure-non-invasive-guidano-la-crescita-mondiale/,Report 2023 ISAPS: le procedure non invasive guidano la crescita mondiale – Sicpre – Società Italiana di Chirurgia Plastica Ricostruttiva ed Estetica,https://www.sicpre.it/2023/11/,Novembre 2023,2023,html_link,discovered,,,,,,2026-06-20T11:55:20+08:00,Secondary national association commentary on ISAPS. Keep separate from primary ISAPS PDF extraction.
italy_sicpre_isaps_statistics,Europe,Italy,SICPRE ISAPS report commentary,official_association_statistics_commentary,official_association,treatment_volume_secondary_isaps_commentary,Italian association commentary on ISAPS global survey and Italy-specific page references,https://www.sicpre.it/report-2023-isaps-le-procedure-non-invasive-guidano-la-crescita-mondiale/,Report 2023 ISAPS: le procedure non invasive guidano la crescita mondiale – Sicpre – Società Italiana di Chirurgia Plastica Ricostruttiva ed Estetica,https://www.sicpre.it/2023/12/,Dicembre 2023,2023,html_link,discovered,,,,,,2026-06-20T11:55:20+08:00,Secondary national association commentary on ISAPS. Keep separate from primary ISAPS PDF extraction.
italy_sicpre_isaps_statistics,Europe,Italy,SICPRE ISAPS report commentary,official_association_statistics_commentary,official_association,treatment_volume_secondary_isaps_commentary,Italian association commentary on ISAPS global survey and Italy-specific page references,https://www.sicpre.it/report-2023-isaps-le-procedure-non-invasive-guidano-la-crescita-mondiale/,Report 2023 ISAPS: le procedure non invasive guidano la crescita mondiale – Sicpre – Società Italiana di Chirurgia Plastica Ricostruttiva ed Estetica,https://www.sicpre.it/icoplast-2023-dubai-5-7-maggio-al-via-la-call-for-abstract/,,2023,html_link,discovered,,,,,,2026-06-20T11:55:20+08:00,Secondary national association commentary on ISAPS. Keep separate from primary ISAPS PDF extraction.
italy_sicpre_isaps_statistics,Europe,Italy,SICPRE ISAPS report commentary,official_association_statistics_commentary,official_association,treatment_volume_secondary_isaps_commentary,Italian association commentary on ISAPS global survey and Italy-specific page references,https://www.sicpre.it/report-2023-isaps-le-procedure-non-invasive-guidano-la-crescita-mondiale/,Report 2023 ISAPS: le procedure non invasive guidano la crescita mondiale – Sicpre – Società Italiana di Chirurgia Plastica Ricostruttiva ed Estetica,https://www.sicpre.it/report-2023-isaps-le-procedure-non-invasive-guidano-la-crescita-mondiale/,STAMPA,2023,html_link,discovered,,,,,,2026-06-20T11:55:18+08:00,Secondary national association commentary on ISAPS. Keep separate from primary ISAPS PDF extraction.
italy_sicpre_isaps_statistics,Europe,Italy,SICPRE ISAPS report commentary,official_association_statistics_commentary,official_association,treatment_volume_secondary_isaps_commentary,Italian association commentary on ISAPS global survey and Italy-specific page references,https://www.sicpre.it/report-2023-isaps-le-procedure-non-invasive-guidano-la-crescita-mondiale/,Report 2023 ISAPS: le procedure non invasive guidano la crescita mondiale – Sicpre – Società Italiana di Chirurgia Plastica Ricostruttiva ed Estetica,whatsapp://send?text=https://www.sicpre.it/report-2023-isaps-le-procedure-non-invasive-guidano-la-crescita-mondiale/,,2023,html_link,discovered,,,,,,2026-06-20T11:55:20+08:00,Secondary national association commentary on ISAPS. Keep separate from primary ISAPS PDF extraction.
italy_sicpre_isaps_statistics,Europe,Italy,SICPRE ISAPS report commentary,official_association_statistics_commentary,official_association,treatment_volume_secondary_isaps_commentary,Italian association commentary on ISAPS global survey and Italy-specific page references,https://www.sicpre.it/report-2023-isaps-le-procedure-non-invasive-guidano-la-crescita-mondiale/,Report 2023 ISAPS: le procedure non invasive guidano la crescita mondiale – Sicpre – Società Italiana di Chirurgia Plastica Ricostruttiva ed Estetica,https://www.sicpre.it/report-2023-isaps-le-procedure-non-invasive-guidano-la-crescita-mondiale/,,2023,html_source_page,fetched,200,text/html; charset=UTF-8,,,,2026-06-20T11:55:16+08:00,Secondary national association commentary on ISAPS. Keep separate from primary ISAPS PDF extraction.
italy_sicpre_isaps_statistics,Europe,Italy,SICPRE ISAPS report commentary,official_association_statistics_commentary,official_association,treatment_volume_secondary_isaps_commentary,Italian association commentary on ISAPS global survey and Italy-specific page references,https://www.sicpre.it/report-2023-isaps-le-procedure-non-invasive-guidano-la-crescita-mondiale/,Report 2023 ISAPS: le procedure non invasive guidano la crescita mondiale – Sicpre – Società Italiana di Chirurgia Plastica Ricostruttiva ed Estetica,https://www.sicpre.it/2024/01/,Gennaio 2024,2024,html_link,discovered,,,,,,2026-06-20T11:55:20+08:00,Secondary national association commentary on ISAPS. Keep separate from primary ISAPS PDF extraction.
italy_sicpre_isaps_statistics,Europe,Italy,SICPRE ISAPS report commentary,official_association_statistics_commentary,official_association,treatment_volume_secondary_isaps_commentary,Italian association commentary on ISAPS global survey and Italy-specific page references,https://www.sicpre.it/report-2023-isaps-le-procedure-non-invasive-guidano-la-crescita-mondiale/,Report 2023 ISAPS: le procedure non invasive guidano la crescita mondiale – Sicpre – Società Italiana di Chirurgia Plastica Ricostruttiva ed Estetica,https://www.sicpre.it/2024/02/,Febbraio 2024,2024,html_link,discovered,,,,,,2026-06-20T11:55:20+08:00,Secondary national association commentary on ISAPS. Keep separate from primary ISAPS PDF extraction.
italy_sicpre_isaps_statistics,Europe,Italy,SICPRE ISAPS report commentary,official_association_statistics_commentary,official_association,treatment_volume_secondary_isaps_commentary,Italian association commentary on ISAPS global survey and Italy-specific page references,https://www.sicpre.it/report-2023-isaps-le-procedure-non-invasive-guidano-la-crescita-mondiale/,Report 2023 ISAPS: le procedure non invasive guidano la crescita mondiale – Sicpre – Società Italiana di Chirurgia Plastica Ricostruttiva ed Estetica,https://www.sicpre.it/2024/03/,Marzo 2024,2024,html_link,discovered,,,,,,2026-06-20T11:55:20+08:00,Secondary national association commentary on ISAPS. Keep separate from primary ISAPS PDF extraction.
italy_sicpre_isaps_statistics,Europe,Italy,SICPRE ISAPS report commentary,official_association_statistics_commentary,official_association,treatment_volume_secondary_isaps_commentary,Italian association commentary on ISAPS global survey and Italy-specific page references,https://www.sicpre.it/report-2023-isaps-le-procedure-non-invasive-guidano-la-crescita-mondiale/,Report 2023 ISAPS: le procedure non invasive guidano la crescita mondiale – Sicpre – Società Italiana di Chirurgia Plastica Ricostruttiva ed Estetica,https://www.sicpre.it/2024/04/,Aprile 2024,2024,html_link,discovered,,,,,,2026-06-20T11:55:20+08:00,Secondary national association commentary on ISAPS. Keep separate from primary ISAPS PDF extraction.
italy_sicpre_isaps_statistics,Europe,Italy,SICPRE ISAPS report commentary,official_association_statistics_commentary,official_association,treatment_volume_secondary_isaps_commentary,Italian association commentary on ISAPS global survey and Italy-specific page references,https://www.sicpre.it/report-2023-isaps-le-procedure-non-invasive-guidano-la-crescita-mondiale/,Report 2023 ISAPS: le procedure non invasive guidano la crescita mondiale – Sicpre – Società Italiana di Chirurgia Plastica Ricostruttiva ed Estetica,https://www.sicpre.it/2024/05/,Maggio 2024,2024,html_link,discovered,,,,,,2026-06-20T11:55:20+08:00,Secondary national association commentary on ISAPS. Keep separate from primary ISAPS PDF extraction.
italy_sicpre_isaps_statistics,Europe,Italy,SICPRE ISAPS report commentary,official_association_statistics_commentary,official_association,treatment_volume_secondary_isaps_commentary,Italian association commentary on ISAPS global survey and Italy-specific page references,https://www.sicpre.it/report-2023-isaps-le-procedure-non-invasive-guidano-la-crescita-mondiale/,Report 2023 ISAPS: le procedure non invasive guidano la crescita mondiale – Sicpre – Società Italiana di Chirurgia Plastica Ricostruttiva ed Estetica,https://www.sicpre.it/2024/06/,Giugno 2024,2024,html_link,discovered,,,,,,2026-06-20T11:55:20+08:00,Secondary national association commentary on ISAPS. Keep separate from primary ISAPS PDF extraction.
italy_sicpre_isaps_statistics,Europe,Italy,SICPRE ISAPS report commentary,official_association_statistics_commentary,official_association,treatment_volume_secondary_isaps_commentary,Italian association commentary on ISAPS global survey and Italy-specific page references,https://www.sicpre.it/report-2023-isaps-le-procedure-non-invasive-guidano-la-crescita-mondiale/,Report 2023 ISAPS: le procedure non invasive guidano la crescita mondiale – Sicpre – Società Italiana di Chirurgia Plastica Ricostruttiva ed Estetica,https://www.sicpre.it/2024/07/,Luglio 2024,2024,html_link,discovered,,,,,,2026-06-20T11:55:20+08:00,Secondary national association commentary on ISAPS. Keep separate from primary ISAPS PDF extraction.
italy_sicpre_isaps_statistics,Europe,Italy,SICPRE ISAPS report commentary,official_association_statistics_commentary,official_association,treatment_volume_secondary_isaps_commentary,Italian association commentary on ISAPS global survey and Italy-specific page references,https://www.sicpre.it/report-2023-isaps-le-procedure-non-invasive-guidano-la-crescita-mondiale/,Report 2023 ISAPS: le procedure non invasive guidano la crescita mondiale – Sicpre – Società Italiana di Chirurgia Plastica Ricostruttiva ed Estetica,https://www.sicpre.it/2024/08/,Agosto 2024,2024,html_link,discovered,,,,,,2026-06-20T11:55:20+08:00,Secondary national association commentary on ISAPS. Keep separate from primary ISAPS PDF extraction.
italy_sicpre_isaps_statistics,Europe,Italy,SICPRE ISAPS report commentary,official_association_statistics_commentary,official_association,treatment_volume_secondary_isaps_commentary,Italian association commentary on ISAPS global survey and Italy-specific page references,https://www.sicpre.it/report-2023-isaps-le-procedure-non-invasive-guidano-la-crescita-mondiale/,Report 2023 ISAPS: le procedure non invasive guidano la crescita mondiale – Sicpre – Società Italiana di Chirurgia Plastica Ricostruttiva ed Estetica,https://www.sicpre.it/2024/09/,Settembre 2024,2024,html_link,discovered,,,,,,2026-06-20T11:55:20+08:00,Secondary national association commentary on ISAPS. Keep separate from primary ISAPS PDF extraction.
italy_sicpre_isaps_statistics,Europe,Italy,SICPRE ISAPS report commentary,official_association_statistics_commentary,official_association,treatment_volume_secondary_isaps_commentary,Italian association commentary on ISAPS global survey and Italy-specific page references,https://www.sicpre.it/report-2023-isaps-le-procedure-non-invasive-guidano-la-crescita-mondiale/,Report 2023 ISAPS: le procedure non invasive guidano la crescita mondiale – Sicpre – Società Italiana di Chirurgia Plastica Ricostruttiva ed Estetica,https://www.sicpre.it/2024/10/,Ottobre 2024,2024,html_link,discovered,,,,,,2026-06-20T11:55:20+08:00,Secondary national association commentary on ISAPS. Keep separate from primary ISAPS PDF extraction.
italy_sicpre_isaps_statistics,Europe,Italy,SICPRE ISAPS report commentary,official_association_statistics_commentary,official_association,treatment_volume_secondary_isaps_commentary,Italian association commentary on ISAPS global survey and Italy-specific page references,https://www.sicpre.it/report-2023-isaps-le-procedure-non-invasive-guidano-la-crescita-mondiale/,Report 2023 ISAPS: le procedure non invasive guidano la crescita mondiale – Sicpre – Società Italiana di Chirurgia Plastica Ricostruttiva ed Estetica,https://www.sicpre.it/2024/11/,Novembre 2024,2024,html_link,discovered,,,,,,2026-06-20T11:55:20+08:00,Secondary national association commentary on ISAPS. Keep separate from primary ISAPS PDF extraction.
italy_sicpre_isaps_statistics,Europe,Italy,SICPRE ISAPS report commentary,official_association_statistics_commentary,official_association,treatment_volume_secondary_isaps_commentary,Italian association commentary on ISAPS global survey and Italy-specific page references,https://www.sicpre.it/report-2023-isaps-le-procedure-non-invasive-guidano-la-crescita-mondiale/,Report 2023 ISAPS: le procedure non invasive guidano la crescita mondiale – Sicpre – Società Italiana di Chirurgia Plastica Ricostruttiva ed Estetica,https://www.sicpre.it/2024/12/,Dicembre 2024,2024,html_link,discovered,,,,,,2026-06-20T11:55:20+08:00,Secondary national association commentary on ISAPS. Keep separate from primary ISAPS PDF extraction.
italy_sicpre_isaps_statistics,Europe,Italy,SICPRE ISAPS report commentary,official_association_statistics_commentary,official_association,treatment_volume_secondary_isaps_commentary,Italian association commentary on ISAPS global survey and Italy-specific page references,https://www.sicpre.it/report-2023-isaps-le-procedure-non-invasive-guidano-la-crescita-mondiale/,Report 2023 ISAPS: le procedure non invasive guidano la crescita mondiale – Sicpre – Società Italiana di Chirurgia Plastica Ricostruttiva ed Estetica,https://www.sicpre.it/wp-content/uploads/2024/04/codice-etico-sicpre_2024-2_240426_102717_240426_110358.pdf,Codice Etico,2024,pdf,downloaded,200,application/pdf,data\commercial_sources\geo_market_sources\italy_sicpre_isaps_statistics\2024__pdf__codice-etico__c8e60915.pdf,54a48c24be4546f66d85a2dd589469a6fc2e8b73223ba63a2b4257aa00974485,201997,2026-06-20T11:55:18+08:00,Secondary national association commentary on ISAPS. Keep separate from primary ISAPS PDF extraction.
japan_mhlw_aesthetic_medicine_status,Asia,Japan,MHLW aesthetic medicine status materials,official_government_statistics,official_government,physician_specialty_demand_proxy,"clinic physician counts by cosmetic surgery, plastic surgery and dermatology; regulatory and procedure-scope context",https://www.mhlw.go.jp/content/10803000/001363278.pdf,,https://www.mhlw.go.jp/content/10803000/001363278.pdf,MHLW aesthetic medicine status materials,,pdf,downloaded,200,application/pdf,data\commercial_sources\geo_market_sources\japan_mhlw_aesthetic_medicine_status\unknown-year__pdf__mhlw-aesthetic-medicine-status-materials__c92308b2.pdf,5541ff928de52b560ce8f9971b732c5af3580fdc74401075622fb1f66c0f543f,2931559,2026-06-20T11:55:01+08:00,Official MHLW material for aesthetic medicine status. Use as physician/specialty demand proxy; not treatment volume.
japan_mhlw_medical_info_net,Asia,Japan,MHLW Medical Information Net provider search,official_government_provider_locator,official_government,provider_channel_density_proxy,national medical institution search with specialty filters such as plastic surgery and cosmetic surgery,https://www.iryou.teikyouseido.mhlw.go.jp/znk-web/juminkanja/S2340/initialize,医療機関を場所で探す（全国）｜医療情報ネット｜厚生労働省,https://www.iryou.teikyouseido.mhlw.go.jp/znk-web/juminkanja/S2300/initialize,医療情報ネット（ナビイ）,,html_link,discovered,,,,,,2026-06-20T11:55:03+08:00,Provider locator proxy. Follow-up needs query/form endpoint mapping before city-level counts.
japan_mhlw_medical_info_net,Asia,Japan,MHLW Medical Information Net provider search,official_government_provider_locator,official_government,provider_channel_density_proxy,national medical institution search with specialty filters such as plastic surgery and cosmetic surgery,https://www.iryou.teikyouseido.mhlw.go.jp/znk-web/juminkanja/S2340/initialize,医療機関を場所で探す（全国）｜医療情報ネット｜厚生労働省,https://www.iryou.teikyouseido.mhlw.go.jp/znk-web/juminkanja/S2340/initialize,,,html_link,discovered,,,,,,2026-06-20T11:55:03+08:00,Provider locator proxy. Follow-up needs query/form endpoint mapping before city-level counts.
japan_mhlw_medical_info_net,Asia,Japan,MHLW Medical Information Net provider search,official_government_provider_locator,official_government,provider_channel_density_proxy,national medical institution search with specialty filters such as plastic surgery and cosmetic surgery,https://www.iryou.teikyouseido.mhlw.go.jp/znk-web/juminkanja/S2340/initialize,医療機関を場所で探す（全国）｜医療情報ネット｜厚生労働省,https://www.iryou.teikyouseido.mhlw.go.jp/znk-web/juminkanja/S2341/initialize,高齢者,,html_link,discovered,,,,,,2026-06-20T11:55:03+08:00,Provider locator proxy. Follow-up needs query/form endpoint mapping before city-level counts.
japan_mhlw_medical_info_net,Asia,Japan,MHLW Medical Information Net provider search,official_government_provider_locator,official_government,provider_channel_density_proxy,national medical institution search with specialty filters such as plastic surgery and cosmetic surgery,https://www.iryou.teikyouseido.mhlw.go.jp/znk-web/juminkanja/S2340/initialize,医療機関を場所で探す（全国）｜医療情報ネット｜厚生労働省,https://www.iryou.teikyouseido.mhlw.go.jp/znk-web/juminkanja/S2342/initialize,小児,,html_link,discovered,,,,,,2026-06-20T11:55:03+08:00,Provider locator proxy. Follow-up needs query/form endpoint mapping before city-level counts.
japan_mhlw_medical_info_net,Asia,Japan,MHLW Medical Information Net provider search,official_government_provider_locator,official_government,provider_channel_density_proxy,national medical institution search with specialty filters such as plastic surgery and cosmetic surgery,https://www.iryou.teikyouseido.mhlw.go.jp/znk-web/juminkanja/S2340/initialize,医療機関を場所で探す（全国）｜医療情報ネット｜厚生労働省,https://www.iryou.teikyouseido.mhlw.go.jp/znk-web/juminkanja/S2343/initialize,障害児・者、医療的ケア児,,html_link,discovered,,,,,,2026-06-20T11:55:03+08:00,Provider locator proxy. Follow-up needs query/form endpoint mapping before city-level counts.
japan_mhlw_medical_info_net,Asia,Japan,MHLW Medical Information Net provider search,official_government_provider_locator,official_government,provider_channel_density_proxy,national medical institution search with specialty filters such as plastic surgery and cosmetic surgery,https://www.iryou.teikyouseido.mhlw.go.jp/znk-web/juminkanja/S2340/initialize,医療機関を場所で探す（全国）｜医療情報ネット｜厚生労働省,https://www.iryou.teikyouseido.mhlw.go.jp/znk-web/juminkanja/S2344/initialize,女性,,html_link,discovered,,,,,,2026-06-20T11:55:03+08:00,Provider locator proxy. Follow-up needs query/form endpoint mapping before city-level counts.
japan_mhlw_medical_info_net,Asia,Japan,MHLW Medical Information Net provider search,official_government_provider_locator,official_government,provider_channel_density_proxy,national medical institution search with specialty filters such as plastic surgery and cosmetic surgery,https://www.iryou.teikyouseido.mhlw.go.jp/znk-web/juminkanja/S2340/initialize,医療機関を場所で探す（全国）｜医療情報ネット｜厚生労働省,https://www.iryou.teikyouseido.mhlw.go.jp/znk-web/juminkanja/S2345/initialize,難病,,html_link,discovered,,,,,,2026-06-20T11:55:03+08:00,Provider locator proxy. Follow-up needs query/form endpoint mapping before city-level counts.
japan_mhlw_medical_info_net,Asia,Japan,MHLW Medical Information Net provider search,official_government_provider_locator,official_government,provider_channel_density_proxy,national medical institution search with specialty filters such as plastic surgery and cosmetic surgery,https://www.iryou.teikyouseido.mhlw.go.jp/znk-web/juminkanja/S2340/initialize,医療機関を場所で探す（全国）｜医療情報ネット｜厚生労働省,https://www.iryou.teikyouseido.mhlw.go.jp/znk-web/juminkanja/S2360/initialize,他の項目,,html_link,discovered,,,,,,2026-06-20T11:55:03+08:00,Provider locator proxy. Follow-up needs query/form endpoint mapping before city-level counts.
japan_mhlw_medical_info_net,Asia,Japan,MHLW Medical Information Net provider search,official_government_provider_locator,official_government,provider_channel_density_proxy,national medical institution search with specialty filters such as plastic surgery and cosmetic surgery,https://www.iryou.teikyouseido.mhlw.go.jp/znk-web/juminkanja/S2340/initialize,医療機関を場所で探す（全国）｜医療情報ネット｜厚生労働省,https://www.iryou.teikyouseido.mhlw.go.jp/znk-web/juminkanja/S2900/initialize?tab=1,お気に入り病院等,,html_link,discovered,,,,,,2026-06-20T11:55:03+08:00,Provider locator proxy. Follow-up needs query/form endpoint mapping before city-level counts.
japan_mhlw_medical_info_net,Asia,Japan,MHLW Medical Information Net provider search,official_government_provider_locator,official_government,provider_channel_density_proxy,national medical institution search with specialty filters such as plastic surgery and cosmetic surgery,https://www.iryou.teikyouseido.mhlw.go.jp/znk-web/juminkanja/S2340/initialize,医療機関を場所で探す（全国）｜医療情報ネット｜厚生労働省,https://www.iryou.teikyouseido.mhlw.go.jp/znk-web/juminkanja/S2900/initialize?tab=2,お気に入り薬剤師・薬局,,html_link,discovered,,,,,,2026-06-20T11:55:03+08:00,Provider locator proxy. Follow-up needs query/form endpoint mapping before city-level counts.
japan_mhlw_medical_info_net,Asia,Japan,MHLW Medical Information Net provider search,official_government_provider_locator,official_government,provider_channel_density_proxy,national medical institution search with specialty filters such as plastic surgery and cosmetic surgery,https://www.iryou.teikyouseido.mhlw.go.jp/znk-web/juminkanja/S2340/initialize,医療機関を場所で探す（全国）｜医療情報ネット｜厚生労働省,https://znk-medical-info.j-server.com/LUCZNKMDIF/ns/w4/jaen/https://www.iryou.teikyouseido.mhlw.go.jp/znk-web/juminkanja/S2300/initialize,English,,html_link,discovered,,,,,,2026-06-20T11:55:03+08:00,Provider locator proxy. Follow-up needs query/form endpoint mapping before city-level counts.
japan_mhlw_medical_info_net,Asia,Japan,MHLW Medical Information Net provider search,official_government_provider_locator,official_government,provider_channel_density_proxy,national medical institution search with specialty filters such as plastic surgery and cosmetic surgery,https://www.iryou.teikyouseido.mhlw.go.jp/znk-web/juminkanja/S2340/initialize,医療機関を場所で探す（全国）｜医療情報ネット｜厚生労働省,https://znk-medical-info.j-server.com/LUCZNKMDIF/ns/w4/jako/https://www.iryou.teikyouseido.mhlw.go.jp/znk-web/juminkanja/S2300/initialize,한국어,,html_link,discovered,,,,,,2026-06-20T11:55:03+08:00,Provider locator proxy. Follow-up needs query/form endpoint mapping before city-level counts.
japan_mhlw_medical_info_net,Asia,Japan,MHLW Medical Information Net provider search,official_government_provider_locator,official_government,provider_channel_density_proxy,national medical institution search with specialty filters such as plastic surgery and cosmetic surgery,https://www.iryou.teikyouseido.mhlw.go.jp/znk-web/juminkanja/S2340/initialize,医療機関を場所で探す（全国）｜医療情報ネット｜厚生労働省,https://znk-medical-info.j-server.com/LUCZNKMDIF/ns/w4/jazh/https://www.iryou.teikyouseido.mhlw.go.jp/znk-web/juminkanja/S2300/initialize,简体中文,,html_link,discovered,,,,,,2026-06-20T11:55:03+08:00,Provider locator proxy. Follow-up needs query/form endpoint mapping before city-level counts.
japan_mhlw_medical_info_net,Asia,Japan,MHLW Medical Information Net provider search,official_government_provider_locator,official_government,provider_channel_density_proxy,national medical institution search with specialty filters such as plastic surgery and cosmetic surgery,https://www.iryou.teikyouseido.mhlw.go.jp/znk-web/juminkanja/S2340/initialize,医療機関を場所で探す（全国）｜医療情報ネット｜厚生労働省,https://znk-medical-info.j-server.com/LUCZNKMDIF/ns/w4/jazhb/https://www.iryou.teikyouseido.mhlw.go.jp/znk-web/juminkanja/S2300/initialize,繁體中文,,html_link,discovered,,,,,,2026-06-20T11:55:03+08:00,Provider locator proxy. Follow-up needs query/form endpoint mapping before city-level counts.
japan_mhlw_medical_info_net,Asia,Japan,MHLW Medical Information Net provider search,official_government_provider_locator,official_government,provider_channel_density_proxy,national medical institution search with specialty filters such as plastic surgery and cosmetic surgery,https://www.iryou.teikyouseido.mhlw.go.jp/znk-web/juminkanja/S2340/initialize,医療機関を場所で探す（全国）｜医療情報ネット｜厚生労働省,https://www.iryou.teikyouseido.mhlw.go.jp/znk-web/juminkanja/S2340/initialize,,,html_source_page,fetched,200,text/html;charset=UTF-8,,,,2026-06-20T11:55:03+08:00,Provider locator proxy. Follow-up needs query/form endpoint mapping before city-level counts.
poland_nil_physician_statistics,Europe,Poland,NIL Central Register of Physicians statistics,official_professional_registry_statistics,official_professional_council,surgeon_denominator_proxy,physician register statistical tables; specialty denominator including plastic surgery where available,https://nil.org.pl/rejestry/centralny-rejestr-lekarzy/informacje-statystyczne,NIL - Informacje statystyczne,https://nil.org.pl/rejestry/centralny-rejestr-lekarzy/informacje-statystyczne,,,html_source_page,fetched,200,text/html; charset=UTF-8,,,,2026-06-20T11:55:40+08:00,"Official Polish physician-register statistics. Use as specialist denominator, not procedure volume."
poland_nil_physician_statistics,Europe,Poland,NIL Central Register of Physicians statistics,official_professional_registry_statistics,official_professional_council,surgeon_denominator_proxy,physician register statistical tables; specialty denominator including plastic surgery where available,https://nil.org.pl/rejestry/centralny-rejestr-lekarzy/informacje-statystyczne,NIL - Informacje statystyczne,https://nil.org.pl/uploaded_files/1574855498_legenda-1.pdf,Legenda,,pdf,downloaded,200,application/pdf,data\commercial_sources\geo_market_sources\poland_nil_physician_statistics\unknown-year__pdf__legenda__869359e5.pdf,5265ddec021209141906b6bc41c626d859cbbf2842b99c21b7794914bf730bf6,451133,2026-06-20T11:55:48+08:00,"Official Polish physician-register statistics. Use as specialist denominator, not procedure volume."
poland_nil_physician_statistics,Europe,Poland,NIL Central Register of Physicians statistics,official_professional_registry_statistics,official_professional_council,surgeon_denominator_proxy,physician register statistical tables; specialty denominator including plastic surgery where available,https://nil.org.pl/rejestry/centralny-rejestr-lekarzy/informacje-statystyczne,NIL - Informacje statystyczne,https://nil.org.pl/uploaded_files/1768208069_31122025-zestawienie-nr-4.pdf,Zestawienie nr 4,,pdf,downloaded,200,application/pdf,data\commercial_sources\geo_market_sources\poland_nil_physician_statistics\unknown-year__pdf__zestawienie-nr-4__c1d0d866.pdf,235999a30b51e129ad79d94d9c6a9172d5b842f971559a541610bf446108a3af,20183,2026-06-20T11:55:44+08:00,"Official Polish physician-register statistics. Use as specialist denominator, not procedure volume."
poland_nil_physician_statistics,Europe,Poland,NIL Central Register of Physicians statistics,official_professional_registry_statistics,official_professional_council,surgeon_denominator_proxy,physician register statistical tables; specialty denominator including plastic surgery where available,https://nil.org.pl/rejestry/centralny-rejestr-lekarzy/informacje-statystyczne,NIL - Informacje statystyczne,https://nil.org.pl/uploaded_files/1768208069_31122025-zestawienie-nr-5.pdf,Zestawienie nr 5,,pdf,downloaded,200,application/pdf,data\commercial_sources\geo_market_sources\poland_nil_physician_statistics\unknown-year__pdf__zestawienie-nr-5__476cf282.pdf,61946d55b6bf4bebb7aa36570f4e5f919ac2e42e628f1f4bfa037d8b1682a484,9183,2026-06-20T11:55:45+08:00,"Official Polish physician-register statistics. Use as specialist denominator, not procedure volume."
poland_nil_physician_statistics,Europe,Poland,NIL Central Register of Physicians statistics,official_professional_registry_statistics,official_professional_council,surgeon_denominator_proxy,physician register statistical tables; specialty denominator including plastic surgery where available,https://nil.org.pl/rejestry/centralny-rejestr-lekarzy/informacje-statystyczne,NIL - Informacje statystyczne,https://nil.org.pl/uploaded_files/1768563728_31122025-zestawienie-nr-1-2.pdf,Zestawienie nr 1,,pdf,downloaded,200,application/pdf,data\commercial_sources\geo_market_sources\poland_nil_physician_statistics\unknown-year__pdf__zestawienie-nr-1__527e697b.pdf,2348b8459340de937bdb3da6a0bfdd5e9ffcdd081cf0451ee2a4534abf3ddcc5,8063,2026-06-20T11:55:41+08:00,"Official Polish physician-register statistics. Use as specialist denominator, not procedure volume."
poland_nil_physician_statistics,Europe,Poland,NIL Central Register of Physicians statistics,official_professional_registry_statistics,official_professional_council,surgeon_denominator_proxy,physician register statistical tables; specialty denominator including plastic surgery where available,https://nil.org.pl/rejestry/centralny-rejestr-lekarzy/informacje-statystyczne,NIL - Informacje statystyczne,https://nil.org.pl/uploaded_files/1768563728_31122025-zestawienie-nr-2-2.pdf,Zestawienie nr 2,,pdf,downloaded,200,application/pdf,data\commercial_sources\geo_market_sources\poland_nil_physician_statistics\unknown-year__pdf__zestawienie-nr-2__5eaf1326.pdf,eeb74066381fd2d090f2cca4fdb0fd8e68ed63e08c7e9a9c67cd1915d16bff22,6677,2026-06-20T11:55:42+08:00,"Official Polish physician-register statistics. Use as specialist denominator, not procedure volume."
poland_nil_physician_statistics,Europe,Poland,NIL Central Register of Physicians statistics,official_professional_registry_statistics,official_professional_council,surgeon_denominator_proxy,physician register statistical tables; specialty denominator including plastic surgery where available,https://nil.org.pl/rejestry/centralny-rejestr-lekarzy/informacje-statystyczne,NIL - Informacje statystyczne,https://nil.org.pl/uploaded_files/1768563728_31122025-zestawienie-nr-3-2.pdf,Zestawienie nr 3,,pdf,downloaded,200,application/pdf,data\commercial_sources\geo_market_sources\poland_nil_physician_statistics\unknown-year__pdf__zestawienie-nr-3__da4199cf.pdf,daf7190623de9f6d9a1bf3732ec9aa2f66bd7d2b79c1a279cd3eb433ac283765,7092,2026-06-20T11:55:43+08:00,"Official Polish physician-register statistics. Use as specialist denominator, not procedure volume."
poland_nil_physician_statistics,Europe,Poland,NIL Central Register of Physicians statistics,official_professional_registry_statistics,official_professional_council,surgeon_denominator_proxy,physician register statistical tables; specialty denominator including plastic surgery where available,https://nil.org.pl/rejestry/centralny-rejestr-lekarzy/informacje-statystyczne,NIL - Informacje statystyczne,https://nil.org.pl/uploaded_files/1768563728_31122025-zestawienie-nr-7-2.pdf,Zestawienie nr 7,,pdf,downloaded,200,application/pdf,data\commercial_sources\geo_market_sources\poland_nil_physician_statistics\unknown-year__pdf__zestawienie-nr-7__8ffb7d72.pdf,d71c7ba6202b5040585ca71856a93d7b8e5eb08512ba78aa5b0d0dec58eecc91,5110,2026-06-20T11:55:46+08:00,"Official Polish physician-register statistics. Use as specialist denominator, not procedure volume."
poland_ptchprie_surgeon_locator,Europe,Poland,"Polish Society of Plastic, Reconstructive and Aesthetic Surgery locator",official_association_provider_locator,official_association,surgeon_density_proxy,plastic surgeon finder and hospital-department list for Poland,https://www.ptchprie.pl/znajdz_lekarza.html,"Znajdź lekarza - Polskie Towarzystwo Chirurgii Plastycznej, Rekonstrukcyjnej i Estetycznej",https://konsultant.ptchprie.pl/,Konsultant Krajowy w dziedzinie Chirurgii Plastycznej,,html_link,discovered,,,,,,2026-06-20T11:55:50+08:00,Official association locator/channel proxy. Use aggregate counts only.
poland_ptchprie_surgeon_locator,Europe,Poland,"Polish Society of Plastic, Reconstructive and Aesthetic Surgery locator",official_association_provider_locator,official_association,surgeon_density_proxy,plastic surgeon finder and hospital-department list for Poland,https://www.ptchprie.pl/znajdz_lekarza.html,"Znajdź lekarza - Polskie Towarzystwo Chirurgii Plastycznej, Rekonstrukcyjnej i Estetycznej",https://www.ptchprie.pl/dla_lekarzy.html,Dla Lekarzy,,html_link,discovered,,,,,,2026-06-20T11:55:50+08:00,Official association locator/channel proxy. Use aggregate counts only.
poland_ptchprie_surgeon_locator,Europe,Poland,"Polish Society of Plastic, Reconstructive and Aesthetic Surgery locator",official_association_provider_locator,official_association,surgeon_density_proxy,plastic surgeon finder and hospital-department list for Poland,https://www.ptchprie.pl/znajdz_lekarza.html,"Znajdź lekarza - Polskie Towarzystwo Chirurgii Plastycznej, Rekonstrukcyjnej i Estetycznej",https://www.ptchprie.pl/map/znajdz_lekarza.html,,,html_link,discovered,,,,,,2026-06-20T11:55:50+08:00,Official association locator/channel proxy. Use aggregate counts only.
poland_ptchprie_surgeon_locator,Europe,Poland,"Polish Society of Plastic, Reconstructive and Aesthetic Surgery locator",official_association_provider_locator,official_association,surgeon_density_proxy,plastic surgeon finder and hospital-department list for Poland,https://www.ptchprie.pl/znajdz_lekarza.html,"Znajdź lekarza - Polskie Towarzystwo Chirurgii Plastycznej, Rekonstrukcyjnej i Estetycznej",https://www.ptchprie.pl/name/znajdz_lekarza.html,,,html_link,discovered,,,,,,2026-06-20T11:55:50+08:00,Official association locator/channel proxy. Use aggregate counts only.
poland_ptchprie_surgeon_locator,Europe,Poland,"Polish Society of Plastic, Reconstructive and Aesthetic Surgery locator",official_association_provider_locator,official_association,surgeon_density_proxy,plastic surgeon finder and hospital-department list for Poland,https://www.ptchprie.pl/znajdz_lekarza.html,"Znajdź lekarza - Polskie Towarzystwo Chirurgii Plastycznej, Rekonstrukcyjnej i Estetycznej",https://www.ptchprie.pl/oddzialy_szpitalne.html,Oddziały szpitalne,,html_link,discovered,,,,,,2026-06-20T11:55:50+08:00,Official association locator/channel proxy. Use aggregate counts only.
poland_ptchprie_surgeon_locator,Europe,Poland,"Polish Society of Plastic, Reconstructive and Aesthetic Surgery locator",official_association_provider_locator,official_association,surgeon_density_proxy,plastic surgeon finder and hospital-department list for Poland,https://www.ptchprie.pl/znajdz_lekarza.html,"Znajdź lekarza - Polskie Towarzystwo Chirurgii Plastycznej, Rekonstrukcyjnej i Estetycznej",https://www.ptchprie.pl/oddzialy_szpitalne_1.html,Oddziały szpitalne,,html_link,discovered,,,,,,2026-06-20T11:55:50+08:00,Official association locator/channel proxy. Use aggregate counts only.
poland_ptchprie_surgeon_locator,Europe,Poland,"Polish Society of Plastic, Reconstructive and Aesthetic Surgery locator",official_association_provider_locator,official_association,surgeon_density_proxy,plastic surgeon finder and hospital-department list for Poland,https://www.ptchprie.pl/znajdz_lekarza.html,"Znajdź lekarza - Polskie Towarzystwo Chirurgii Plastycznej, Rekonstrukcyjnej i Estetycznej",https://www.ptchprie.pl/znajdz_lekarza.html#account-recovery,,,html_link,discovered,,,,,,2026-06-20T11:55:50+08:00,Official association locator/channel proxy. Use aggregate counts only.
poland_ptchprie_surgeon_locator,Europe,Poland,"Polish Society of Plastic, Reconstructive and Aesthetic Surgery locator",official_association_provider_locator,official_association,surgeon_density_proxy,plastic surgeon finder and hospital-department list for Poland,https://www.ptchprie.pl/znajdz_lekarza.html,"Znajdź lekarza - Polskie Towarzystwo Chirurgii Plastycznej, Rekonstrukcyjnej i Estetycznej",https://www.ptchprie.pl/znajdz_lekarza.html,,,html_source_page,fetched,200,text/html; charset=UTF-8,,,,2026-06-20T11:55:50+08:00,Official association locator/channel proxy. Use aggregate counts only.
korea_khiss_health_industry_stats,Asia,South Korea,KHISS health industry statistics portal,official_government_statistics_portal,official_government,health_industry_portal,health industry and medical-tourism statistical tables where public endpoints are exposed,https://www.khiss.go.kr/,KHISS 보건산업통계,http://www.khidi.or.kr,한국보건산업진흥원,,html_link,discovered,,,,,,2026-06-20T11:53:19+08:00,Use as a follow-up endpoint for structured Korea tables after page/API mapping.
korea_khiss_health_industry_stats,Asia,South Korea,KHISS health industry statistics portal,official_government_statistics_portal,official_government,health_industry_portal,health industry and medical-tourism statistical tables where public endpoints are exposed,https://www.khiss.go.kr/,KHISS 보건산업통계,https://www.khidi.or.kr,,,html_link,discovered,,,,,,2026-06-20T11:53:19+08:00,Use as a follow-up endpoint for structured Korea tables after page/API mapping.
korea_khiss_health_industry_stats,Asia,South Korea,KHISS health industry statistics portal,official_government_statistics_portal,official_government,health_industry_portal,health industry and medical-tourism statistical tables where public endpoints are exposed,https://www.khiss.go.kr/,KHISS 보건산업통계,https://www.khiss.go.kr/stats?menuId=MENU00346&schText1=EMPLOY,,,html_link,discovered,,,,,,2026-06-20T11:53:19+08:00,Use as a follow-up endpoint for structured Korea tables after page/API mapping.
korea_khiss_health_industry_stats,Asia,South Korea,KHISS health industry statistics portal,official_government_statistics_portal,official_government,health_industry_portal,health industry and medical-tourism statistical tables where public endpoints are exposed,https://www.khiss.go.kr/,KHISS 보건산업통계,https://www.khiss.go.kr/,,,html_source_page,fetched,200,text/html;charset=utf-8,,,,2026-06-20T11:53:19+08:00,Use as a follow-up endpoint for structured Korea tables after page/API mapping.
korea_mohw_foreign_patient_stats,Asia,South Korea,MOHW foreign patient attraction statistics,official_government_statistics,official_government,medical_tourism_specialty_proxy,annual foreign-patient counts by specialty; dermatology/plastic surgery demand proxy,https://www.mohw.go.kr/board.es?act=view&bid=0027&list_no=1490280&mid=a10503010100&nPage=1&tag=,"2025년 외국인 환자 유치 200만 돌파 아시아 의료관광 ‘중심국가’ 도약 < 전체 < 보도자료 < 알림 : 힘이 되는 평생 친구, 보건복지부",https://www.mohw.go.kr/boardDownload.es?bid=0027&list_no=1490280&seq=1,다운로드,,download,downloaded,200,application/octet-stream,data\commercial_sources\geo_market_sources\korea_mohw_foreign_patient_stats\unknown-year__download__source__6a008307.hwpx,a3d0c6e00b31bd3e27b08c1f5644840e84ab9ba6f8881e671517b11b3b5eaa76,2783333,2026-06-20T11:53:14+08:00,Proxy for cross-border demand and specialty mix; do not use as domestic treatment volume.
korea_mohw_foreign_patient_stats,Asia,South Korea,MOHW foreign patient attraction statistics,official_government_statistics,official_government,medical_tourism_specialty_proxy,annual foreign-patient counts by specialty; dermatology/plastic surgery demand proxy,https://www.mohw.go.kr/board.es?act=view&bid=0027&list_no=1490280&mid=a10503010100&nPage=1&tag=,"2025년 외국인 환자 유치 200만 돌파 아시아 의료관광 ‘중심국가’ 도약 < 전체 < 보도자료 < 알림 : 힘이 되는 평생 친구, 보건복지부",https://www.mohw.go.kr/boardDownload.es?bid=0027&list_no=1490280&seq=2,다운로드,,download,downloaded,200,application/octet-stream,data\commercial_sources\geo_market_sources\korea_mohw_foreign_patient_stats\unknown-year__download__source__ffc19b65.pdf,32d4297feb011f89c8532522a43decaa7fa0160b122d999e1f4c0e696b9ea3b2,1105166,2026-06-20T11:53:17+08:00,Proxy for cross-border demand and specialty mix; do not use as domestic treatment volume.
korea_mohw_foreign_patient_stats,Asia,South Korea,MOHW foreign patient attraction statistics,official_government_statistics,official_government,medical_tourism_specialty_proxy,annual foreign-patient counts by specialty; dermatology/plastic surgery demand proxy,https://www.mohw.go.kr/board.es?act=view&bid=0027&list_no=1490280&mid=a10503010100&nPage=1&tag=,"2025년 외국인 환자 유치 200만 돌파 아시아 의료관광 ‘중심국가’ 도약 < 전체 < 보도자료 < 알림 : 힘이 되는 평생 친구, 보건복지부",http://khiss.go.kr/,보건산업통계 홈페이지,,html_link,discovered,,,,,,2026-06-20T11:53:17+08:00,Proxy for cross-border demand and specialty mix; do not use as domestic treatment volume.
korea_mohw_foreign_patient_stats,Asia,South Korea,MOHW foreign patient attraction statistics,official_government_statistics,official_government,medical_tourism_specialty_proxy,annual foreign-patient counts by specialty; dermatology/plastic surgery demand proxy,https://www.mohw.go.kr/board.es?act=view&bid=0027&list_no=1490280&mid=a10503010100&nPage=1&tag=,"2025년 외국인 환자 유치 200만 돌파 아시아 의료관광 ‘중심국가’ 도약 < 전체 < 보도자료 < 알림 : 힘이 되는 평생 친구, 보건복지부",https://www.mohw.go.kr/menu.es?mid=a10406010000,통계,,html_link,discovered,,,,,,2026-06-20T11:53:12+08:00,Proxy for cross-border demand and specialty mix; do not use as domestic treatment volume.
korea_mohw_foreign_patient_stats,Asia,South Korea,MOHW foreign patient attraction statistics,official_government_statistics,official_government,medical_tourism_specialty_proxy,annual foreign-patient counts by specialty; dermatology/plastic surgery demand proxy,https://www.mohw.go.kr/board.es?act=view&bid=0027&list_no=1490280&mid=a10503010100&nPage=1&tag=,"2025년 외국인 환자 유치 200만 돌파 아시아 의료관광 ‘중심국가’ 도약 < 전체 < 보도자료 < 알림 : 힘이 되는 평생 친구, 보건복지부",https://www.mohw.go.kr/menu.es?mid=a10406010100,승인통계,,html_link,discovered,,,,,,2026-06-20T11:53:12+08:00,Proxy for cross-border demand and specialty mix; do not use as domestic treatment volume.
korea_mohw_foreign_patient_stats,Asia,South Korea,MOHW foreign patient attraction statistics,official_government_statistics,official_government,medical_tourism_specialty_proxy,annual foreign-patient counts by specialty; dermatology/plastic surgery demand proxy,https://www.mohw.go.kr/board.es?act=view&bid=0027&list_no=1490280&mid=a10503010100&nPage=1&tag=,"2025년 외국인 환자 유치 200만 돌파 아시아 의료관광 ‘중심국가’ 도약 < 전체 < 보도자료 < 알림 : 힘이 되는 평생 친구, 보건복지부",https://www.mohw.go.kr/board.es?act=view&bid=0027&list_no=1490280&mid=a10503010100&nPage=1&tag=,,,html_source_page,fetched,200,text/html;charset=UTF-8,,,,2026-06-20T11:53:12+08:00,Proxy for cross-border demand and specialty mix; do not use as domestic treatment volume.
spain_secpre_aesthetic_surgery_report,Europe,Spain,SECPRE aesthetic surgery reality in Spain report,official_association_statistics,official_association,treatment_volume_country_year_candidate,"Spain aesthetic surgery report with procedure, patient and market-context tables where extractable",https://portalsecpre.org/images/noticias/Informe%20SECPRE_IMOP%202022%20prensa.pdf,,https://portalsecpre.org/images/noticias/Informe%20SECPRE_IMOP%202022%20prensa.pdf,SECPRE aesthetic surgery reality in Spain report,,pdf,downloaded,200,application/pdf,data\commercial_sources\geo_market_sources\spain_secpre_aesthetic_surgery_report\unknown-year__pdf__secpre-aesthetic-surgery-reality-in-spain-report__765a793c.pdf,3928faf10da35fcf4d08c417ddba07b64ef233e84953596e7d1015670d3338d7,5471067,2026-06-20T11:55:10+08:00,High-value Spain phase-1 candidate. QA required before loading count-like metrics into market_metrics.
sweden_sfep_surgeon_locator,Europe,Sweden,Swedish Society for Aesthetic Plastic Surgery,official_association_provider_locator,official_association,surgeon_density_proxy,aesthetic plastic surgeon locator and association member context,https://sfep.se/,Svensk förening för estetisk plastikkirurgi - SFEP,https://promeduc.se/plastikkirurgi/mentor-brostimplantat/,,,html_link,discovered,,,,,,2026-06-20T11:55:55+08:00,Aesthetic-surgeon locator proxy. Store aggregate geography counts only.
sweden_sfep_surgeon_locator,Europe,Sweden,Swedish Society for Aesthetic Plastic Surgery,official_association_provider_locator,official_association,surgeon_density_proxy,aesthetic plastic surgeon locator and association member context,https://sfep.se/,Svensk förening för estetisk plastikkirurgi - SFEP,https://sfep.se/sfep-har-ordet/rubrik-plastikkirurgi-efter-kraftig-viktnedgang/,Plastikkirurgi efter kraftig viktnedgång,,html_link,discovered,,,,,,2026-06-20T11:55:55+08:00,Aesthetic-surgeon locator proxy. Store aggregate geography counts only.
sweden_sfep_surgeon_locator,Europe,Sweden,Swedish Society for Aesthetic Plastic Surgery,official_association_provider_locator,official_association,surgeon_density_proxy,aesthetic plastic surgeon locator and association member context,https://sfep.se/,Svensk förening för estetisk plastikkirurgi - SFEP,https://sfep.se/svensk-forening-for-estetisk-plastikkirurgi/brimp/,,,html_link,discovered,,,,,,2026-06-20T11:55:55+08:00,Aesthetic-surgeon locator proxy. Store aggregate geography counts only.
sweden_sfep_surgeon_locator,Europe,Sweden,Swedish Society for Aesthetic Plastic Surgery,official_association_provider_locator,official_association,surgeon_density_proxy,aesthetic plastic surgeon locator and association member context,https://sfep.se/,Svensk förening för estetisk plastikkirurgi - SFEP,https://sfep.se/svensk-forening-for-estetisk-plastikkirurgi/kontakt/,,,html_link,discovered,,,,,,2026-06-20T11:55:55+08:00,Aesthetic-surgeon locator proxy. Store aggregate geography counts only.
sweden_sfep_surgeon_locator,Europe,Sweden,Swedish Society for Aesthetic Plastic Surgery,official_association_provider_locator,official_association,surgeon_density_proxy,aesthetic plastic surgeon locator and association member context,https://sfep.se/,Svensk förening för estetisk plastikkirurgi - SFEP,https://sfep.se/svensk-forening-for-estetisk-plastikkirurgi/media/,,,html_link,discovered,,,,,,2026-06-20T11:55:55+08:00,Aesthetic-surgeon locator proxy. Store aggregate geography counts only.
sweden_sfep_surgeon_locator,Europe,Sweden,Swedish Society for Aesthetic Plastic Surgery,official_association_provider_locator,official_association,surgeon_density_proxy,aesthetic plastic surgeon locator and association member context,https://sfep.se/,Svensk förening för estetisk plastikkirurgi - SFEP,https://sfep.se/svensk-forening-for-estetisk-plastikkirurgi/medlemsinloggning/,,,html_link,discovered,,,,,,2026-06-20T11:55:55+08:00,Aesthetic-surgeon locator proxy. Store aggregate geography counts only.
sweden_sfep_surgeon_locator,Europe,Sweden,Swedish Society for Aesthetic Plastic Surgery,official_association_provider_locator,official_association,surgeon_density_proxy,aesthetic plastic surgeon locator and association member context,https://sfep.se/,Svensk förening för estetisk plastikkirurgi - SFEP,https://sfep.se/svensk-forening-for-estetisk-plastikkirurgi/om-sfep/,,,html_link,discovered,,,,,,2026-06-20T11:55:55+08:00,Aesthetic-surgeon locator proxy. Store aggregate geography counts only.
sweden_sfep_surgeon_locator,Europe,Sweden,Swedish Society for Aesthetic Plastic Surgery,official_association_provider_locator,official_association,surgeon_density_proxy,aesthetic plastic surgeon locator and association member context,https://sfep.se/,Svensk förening för estetisk plastikkirurgi - SFEP,https://sfep.se/svensk-forening-for-estetisk-plastikkirurgi/om-sfep/aktuellt/,,,html_link,discovered,,,,,,2026-06-20T11:55:55+08:00,Aesthetic-surgeon locator proxy. Store aggregate geography counts only.
sweden_sfep_surgeon_locator,Europe,Sweden,Swedish Society for Aesthetic Plastic Surgery,official_association_provider_locator,official_association,surgeon_density_proxy,aesthetic plastic surgeon locator and association member context,https://sfep.se/,Svensk förening för estetisk plastikkirurgi - SFEP,https://sfep.se/svensk-forening-for-estetisk-plastikkirurgi/om-sfep/sfep-har-ordet/,,,html_link,discovered,,,,,,2026-06-20T11:55:55+08:00,Aesthetic-surgeon locator proxy. Store aggregate geography counts only.
sweden_sfep_surgeon_locator,Europe,Sweden,Swedish Society for Aesthetic Plastic Surgery,official_association_provider_locator,official_association,surgeon_density_proxy,aesthetic plastic surgeon locator and association member context,https://sfep.se/,Svensk förening för estetisk plastikkirurgi - SFEP,https://sfep.se/svensk-forening-for-estetisk-plastikkirurgi/om-sfep/styrelse/,,,html_link,discovered,,,,,,2026-06-20T11:55:55+08:00,Aesthetic-surgeon locator proxy. Store aggregate geography counts only.
sweden_sfep_surgeon_locator,Europe,Sweden,Swedish Society for Aesthetic Plastic Surgery,official_association_provider_locator,official_association,surgeon_density_proxy,aesthetic plastic surgeon locator and association member context,https://sfep.se/,Svensk förening för estetisk plastikkirurgi - SFEP,https://sfep.se/svensk-forening-for-estetisk-plastikkirurgi/patient/,,,html_link,discovered,,,,,,2026-06-20T11:55:55+08:00,Aesthetic-surgeon locator proxy. Store aggregate geography counts only.
sweden_sfep_surgeon_locator,Europe,Sweden,Swedish Society for Aesthetic Plastic Surgery,official_association_provider_locator,official_association,surgeon_density_proxy,aesthetic plastic surgeon locator and association member context,https://sfep.se/,Svensk förening för estetisk plastikkirurgi - SFEP,https://sfep.se/svensk-forening-for-estetisk-plastikkirurgi/patient/hitta-plastikkirurg/,,,html_link,discovered,,,,,,2026-06-20T11:55:55+08:00,Aesthetic-surgeon locator proxy. Store aggregate geography counts only.
sweden_sfep_surgeon_locator,Europe,Sweden,Swedish Society for Aesthetic Plastic Surgery,official_association_provider_locator,official_association,surgeon_density_proxy,aesthetic plastic surgeon locator and association member context,https://sfep.se/,Svensk förening för estetisk plastikkirurgi - SFEP,https://sfep.se/svensk-forening-for-estetisk-plastikkirurgi/plastikkirurg/,,,html_link,discovered,,,,,,2026-06-20T11:55:55+08:00,Aesthetic-surgeon locator proxy. Store aggregate geography counts only.
sweden_sfep_surgeon_locator,Europe,Sweden,Swedish Society for Aesthetic Plastic Surgery,official_association_provider_locator,official_association,surgeon_density_proxy,aesthetic plastic surgeon locator and association member context,https://sfep.se/,Svensk förening för estetisk plastikkirurgi - SFEP,https://sfep.se/,,,html_source_page,fetched,200,text/html; charset=UTF-8,,,,2026-06-20T11:55:55+08:00,Aesthetic-surgeon locator proxy. Store aggregate geography counts only.
sweden_socialstyrelsen_hosp_register,Europe,Sweden,Socialstyrelsen HOSP authorised healthcare professionals register,official_government_professional_registry,official_government,surgeon_denominator_proxy,authorised healthcare professionals and specialist register context for Sweden,https://www.socialstyrelsen.se/en/statistics-and-data/registers/the-register-of-authorised-healthcare-professionals-hosp/,The Register of Authorised Healthcare Professionals (HOSP) - Socialstyrelsen,https://bestalladata.socialstyrelsen.se/,Ordering data and statistics from the Register,,html_link,discovered,,,,,,2026-06-20T11:55:51+08:00,Official professional-register context. Use for denominator mapping if specialty extracts are available.
sweden_socialstyrelsen_hosp_register,Europe,Sweden,Socialstyrelsen HOSP authorised healthcare professionals register,official_government_professional_registry,official_government,surgeon_denominator_proxy,authorised healthcare professionals and specialist register context for Sweden,https://www.socialstyrelsen.se/en/statistics-and-data/registers/the-register-of-authorised-healthcare-professionals-hosp/,The Register of Authorised Healthcare Professionals (HOSP) - Socialstyrelsen,https://twitter.com/home?status=https%3A%2F%2Fwww.socialstyrelsen.se%2Fen%2Fstatistics-and-data%2Fregisters%2Fthe-register-of-authorised-healthcare-professionals-hosp%2F,,,html_link,discovered,,,,,,2026-06-20T11:55:51+08:00,Official professional-register context. Use for denominator mapping if specialty extracts are available.
sweden_socialstyrelsen_hosp_register,Europe,Sweden,Socialstyrelsen HOSP authorised healthcare professionals register,official_government_professional_registry,official_government,surgeon_denominator_proxy,authorised healthcare professionals and specialist register context for Sweden,https://www.socialstyrelsen.se/en/statistics-and-data/registers/the-register-of-authorised-healthcare-professionals-hosp/,The Register of Authorised Healthcare Professionals (HOSP) - Socialstyrelsen,https://www.facebook.com/sharer/sharer.php?u=https%3A%2F%2Fwww.socialstyrelsen.se%2Fen%2Fstatistics-and-data%2Fregisters%2Fthe-register-of-authorised-healthcare-professionals-hosp%2F,,,html_link,discovered,,,,,,2026-06-20T11:55:51+08:00,Official professional-register context. Use for denominator mapping if specialty extracts are available.
sweden_socialstyrelsen_hosp_register,Europe,Sweden,Socialstyrelsen HOSP authorised healthcare professionals register,official_government_professional_registry,official_government,surgeon_denominator_proxy,authorised healthcare professionals and specialist register context for Sweden,https://www.socialstyrelsen.se/en/statistics-and-data/registers/the-register-of-authorised-healthcare-professionals-hosp/,The Register of Authorised Healthcare Professionals (HOSP) - Socialstyrelsen,https://www.linkedin.com/sharing/share-offsite/?url=https://www.socialstyrelsen.se/en/statistics-and-data/registers/the-register-of-authorised-healthcare-professionals-hosp/,,,html_link,discovered,,,,,,2026-06-20T11:55:51+08:00,Official professional-register context. Use for denominator mapping if specialty extracts are available.
sweden_socialstyrelsen_hosp_register,Europe,Sweden,Socialstyrelsen HOSP authorised healthcare professionals register,official_government_professional_registry,official_government,surgeon_denominator_proxy,authorised healthcare professionals and specialist register context for Sweden,https://www.socialstyrelsen.se/en/statistics-and-data/registers/the-register-of-authorised-healthcare-professionals-hosp/,The Register of Authorised Healthcare Professionals (HOSP) - Socialstyrelsen,https://www.socialstyrelsen.se/EPiServer/CMS/~/link/665ffb8cff144e2daaf4c1e4d220b52b.aspx,Your rights as a data subject,,html_link,discovered,,,,,,2026-06-20T11:55:51+08:00,Official professional-register context. Use for denominator mapping if specialty extracts are available.
sweden_socialstyrelsen_hosp_register,Europe,Sweden,Socialstyrelsen HOSP authorised healthcare professionals register,official_government_professional_registry,official_government,surgeon_denominator_proxy,authorised healthcare professionals and specialist register context for Sweden,https://www.socialstyrelsen.se/en/statistics-and-data/registers/the-register-of-authorised-healthcare-professionals-hosp/,The Register of Authorised Healthcare Professionals (HOSP) - Socialstyrelsen,https://www.socialstyrelsen.se/en/about-us/processing-of-personal-data/,Processing of Personal Data,,html_link,discovered,,,,,,2026-06-20T11:55:51+08:00,Official professional-register context. Use for denominator mapping if specialty extracts are available.
sweden_socialstyrelsen_hosp_register,Europe,Sweden,Socialstyrelsen HOSP authorised healthcare professionals register,official_government_professional_registry,official_government,surgeon_denominator_proxy,authorised healthcare professionals and specialist register context for Sweden,https://www.socialstyrelsen.se/en/statistics-and-data/registers/the-register-of-authorised-healthcare-professionals-hosp/,The Register of Authorised Healthcare Professionals (HOSP) - Socialstyrelsen,https://www.socialstyrelsen.se/en/apply-and-register/,Apply and Register,,html_link,discovered,,,,,,2026-06-20T11:55:51+08:00,Official professional-register context. Use for denominator mapping if specialty extracts are available.
sweden_socialstyrelsen_hosp_register,Europe,Sweden,Socialstyrelsen HOSP authorised healthcare professionals register,official_government_professional_registry,official_government,surgeon_denominator_proxy,authorised healthcare professionals and specialist register context for Sweden,https://www.socialstyrelsen.se/en/statistics-and-data/registers/the-register-of-authorised-healthcare-professionals-hosp/,The Register of Authorised Healthcare Professionals (HOSP) - Socialstyrelsen,https://www.socialstyrelsen.se/en/apply-and-register/apply-for-authority-to-perform-certain-duties-in-the-social-services-care-services-for-children-and-young-people/,Authority to perform certain duties in the social services,,html_link,discovered,,,,,,2026-06-20T11:55:51+08:00,Official professional-register context. Use for denominator mapping if specialty extracts are available.
sweden_socialstyrelsen_hosp_register,Europe,Sweden,Socialstyrelsen HOSP authorised healthcare professionals register,official_government_professional_registry,official_government,surgeon_denominator_proxy,authorised healthcare professionals and specialist register context for Sweden,https://www.socialstyrelsen.se/en/statistics-and-data/registers/the-register-of-authorised-healthcare-professionals-hosp/,The Register of Authorised Healthcare Professionals (HOSP) - Socialstyrelsen,https://www.socialstyrelsen.se/en/apply-and-register/apply/,Apply,,html_link,discovered,,,,,,2026-06-20T11:55:51+08:00,Official professional-register context. Use for denominator mapping if specialty extracts are available.
sweden_socialstyrelsen_hosp_register,Europe,Sweden,Socialstyrelsen HOSP authorised healthcare professionals register,official_government_professional_registry,official_government,surgeon_denominator_proxy,authorised healthcare professionals and specialist register context for Sweden,https://www.socialstyrelsen.se/en/statistics-and-data/registers/the-register-of-authorised-healthcare-professionals-hosp/,The Register of Authorised Healthcare Professionals (HOSP) - Socialstyrelsen,https://www.socialstyrelsen.se/en/apply-and-register/apply/licence-to-practise/,Licence to practise,,html_link,discovered,,,,,,2026-06-20T11:55:51+08:00,Official professional-register context. Use for denominator mapping if specialty extracts are available.
sweden_socialstyrelsen_hosp_register,Europe,Sweden,Socialstyrelsen HOSP authorised healthcare professionals register,official_government_professional_registry,official_government,surgeon_denominator_proxy,authorised healthcare professionals and specialist register context for Sweden,https://www.socialstyrelsen.se/en/statistics-and-data/registers/the-register-of-authorised-healthcare-professionals-hosp/,The Register of Authorised Healthcare Professionals (HOSP) - Socialstyrelsen,https://www.socialstyrelsen.se/en/apply-and-register/doctors-specialist-medical-training/,Doctors' specialist medical training,,html_link,discovered,,,,,,2026-06-20T11:55:51+08:00,Official professional-register context. Use for denominator mapping if specialty extracts are available.
sweden_socialstyrelsen_hosp_register,Europe,Sweden,Socialstyrelsen HOSP authorised healthcare professionals register,official_government_professional_registry,official_government,surgeon_denominator_proxy,authorised healthcare professionals and specialist register context for Sweden,https://www.socialstyrelsen.se/en/statistics-and-data/registers/the-register-of-authorised-healthcare-professionals-hosp/,The Register of Authorised Healthcare Professionals (HOSP) - Socialstyrelsen,https://www.socialstyrelsen.se/en/apply-and-register/forms/,Forms,,html_link,discovered,,,,,,2026-06-20T11:55:51+08:00,Official professional-register context. Use for denominator mapping if specialty extracts are available.
sweden_socialstyrelsen_hosp_register,Europe,Sweden,Socialstyrelsen HOSP authorised healthcare professionals register,official_government_professional_registry,official_government,surgeon_denominator_proxy,authorised healthcare professionals and specialist register context for Sweden,https://www.socialstyrelsen.se/en/statistics-and-data/registers/the-register-of-authorised-healthcare-professionals-hosp/,The Register of Authorised Healthcare Professionals (HOSP) - Socialstyrelsen,https://www.socialstyrelsen.se/en/apply-and-register/register/,National donor registry,,html_link,discovered,,,,,,2026-06-20T11:55:51+08:00,Official professional-register context. Use for denominator mapping if specialty extracts are available.
sweden_socialstyrelsen_hosp_register,Europe,Sweden,Socialstyrelsen HOSP authorised healthcare professionals register,official_government_professional_registry,official_government,surgeon_denominator_proxy,authorised healthcare professionals and specialist register context for Sweden,https://www.socialstyrelsen.se/en/statistics-and-data/registers/the-register-of-authorised-healthcare-professionals-hosp/,The Register of Authorised Healthcare Professionals (HOSP) - Socialstyrelsen,https://www.socialstyrelsen.se/en/statistics-and-data/,Statistics and Data,,html_link,discovered,,,,,,2026-06-20T11:55:51+08:00,Official professional-register context. Use for denominator mapping if specialty extracts are available.
sweden_socialstyrelsen_hosp_register,Europe,Sweden,Socialstyrelsen HOSP authorised healthcare professionals register,official_government_professional_registry,official_government,surgeon_denominator_proxy,authorised healthcare professionals and specialist register context for Sweden,https://www.socialstyrelsen.se/en/statistics-and-data/registers/the-register-of-authorised-healthcare-professionals-hosp/,The Register of Authorised Healthcare Professionals (HOSP) - Socialstyrelsen,https://www.socialstyrelsen.se/en/statistics-and-data/questions-about-registers-statistics-and-data-requests/,"Questions about registers, statistics and data requests",,html_link,discovered,,,,,,2026-06-20T11:55:51+08:00,Official professional-register context. Use for denominator mapping if specialty extracts are available.
sweden_socialstyrelsen_hosp_register,Europe,Sweden,Socialstyrelsen HOSP authorised healthcare professionals register,official_government_professional_registry,official_government,surgeon_denominator_proxy,authorised healthcare professionals and specialist register context for Sweden,https://www.socialstyrelsen.se/en/statistics-and-data/registers/the-register-of-authorised-healthcare-professionals-hosp/,The Register of Authorised Healthcare Professionals (HOSP) - Socialstyrelsen,https://www.socialstyrelsen.se/en/statistics-and-data/registers/,Registers,,html_link,discovered,,,,,,2026-06-20T11:55:51+08:00,Official professional-register context. Use for denominator mapping if specialty extracts are available.
sweden_socialstyrelsen_hosp_register,Europe,Sweden,Socialstyrelsen HOSP authorised healthcare professionals register,official_government_professional_registry,official_government,surgeon_denominator_proxy,authorised healthcare professionals and specialist register context for Sweden,https://www.socialstyrelsen.se/en/statistics-and-data/registers/the-register-of-authorised-healthcare-professionals-hosp/,The Register of Authorised Healthcare Professionals (HOSP) - Socialstyrelsen,https://www.socialstyrelsen.se/en/statistics-and-data/registers/national-cancer-register/,National Cancer Register,,html_link,discovered,,,,,,2026-06-20T11:55:51+08:00,Official professional-register context. Use for denominator mapping if specialty extracts are available.
sweden_socialstyrelsen_hosp_register,Europe,Sweden,Socialstyrelsen HOSP authorised healthcare professionals register,official_government_professional_registry,official_government,surgeon_denominator_proxy,authorised healthcare professionals and specialist register context for Sweden,https://www.socialstyrelsen.se/en/statistics-and-data/registers/the-register-of-authorised-healthcare-professionals-hosp/,The Register of Authorised Healthcare Professionals (HOSP) - Socialstyrelsen,https://www.socialstyrelsen.se/en/statistics-and-data/registers/national-cause-of-death--register/,National Cause of Death Register,,html_link,discovered,,,,,,2026-06-20T11:55:51+08:00,Official professional-register context. Use for denominator mapping if specialty extracts are available.
sweden_socialstyrelsen_hosp_register,Europe,Sweden,Socialstyrelsen HOSP authorised healthcare professionals register,official_government_professional_registry,official_government,surgeon_denominator_proxy,authorised healthcare professionals and specialist register context for Sweden,https://www.socialstyrelsen.se/en/statistics-and-data/registers/the-register-of-authorised-healthcare-professionals-hosp/,The Register of Authorised Healthcare Professionals (HOSP) - Socialstyrelsen,https://www.socialstyrelsen.se/en/statistics-and-data/registers/national-dental-health-register/,National Dental Health Register,,html_link,discovered,,,,,,2026-06-20T11:55:51+08:00,Official professional-register context. Use for denominator mapping if specialty extracts are available.
sweden_socialstyrelsen_hosp_register,Europe,Sweden,Socialstyrelsen HOSP authorised healthcare professionals register,official_government_professional_registry,official_government,surgeon_denominator_proxy,authorised healthcare professionals and specialist register context for Sweden,https://www.socialstyrelsen.se/en/statistics-and-data/registers/the-register-of-authorised-healthcare-professionals-hosp/,The Register of Authorised Healthcare Professionals (HOSP) - Socialstyrelsen,https://www.socialstyrelsen.se/en/statistics-and-data/registers/national-medical-birth-register/,National Medical Birth Register,,html_link,discovered,,,,,,2026-06-20T11:55:51+08:00,Official professional-register context. Use for denominator mapping if specialty extracts are available.
sweden_socialstyrelsen_hosp_register,Europe,Sweden,Socialstyrelsen HOSP authorised healthcare professionals register,official_government_professional_registry,official_government,surgeon_denominator_proxy,authorised healthcare professionals and specialist register context for Sweden,https://www.socialstyrelsen.se/en/statistics-and-data/registers/the-register-of-authorised-healthcare-professionals-hosp/,The Register of Authorised Healthcare Professionals (HOSP) - Socialstyrelsen,https://www.socialstyrelsen.se/en/statistics-and-data/registers/national-patient-register/,National Patient Register,,html_link,discovered,,,,,,2026-06-20T11:55:51+08:00,Official professional-register context. Use for denominator mapping if specialty extracts are available.
sweden_socialstyrelsen_hosp_register,Europe,Sweden,Socialstyrelsen HOSP authorised healthcare professionals register,official_government_professional_registry,official_government,surgeon_denominator_proxy,authorised healthcare professionals and specialist register context for Sweden,https://www.socialstyrelsen.se/en/statistics-and-data/registers/the-register-of-authorised-healthcare-professionals-hosp/,The Register of Authorised Healthcare Professionals (HOSP) - Socialstyrelsen,https://www.socialstyrelsen.se/en/statistics-and-data/registers/national-prescribed-drug-register/,National Prescribed Drug Register,,html_link,discovered,,,,,,2026-06-20T11:55:51+08:00,Official professional-register context. Use for denominator mapping if specialty extracts are available.
sweden_socialstyrelsen_hosp_register,Europe,Sweden,Socialstyrelsen HOSP authorised healthcare professionals register,official_government_professional_registry,official_government,surgeon_denominator_proxy,authorised healthcare professionals and specialist register context for Sweden,https://www.socialstyrelsen.se/en/statistics-and-data/registers/the-register-of-authorised-healthcare-professionals-hosp/,The Register of Authorised Healthcare Professionals (HOSP) - Socialstyrelsen,https://www.socialstyrelsen.se/en/statistics-and-data/registers/national-register-of-care-and-social-services-for-the-elderly-and-persons-with-impairments/,National Register of Care and Social Services for the Elderly and Persons with Impairments,,html_link,discovered,,,,,,2026-06-20T11:55:51+08:00,Official professional-register context. Use for denominator mapping if specialty extracts are available.
sweden_socialstyrelsen_hosp_register,Europe,Sweden,Socialstyrelsen HOSP authorised healthcare professionals register,official_government_professional_registry,official_government,surgeon_denominator_proxy,authorised healthcare professionals and specialist register context for Sweden,https://www.socialstyrelsen.se/en/statistics-and-data/registers/the-register-of-authorised-healthcare-professionals-hosp/,The Register of Authorised Healthcare Professionals (HOSP) - Socialstyrelsen,https://www.socialstyrelsen.se/en/statistics-and-data/registers/national-register-of-care-for-substance-abuse/,National Register of Care for Substance Abuse,,html_link,discovered,,,,,,2026-06-20T11:55:51+08:00,Official professional-register context. Use for denominator mapping if specialty extracts are available.
sweden_socialstyrelsen_hosp_register,Europe,Sweden,Socialstyrelsen HOSP authorised healthcare professionals register,official_government_professional_registry,official_government,surgeon_denominator_proxy,authorised healthcare professionals and specialist register context for Sweden,https://www.socialstyrelsen.se/en/statistics-and-data/registers/the-register-of-authorised-healthcare-professionals-hosp/,The Register of Authorised Healthcare Professionals (HOSP) - Socialstyrelsen,https://www.socialstyrelsen.se/en/statistics-and-data/registers/national-register-of-interventions-in-municipal-health-care/,National Register of Interventions in Municipal Health Care,,html_link,discovered,,,,,,2026-06-20T11:55:51+08:00,Official professional-register context. Use for denominator mapping if specialty extracts are available.
sweden_socialstyrelsen_hosp_register,Europe,Sweden,Socialstyrelsen HOSP authorised healthcare professionals register,official_government_professional_registry,official_government,surgeon_denominator_proxy,authorised healthcare professionals and specialist register context for Sweden,https://www.socialstyrelsen.se/en/statistics-and-data/registers/the-register-of-authorised-healthcare-professionals-hosp/,The Register of Authorised Healthcare Professionals (HOSP) - Socialstyrelsen,https://www.socialstyrelsen.se/en/statistics-and-data/registers/national-register-of-measures-for-children-and-young-persons/,National Register of Measures for Children and Young Persons,,html_link,discovered,,,,,,2026-06-20T11:55:51+08:00,Official professional-register context. Use for denominator mapping if specialty extracts are available.
sweden_socialstyrelsen_hosp_register,Europe,Sweden,Socialstyrelsen HOSP authorised healthcare professionals register,official_government_professional_registry,official_government,surgeon_denominator_proxy,authorised healthcare professionals and specialist register context for Sweden,https://www.socialstyrelsen.se/en/statistics-and-data/registers/the-register-of-authorised-healthcare-professionals-hosp/,The Register of Authorised Healthcare Professionals (HOSP) - Socialstyrelsen,https://www.socialstyrelsen.se/en/statistics-and-data/registers/national-register-of-municipal-support-and-service-for-persons-with-certain-functional-impairments/,National Register of Municipal Support and Service for Persons with Certain Functional Impairments,,html_link,discovered,,,,,,2026-06-20T11:55:51+08:00,Official professional-register context. Use for denominator mapping if specialty extracts are available.
sweden_socialstyrelsen_hosp_register,Europe,Sweden,Socialstyrelsen HOSP authorised healthcare professionals register,official_government_professional_registry,official_government,surgeon_denominator_proxy,authorised healthcare professionals and specialist register context for Sweden,https://www.socialstyrelsen.se/en/statistics-and-data/registers/the-register-of-authorised-healthcare-professionals-hosp/,The Register of Authorised Healthcare Professionals (HOSP) - Socialstyrelsen,https://www.socialstyrelsen.se/en/statistics-and-data/registers/national-register-of-social-assistance/,National Register of Social Assistance,,html_link,discovered,,,,,,2026-06-20T11:55:51+08:00,Official professional-register context. Use for denominator mapping if specialty extracts are available.
sweden_socialstyrelsen_hosp_register,Europe,Sweden,Socialstyrelsen HOSP authorised healthcare professionals register,official_government_professional_registry,official_government,surgeon_denominator_proxy,authorised healthcare professionals and specialist register context for Sweden,https://www.socialstyrelsen.se/en/statistics-and-data/registers/the-register-of-authorised-healthcare-professionals-hosp/,The Register of Authorised Healthcare Professionals (HOSP) - Socialstyrelsen,https://www.socialstyrelsen.se/en/statistics-and-data/registers/the-register-of-authorised-healthcare-professionals-hosp/#main-content,Skip to main content,,html_link,discovered,,,,,,2026-06-20T11:55:51+08:00,Official professional-register context. Use for denominator mapping if specialty extracts are available.
sweden_socialstyrelsen_hosp_register,Europe,Sweden,Socialstyrelsen HOSP authorised healthcare professionals register,official_government_professional_registry,official_government,surgeon_denominator_proxy,authorised healthcare professionals and specialist register context for Sweden,https://www.socialstyrelsen.se/en/statistics-and-data/registers/the-register-of-authorised-healthcare-professionals-hosp/,The Register of Authorised Healthcare Professionals (HOSP) - Socialstyrelsen,https://www.socialstyrelsen.se/en/statistics-and-data/statistics/,Statistics,,html_link,discovered,,,,,,2026-06-20T11:55:51+08:00,Official professional-register context. Use for denominator mapping if specialty extracts are available.
sweden_socialstyrelsen_hosp_register,Europe,Sweden,Socialstyrelsen HOSP authorised healthcare professionals register,official_government_professional_registry,official_government,surgeon_denominator_proxy,authorised healthcare professionals and specialist register context for Sweden,https://www.socialstyrelsen.se/en/statistics-and-data/registers/the-register-of-authorised-healthcare-professionals-hosp/,The Register of Authorised Healthcare Professionals (HOSP) - Socialstyrelsen,https://www.socialstyrelsen.se/en/statistics-and-data/statistics/statistical-databases/,Statistical databases,,html_link,discovered,,,,,,2026-06-20T11:55:51+08:00,Official professional-register context. Use for denominator mapping if specialty extracts are available.
sweden_socialstyrelsen_hosp_register,Europe,Sweden,Socialstyrelsen HOSP authorised healthcare professionals register,official_government_professional_registry,official_government,surgeon_denominator_proxy,authorised healthcare professionals and specialist register context for Sweden,https://www.socialstyrelsen.se/en/statistics-and-data/registers/the-register-of-authorised-healthcare-professionals-hosp/,The Register of Authorised Healthcare Professionals (HOSP) - Socialstyrelsen,https://www.socialstyrelsen.se/en/statistics-and-data/statistics/statistics-subjects/,Statistics subjects,,html_link,discovered,,,,,,2026-06-20T11:55:51+08:00,Official professional-register context. Use for denominator mapping if specialty extracts are available.
sweden_socialstyrelsen_hosp_register,Europe,Sweden,Socialstyrelsen HOSP authorised healthcare professionals register,official_government_professional_registry,official_government,surgeon_denominator_proxy,authorised healthcare professionals and specialist register context for Sweden,https://www.socialstyrelsen.se/en/statistics-and-data/registers/the-register-of-authorised-healthcare-professionals-hosp/,The Register of Authorised Healthcare Professionals (HOSP) - Socialstyrelsen,https://www.socialstyrelsen.se/statistik-och-data/register/halso-och-sjukvardspersonal/,In Swedish,,html_link,discovered,,,,,,2026-06-20T11:55:51+08:00,Official professional-register context. Use for denominator mapping if specialty extracts are available.
sweden_socialstyrelsen_hosp_register,Europe,Sweden,Socialstyrelsen HOSP authorised healthcare professionals register,official_government_professional_registry,official_government,surgeon_denominator_proxy,authorised healthcare professionals and specialist register context for Sweden,https://www.socialstyrelsen.se/en/statistics-and-data/registers/the-register-of-authorised-healthcare-professionals-hosp/,The Register of Authorised Healthcare Professionals (HOSP) - Socialstyrelsen,https://www.socialstyrelsen.se/en/statistics-and-data/registers/the-register-of-authorised-healthcare-professionals-hosp/,,,html_source_page,fetched,200,text/html; charset=utf-8,,,,2026-06-20T11:55:51+08:00,Official professional-register context. Use for denominator mapping if specialty extracts are available.
sweden_spkf_society_context,Europe,Sweden,Swedish Association of Plastic Surgeons,official_association_context,official_association,association_context_proxy,"Swedish plastic-surgery society context for specialists, training and quality",https://slf.se/spkf/,Svensk plastikkirurgisk förening,https://slf.se/bli-medlem/,,,html_link,discovered,,,,,,2026-06-20T11:55:53+08:00,National society context only unless statistics are exposed.
sweden_spkf_society_context,Europe,Sweden,Swedish Association of Plastic Surgeons,official_association_context,official_association,association_context_proxy,"Swedish plastic-surgery society context for specialists, training and quality",https://slf.se/spkf/,Svensk plastikkirurgisk förening,https://slf.se/medlem/,Medlem,,html_link,discovered,,,,,,2026-06-20T11:55:53+08:00,National society context only unless statistics are exposed.
sweden_spkf_society_context,Europe,Sweden,Swedish Association of Plastic Surgeons,official_association_context,official_association,association_context_proxy,"Swedish plastic-surgery society context for specialists, training and quality",https://slf.se/spkf/,Svensk plastikkirurgisk förening,https://slf.se/medlem/medlemsformaner/,Medlemsförmåner,,html_link,discovered,,,,,,2026-06-20T11:55:53+08:00,National society context only unless statistics are exposed.
sweden_spkf_society_context,Europe,Sweden,Swedish Association of Plastic Surgeons,official_association_context,official_association,association_context_proxy,"Swedish plastic-surgery society context for specialists, training and quality",https://slf.se/spkf/,Svensk plastikkirurgisk förening,https://slf.se/medlem/medlemsformaner/fritidsboende/,Fritidsboende,,html_link,discovered,,,,,,2026-06-20T11:55:53+08:00,National society context only unless statistics are exposed.
sweden_spkf_society_context,Europe,Sweden,Swedish Association of Plastic Surgeons,official_association_context,official_association,association_context_proxy,"Swedish plastic-surgery society context for specialists, training and quality",https://slf.se/spkf/,Svensk plastikkirurgisk förening,https://slf.se/mitt-medlemskap/,Mitt medlemskap,,html_link,discovered,,,,,,2026-06-20T11:55:53+08:00,National society context only unless statistics are exposed.
sweden_spkf_society_context,Europe,Sweden,Swedish Association of Plastic Surgeons,official_association_context,official_association,association_context_proxy,"Swedish plastic-surgery society context for specialists, training and quality",https://slf.se/spkf/,Svensk plastikkirurgisk förening,https://slf.se/rad-och-stod/lon/lonestatistik/,Lönestatistik,,html_link,discovered,,,,,,2026-06-20T11:55:53+08:00,National society context only unless statistics are exposed.
sweden_spkf_society_context,Europe,Sweden,Swedish Association of Plastic Surgeons,official_association_context,official_association,association_context_proxy,"Swedish plastic-surgery society context for specialists, training and quality",https://slf.se/spkf/,Svensk plastikkirurgisk förening,https://slf.se/spkf/,Svensk plastikkirurgisk förening,,html_link,discovered,,,,,,2026-06-20T11:55:53+08:00,National society context only unless statistics are exposed.
sweden_spkf_society_context,Europe,Sweden,Swedish Association of Plastic Surgeons,official_association_context,official_association,association_context_proxy,"Swedish plastic-surgery society context for specialists, training and quality",https://slf.se/spkf/,Svensk plastikkirurgisk förening,https://slf.se/spkf/for-medlemmar/,,,html_link,discovered,,,,,,2026-06-20T11:55:53+08:00,National society context only unless statistics are exposed.
sweden_spkf_society_context,Europe,Sweden,Swedish Association of Plastic Surgeons,official_association_context,official_association,association_context_proxy,"Swedish plastic-surgery society context for specialists, training and quality",https://slf.se/spkf/,Svensk plastikkirurgisk förening,https://slf.se/spkf/for-medlemmar/journal-of-plastic-and-reconstructive-surgery/,Tidskrifter,,html_link,discovered,,,,,,2026-06-20T11:55:53+08:00,National society context only unless statistics are exposed.
sweden_spkf_society_context,Europe,Sweden,Swedish Association of Plastic Surgeons,official_association_context,official_association,association_context_proxy,"Swedish plastic-surgery society context for specialists, training and quality",https://slf.se/spkf/,Svensk plastikkirurgisk förening,https://slf.se/spkf/for-medlemmar/rapporter-fran-organisationer/,Rapporter,,html_link,discovered,,,,,,2026-06-20T11:55:53+08:00,National society context only unless statistics are exposed.
sweden_spkf_society_context,Europe,Sweden,Swedish Association of Plastic Surgeons,official_association_context,official_association,association_context_proxy,"Swedish plastic-surgery society context for specialists, training and quality",https://slf.se/spkf/,Svensk plastikkirurgisk förening,https://slf.se/spkf/for-medlemmar/rapporter-fran-organisationer/arsmote/,SPKFs årsmötesprotokoll,,html_link,discovered,,,,,,2026-06-20T11:55:53+08:00,National society context only unless statistics are exposed.
sweden_spkf_society_context,Europe,Sweden,Swedish Association of Plastic Surgeons,official_association_context,official_association,association_context_proxy,"Swedish plastic-surgery society context for specialists, training and quality",https://slf.se/spkf/,Svensk plastikkirurgisk förening,https://slf.se/spkf/for-medlemmar/rapporter-fran-organisationer/brimps-arsrapporter/,BRIMP årsrapporter,,html_link,discovered,,,,,,2026-06-20T11:55:53+08:00,National society context only unless statistics are exposed.
sweden_spkf_society_context,Europe,Sweden,Swedish Association of Plastic Surgeons,official_association_context,official_association,association_context_proxy,"Swedish plastic-surgery society context for specialists, training and quality",https://slf.se/spkf/,Svensk plastikkirurgisk förening,https://slf.se/spkf/for-medlemmar/rapporter-fran-organisationer/espras/,ESPRAS,,html_link,discovered,,,,,,2026-06-20T11:55:53+08:00,National society context only unless statistics are exposed.
sweden_spkf_society_context,Europe,Sweden,Swedish Association of Plastic Surgeons,official_association_context,official_association,association_context_proxy,"Swedish plastic-surgery society context for specialists, training and quality",https://slf.se/spkf/,Svensk plastikkirurgisk förening,https://slf.se/spkf/for-medlemmar/rapporter-fran-organisationer/icoplast/,ICOPLAST,,html_link,discovered,,,,,,2026-06-20T11:55:53+08:00,National society context only unless statistics are exposed.
sweden_spkf_society_context,Europe,Sweden,Swedish Association of Plastic Surgeons,official_association_context,official_association,association_context_proxy,"Swedish plastic-surgery society context for specialists, training and quality",https://slf.se/spkf/,Svensk plastikkirurgisk förening,https://slf.se/spkf/for-medlemmar/rapporter-fran-organisationer/nordiska-kursers-utbildningskommitee/,Nordiska kursers utbildningskommitée,,html_link,discovered,,,,,,2026-06-20T11:55:53+08:00,National society context only unless statistics are exposed.
sweden_spkf_society_context,Europe,Sweden,Swedish Association of Plastic Surgeons,official_association_context,official_association,association_context_proxy,"Swedish plastic-surgery society context for specialists, training and quality",https://slf.se/spkf/,Svensk plastikkirurgisk förening,https://slf.se/spkf/for-medlemmar/rapporter-fran-organisationer/sls-ordforanderad/,SLS ordföranderåd,,html_link,discovered,,,,,,2026-06-20T11:55:53+08:00,National society context only unless statistics are exposed.
sweden_spkf_society_context,Europe,Sweden,Swedish Association of Plastic Surgeons,official_association_context,official_association,association_context_proxy,"Swedish plastic-surgery society context for specialists, training and quality",https://slf.se/spkf/,Svensk plastikkirurgisk förening,https://slf.se/spkf/for-medlemmar/rapporter-fran-organisationer/uems/,UEMS,,html_link,discovered,,,,,,2026-06-20T11:55:53+08:00,National society context only unless statistics are exposed.
sweden_spkf_society_context,Europe,Sweden,Swedish Association of Plastic Surgeons,official_association_context,official_association,association_context_proxy,"Swedish plastic-surgery society context for specialists, training and quality",https://slf.se/spkf/,Svensk plastikkirurgisk förening,https://slf.se/spkf/for-medlemmar/rapporter-fran-organisationer/vad-hander-i-kirurgiskt-rad/,Vad händer i kirurgiskt råd,,html_link,discovered,,,,,,2026-06-20T11:55:53+08:00,National society context only unless statistics are exposed.
sweden_spkf_society_context,Europe,Sweden,Swedish Association of Plastic Surgeons,official_association_context,official_association,association_context_proxy,"Swedish plastic-surgery society context for specialists, training and quality",https://slf.se/spkf/,Svensk plastikkirurgisk förening,https://slf.se/spkf/for-medlemmar/remissvar/,Remissvar,,html_link,discovered,,,,,,2026-06-20T11:55:53+08:00,National society context only unless statistics are exposed.
sweden_spkf_society_context,Europe,Sweden,Swedish Association of Plastic Surgeons,official_association_context,official_association,association_context_proxy,"Swedish plastic-surgery society context for specialists, training and quality",https://slf.se/spkf/,Svensk plastikkirurgisk förening,https://slf.se/spkf/for-medlemmar/resestipendium/,Resestipendium,,html_link,discovered,,,,,,2026-06-20T11:55:53+08:00,National society context only unless statistics are exposed.
sweden_spkf_society_context,Europe,Sweden,Swedish Association of Plastic Surgeons,official_association_context,official_association,association_context_proxy,"Swedish plastic-surgery society context for specialists, training and quality",https://slf.se/spkf/,Svensk plastikkirurgisk förening,https://slf.se/spkf/forskning/nya-avhandlingar/,Avhandlingar inom plastikkirurgi,,html_link,discovered,,,,,,2026-06-20T11:55:53+08:00,National society context only unless statistics are exposed.
sweden_spkf_society_context,Europe,Sweden,Swedish Association of Plastic Surgeons,official_association_context,official_association,association_context_proxy,"Swedish plastic-surgery society context for specialists, training and quality",https://slf.se/spkf/,Svensk plastikkirurgisk förening,https://slf.se/spkf/kallelser-till-arsmoten-och-verksamhetsberattelser/,Kallelser till årsmöten och verksamhetsberättelser,,html_link,discovered,,,,,,2026-06-20T11:55:53+08:00,National society context only unless statistics are exposed.
sweden_spkf_society_context,Europe,Sweden,Swedish Association of Plastic Surgeons,official_association_context,official_association,association_context_proxy,"Swedish plastic-surgery society context for specialists, training and quality",https://slf.se/spkf/,Svensk plastikkirurgisk förening,https://slf.se/spkf/om-oss/att-ansok-om-medlemskap/,,,html_link,discovered,,,,,,2026-06-20T11:55:53+08:00,National society context only unless statistics are exposed.
sweden_spkf_society_context,Europe,Sweden,Swedish Association of Plastic Surgeons,official_association_context,official_association,association_context_proxy,"Swedish plastic-surgery society context for specialists, training and quality",https://slf.se/spkf/,Svensk plastikkirurgisk förening,https://slf.se/spkf/om-oss/organisationer-i-vilka-spkf-ar-medlem/,Organisationer i vilka SPKF är medlem,,html_link,discovered,,,,,,2026-06-20T11:55:53+08:00,National society context only unless statistics are exposed.
sweden_spkf_society_context,Europe,Sweden,Swedish Association of Plastic Surgeons,official_association_context,official_association,association_context_proxy,"Swedish plastic-surgery society context for specialists, training and quality",https://slf.se/spkf/,Svensk plastikkirurgisk förening,https://slf.se/spkf/utbildning/plastikkirurgi-i-lakarprogrammet/,Plastikkirurgi i läkarprogrammet,,html_link,discovered,,,,,,2026-06-20T11:55:53+08:00,National society context only unless statistics are exposed.
sweden_spkf_society_context,Europe,Sweden,Swedish Association of Plastic Surgeons,official_association_context,official_association,association_context_proxy,"Swedish plastic-surgery society context for specialists, training and quality",https://slf.se/spkf/,Svensk plastikkirurgisk förening,https://slf.se/spkf/utbildning/plastikkirurgiska-kurser/,Plastikkirurgiska kurser,,html_link,discovered,,,,,,2026-06-20T11:55:53+08:00,National society context only unless statistics are exposed.
sweden_spkf_society_context,Europe,Sweden,Swedish Association of Plastic Surgeons,official_association_context,official_association,association_context_proxy,"Swedish plastic-surgery society context for specialists, training and quality",https://slf.se/spkf/,Svensk plastikkirurgisk förening,https://slf.se/vad-kostar-det-att-vara-medlem-i-lakarforbundet/,Vad kostar det att vara medlem?,,html_link,discovered,,,,,,2026-06-20T11:55:53+08:00,National society context only unless statistics are exposed.
sweden_spkf_society_context,Europe,Sweden,Swedish Association of Plastic Surgeons,official_association_context,official_association,association_context_proxy,"Swedish plastic-surgery society context for specialists, training and quality",https://slf.se/spkf/,Svensk plastikkirurgisk förening,https://slf.se/spkf/,,,html_source_page,fetched,200,text/html; charset=UTF-8,,,,2026-06-20T11:55:53+08:00,National society context only unless statistics are exposed.
switzerland_fmh_physician_statistics,Europe,Switzerland,FMH physician statistics interactive dashboard,official_professional_registry_statistics,official_professional_association,surgeon_denominator_proxy,physicians by main specialty and gender; plastic surgery denominator for Swiss channel density,https://aerztestatistik.fmh.ch/,,https://aerztestatistik.fmh.ch/,FMH physician statistics interactive dashboard,,html_source_page,reference_confirmed,,,,,,2026-06-20T11:55:30+08:00,Official FMH physician-statistics entry point. Denominator only; not aesthetic procedure volume.
switzerland_plastic_surgery_society,Europe,Switzerland,"Swiss Society for Plastic, Reconstructive and Aesthetic Surgery",official_association_context,official_association,association_context_proxy,"national society context, member/quality links and provider-discovery path",https://plasticsurgery.ch/en/,Home | SWISS PLASTIC SURGERY,https://blog.plasticsurgery.ch/,Blog,,html_link,discovered,,,,,,2026-06-20T11:55:32+08:00,Association context and provider-discovery path. Use for channel/professional context only unless statistics are exposed.
switzerland_plastic_surgery_society,Europe,Switzerland,"Swiss Society for Plastic, Reconstructive and Aesthetic Surgery",official_association_context,official_association,association_context_proxy,"national society context, member/quality links and provider-discovery path",https://plasticsurgery.ch/en/,Home | SWISS PLASTIC SURGERY,https://plasticsurgery.ch/de/,,,html_link,discovered,,,,,,2026-06-20T11:55:32+08:00,Association context and provider-discovery path. Use for channel/professional context only unless statistics are exposed.
switzerland_plastic_surgery_society,Europe,Switzerland,"Swiss Society for Plastic, Reconstructive and Aesthetic Surgery",official_association_context,official_association,association_context_proxy,"national society context, member/quality links and provider-discovery path",https://plasticsurgery.ch/en/,Home | SWISS PLASTIC SURGERY,https://plasticsurgery.ch/en/,,,html_link,discovered,,,,,,2026-06-20T11:55:32+08:00,Association context and provider-discovery path. Use for channel/professional context only unless statistics are exposed.
switzerland_plastic_surgery_society,Europe,Switzerland,"Swiss Society for Plastic, Reconstructive and Aesthetic Surgery",official_association_context,official_association,association_context_proxy,"national society context, member/quality links and provider-discovery path",https://plasticsurgery.ch/en/,Home | SWISS PLASTIC SURGERY,https://plasticsurgery.ch/en/about-us/contact,Contact,,html_link,discovered,,,,,,2026-06-20T11:55:32+08:00,Association context and provider-discovery path. Use for channel/professional context only unless statistics are exposed.
switzerland_plastic_surgery_society,Europe,Switzerland,"Swiss Society for Plastic, Reconstructive and Aesthetic Surgery",official_association_context,official_association,association_context_proxy,"national society context, member/quality links and provider-discovery path",https://plasticsurgery.ch/en/,Home | SWISS PLASTIC SURGERY,https://plasticsurgery.ch/en/about-us/formal/bylaws,Bylaws,,html_link,discovered,,,,,,2026-06-20T11:55:32+08:00,Association context and provider-discovery path. Use for channel/professional context only unless statistics are exposed.
switzerland_plastic_surgery_society,Europe,Switzerland,"Swiss Society for Plastic, Reconstructive and Aesthetic Surgery",official_association_context,official_association,association_context_proxy,"national society context, member/quality links and provider-discovery path",https://plasticsurgery.ch/en/,Home | SWISS PLASTIC SURGERY,https://plasticsurgery.ch/en/about-us/society/board,Board,,html_link,discovered,,,,,,2026-06-20T11:55:32+08:00,Association context and provider-discovery path. Use for channel/professional context only unless statistics are exposed.
switzerland_plastic_surgery_society,Europe,Switzerland,"Swiss Society for Plastic, Reconstructive and Aesthetic Surgery",official_association_context,official_association,association_context_proxy,"national society context, member/quality links and provider-discovery path",https://plasticsurgery.ch/en/,Home | SWISS PLASTIC SURGERY,https://plasticsurgery.ch/en/about-us/society/careers,Careers,,html_link,discovered,,,,,,2026-06-20T11:55:32+08:00,Association context and provider-discovery path. Use for channel/professional context only unless statistics are exposed.
switzerland_plastic_surgery_society,Europe,Switzerland,"Swiss Society for Plastic, Reconstructive and Aesthetic Surgery",official_association_context,official_association,association_context_proxy,"national society context, member/quality links and provider-discovery path",https://plasticsurgery.ch/en/,Home | SWISS PLASTIC SURGERY,https://plasticsurgery.ch/en/about-us/society/committees-working-groups-and-delegations,"Committees, working groups and delegations",,html_link,discovered,,,,,,2026-06-20T11:55:32+08:00,Association context and provider-discovery path. Use for channel/professional context only unless statistics are exposed.
switzerland_plastic_surgery_society,Europe,Switzerland,"Swiss Society for Plastic, Reconstructive and Aesthetic Surgery",official_association_context,official_association,association_context_proxy,"national society context, member/quality links and provider-discovery path",https://plasticsurgery.ch/en/,Home | SWISS PLASTIC SURGERY,https://plasticsurgery.ch/en/about-us/society/ehrenmitglieder,Honorary members,,html_link,discovered,,,,,,2026-06-20T11:55:32+08:00,Association context and provider-discovery path. Use for channel/professional context only unless statistics are exposed.
switzerland_plastic_surgery_society,Europe,Switzerland,"Swiss Society for Plastic, Reconstructive and Aesthetic Surgery",official_association_context,official_association,association_context_proxy,"national society context, member/quality links and provider-discovery path",https://plasticsurgery.ch/en/,Home | SWISS PLASTIC SURGERY,https://plasticsurgery.ch/en/about-us/society/international-network,International network,,html_link,discovered,,,,,,2026-06-20T11:55:32+08:00,Association context and provider-discovery path. Use for channel/professional context only unless statistics are exposed.
switzerland_plastic_surgery_society,Europe,Switzerland,"Swiss Society for Plastic, Reconstructive and Aesthetic Surgery",official_association_context,official_association,association_context_proxy,"national society context, member/quality links and provider-discovery path",https://plasticsurgery.ch/en/,Home | SWISS PLASTIC SURGERY,https://plasticsurgery.ch/en/about-us/society/junior-commission,Junior Commission,,html_link,discovered,,,,,,2026-06-20T11:55:32+08:00,Association context and provider-discovery path. Use for channel/professional context only unless statistics are exposed.
switzerland_plastic_surgery_society,Europe,Switzerland,"Swiss Society for Plastic, Reconstructive and Aesthetic Surgery",official_association_context,official_association,association_context_proxy,"national society context, member/quality links and provider-discovery path",https://plasticsurgery.ch/en/,Home | SWISS PLASTIC SURGERY,https://plasticsurgery.ch/en/about-us/society/office,Office,,html_link,discovered,,,,,,2026-06-20T11:55:32+08:00,Association context and provider-discovery path. Use for channel/professional context only unless statistics are exposed.
switzerland_plastic_surgery_society,Europe,Switzerland,"Swiss Society for Plastic, Reconstructive and Aesthetic Surgery",official_association_context,official_association,association_context_proxy,"national society context, member/quality links and provider-discovery path",https://plasticsurgery.ch/en/,Home | SWISS PLASTIC SURGERY,https://plasticsurgery.ch/en/about-us/society/ombudsman-service,Ombudsman service,,html_link,discovered,,,,,,2026-06-20T11:55:32+08:00,Association context and provider-discovery path. Use for channel/professional context only unless statistics are exposed.
switzerland_plastic_surgery_society,Europe,Switzerland,"Swiss Society for Plastic, Reconstructive and Aesthetic Surgery",official_association_context,official_association,association_context_proxy,"national society context, member/quality links and provider-discovery path",https://plasticsurgery.ch/en/,Home | SWISS PLASTIC SURGERY,https://plasticsurgery.ch/en/data-protection,Data protection,,html_link,discovered,,,,,,2026-06-20T11:55:32+08:00,Association context and provider-discovery path. Use for channel/professional context only unless statistics are exposed.
switzerland_plastic_surgery_society,Europe,Switzerland,"Swiss Society for Plastic, Reconstructive and Aesthetic Surgery",official_association_context,official_association,association_context_proxy,"national society context, member/quality links and provider-discovery path",https://plasticsurgery.ch/en/,Home | SWISS PLASTIC SURGERY,https://plasticsurgery.ch/en/fachwelt/veranstaltungen/calendar-of-events,Calendar of events,,html_link,discovered,,,,,,2026-06-20T11:55:32+08:00,Association context and provider-discovery path. Use for channel/professional context only unless statistics are exposed.
switzerland_plastic_surgery_society,Europe,Switzerland,"Swiss Society for Plastic, Reconstructive and Aesthetic Surgery",official_association_context,official_association,association_context_proxy,"national society context, member/quality links and provider-discovery path",https://plasticsurgery.ch/en/,Home | SWISS PLASTIC SURGERY,https://plasticsurgery.ch/en/legal-notice,Legal notice,,html_link,discovered,,,,,,2026-06-20T11:55:32+08:00,Association context and provider-discovery path. Use for channel/professional context only unless statistics are exposed.
switzerland_plastic_surgery_society,Europe,Switzerland,"Swiss Society for Plastic, Reconstructive and Aesthetic Surgery",official_association_context,official_association,association_context_proxy,"national society context, member/quality links and provider-discovery path",https://plasticsurgery.ch/en/,Home | SWISS PLASTIC SURGERY,https://plasticsurgery.ch/en/medical-professionals/annual-meeting/look-back-at-past-meetings,Look back at past meetings,,html_link,discovered,,,,,,2026-06-20T11:55:32+08:00,Association context and provider-discovery path. Use for channel/professional context only unless statistics are exposed.
switzerland_plastic_surgery_society,Europe,Switzerland,"Swiss Society for Plastic, Reconstructive and Aesthetic Surgery",official_association_context,official_association,association_context_proxy,"national society context, member/quality links and provider-discovery path",https://plasticsurgery.ch/en/,Home | SWISS PLASTIC SURGERY,https://plasticsurgery.ch/en/medical-professionals/annual-meeting/prizes,Prizes,,html_link,discovered,,,,,,2026-06-20T11:55:32+08:00,Association context and provider-discovery path. Use for channel/professional context only unless statistics are exposed.
switzerland_plastic_surgery_society,Europe,Switzerland,"Swiss Society for Plastic, Reconstructive and Aesthetic Surgery",official_association_context,official_association,association_context_proxy,"national society context, member/quality links and provider-discovery path",https://plasticsurgery.ch/en/,Home | SWISS PLASTIC SURGERY,https://plasticsurgery.ch/en/medical-professionals/become-member,,,html_link,discovered,,,,,,2026-06-20T11:55:32+08:00,Association context and provider-discovery path. Use for channel/professional context only unless statistics are exposed.
switzerland_plastic_surgery_society,Europe,Switzerland,"Swiss Society for Plastic, Reconstructive and Aesthetic Surgery",official_association_context,official_association,association_context_proxy,"national society context, member/quality links and provider-discovery path",https://plasticsurgery.ch/en/,Home | SWISS PLASTIC SURGERY,https://plasticsurgery.ch/en/medical-professionals/become-member/associate-membership,Associate membership,,html_link,discovered,,,,,,2026-06-20T11:55:32+08:00,Association context and provider-discovery path. Use for channel/professional context only unless statistics are exposed.
switzerland_plastic_surgery_society,Europe,Switzerland,"Swiss Society for Plastic, Reconstructive and Aesthetic Surgery",official_association_context,official_association,association_context_proxy,"national society context, member/quality links and provider-discovery path",https://plasticsurgery.ch/en/,Home | SWISS PLASTIC SURGERY,https://plasticsurgery.ch/en/medical-professionals/become-member/full-membership,Full membership,,html_link,discovered,,,,,,2026-06-20T11:55:32+08:00,Association context and provider-discovery path. Use for channel/professional context only unless statistics are exposed.
switzerland_plastic_surgery_society,Europe,Switzerland,"Swiss Society for Plastic, Reconstructive and Aesthetic Surgery",official_association_context,official_association,association_context_proxy,"national society context, member/quality links and provider-discovery path",https://plasticsurgery.ch/en/,Home | SWISS PLASTIC SURGERY,https://plasticsurgery.ch/en/medical-professionals/become-member/junior-membership,Junior membership,,html_link,discovered,,,,,,2026-06-20T11:55:32+08:00,Association context and provider-discovery path. Use for channel/professional context only unless statistics are exposed.
switzerland_plastic_surgery_society,Europe,Switzerland,"Swiss Society for Plastic, Reconstructive and Aesthetic Surgery",official_association_context,official_association,association_context_proxy,"national society context, member/quality links and provider-discovery path",https://plasticsurgery.ch/en/,Home | SWISS PLASTIC SURGERY,https://plasticsurgery.ch/en/medical-professionals/knowledge/bursaries-and-scientific-prize,Bursaries and scientific prize,,html_link,discovered,,,,,,2026-06-20T11:55:32+08:00,Association context and provider-discovery path. Use for channel/professional context only unless statistics are exposed.
switzerland_plastic_surgery_society,Europe,Switzerland,"Swiss Society for Plastic, Reconstructive and Aesthetic Surgery",official_association_context,official_association,association_context_proxy,"national society context, member/quality links and provider-discovery path",https://plasticsurgery.ch/en/,Home | SWISS PLASTIC SURGERY,https://plasticsurgery.ch/en/medical-professionals/knowledge/continuing-medical-education,Continuing medical education,,html_link,discovered,,,,,,2026-06-20T11:55:32+08:00,Association context and provider-discovery path. Use for channel/professional context only unless statistics are exposed.
switzerland_plastic_surgery_society,Europe,Switzerland,"Swiss Society for Plastic, Reconstructive and Aesthetic Surgery",official_association_context,official_association,association_context_proxy,"national society context, member/quality links and provider-discovery path",https://plasticsurgery.ch/en/,Home | SWISS PLASTIC SURGERY,https://plasticsurgery.ch/en/medical-professionals/knowledge/further-training,Further training,,html_link,discovered,,,,,,2026-06-20T11:55:32+08:00,Association context and provider-discovery path. Use for channel/professional context only unless statistics are exposed.
switzerland_plastic_surgery_society,Europe,Switzerland,"Swiss Society for Plastic, Reconstructive and Aesthetic Surgery",official_association_context,official_association,association_context_proxy,"national society context, member/quality links and provider-discovery path",https://plasticsurgery.ch/en/,Home | SWISS PLASTIC SURGERY,https://plasticsurgery.ch/en/medical-professionals/news,News,,html_link,discovered,,,,,,2026-06-20T11:55:32+08:00,Association context and provider-discovery path. Use for channel/professional context only unless statistics are exposed.
switzerland_plastic_surgery_society,Europe,Switzerland,"Swiss Society for Plastic, Reconstructive and Aesthetic Surgery",official_association_context,official_association,association_context_proxy,"national society context, member/quality links and provider-discovery path",https://plasticsurgery.ch/en/,Home | SWISS PLASTIC SURGERY,https://plasticsurgery.ch/en/medical-professionals/whats-on/announce-an-event,Announce an event,,html_link,discovered,,,,,,2026-06-20T11:55:32+08:00,Association context and provider-discovery path. Use for channel/professional context only unless statistics are exposed.
switzerland_plastic_surgery_society,Europe,Switzerland,"Swiss Society for Plastic, Reconstructive and Aesthetic Surgery",official_association_context,official_association,association_context_proxy,"national society context, member/quality links and provider-discovery path",https://plasticsurgery.ch/en/,Home | SWISS PLASTIC SURGERY,https://plasticsurgery.ch/en/mysps/login,,,html_link,discovered,,,,,,2026-06-20T11:55:32+08:00,Association context and provider-discovery path. Use for channel/professional context only unless statistics are exposed.
switzerland_plastic_surgery_society,Europe,Switzerland,"Swiss Society for Plastic, Reconstructive and Aesthetic Surgery",official_association_context,official_association,association_context_proxy,"national society context, member/quality links and provider-discovery path",https://plasticsurgery.ch/en/,Home | SWISS PLASTIC SURGERY,https://plasticsurgery.ch/en/patients/helpline/patient-rights-and-obligations,Patient rights and obligations,,html_link,discovered,,,,,,2026-06-20T11:55:32+08:00,Association context and provider-discovery path. Use for channel/professional context only unless statistics are exposed.
switzerland_plastic_surgery_society,Europe,Switzerland,"Swiss Society for Plastic, Reconstructive and Aesthetic Surgery",official_association_context,official_association,association_context_proxy,"national society context, member/quality links and provider-discovery path",https://plasticsurgery.ch/en/,Home | SWISS PLASTIC SURGERY,https://plasticsurgery.ch/en/patients/helpline/surgical-procedures-abroad,Surgical procedures abroad,,html_link,discovered,,,,,,2026-06-20T11:55:32+08:00,Association context and provider-discovery path. Use for channel/professional context only unless statistics are exposed.
switzerland_plastic_surgery_society,Europe,Switzerland,"Swiss Society for Plastic, Reconstructive and Aesthetic Surgery",official_association_context,official_association,association_context_proxy,"national society context, member/quality links and provider-discovery path",https://plasticsurgery.ch/en/,Home | SWISS PLASTIC SURGERY,https://plasticsurgery.ch/en/patients/helpline/what-to-do-if-your-treatment-didnt-go-as-expected,What to do if your treatment didn’t go as expected,,html_link,discovered,,,,,,2026-06-20T11:55:32+08:00,Association context and provider-discovery path. Use for channel/professional context only unless statistics are exposed.
switzerland_plastic_surgery_society,Europe,Switzerland,"Swiss Society for Plastic, Reconstructive and Aesthetic Surgery",official_association_context,official_association,association_context_proxy,"national society context, member/quality links and provider-discovery path",https://plasticsurgery.ch/en/,Home | SWISS PLASTIC SURGERY,https://plasticsurgery.ch/en/patients/infoline/abc-of-breast-implants,ABC of breast implants,,html_link,discovered,,,,,,2026-06-20T11:55:32+08:00,Association context and provider-discovery path. Use for channel/professional context only unless statistics are exposed.
switzerland_plastic_surgery_society,Europe,Switzerland,"Swiss Society for Plastic, Reconstructive and Aesthetic Surgery",official_association_context,official_association,association_context_proxy,"national society context, member/quality links and provider-discovery path",https://plasticsurgery.ch/en/,Home | SWISS PLASTIC SURGERY,https://plasticsurgery.ch/en/patients/infoline/announcements-notices-alerts,"Announcements, notices, alerts",,html_link,discovered,,,,,,2026-06-20T11:55:32+08:00,Association context and provider-discovery path. Use for channel/professional context only unless statistics are exposed.
switzerland_plastic_surgery_society,Europe,Switzerland,"Swiss Society for Plastic, Reconstructive and Aesthetic Surgery",official_association_context,official_association,association_context_proxy,"national society context, member/quality links and provider-discovery path",https://plasticsurgery.ch/en/,Home | SWISS PLASTIC SURGERY,https://plasticsurgery.ch/en/patients/infoline/quality-assurance,Quality assurance,,html_link,discovered,,,,,,2026-06-20T11:55:32+08:00,Association context and provider-discovery path. Use for channel/professional context only unless statistics are exposed.
switzerland_plastic_surgery_society,Europe,Switzerland,"Swiss Society for Plastic, Reconstructive and Aesthetic Surgery",official_association_context,official_association,association_context_proxy,"national society context, member/quality links and provider-discovery path",https://plasticsurgery.ch/en/,Home | SWISS PLASTIC SURGERY,https://plasticsurgery.ch/en/patients/list-of-plastic-surgeons,List of plastic surgeons,,html_link,discovered,,,,,,2026-06-20T11:55:32+08:00,Association context and provider-discovery path. Use for channel/professional context only unless statistics are exposed.
switzerland_plastic_surgery_society,Europe,Switzerland,"Swiss Society for Plastic, Reconstructive and Aesthetic Surgery",official_association_context,official_association,association_context_proxy,"national society context, member/quality links and provider-discovery path",https://plasticsurgery.ch/en/,Home | SWISS PLASTIC SURGERY,https://plasticsurgery.ch/en/patients/the-specialty,Patients,,html_link,discovered,,,,,,2026-06-20T11:55:32+08:00,Association context and provider-discovery path. Use for channel/professional context only unless statistics are exposed.
switzerland_plastic_surgery_society,Europe,Switzerland,"Swiss Society for Plastic, Reconstructive and Aesthetic Surgery",official_association_context,official_association,association_context_proxy,"national society context, member/quality links and provider-discovery path",https://plasticsurgery.ch/en/,Home | SWISS PLASTIC SURGERY,https://plasticsurgery.ch/en/patients/the-specialty/how-to-find-the-right-surgeon,How to find the right surgeon,,html_link,discovered,,,,,,2026-06-20T11:55:32+08:00,Association context and provider-discovery path. Use for channel/professional context only unless statistics are exposed.
switzerland_plastic_surgery_society,Europe,Switzerland,"Swiss Society for Plastic, Reconstructive and Aesthetic Surgery",official_association_context,official_association,association_context_proxy,"national society context, member/quality links and provider-discovery path",https://plasticsurgery.ch/en/,Home | SWISS PLASTIC SURGERY,https://plasticsurgery.ch/en/patients/the-specialty/portrait,Portrait,,html_link,discovered,,,,,,2026-06-20T11:55:32+08:00,Association context and provider-discovery path. Use for channel/professional context only unless statistics are exposed.
switzerland_plastic_surgery_society,Europe,Switzerland,"Swiss Society for Plastic, Reconstructive and Aesthetic Surgery",official_association_context,official_association,association_context_proxy,"national society context, member/quality links and provider-discovery path",https://plasticsurgery.ch/en/,Home | SWISS PLASTIC SURGERY,https://plasticsurgery.ch/en/patients/the-specialty/the-most-common-procedures,The most common procedures,,html_link,discovered,,,,,,2026-06-20T11:55:32+08:00,Association context and provider-discovery path. Use for channel/professional context only unless statistics are exposed.
switzerland_plastic_surgery_society,Europe,Switzerland,"Swiss Society for Plastic, Reconstructive and Aesthetic Surgery",official_association_context,official_association,association_context_proxy,"national society context, member/quality links and provider-discovery path",https://plasticsurgery.ch/en/,Home | SWISS PLASTIC SURGERY,https://plasticsurgery.ch/en/search,,,html_link,discovered,,,,,,2026-06-20T11:55:32+08:00,Association context and provider-discovery path. Use for channel/professional context only unless statistics are exposed.
switzerland_plastic_surgery_society,Europe,Switzerland,"Swiss Society for Plastic, Reconstructive and Aesthetic Surgery",official_association_context,official_association,association_context_proxy,"national society context, member/quality links and provider-discovery path",https://plasticsurgery.ch/en/,Home | SWISS PLASTIC SURGERY,https://plasticsurgery.ch/fr/,,,html_link,discovered,,,,,,2026-06-20T11:55:32+08:00,Association context and provider-discovery path. Use for channel/professional context only unless statistics are exposed.
switzerland_plastic_surgery_society,Europe,Switzerland,"Swiss Society for Plastic, Reconstructive and Aesthetic Surgery",official_association_context,official_association,association_context_proxy,"national society context, member/quality links and provider-discovery path",https://plasticsurgery.ch/en/,Home | SWISS PLASTIC SURGERY,https://plasticsurgery.ch/it/,,,html_link,discovered,,,,,,2026-06-20T11:55:32+08:00,Association context and provider-discovery path. Use for channel/professional context only unless statistics are exposed.
switzerland_plastic_surgery_society,Europe,Switzerland,"Swiss Society for Plastic, Reconstructive and Aesthetic Surgery",official_association_context,official_association,association_context_proxy,"national society context, member/quality links and provider-discovery path",https://plasticsurgery.ch/en/,Home | SWISS PLASTIC SURGERY,https://www.plasticsurgery.ch,,,html_link,discovered,,,,,,2026-06-20T11:55:32+08:00,Association context and provider-discovery path. Use for channel/professional context only unless statistics are exposed.
switzerland_plastic_surgery_society,Europe,Switzerland,"Swiss Society for Plastic, Reconstructive and Aesthetic Surgery",official_association_context,official_association,association_context_proxy,"national society context, member/quality links and provider-discovery path",https://plasticsurgery.ch/en/,Home | SWISS PLASTIC SURGERY,https://plasticsurgery.ch/en/,,,html_source_page,fetched,200,text/html; charset=utf-8,,,,2026-06-20T11:55:32+08:00,Association context and provider-discovery path. Use for channel/professional context only unless statistics are exposed.
taiwan_mohw_aesthetic_medicine_institutions,Asia,Taiwan,MOHW aesthetic medicine information area,official_government_provider_statistics,official_government,provider_channel_density_proxy,approved institutions for specific aesthetic medicine surgery/procedures; quality certification links,https://dep.mohw.gov.tw/DOMA/lp-3240-106.html,美容醫學資訊專區- 醫事司,https://www.mohw.gov.tw/dl-54656-61753779-bc51-414b-9f16-1ea8624387a8.html,各縣市核准施行特定美容醫學手術醫療機構(更新至114年6月30日),,download,downloaded,200,application/pdf,data\commercial_sources\geo_market_sources\taiwan_mohw_aesthetic_medicine_institutions\unknown-year__download__114-6-30__89235c20.pdf,a48a159ffa6a328a88003904070fbbaccb1d91a1b438f46c9119cfd1dbfb7b81,1258990,2026-06-20T11:53:28+08:00,Provider/institution coverage proxy; not procedure count.
taiwan_mohw_aesthetic_medicine_institutions,Asia,Taiwan,MOHW aesthetic medicine information area,official_government_provider_statistics,official_government,provider_channel_density_proxy,approved institutions for specific aesthetic medicine surgery/procedures; quality certification links,https://dep.mohw.gov.tw/DOMA/lp-3240-106.html,美容醫學資訊專區- 醫事司,http://www.mohw.gov.tw/cp-81-155-1.html,政府網站資料開放宣告,,html_link,discovered,,,,,,2026-06-20T11:53:28+08:00,Provider/institution coverage proxy; not procedure count.
taiwan_mohw_aesthetic_medicine_institutions,Asia,Taiwan,MOHW aesthetic medicine information area,official_government_provider_statistics,official_government,provider_channel_density_proxy,approved institutions for specific aesthetic medicine surgery/procedures; quality certification links,https://dep.mohw.gov.tw/DOMA/lp-3240-106.html,美容醫學資訊專區- 醫事司,https://dep.mohw.gov.tw/DOMA/cp-3240-15604-106.html,「美容醫學處置（含美容醫學針劑注射處置）同意書及說明書範本」共16項,,html_link,discovered,,,,,,2026-06-20T11:53:28+08:00,Provider/institution coverage proxy; not procedure count.
taiwan_mohw_aesthetic_medicine_institutions,Asia,Taiwan,MOHW aesthetic medicine information area,official_government_provider_statistics,official_government,provider_channel_density_proxy,approved institutions for specific aesthetic medicine surgery/procedures; quality certification links,https://dep.mohw.gov.tw/DOMA/lp-3240-106.html,美容醫學資訊專區- 醫事司,https://dep.mohw.gov.tw/DOMA/cp-3240-15614-106.html,美容醫學品質認證,,html_link,discovered,,,,,,2026-06-20T11:53:28+08:00,Provider/institution coverage proxy; not procedure count.
taiwan_mohw_aesthetic_medicine_institutions,Asia,Taiwan,MOHW aesthetic medicine information area,official_government_provider_statistics,official_government,provider_channel_density_proxy,approved institutions for specific aesthetic medicine surgery/procedures; quality certification links,https://dep.mohw.gov.tw/DOMA/lp-3240-106.html,美容醫學資訊專區- 醫事司,https://dep.mohw.gov.tw/DOMA/cp-3240-47693-106.html,特定醫療技術檢查檢驗醫療儀器施行或使用管理辦法輕中度鎮靜課程課綱及訓練機構名單,,html_link,discovered,,,,,,2026-06-20T11:53:28+08:00,Provider/institution coverage proxy; not procedure count.
taiwan_mohw_aesthetic_medicine_institutions,Asia,Taiwan,MOHW aesthetic medicine information area,official_government_provider_statistics,official_government,provider_channel_density_proxy,approved institutions for specific aesthetic medicine surgery/procedures; quality certification links,https://dep.mohw.gov.tw/DOMA/lp-3240-106.html,美容醫學資訊專區- 醫事司,https://dep.mohw.gov.tw/DOMA/cp-3240-49364-106.html,歷年發布美容醫學相關新聞彙整,,html_link,discovered,,,,,,2026-06-20T11:53:28+08:00,Provider/institution coverage proxy; not procedure count.
taiwan_mohw_aesthetic_medicine_institutions,Asia,Taiwan,MOHW aesthetic medicine information area,official_government_provider_statistics,official_government,provider_channel_density_proxy,approved institutions for specific aesthetic medicine surgery/procedures; quality certification links,https://dep.mohw.gov.tw/DOMA/lp-3240-106.html,美容醫學資訊專區- 醫事司,https://dep.mohw.gov.tw/DOMA/cp-3240-49385-106.html,美容醫學相關醫學會網站,,html_link,discovered,,,,,,2026-06-20T11:53:28+08:00,Provider/institution coverage proxy; not procedure count.
taiwan_mohw_aesthetic_medicine_institutions,Asia,Taiwan,MOHW aesthetic medicine information area,official_government_provider_statistics,official_government,provider_channel_density_proxy,approved institutions for specific aesthetic medicine surgery/procedures; quality certification links,https://dep.mohw.gov.tw/DOMA/lp-3240-106.html,美容醫學資訊專區- 醫事司,https://dep.mohw.gov.tw/DOMA/cp-3240-86066-106.html,特定醫療技術檢查檢驗醫療儀器施行或使用管理辦法施行美容醫學手術暨特定美容醫學處置之訓練學會名單及案例審認注意事項,,html_link,discovered,,,,,,2026-06-20T11:53:20+08:00,Provider/institution coverage proxy; not procedure count.
taiwan_mohw_aesthetic_medicine_institutions,Asia,Taiwan,MOHW aesthetic medicine information area,official_government_provider_statistics,official_government,provider_channel_density_proxy,approved institutions for specific aesthetic medicine surgery/procedures; quality certification links,https://dep.mohw.gov.tw/DOMA/lp-3240-106.html,美容醫學資訊專區- 醫事司,https://dep.mohw.gov.tw/DOMA/lp-3240-106.html,美容醫學資訊專區,,html_link,discovered,,,,,,2026-06-20T11:53:20+08:00,Provider/institution coverage proxy; not procedure count.
taiwan_mohw_aesthetic_medicine_institutions,Asia,Taiwan,MOHW aesthetic medicine information area,official_government_provider_statistics,official_government,provider_channel_density_proxy,approved institutions for specific aesthetic medicine surgery/procedures; quality certification links,https://dep.mohw.gov.tw/DOMA/lp-3240-106.html,美容醫學資訊專區- 醫事司,https://dep.mohw.gov.tw/DOMA/np-3240-106.html,美容醫學資訊專區,,html_link,discovered,,,,,,2026-06-20T11:53:20+08:00,Provider/institution coverage proxy; not procedure count.
taiwan_mohw_aesthetic_medicine_institutions,Asia,Taiwan,MOHW aesthetic medicine information area,official_government_provider_statistics,official_government,provider_channel_density_proxy,approved institutions for specific aesthetic medicine surgery/procedures; quality certification links,https://dep.mohw.gov.tw/DOMA/lp-3240-106.html,美容醫學資訊專區- 醫事司,https://dep.mohw.gov.tw/DOMA/np-4926-106.html,政府資料開放專區（醫療機構之基本資料）,,html_link,discovered,,,,,,2026-06-20T11:53:20+08:00,Provider/institution coverage proxy; not procedure count.
taiwan_mohw_aesthetic_medicine_institutions,Asia,Taiwan,MOHW aesthetic medicine information area,official_government_provider_statistics,official_government,provider_channel_density_proxy,approved institutions for specific aesthetic medicine surgery/procedures; quality certification links,https://dep.mohw.gov.tw/DOMA/lp-3240-106.html,美容醫學資訊專區- 醫事司,https://ma.mohw.gov.tw/Accessibility/AESSearch/MASearchAES,美容醫學專區,,html_link,discovered,,,,,,2026-06-20T11:53:20+08:00,Provider/institution coverage proxy; not procedure count.
taiwan_mohw_aesthetic_medicine_institutions,Asia,Taiwan,MOHW aesthetic medicine information area,official_government_provider_statistics,official_government,provider_channel_density_proxy,approved institutions for specific aesthetic medicine surgery/procedures; quality certification links,https://dep.mohw.gov.tw/DOMA/lp-3240-106.html,美容醫學資訊專區- 醫事司,https://dep.mohw.gov.tw/DOMA/lp-3240-106.html,,,html_source_page,fetched,200,text/html; charset=utf-8,,,,2026-06-20T11:53:20+08:00,Provider/institution coverage proxy; not procedure count.
taiwan_mohw_medical_facility_open_data,Asia,Taiwan,MOHW medical institution and personnel open data,official_government_open_data,official_government,provider_denominator,medical institution and personnel master data for city/provider denominators,https://dep.mohw.gov.tw/DOMA/np-4926-106.html,政府資料開放專區（醫療機構與人員基本資料）- 醫事司,https://www.mohw.gov.tw/dl-96581-66dbb751-f83a-416a-a998-893222e20fef.html,醫療機構與人員基本資料_20241231.ods,,download,downloaded,200,application/octet-stream,data\commercial_sources\geo_market_sources\taiwan_mohw_medical_facility_open_data\unknown-year__download__20241231.ods__7683f65d.ods,0cecabbc3770f28fc84c0699e9ca313c5e8196658bf308f80e2f6eb04374d2aa,2193354,2026-06-20T11:53:38+08:00,Use as denominator/enrichment for Taiwan channel density.
taiwan_mohw_medical_facility_open_data,Asia,Taiwan,MOHW medical institution and personnel open data,official_government_open_data,official_government,provider_denominator,medical institution and personnel master data for city/provider denominators,https://dep.mohw.gov.tw/DOMA/np-4926-106.html,政府資料開放專區（醫療機構與人員基本資料）- 醫事司,http://www.mohw.gov.tw/cp-81-155-1.html,政府網站資料開放宣告,,html_link,discovered,,,,,,2026-06-20T11:53:38+08:00,Use as denominator/enrichment for Taiwan channel density.
taiwan_mohw_medical_facility_open_data,Asia,Taiwan,MOHW medical institution and personnel open data,official_government_open_data,official_government,provider_denominator,medical institution and personnel master data for city/provider denominators,https://dep.mohw.gov.tw/DOMA/np-4926-106.html,政府資料開放專區（醫療機構與人員基本資料）- 醫事司,http://www.mohw.gov.tw/lp-2657-1.html,表單下載,,html_link,discovered,,,,,,2026-06-20T11:53:30+08:00,Use as denominator/enrichment for Taiwan channel density.
taiwan_mohw_medical_facility_open_data,Asia,Taiwan,MOHW medical institution and personnel open data,official_government_open_data,official_government,provider_denominator,medical institution and personnel master data for city/provider denominators,https://dep.mohw.gov.tw/DOMA/np-4926-106.html,政府資料開放專區（醫療機構與人員基本資料）- 醫事司,https://dep.mohw.gov.tw/DOMA/np-4926-106.html,政府資料開放專區（醫療機構之基本資料）,,html_link,discovered,,,,,,2026-06-20T11:53:30+08:00,Use as denominator/enrichment for Taiwan channel density.
taiwan_mohw_medical_facility_open_data,Asia,Taiwan,MOHW medical institution and personnel open data,official_government_open_data,official_government,provider_denominator,medical institution and personnel master data for city/provider denominators,https://dep.mohw.gov.tw/DOMA/np-4926-106.html,政府資料開放專區（醫療機構與人員基本資料）- 醫事司,https://dep.mohw.gov.tw/DOMA/np-4926-106.html,,,html_source_page,fetched,200,text/html; charset=utf-8,,,,2026-06-20T11:53:30+08:00,Use as denominator/enrichment for Taiwan channel density.
aesthetic_society_statistics,North America,USA,The Aesthetic Society procedural statistics,official_association_statistics,official_association,treatment_volume_country_year,US aesthetic plastic surgery procedural statistics and billing/value context,https://www.theaestheticsociety.org/media/procedural-statistics,Aesthetic Society Procedural Statistics | The Aesthetic Society,https://www.theaestheticsociety.org/media/procedural-statistics,,,html_source_page,fetched,200,text/html; charset=UTF-8,,,,2026-06-20T11:55:30+08:00,US private-practice/aesthetic-surgery methodology lane; keep separate from ASPS and ISAPS.
asps_plastic_surgery_statistics,North America,USA,American Society of Plastic Surgeons statistics,official_association_statistics,official_association,treatment_volume_country_year,"US procedure trends, regional distribution, average fees, age and gender splits",https://www.plasticsurgery.org/news/plastic-surgery-statistics,Plastic Surgery Statistics | American Society of Plastic Surgeons,https://www.plasticsurgery.org/news/plastic-surgery-statistics,,,html_source_page,fetched,200,text/html; charset=utf-8,,,,2026-06-20T11:55:29+08:00,Primary US association statistics lane. PDFs are collected by the phase-1 official-source script; this row exposes the country source card.
cms_open_payments,North America,USA,CMS Open Payments,official_government_payments,official_government,company_physician_touchpoint_proxy,"company-to-physician payment and engagement signals by reporting entity, specialty, state and year",https://openpaymentsdata.cms.gov/about/api,CMS Open Payments,https://openpaymentsdata.cms.gov/about/api,,,html_source_page,fetched,200,text/html; charset=UTF-8,,,,2026-06-20T11:55:30+08:00,"US channel/KOL touchpoint proxy. Use aggregate payment and physician-count rows, not as treatment volume."
uk_baaps_annual_audit,Europe,United Kingdom,BAAPS annual audit results,official_association_statistics,official_association,treatment_volume_country_year,annual cosmetic surgery audit by procedure; UK country-level procedure trend,https://baaps.org.uk/baaps_annual_audit_results_.aspx,BAAPS Annual Audit Results | The British Association of Aesthetic Plastic Surgeons,https://baaps.org.uk/asm/default.aspx,Annual Conference,,html_link,discovered,,,,,,2026-06-20T11:54:25+08:00,High-value phase-1 source; methodology is BAAPS member/audit based and should remain source-labeled.
uk_baaps_annual_audit,Europe,United Kingdom,BAAPS annual audit results,official_association_statistics,official_association,treatment_volume_country_year,annual cosmetic surgery audit by procedure; UK country-level procedure trend,https://baaps.org.uk/baaps_annual_audit_results_.aspx,BAAPS Annual Audit Results | The British Association of Aesthetic Plastic Surgeons,https://baaps.org.uk/baaps_annual_audit_results_.aspx#content,Skip to main content,,html_link,discovered,,,,,,2026-06-20T11:54:25+08:00,High-value phase-1 source; methodology is BAAPS member/audit based and should remain source-labeled.
uk_baaps_annual_audit,Europe,United Kingdom,BAAPS annual audit results,official_association_statistics,official_association,treatment_volume_country_year,annual cosmetic surgery audit by procedure; UK country-level procedure trend,https://baaps.org.uk/baaps_annual_audit_results_.aspx,BAAPS Annual Audit Results | The British Association of Aesthetic Plastic Surgeons,https://baaps.org.uk/baaps_annual_audit_results_.aspx,,,html_source_page,fetched,200,text/html; charset=utf-8,,,,2026-06-20T11:54:25+08:00,High-value phase-1 source; methodology is BAAPS member/audit based and should remain source-labeled.
uk_baaps_annual_audit,Europe,United Kingdom,BAAPS annual audit results,official_association_statistics,official_association,treatment_volume_country_year,annual cosmetic surgery audit by procedure; UK country-level procedure trend,https://baaps.org.uk/baaps_annual_audit_results_.aspx,BAAPS Annual Audit Results | The British Association of Aesthetic Plastic Surgeons,https://baaps.org.uk/_userfiles/pages/files/2020_audit_results_for_2022.pdf,See them here.,,pdf,downloaded,200,application/pdf,data\commercial_sources\geo_market_sources\uk_baaps_annual_audit\unknown-year__pdf__see-them-here__668a95c7.pdf,fe7ca70a9abd42286b5bc7d00b501db52485fae92fdcfd823a23901c089a7aa4,213048,2026-06-20T11:54:38+08:00,High-value phase-1 source; methodology is BAAPS member/audit based and should remain source-labeled.
uk_baaps_annual_audit,Europe,United Kingdom,BAAPS annual audit results,official_association_statistics,official_association,treatment_volume_country_year,annual cosmetic surgery audit by procedure; UK country-level procedure trend,https://baaps.org.uk/baaps_annual_audit_results_.aspx,BAAPS Annual Audit Results | The British Association of Aesthetic Plastic Surgeons,https://baaps.org.uk/_userfiles/pages/files/2021_audit_results_for_2022_release_final_1.pdf,See them here.,,pdf,downloaded,200,application/pdf,data\commercial_sources\geo_market_sources\uk_baaps_annual_audit\unknown-year__pdf__see-them-here__42678b5f.pdf,4ef2b98d98855e0b904d91a9e31d5436d1caa54b7e487a0e4f6d57ac3b70cd3b,80167,2026-06-20T11:54:34+08:00,High-value phase-1 source; methodology is BAAPS member/audit based and should remain source-labeled.
uk_baaps_annual_audit,Europe,United Kingdom,BAAPS annual audit results,official_association_statistics,official_association,treatment_volume_country_year,annual cosmetic surgery audit by procedure; UK country-level procedure trend,https://baaps.org.uk/baaps_annual_audit_results_.aspx,BAAPS Annual Audit Results | The British Association of Aesthetic Plastic Surgeons,https://baaps.org.uk/_userfiles/pages/files/2020_audit_results_for_2021.pdf,2020: Results of BAAPS Audit,2020,pdf,downloaded,200,application/pdf,data\commercial_sources\geo_market_sources\uk_baaps_annual_audit\2020__pdf__2020-results-of-baaps-audit__30e5ef95.pdf,fe7ca70a9abd42286b5bc7d00b501db52485fae92fdcfd823a23901c089a7aa4,213048,2026-06-20T11:54:36+08:00,High-value phase-1 source; methodology is BAAPS member/audit based and should remain source-labeled.
uk_baaps_annual_audit,Europe,United Kingdom,BAAPS annual audit results,official_association_statistics,official_association,treatment_volume_country_year,annual cosmetic surgery audit by procedure; UK country-level procedure trend,https://baaps.org.uk/baaps_annual_audit_results_.aspx,BAAPS Annual Audit Results | The British Association of Aesthetic Plastic Surgeons,https://baaps.org.uk/_userfiles/pages/files/2021_audit_results_for_2022_release_final.pdf,2021: Results of BAAPS Audit,2021,pdf,downloaded,200,application/pdf,data\commercial_sources\geo_market_sources\uk_baaps_annual_audit\2021__pdf__2021-results-of-baaps-audit__1df86af2.pdf,4ef2b98d98855e0b904d91a9e31d5436d1caa54b7e487a0e4f6d57ac3b70cd3b,80167,2026-06-20T11:54:32+08:00,High-value phase-1 source; methodology is BAAPS member/audit based and should remain source-labeled.
uk_baaps_annual_audit,Europe,United Kingdom,BAAPS annual audit results,official_association_statistics,official_association,treatment_volume_country_year,annual cosmetic surgery audit by procedure; UK country-level procedure trend,https://baaps.org.uk/baaps_annual_audit_results_.aspx,BAAPS Annual Audit Results | The British Association of Aesthetic Plastic Surgeons,https://baaps.org.uk/media/press_releases/1872/cosmetic_surgery_boom,2022: Results of BAAPS Audit,2022,html_link,discovered,,,,,,2026-06-20T11:54:31+08:00,High-value phase-1 source; methodology is BAAPS member/audit based and should remain source-labeled.
uk_baaps_annual_audit,Europe,United Kingdom,BAAPS annual audit results,official_association_statistics,official_association,treatment_volume_country_year,annual cosmetic surgery audit by procedure; UK country-level procedure trend,https://baaps.org.uk/baaps_annual_audit_results_.aspx,BAAPS Annual Audit Results | The British Association of Aesthetic Plastic Surgeons,https://baaps.org.uk/_userfiles/pages/files/final_2023_audit_results_for_2024_release.pdf,2023: Results of baaps audit,2023,pdf,downloaded,200,application/pdf,data\commercial_sources\geo_market_sources\uk_baaps_annual_audit\2023__pdf__2023-results-of-baaps-audit__e81ecc67.pdf,cd80847b5630f82ae7b28c9b08c3362cef3599316c6617c0f6d49980f184b6a9,86659,2026-06-20T11:54:31+08:00,High-value phase-1 source; methodology is BAAPS member/audit based and should remain source-labeled.
uk_baaps_annual_audit,Europe,United Kingdom,BAAPS annual audit results,official_association_statistics,official_association,treatment_volume_country_year,annual cosmetic surgery audit by procedure; UK country-level procedure trend,https://baaps.org.uk/baaps_annual_audit_results_.aspx,BAAPS Annual Audit Results | The British Association of Aesthetic Plastic Surgeons,https://baaps.org.uk/_userfiles/pages/files/2024_audit_results_for_2025_release_final.pdf,2024: Results of BAAPS Audit,2024,pdf,downloaded,200,application/pdf,data\commercial_sources\geo_market_sources\uk_baaps_annual_audit\2024__pdf__2024-results-of-baaps-audit__fb12d754.pdf,da9c2b74801a373d544e8c5761ef84edde6c1f4f95d27893c76afdcf75456758,121905,2026-06-20T11:54:29+08:00,High-value phase-1 source; methodology is BAAPS member/audit based and should remain source-labeled.
uk_baaps_annual_audit,Europe,United Kingdom,BAAPS annual audit results,official_association_statistics,official_association,treatment_volume_country_year,annual cosmetic surgery audit by procedure; UK country-level procedure trend,https://baaps.org.uk/baaps_annual_audit_results_.aspx,BAAPS Annual Audit Results | The British Association of Aesthetic Plastic Surgeons,https://baaps.org.uk/_userfiles/pages/files/2025_audit_results_for_2026_release_final.pdf,2025: RESULTS OF BAAPS AUDIT,2025,pdf,downloaded,200,application/pdf,data\commercial_sources\geo_market_sources\uk_baaps_annual_audit\2025__pdf__2025-results-of-baaps-audit__ead5de1c.pdf,ab6be2e3379b376f59a362f9b326db6edb92db6ff00456b3e0aa84b8e18df09e,184487,2026-06-20T11:54:27+08:00,High-value phase-1 source; methodology is BAAPS member/audit based and should remain source-labeled.
