source_file,data_type,category_l1,category_l2,category_l3,geo,value,unit,year,source_org,report_title,url,note,confidence
data\commercial_sources\phase1_official_stats\asps_plastic_surgery_statistics\2020__procedure_statistics__2020-plastic-surgery-statistics-report.pdf,procedure_volume,Cosmetic minimally invasive procedures,Cosmetic minimally invasive procedures,Ablative,United States,430506,procedures,2020,ASPS,2020 ASPS minimally invasive procedure trends,https://www.plasticsurgery.org/documents/news/statistics/2020/plastic-surgery-statistics-full-report-2020.pdf,ASPS official national table extracted from 2020__procedure_statistics__2020-plastic-surgery-statistics-report.pdf; comparator columns remain source-labeled and are not merged with ISAPS.,official_association_report_auto_extracted
data\commercial_sources\phase1_official_stats\asps_plastic_surgery_statistics\2020__procedure_statistics__2020-plastic-surgery-statistics-report.pdf,procedure_volume,Cosmetic minimally invasive procedures,Cosmetic minimally invasive procedures,Acellular Dermal Matrix,United States,8354,procedures,2020,ASPS,2020 ASPS minimally invasive procedure trends,https://www.plasticsurgery.org/documents/news/statistics/2020/plastic-surgery-statistics-full-report-2020.pdf,ASPS official national table extracted from 2020__procedure_statistics__2020-plastic-surgery-statistics-report.pdf; comparator columns remain source-labeled and are not merged with ISAPS.,official_association_report_auto_extracted
data\commercial_sources\phase1_official_stats\asps_plastic_surgery_statistics\2020__procedure_statistics__2020-plastic-surgery-statistics-report.pdf,procedure_volume,Cosmetic minimally invasive procedures,Cosmetic minimally invasive procedures,Allograft Adipose Matrix,United States,11280,procedures,2020,ASPS,2020 ASPS minimally invasive procedure trends,https://www.plasticsurgery.org/documents/news/statistics/2020/plastic-surgery-statistics-full-report-2020.pdf,ASPS official national table extracted from 2020__procedure_statistics__2020-plastic-surgery-statistics-report.pdf; comparator columns remain source-labeled and are not merged with ISAPS.,official_association_report_auto_extracted
data\commercial_sources\phase1_official_stats\asps_plastic_surgery_statistics\2020__procedure_statistics__2020-plastic-surgery-statistics-report.pdf,procedure_volume,Cosmetic minimally invasive procedures,Cosmetic minimally invasive procedures,"Botulinum Toxin Type A (Botox™, Dysport™, Xeomin™)",United States,4401536,procedures,2020,ASPS,2020 ASPS minimally invasive procedure trends,https://www.plasticsurgery.org/documents/news/statistics/2020/plastic-surgery-statistics-full-report-2020.pdf,ASPS official national table extracted from 2020__procedure_statistics__2020-plastic-surgery-statistics-report.pdf; comparator columns remain source-labeled and are not merged with ISAPS.,official_association_report_auto_extracted
data\commercial_sources\phase1_official_stats\asps_plastic_surgery_statistics\2020__procedure_statistics__2020-plastic-surgery-statistics-report.pdf,procedure_volume,Cosmetic minimally invasive procedures,Cosmetic minimally invasive procedures,Calcium hydroxylapatite (Radiesse™),United States,201474,procedures,2020,ASPS,2020 ASPS minimally invasive procedure trends,https://www.plasticsurgery.org/documents/news/statistics/2020/plastic-surgery-statistics-full-report-2020.pdf,ASPS official national table extracted from 2020__procedure_statistics__2020-plastic-surgery-statistics-report.pdf; comparator columns remain source-labeled and are not merged with ISAPS.,official_association_report_auto_extracted
data\commercial_sources\phase1_official_stats\asps_plastic_surgery_statistics\2020__procedure_statistics__2020-plastic-surgery-statistics-report.pdf,procedure_volume,Cosmetic minimally invasive procedures,Cosmetic minimally invasive procedures,"Cellulite treatment (Velosmooth, Endermology)",United States,86350,procedures,2020,ASPS,2020 ASPS minimally invasive procedure trends,https://www.plasticsurgery.org/documents/news/statistics/2020/plastic-surgery-statistics-full-report-2020.pdf,ASPS official national table extracted from 2020__procedure_statistics__2020-plastic-surgery-statistics-report.pdf; comparator columns remain source-labeled and are not merged with ISAPS.,official_association_report_auto_extracted
data\commercial_sources\phase1_official_stats\asps_plastic_surgery_statistics\2020__procedure_statistics__2020-plastic-surgery-statistics-report.pdf,procedure_volume,Cosmetic minimally invasive procedures,Cosmetic minimally invasive procedures,Chemical peel,United States,931473,procedures,2020,ASPS,2020 ASPS minimally invasive procedure trends,https://www.plasticsurgery.org/documents/news/statistics/2020/plastic-surgery-statistics-full-report-2020.pdf,ASPS official national table extracted from 2020__procedure_statistics__2020-plastic-surgery-statistics-report.pdf; comparator columns remain source-labeled and are not merged with ISAPS.,official_association_report_auto_extracted
data\commercial_sources\phase1_official_stats\asps_plastic_surgery_statistics\2020__procedure_statistics__2020-plastic-surgery-statistics-report.pdf,procedure_volume,Cosmetic minimally invasive procedures,Cosmetic minimally invasive procedures,Fat-face,United States,133720,procedures,2020,ASPS,2020 ASPS minimally invasive procedure trends,https://www.plasticsurgery.org/documents/news/statistics/2020/plastic-surgery-statistics-full-report-2020.pdf,ASPS official national table extracted from 2020__procedure_statistics__2020-plastic-surgery-statistics-report.pdf; comparator columns remain source-labeled and are not merged with ISAPS.,official_association_report_auto_extracted
data\commercial_sources\phase1_official_stats\asps_plastic_surgery_statistics\2020__procedure_statistics__2020-plastic-surgery-statistics-report.pdf,procedure_volume,Cosmetic minimally invasive procedures,Cosmetic minimally invasive procedures,"Hyaluronic acid (Juvederm Ultra™, Juvederm Ultra Plus™, Perlane™, Restylane™, Belotero™)",United States,2619650,procedures,2020,ASPS,2020 ASPS minimally invasive procedure trends,https://www.plasticsurgery.org/documents/news/statistics/2020/plastic-surgery-statistics-full-report-2020.pdf,ASPS official national table extracted from 2020__procedure_statistics__2020-plastic-surgery-statistics-report.pdf; comparator columns remain source-labeled and are not merged with ISAPS.,official_association_report_auto_extracted
data\commercial_sources\phase1_official_stats\asps_plastic_surgery_statistics\2020__procedure_statistics__2020-plastic-surgery-statistics-report.pdf,procedure_volume,Cosmetic minimally invasive procedures,Cosmetic minimally invasive procedures,"Injection lipolysis (e.g., Kybella™)",United States,135586,procedures,2020,ASPS,2020 ASPS minimally invasive procedure trends,https://www.plasticsurgery.org/documents/news/statistics/2020/plastic-surgery-statistics-full-report-2020.pdf,ASPS official national table extracted from 2020__procedure_statistics__2020-plastic-surgery-statistics-report.pdf; comparator columns remain source-labeled and are not merged with ISAPS.,official_association_report_auto_extracted
data\commercial_sources\phase1_official_stats\asps_plastic_surgery_statistics\2020__procedure_statistics__2020-plastic-surgery-statistics-report.pdf,procedure_volume,Cosmetic minimally invasive procedures,Cosmetic minimally invasive procedures,Intense Pulsed Light (IPL) treatment,United States,827409,procedures,2020,ASPS,2020 ASPS minimally invasive procedure trends,https://www.plasticsurgery.org/documents/news/statistics/2020/plastic-surgery-statistics-full-report-2020.pdf,ASPS official national table extracted from 2020__procedure_statistics__2020-plastic-surgery-statistics-report.pdf; comparator columns remain source-labeled and are not merged with ISAPS.,official_association_report_auto_extracted
data\commercial_sources\phase1_official_stats\asps_plastic_surgery_statistics\2020__procedure_statistics__2020-plastic-surgery-statistics-report.pdf,procedure_volume,Cosmetic minimally invasive procedures,Cosmetic minimally invasive procedures,Laser hair removal,United States,757808,procedures,2020,ASPS,2020 ASPS minimally invasive procedure trends,https://www.plasticsurgery.org/documents/news/statistics/2020/plastic-surgery-statistics-full-report-2020.pdf,ASPS official national table extracted from 2020__procedure_statistics__2020-plastic-surgery-statistics-report.pdf; comparator columns remain source-labeled and are not merged with ISAPS.,official_association_report_auto_extracted
data\commercial_sources\phase1_official_stats\asps_plastic_surgery_statistics\2020__procedure_statistics__2020-plastic-surgery-statistics-report.pdf,procedure_volume,Cosmetic minimally invasive procedures,Cosmetic minimally invasive procedures,Laser skin resurfacing,United States,997245,procedures,2020,ASPS,2020 ASPS minimally invasive procedure trends,https://www.plasticsurgery.org/documents/news/statistics/2020/plastic-surgery-statistics-full-report-2020.pdf,ASPS official national table extracted from 2020__procedure_statistics__2020-plastic-surgery-statistics-report.pdf; comparator columns remain source-labeled and are not merged with ISAPS.,official_association_report_auto_extracted
data\commercial_sources\phase1_official_stats\asps_plastic_surgery_statistics\2020__procedure_statistics__2020-plastic-surgery-statistics-report.pdf,procedure_volume,Cosmetic minimally invasive procedures,Cosmetic minimally invasive procedures,Laser tattoo removal,United States,199945,procedures,2020,ASPS,2020 ASPS minimally invasive procedure trends,https://www.plasticsurgery.org/documents/news/statistics/2020/plastic-surgery-statistics-full-report-2020.pdf,ASPS official national table extracted from 2020__procedure_statistics__2020-plastic-surgery-statistics-report.pdf; comparator columns remain source-labeled and are not merged with ISAPS.,official_association_report_auto_extracted
data\commercial_sources\phase1_official_stats\asps_plastic_surgery_statistics\2020__procedure_statistics__2020-plastic-surgery-statistics-report.pdf,procedure_volume,Cosmetic minimally invasive procedures,Cosmetic minimally invasive procedures,Laser treatment of leg veins,United States,168682,procedures,2020,ASPS,2020 ASPS minimally invasive procedure trends,https://www.plasticsurgery.org/documents/news/statistics/2020/plastic-surgery-statistics-full-report-2020.pdf,ASPS official national table extracted from 2020__procedure_statistics__2020-plastic-surgery-statistics-report.pdf; comparator columns remain source-labeled and are not merged with ISAPS.,official_association_report_auto_extracted
data\commercial_sources\phase1_official_stats\asps_plastic_surgery_statistics\2020__procedure_statistics__2020-plastic-surgery-statistics-report.pdf,procedure_volume,Cosmetic minimally invasive procedures,Cosmetic minimally invasive procedures,Microdermabrasion,United States,522693,procedures,2020,ASPS,2020 ASPS minimally invasive procedure trends,https://www.plasticsurgery.org/documents/news/statistics/2020/plastic-surgery-statistics-full-report-2020.pdf,ASPS official national table extracted from 2020__procedure_statistics__2020-plastic-surgery-statistics-report.pdf; comparator columns remain source-labeled and are not merged with ISAPS.,official_association_report_auto_extracted
data\commercial_sources\phase1_official_stats\asps_plastic_surgery_statistics\2020__procedure_statistics__2020-plastic-surgery-statistics-report.pdf,procedure_volume,Cosmetic minimally invasive procedures,Cosmetic minimally invasive procedures,"Non-ablative (Fraxel™, etc.)",United States,566739,procedures,2020,ASPS,2020 ASPS minimally invasive procedure trends,https://www.plasticsurgery.org/documents/news/statistics/2020/plastic-surgery-statistics-full-report-2020.pdf,ASPS official national table extracted from 2020__procedure_statistics__2020-plastic-surgery-statistics-report.pdf; comparator columns remain source-labeled and are not merged with ISAPS.,official_association_report_auto_extracted
data\commercial_sources\phase1_official_stats\asps_plastic_surgery_statistics\2020__procedure_statistics__2020-plastic-surgery-statistics-report.pdf,procedure_volume,Cosmetic minimally invasive procedures,Cosmetic minimally invasive procedures,"Non-invasive fat reduction (Coolsculpting™, Liposonix™, Emsculpt™, Vanquish™, Zerona™)",United States,357938,procedures,2020,ASPS,2020 ASPS minimally invasive procedure trends,https://www.plasticsurgery.org/documents/news/statistics/2020/plastic-surgery-statistics-full-report-2020.pdf,ASPS official national table extracted from 2020__procedure_statistics__2020-plastic-surgery-statistics-report.pdf; comparator columns remain source-labeled and are not merged with ISAPS.,official_association_report_auto_extracted
data\commercial_sources\phase1_official_stats\asps_plastic_surgery_statistics\2020__procedure_statistics__2020-plastic-surgery-statistics-report.pdf,procedure_volume,Cosmetic minimally invasive procedures,Cosmetic minimally invasive procedures,"Non-surgical skin tightening (Pelleve™, Thermage™, Ulthera™)",United States,188509,procedures,2020,ASPS,2020 ASPS minimally invasive procedure trends,https://www.plasticsurgery.org/documents/news/statistics/2020/plastic-surgery-statistics-full-report-2020.pdf,ASPS official national table extracted from 2020__procedure_statistics__2020-plastic-surgery-statistics-report.pdf; comparator columns remain source-labeled and are not merged with ISAPS.,official_association_report_auto_extracted
data\commercial_sources\phase1_official_stats\asps_plastic_surgery_statistics\2020__procedure_statistics__2020-plastic-surgery-statistics-report.pdf,procedure_volume,Cosmetic minimally invasive procedures,Cosmetic minimally invasive procedures,Platelet-Rich Plasma (PRP),United States,231140,procedures,2020,ASPS,2020 ASPS minimally invasive procedure trends,https://www.plasticsurgery.org/documents/news/statistics/2020/plastic-surgery-statistics-full-report-2020.pdf,ASPS official national table extracted from 2020__procedure_statistics__2020-plastic-surgery-statistics-report.pdf; comparator columns remain source-labeled and are not merged with ISAPS.,official_association_report_auto_extracted
data\commercial_sources\phase1_official_stats\asps_plastic_surgery_statistics\2020__procedure_statistics__2020-plastic-surgery-statistics-report.pdf,procedure_volume,Cosmetic minimally invasive procedures,Cosmetic minimally invasive procedures,Polylactic acid (Sculptra™),United States,134123,procedures,2020,ASPS,2020 ASPS minimally invasive procedure trends,https://www.plasticsurgery.org/documents/news/statistics/2020/plastic-surgery-statistics-full-report-2020.pdf,ASPS official national table extracted from 2020__procedure_statistics__2020-plastic-surgery-statistics-report.pdf; comparator columns remain source-labeled and are not merged with ISAPS.,official_association_report_auto_extracted
data\commercial_sources\phase1_official_stats\asps_plastic_surgery_statistics\2020__procedure_statistics__2020-plastic-surgery-statistics-report.pdf,procedure_volume,Cosmetic minimally invasive procedures,Cosmetic minimally invasive procedures,Polymethyl-methacrylate microspheres (Bellafill™),United States,70989,procedures,2020,ASPS,2020 ASPS minimally invasive procedure trends,https://www.plasticsurgery.org/documents/news/statistics/2020/plastic-surgery-statistics-full-report-2020.pdf,ASPS official national table extracted from 2020__procedure_statistics__2020-plastic-surgery-statistics-report.pdf; comparator columns remain source-labeled and are not merged with ISAPS.,official_association_report_auto_extracted
data\commercial_sources\phase1_official_stats\asps_plastic_surgery_statistics\2020__procedure_statistics__2020-plastic-surgery-statistics-report.pdf,procedure_volume,Cosmetic minimally invasive procedures,Cosmetic minimally invasive procedures,Sclerotherapy,United States,295331,procedures,2020,ASPS,2020 ASPS minimally invasive procedure trends,https://www.plasticsurgery.org/documents/news/statistics/2020/plastic-surgery-statistics-full-report-2020.pdf,ASPS official national table extracted from 2020__procedure_statistics__2020-plastic-surgery-statistics-report.pdf; comparator columns remain source-labeled and are not merged with ISAPS.,official_association_report_auto_extracted
data\commercial_sources\phase1_official_stats\asps_plastic_surgery_statistics\2020__procedure_statistics__2020-plastic-surgery-statistics-report.pdf,procedure_volume,Cosmetic minimally invasive procedures,Cosmetic minimally invasive procedures,Soft Tissue Fillers,United States,3410730,procedures,2020,ASPS,2020 ASPS minimally invasive procedure trends,https://www.plasticsurgery.org/documents/news/statistics/2020/plastic-surgery-statistics-full-report-2020.pdf,ASPS official national table extracted from 2020__procedure_statistics__2020-plastic-surgery-statistics-report.pdf; comparator columns remain source-labeled and are not merged with ISAPS.,official_association_report_auto_extracted
data\commercial_sources\phase1_official_stats\asps_plastic_surgery_statistics\2020__procedure_statistics__2020-plastic-surgery-statistics-report.pdf,procedure_volume,Cosmetic minimally invasive procedures,Total,,United States,13281235,procedures,2020,ASPS,2020 ASPS minimally invasive procedure trends,https://www.plasticsurgery.org/documents/news/statistics/2020/plastic-surgery-statistics-full-report-2020.pdf,ASPS official national table extracted from 2020__procedure_statistics__2020-plastic-surgery-statistics-report.pdf; comparator columns remain source-labeled and are not merged with ISAPS.,official_association_report_auto_extracted
data\commercial_sources\phase1_official_stats\asps_plastic_surgery_statistics\2020__procedure_statistics__2020-plastic-surgery-statistics-report.pdf,procedure_volume,Cosmetic minimally invasive procedures,Total,,United States,15595955,procedures,2020,ASPS,2020 ASPS minimally invasive procedure trends,https://www.plasticsurgery.org/documents/news/statistics/2020/plastic-surgery-statistics-full-report-2020.pdf,ASPS official national table extracted from 2020__procedure_statistics__2020-plastic-surgery-statistics-report.pdf; comparator columns remain source-labeled and are not merged with ISAPS.,official_association_report_auto_extracted
data\commercial_sources\phase1_official_stats\asps_plastic_surgery_statistics\2020__procedure_statistics__2020-plastic-surgery-statistics-report.pdf,procedure_volume,Cosmetic surgery procedures,Cosmetic surgical procedures,Breast augmentation (Augmentation mammaplasty),United States,193073,procedures,2020,ASPS,2020 ASPS cosmetic procedure trends,https://www.plasticsurgery.org/documents/news/statistics/2020/plastic-surgery-statistics-full-report-2020.pdf,ASPS official national table extracted from 2020__procedure_statistics__2020-plastic-surgery-statistics-report.pdf; comparator columns remain source-labeled and are not merged with ISAPS.,official_association_report_auto_extracted
data\commercial_sources\phase1_official_stats\asps_plastic_surgery_statistics\2020__procedure_statistics__2020-plastic-surgery-statistics-report.pdf,procedure_volume,Cosmetic surgery procedures,Cosmetic surgical procedures,Breast implant removals (Augmentation patients only),United States,36367,procedures,2020,ASPS,2020 ASPS cosmetic procedure trends,https://www.plasticsurgery.org/documents/news/statistics/2020/plastic-surgery-statistics-full-report-2020.pdf,ASPS official national table extracted from 2020__procedure_statistics__2020-plastic-surgery-statistics-report.pdf; comparator columns remain source-labeled and are not merged with ISAPS.,official_association_report_auto_extracted
data\commercial_sources\phase1_official_stats\asps_plastic_surgery_statistics\2020__procedure_statistics__2020-plastic-surgery-statistics-report.pdf,procedure_volume,Cosmetic surgery procedures,Cosmetic surgical procedures,Breast lift (Mastopexy),United States,87051,procedures,2020,ASPS,2020 ASPS cosmetic procedure trends,https://www.plasticsurgery.org/documents/news/statistics/2020/plastic-surgery-statistics-full-report-2020.pdf,ASPS official national table extracted from 2020__procedure_statistics__2020-plastic-surgery-statistics-report.pdf; comparator columns remain source-labeled and are not merged with ISAPS.,official_association_report_auto_extracted
data\commercial_sources\phase1_official_stats\asps_plastic_surgery_statistics\2020__procedure_statistics__2020-plastic-surgery-statistics-report.pdf,procedure_volume,Cosmetic surgery procedures,Cosmetic surgical procedures,Breast reduction (Aesthetic patients only),United States,33574,procedures,2020,ASPS,2020 ASPS cosmetic procedure trends,https://www.plasticsurgery.org/documents/news/statistics/2020/plastic-surgery-statistics-full-report-2020.pdf,ASPS official national table extracted from 2020__procedure_statistics__2020-plastic-surgery-statistics-report.pdf; comparator columns remain source-labeled and are not merged with ISAPS.,official_association_report_auto_extracted
data\commercial_sources\phase1_official_stats\asps_plastic_surgery_statistics\2020__procedure_statistics__2020-plastic-surgery-statistics-report.pdf,procedure_volume,Cosmetic surgery procedures,Cosmetic surgical procedures,Breast reduction in men (Gynecomastia),United States,18575,procedures,2020,ASPS,2020 ASPS cosmetic procedure trends,https://www.plasticsurgery.org/documents/news/statistics/2020/plastic-surgery-statistics-full-report-2020.pdf,ASPS official national table extracted from 2020__procedure_statistics__2020-plastic-surgery-statistics-report.pdf; comparator columns remain source-labeled and are not merged with ISAPS.,official_association_report_auto_extracted
data\commercial_sources\phase1_official_stats\asps_plastic_surgery_statistics\2020__procedure_statistics__2020-plastic-surgery-statistics-report.pdf,procedure_volume,Cosmetic surgery procedures,Cosmetic surgical procedures,Buttock augmentation with fat grafting,United States,21823,procedures,2020,ASPS,2020 ASPS cosmetic procedure trends,https://www.plasticsurgery.org/documents/news/statistics/2020/plastic-surgery-statistics-full-report-2020.pdf,ASPS official national table extracted from 2020__procedure_statistics__2020-plastic-surgery-statistics-report.pdf; comparator columns remain source-labeled and are not merged with ISAPS.,official_association_report_auto_extracted
data\commercial_sources\phase1_official_stats\asps_plastic_surgery_statistics\2020__procedure_statistics__2020-plastic-surgery-statistics-report.pdf,procedure_volume,Cosmetic surgery procedures,Cosmetic surgical procedures,Buttock implants,United States,1179,procedures,2020,ASPS,2020 ASPS cosmetic procedure trends,https://www.plasticsurgery.org/documents/news/statistics/2020/plastic-surgery-statistics-full-report-2020.pdf,ASPS official national table extracted from 2020__procedure_statistics__2020-plastic-surgery-statistics-report.pdf; comparator columns remain source-labeled and are not merged with ISAPS.,official_association_report_auto_extracted
data\commercial_sources\phase1_official_stats\asps_plastic_surgery_statistics\2020__procedure_statistics__2020-plastic-surgery-statistics-report.pdf,procedure_volume,Cosmetic surgery procedures,Cosmetic surgical procedures,Buttock lift,United States,2872,procedures,2020,ASPS,2020 ASPS cosmetic procedure trends,https://www.plasticsurgery.org/documents/news/statistics/2020/plastic-surgery-statistics-full-report-2020.pdf,ASPS official national table extracted from 2020__procedure_statistics__2020-plastic-surgery-statistics-report.pdf; comparator columns remain source-labeled and are not merged with ISAPS.,official_association_report_auto_extracted
data\commercial_sources\phase1_official_stats\asps_plastic_surgery_statistics\2020__procedure_statistics__2020-plastic-surgery-statistics-report.pdf,procedure_volume,Cosmetic surgery procedures,Cosmetic surgical procedures,Calf augmentation,United States,299,procedures,2020,ASPS,2020 ASPS cosmetic procedure trends,https://www.plasticsurgery.org/documents/news/statistics/2020/plastic-surgery-statistics-full-report-2020.pdf,ASPS official national table extracted from 2020__procedure_statistics__2020-plastic-surgery-statistics-report.pdf; comparator columns remain source-labeled and are not merged with ISAPS.,official_association_report_auto_extracted
data\commercial_sources\phase1_official_stats\asps_plastic_surgery_statistics\2020__procedure_statistics__2020-plastic-surgery-statistics-report.pdf,procedure_volume,Cosmetic surgery procedures,Cosmetic surgical procedures,Cheek implant (Malar augmentation),United States,108189,procedures,2020,ASPS,2020 ASPS cosmetic procedure trends,https://www.plasticsurgery.org/documents/news/statistics/2020/plastic-surgery-statistics-full-report-2020.pdf,ASPS official national table extracted from 2020__procedure_statistics__2020-plastic-surgery-statistics-report.pdf; comparator columns remain source-labeled and are not merged with ISAPS.,official_association_report_auto_extracted
data\commercial_sources\phase1_official_stats\asps_plastic_surgery_statistics\2020__procedure_statistics__2020-plastic-surgery-statistics-report.pdf,procedure_volume,Cosmetic surgery procedures,Cosmetic surgical procedures,Chin augmentation (Mentoplasty),United States,43900,procedures,2020,ASPS,2020 ASPS cosmetic procedure trends,https://www.plasticsurgery.org/documents/news/statistics/2020/plastic-surgery-statistics-full-report-2020.pdf,ASPS official national table extracted from 2020__procedure_statistics__2020-plastic-surgery-statistics-report.pdf; comparator columns remain source-labeled and are not merged with ISAPS.,official_association_report_auto_extracted
data\commercial_sources\phase1_official_stats\asps_plastic_surgery_statistics\2020__procedure_statistics__2020-plastic-surgery-statistics-report.pdf,procedure_volume,Cosmetic surgery procedures,Cosmetic surgical procedures,Dermabrasion,United States,139933,procedures,2020,ASPS,2020 ASPS cosmetic procedure trends,https://www.plasticsurgery.org/documents/news/statistics/2020/plastic-surgery-statistics-full-report-2020.pdf,ASPS official national table extracted from 2020__procedure_statistics__2020-plastic-surgery-statistics-report.pdf; comparator columns remain source-labeled and are not merged with ISAPS.,official_association_report_auto_extracted
data\commercial_sources\phase1_official_stats\asps_plastic_surgery_statistics\2020__procedure_statistics__2020-plastic-surgery-statistics-report.pdf,procedure_volume,Cosmetic surgery procedures,Cosmetic surgical procedures,Ear surgery (Otoplasty),United States,53095,procedures,2020,ASPS,2020 ASPS cosmetic procedure trends,https://www.plasticsurgery.org/documents/news/statistics/2020/plastic-surgery-statistics-full-report-2020.pdf,ASPS official national table extracted from 2020__procedure_statistics__2020-plastic-surgery-statistics-report.pdf; comparator columns remain source-labeled and are not merged with ISAPS.,official_association_report_auto_extracted
data\commercial_sources\phase1_official_stats\asps_plastic_surgery_statistics\2020__procedure_statistics__2020-plastic-surgery-statistics-report.pdf,procedure_volume,Cosmetic surgery procedures,Cosmetic surgical procedures,Eyelid surgery (Blepharoplasty),United States,325112,procedures,2020,ASPS,2020 ASPS cosmetic procedure trends,https://www.plasticsurgery.org/documents/news/statistics/2020/plastic-surgery-statistics-full-report-2020.pdf,ASPS official national table extracted from 2020__procedure_statistics__2020-plastic-surgery-statistics-report.pdf; comparator columns remain source-labeled and are not merged with ISAPS.,official_association_report_auto_extracted
data\commercial_sources\phase1_official_stats\asps_plastic_surgery_statistics\2020__procedure_statistics__2020-plastic-surgery-statistics-report.pdf,procedure_volume,Cosmetic surgery procedures,Cosmetic surgical procedures,Facelift (Rhytidectomy),United States,234374,procedures,2020,ASPS,2020 ASPS cosmetic procedure trends,https://www.plasticsurgery.org/documents/news/statistics/2020/plastic-surgery-statistics-full-report-2020.pdf,ASPS official national table extracted from 2020__procedure_statistics__2020-plastic-surgery-statistics-report.pdf; comparator columns remain source-labeled and are not merged with ISAPS.,official_association_report_auto_extracted
data\commercial_sources\phase1_official_stats\asps_plastic_surgery_statistics\2020__procedure_statistics__2020-plastic-surgery-statistics-report.pdf,procedure_volume,Cosmetic surgery procedures,Cosmetic surgical procedures,Forehead lift,United States,88675,procedures,2020,ASPS,2020 ASPS cosmetic procedure trends,https://www.plasticsurgery.org/documents/news/statistics/2020/plastic-surgery-statistics-full-report-2020.pdf,ASPS official national table extracted from 2020__procedure_statistics__2020-plastic-surgery-statistics-report.pdf; comparator columns remain source-labeled and are not merged with ISAPS.,official_association_report_auto_extracted
data\commercial_sources\phase1_official_stats\asps_plastic_surgery_statistics\2020__procedure_statistics__2020-plastic-surgery-statistics-report.pdf,procedure_volume,Cosmetic surgery procedures,Cosmetic surgical procedures,Hair transplantation,United States,9670,procedures,2020,ASPS,2020 ASPS cosmetic procedure trends,https://www.plasticsurgery.org/documents/news/statistics/2020/plastic-surgery-statistics-full-report-2020.pdf,ASPS official national table extracted from 2020__procedure_statistics__2020-plastic-surgery-statistics-report.pdf; comparator columns remain source-labeled and are not merged with ISAPS.,official_association_report_auto_extracted
data\commercial_sources\phase1_official_stats\asps_plastic_surgery_statistics\2020__procedure_statistics__2020-plastic-surgery-statistics-report.pdf,procedure_volume,Cosmetic surgery procedures,Cosmetic surgical procedures,Labiaplasty,United States,9725,procedures,2020,ASPS,2020 ASPS cosmetic procedure trends,https://www.plasticsurgery.org/documents/news/statistics/2020/plastic-surgery-statistics-full-report-2020.pdf,ASPS official national table extracted from 2020__procedure_statistics__2020-plastic-surgery-statistics-report.pdf; comparator columns remain source-labeled and are not merged with ISAPS.,official_association_report_auto_extracted
data\commercial_sources\phase1_official_stats\asps_plastic_surgery_statistics\2020__procedure_statistics__2020-plastic-surgery-statistics-report.pdf,procedure_volume,Cosmetic surgery procedures,Cosmetic surgical procedures,Lip augmentation (other than injectable materials),United States,34236,procedures,2020,ASPS,2020 ASPS cosmetic procedure trends,https://www.plasticsurgery.org/documents/news/statistics/2020/plastic-surgery-statistics-full-report-2020.pdf,ASPS official national table extracted from 2020__procedure_statistics__2020-plastic-surgery-statistics-report.pdf; comparator columns remain source-labeled and are not merged with ISAPS.,official_association_report_auto_extracted
data\commercial_sources\phase1_official_stats\asps_plastic_surgery_statistics\2020__procedure_statistics__2020-plastic-surgery-statistics-report.pdf,procedure_volume,Cosmetic surgery procedures,Cosmetic surgical procedures,Lip reduction,United States,18301,procedures,2020,ASPS,2020 ASPS cosmetic procedure trends,https://www.plasticsurgery.org/documents/news/statistics/2020/plastic-surgery-statistics-full-report-2020.pdf,ASPS official national table extracted from 2020__procedure_statistics__2020-plastic-surgery-statistics-report.pdf; comparator columns remain source-labeled and are not merged with ISAPS.,official_association_report_auto_extracted
data\commercial_sources\phase1_official_stats\asps_plastic_surgery_statistics\2020__procedure_statistics__2020-plastic-surgery-statistics-report.pdf,procedure_volume,Cosmetic surgery procedures,Cosmetic surgical procedures,Liposuction,United States,211067,procedures,2020,ASPS,2020 ASPS cosmetic procedure trends,https://www.plasticsurgery.org/documents/news/statistics/2020/plastic-surgery-statistics-full-report-2020.pdf,ASPS official national table extracted from 2020__procedure_statistics__2020-plastic-surgery-statistics-report.pdf; comparator columns remain source-labeled and are not merged with ISAPS.,official_association_report_auto_extracted
data\commercial_sources\phase1_official_stats\asps_plastic_surgery_statistics\2020__procedure_statistics__2020-plastic-surgery-statistics-report.pdf,procedure_volume,Cosmetic surgery procedures,Cosmetic surgical procedures,Lower body lift,United States,8433,procedures,2020,ASPS,2020 ASPS cosmetic procedure trends,https://www.plasticsurgery.org/documents/news/statistics/2020/plastic-surgery-statistics-full-report-2020.pdf,ASPS official national table extracted from 2020__procedure_statistics__2020-plastic-surgery-statistics-report.pdf; comparator columns remain source-labeled and are not merged with ISAPS.,official_association_report_auto_extracted
data\commercial_sources\phase1_official_stats\asps_plastic_surgery_statistics\2020__procedure_statistics__2020-plastic-surgery-statistics-report.pdf,procedure_volume,Cosmetic surgery procedures,Cosmetic surgical procedures,Neck lift,United States,160235,procedures,2020,ASPS,2020 ASPS cosmetic procedure trends,https://www.plasticsurgery.org/documents/news/statistics/2020/plastic-surgery-statistics-full-report-2020.pdf,ASPS official national table extracted from 2020__procedure_statistics__2020-plastic-surgery-statistics-report.pdf; comparator columns remain source-labeled and are not merged with ISAPS.,official_association_report_auto_extracted
data\commercial_sources\phase1_official_stats\asps_plastic_surgery_statistics\2020__procedure_statistics__2020-plastic-surgery-statistics-report.pdf,procedure_volume,Cosmetic surgery procedures,Cosmetic surgical procedures,Nose reshaping (Rhinoplasty),United States,352555,procedures,2020,ASPS,2020 ASPS cosmetic procedure trends,https://www.plasticsurgery.org/documents/news/statistics/2020/plastic-surgery-statistics-full-report-2020.pdf,ASPS official national table extracted from 2020__procedure_statistics__2020-plastic-surgery-statistics-report.pdf; comparator columns remain source-labeled and are not merged with ISAPS.,official_association_report_auto_extracted
data\commercial_sources\phase1_official_stats\asps_plastic_surgery_statistics\2020__procedure_statistics__2020-plastic-surgery-statistics-report.pdf,procedure_volume,Cosmetic surgery procedures,Cosmetic surgical procedures,Pectoral implants,United States,697,procedures,2020,ASPS,2020 ASPS cosmetic procedure trends,https://www.plasticsurgery.org/documents/news/statistics/2020/plastic-surgery-statistics-full-report-2020.pdf,ASPS official national table extracted from 2020__procedure_statistics__2020-plastic-surgery-statistics-report.pdf; comparator columns remain source-labeled and are not merged with ISAPS.,official_association_report_auto_extracted
data\commercial_sources\phase1_official_stats\asps_plastic_surgery_statistics\2020__procedure_statistics__2020-plastic-surgery-statistics-report.pdf,procedure_volume,Cosmetic surgery procedures,Cosmetic surgical procedures,Thigh Lift,United States,9275,procedures,2020,ASPS,2020 ASPS cosmetic procedure trends,https://www.plasticsurgery.org/documents/news/statistics/2020/plastic-surgery-statistics-full-report-2020.pdf,ASPS official national table extracted from 2020__procedure_statistics__2020-plastic-surgery-statistics-report.pdf; comparator columns remain source-labeled and are not merged with ISAPS.,official_association_report_auto_extracted
data\commercial_sources\phase1_official_stats\asps_plastic_surgery_statistics\2020__procedure_statistics__2020-plastic-surgery-statistics-report.pdf,procedure_volume,Cosmetic surgery procedures,Cosmetic surgical procedures,Tummy tuck (Abdominoplasty),United States,97988,procedures,2020,ASPS,2020 ASPS cosmetic procedure trends,https://www.plasticsurgery.org/documents/news/statistics/2020/plastic-surgery-statistics-full-report-2020.pdf,ASPS official national table extracted from 2020__procedure_statistics__2020-plastic-surgery-statistics-report.pdf; comparator columns remain source-labeled and are not merged with ISAPS.,official_association_report_auto_extracted
data\commercial_sources\phase1_official_stats\asps_plastic_surgery_statistics\2020__procedure_statistics__2020-plastic-surgery-statistics-report.pdf,procedure_volume,Cosmetic surgery procedures,Cosmetic surgical procedures,Upper arm lift,United States,14447,procedures,2020,ASPS,2020 ASPS cosmetic procedure trends,https://www.plasticsurgery.org/documents/news/statistics/2020/plastic-surgery-statistics-full-report-2020.pdf,ASPS official national table extracted from 2020__procedure_statistics__2020-plastic-surgery-statistics-report.pdf; comparator columns remain source-labeled and are not merged with ISAPS.,official_association_report_auto_extracted
data\commercial_sources\phase1_official_stats\asps_plastic_surgery_statistics\2020__procedure_statistics__2020-plastic-surgery-statistics-report.pdf,procedure_volume,Cosmetic surgery procedures,Total,,United States,2314720,procedures,2020,ASPS,2020 ASPS cosmetic procedure trends,https://www.plasticsurgery.org/documents/news/statistics/2020/plastic-surgery-statistics-full-report-2020.pdf,ASPS official national table extracted from 2020__procedure_statistics__2020-plastic-surgery-statistics-report.pdf; comparator columns remain source-labeled and are not merged with ISAPS.,official_association_report_auto_extracted
data\commercial_sources\phase1_official_stats\asps_plastic_surgery_statistics\2020__procedure_statistics__2020-plastic-surgery-statistics-report.pdf,procedure_volume,Reconstructive procedures,Reconstructive procedures,Birth defect (congenital deformities),United States,68915,procedures,2020,ASPS,2020 ASPS reconstructive procedure trends,https://www.plasticsurgery.org/documents/news/statistics/2020/plastic-surgery-statistics-full-report-2020.pdf,ASPS official national table extracted from 2020__procedure_statistics__2020-plastic-surgery-statistics-report.pdf; comparator columns remain source-labeled and are not merged with ISAPS.,official_association_report_auto_extracted
data\commercial_sources\phase1_official_stats\asps_plastic_surgery_statistics\2020__procedure_statistics__2020-plastic-surgery-statistics-report.pdf,procedure_volume,Reconstructive procedures,Reconstructive procedures,Breast implant removals (Reconstructive patients only),United States,22676,procedures,2020,ASPS,2020 ASPS reconstructive procedure trends,https://www.plasticsurgery.org/documents/news/statistics/2020/plastic-surgery-statistics-full-report-2020.pdf,ASPS official national table extracted from 2020__procedure_statistics__2020-plastic-surgery-statistics-report.pdf; comparator columns remain source-labeled and are not merged with ISAPS.,official_association_report_auto_extracted
data\commercial_sources\phase1_official_stats\asps_plastic_surgery_statistics\2020__procedure_statistics__2020-plastic-surgery-statistics-report.pdf,procedure_volume,Reconstructive procedures,Reconstructive procedures,Breast reconstruction,United States,137808,procedures,2020,ASPS,2020 ASPS reconstructive procedure trends,https://www.plasticsurgery.org/documents/news/statistics/2020/plastic-surgery-statistics-full-report-2020.pdf,ASPS official national table extracted from 2020__procedure_statistics__2020-plastic-surgery-statistics-report.pdf; comparator columns remain source-labeled and are not merged with ISAPS.,official_association_report_auto_extracted
data\commercial_sources\phase1_official_stats\asps_plastic_surgery_statistics\2020__procedure_statistics__2020-plastic-surgery-statistics-report.pdf,procedure_volume,Reconstructive procedures,Reconstructive procedures,Breast reduction (reconstructive patients only),United States,63746,procedures,2020,ASPS,2020 ASPS reconstructive procedure trends,https://www.plasticsurgery.org/documents/news/statistics/2020/plastic-surgery-statistics-full-report-2020.pdf,ASPS official national table extracted from 2020__procedure_statistics__2020-plastic-surgery-statistics-report.pdf; comparator columns remain source-labeled and are not merged with ISAPS.,official_association_report_auto_extracted
data\commercial_sources\phase1_official_stats\asps_plastic_surgery_statistics\2020__procedure_statistics__2020-plastic-surgery-statistics-report.pdf,procedure_volume,Reconstructive procedures,Reconstructive procedures,Burn care,United States,24391,procedures,2020,ASPS,2020 ASPS reconstructive procedure trends,https://www.plasticsurgery.org/documents/news/statistics/2020/plastic-surgery-statistics-full-report-2020.pdf,ASPS official national table extracted from 2020__procedure_statistics__2020-plastic-surgery-statistics-report.pdf; comparator columns remain source-labeled and are not merged with ISAPS.,official_association_report_auto_extracted
data\commercial_sources\phase1_official_stats\asps_plastic_surgery_statistics\2020__procedure_statistics__2020-plastic-surgery-statistics-report.pdf,procedure_volume,Reconstructive procedures,Reconstructive procedures,Dog bite repair,United States,47454,procedures,2020,ASPS,2020 ASPS reconstructive procedure trends,https://www.plasticsurgery.org/documents/news/statistics/2020/plastic-surgery-statistics-full-report-2020.pdf,ASPS official national table extracted from 2020__procedure_statistics__2020-plastic-surgery-statistics-report.pdf; comparator columns remain source-labeled and are not merged with ISAPS.,official_association_report_auto_extracted
data\commercial_sources\phase1_official_stats\asps_plastic_surgery_statistics\2020__procedure_statistics__2020-plastic-surgery-statistics-report.pdf,procedure_volume,Reconstructive procedures,Reconstructive procedures,Hand surgery (excluding microsurgical),United States,206928,procedures,2020,ASPS,2020 ASPS reconstructive procedure trends,https://www.plasticsurgery.org/documents/news/statistics/2020/plastic-surgery-statistics-full-report-2020.pdf,ASPS official national table extracted from 2020__procedure_statistics__2020-plastic-surgery-statistics-report.pdf; comparator columns remain source-labeled and are not merged with ISAPS.,official_association_report_auto_extracted
data\commercial_sources\phase1_official_stats\asps_plastic_surgery_statistics\2020__procedure_statistics__2020-plastic-surgery-statistics-report.pdf,procedure_volume,Reconstructive procedures,Reconstructive procedures,Head and neck reconstruction,United States,35387,procedures,2020,ASPS,2020 ASPS reconstructive procedure trends,https://www.plasticsurgery.org/documents/news/statistics/2020/plastic-surgery-statistics-full-report-2020.pdf,ASPS official national table extracted from 2020__procedure_statistics__2020-plastic-surgery-statistics-report.pdf; comparator columns remain source-labeled and are not merged with ISAPS.,official_association_report_auto_extracted
data\commercial_sources\phase1_official_stats\asps_plastic_surgery_statistics\2020__procedure_statistics__2020-plastic-surgery-statistics-report.pdf,procedure_volume,Reconstructive procedures,Reconstructive procedures,Hernia repair,United States,13191,procedures,2020,ASPS,2020 ASPS reconstructive procedure trends,https://www.plasticsurgery.org/documents/news/statistics/2020/plastic-surgery-statistics-full-report-2020.pdf,ASPS official national table extracted from 2020__procedure_statistics__2020-plastic-surgery-statistics-report.pdf; comparator columns remain source-labeled and are not merged with ISAPS.,official_association_report_auto_extracted
data\commercial_sources\phase1_official_stats\asps_plastic_surgery_statistics\2020__procedure_statistics__2020-plastic-surgery-statistics-report.pdf,procedure_volume,Reconstructive procedures,Reconstructive procedures,Laceration repair (other than facial),United States,386710,procedures,2020,ASPS,2020 ASPS reconstructive procedure trends,https://www.plasticsurgery.org/documents/news/statistics/2020/plastic-surgery-statistics-full-report-2020.pdf,ASPS official national table extracted from 2020__procedure_statistics__2020-plastic-surgery-statistics-report.pdf; comparator columns remain source-labeled and are not merged with ISAPS.,official_association_report_auto_extracted
data\commercial_sources\phase1_official_stats\asps_plastic_surgery_statistics\2020__procedure_statistics__2020-plastic-surgery-statistics-report.pdf,procedure_volume,Reconstructive procedures,Reconstructive procedures,Lower extremity reconstruction (including microsurgical),United States,23053,procedures,2020,ASPS,2020 ASPS reconstructive procedure trends,https://www.plasticsurgery.org/documents/news/statistics/2020/plastic-surgery-statistics-full-report-2020.pdf,ASPS official national table extracted from 2020__procedure_statistics__2020-plastic-surgery-statistics-report.pdf; comparator columns remain source-labeled and are not merged with ISAPS.,official_association_report_auto_extracted
data\commercial_sources\phase1_official_stats\asps_plastic_surgery_statistics\2020__procedure_statistics__2020-plastic-surgery-statistics-report.pdf,procedure_volume,Reconstructive procedures,Reconstructive procedures,Maxillofacial surgery,United States,256085,procedures,2020,ASPS,2020 ASPS reconstructive procedure trends,https://www.plasticsurgery.org/documents/news/statistics/2020/plastic-surgery-statistics-full-report-2020.pdf,ASPS official national table extracted from 2020__procedure_statistics__2020-plastic-surgery-statistics-report.pdf; comparator columns remain source-labeled and are not merged with ISAPS.,official_association_report_auto_extracted
data\commercial_sources\phase1_official_stats\asps_plastic_surgery_statistics\2020__procedure_statistics__2020-plastic-surgery-statistics-report.pdf,procedure_volume,Reconstructive procedures,Reconstructive procedures,Migraine peripheral trigger site surgery,United States,4520,procedures,2020,ASPS,2020 ASPS reconstructive procedure trends,https://www.plasticsurgery.org/documents/news/statistics/2020/plastic-surgery-statistics-full-report-2020.pdf,ASPS official national table extracted from 2020__procedure_statistics__2020-plastic-surgery-statistics-report.pdf; comparator columns remain source-labeled and are not merged with ISAPS.,official_association_report_auto_extracted
data\commercial_sources\phase1_official_stats\asps_plastic_surgery_statistics\2020__procedure_statistics__2020-plastic-surgery-statistics-report.pdf,procedure_volume,Reconstructive procedures,Reconstructive procedures,Other reconstructive procedures,United States,112223,procedures,2020,ASPS,2020 ASPS reconstructive procedure trends,https://www.plasticsurgery.org/documents/news/statistics/2020/plastic-surgery-statistics-full-report-2020.pdf,ASPS official national table extracted from 2020__procedure_statistics__2020-plastic-surgery-statistics-report.pdf; comparator columns remain source-labeled and are not merged with ISAPS.,official_association_report_auto_extracted
data\commercial_sources\phase1_official_stats\asps_plastic_surgery_statistics\2020__procedure_statistics__2020-plastic-surgery-statistics-report.pdf,procedure_volume,Reconstructive procedures,Reconstructive procedures,Pelvic floor reconstruction,United States,2993,procedures,2020,ASPS,2020 ASPS reconstructive procedure trends,https://www.plasticsurgery.org/documents/news/statistics/2020/plastic-surgery-statistics-full-report-2020.pdf,ASPS official national table extracted from 2020__procedure_statistics__2020-plastic-surgery-statistics-report.pdf; comparator columns remain source-labeled and are not merged with ISAPS.,official_association_report_auto_extracted
data\commercial_sources\phase1_official_stats\asps_plastic_surgery_statistics\2020__procedure_statistics__2020-plastic-surgery-statistics-report.pdf,procedure_volume,Reconstructive procedures,Reconstructive procedures,Pressure ulcers,United States,17463,procedures,2020,ASPS,2020 ASPS reconstructive procedure trends,https://www.plasticsurgery.org/documents/news/statistics/2020/plastic-surgery-statistics-full-report-2020.pdf,ASPS official national table extracted from 2020__procedure_statistics__2020-plastic-surgery-statistics-report.pdf; comparator columns remain source-labeled and are not merged with ISAPS.,official_association_report_auto_extracted
data\commercial_sources\phase1_official_stats\asps_plastic_surgery_statistics\2020__procedure_statistics__2020-plastic-surgery-statistics-report.pdf,procedure_volume,Reconstructive procedures,Reconstructive procedures,Scar revision,United States,263643,procedures,2020,ASPS,2020 ASPS reconstructive procedure trends,https://www.plasticsurgery.org/documents/news/statistics/2020/plastic-surgery-statistics-full-report-2020.pdf,ASPS official national table extracted from 2020__procedure_statistics__2020-plastic-surgery-statistics-report.pdf; comparator columns remain source-labeled and are not merged with ISAPS.,official_association_report_auto_extracted
data\commercial_sources\phase1_official_stats\asps_plastic_surgery_statistics\2020__procedure_statistics__2020-plastic-surgery-statistics-report.pdf,procedure_volume,Reconstructive procedures,Reconstructive procedures,Tumor removal (including skin cancer),United States,5191300,procedures,2020,ASPS,2020 ASPS reconstructive procedure trends,https://www.plasticsurgery.org/documents/news/statistics/2020/plastic-surgery-statistics-full-report-2020.pdf,ASPS official national table extracted from 2020__procedure_statistics__2020-plastic-surgery-statistics-report.pdf; comparator columns remain source-labeled and are not merged with ISAPS.,official_association_report_auto_extracted
data\commercial_sources\phase1_official_stats\asps_plastic_surgery_statistics\2020__procedure_statistics__2020-plastic-surgery-statistics-report.pdf,procedure_volume,Reconstructive procedures,Total,,United States,6878486,procedures,2020,ASPS,2020 ASPS reconstructive procedure trends,https://www.plasticsurgery.org/documents/news/statistics/2020/plastic-surgery-statistics-full-report-2020.pdf,ASPS official national table extracted from 2020__procedure_statistics__2020-plastic-surgery-statistics-report.pdf; comparator columns remain source-labeled and are not merged with ISAPS.,official_association_report_auto_extracted
data\commercial_sources\phase1_official_stats\asps_plastic_surgery_statistics\2022-2023__minimally_invasive__2022-2023-national-minimally-invasive-procedures.pdf,procedure_volume,Cosmetic minimally invasive procedures,Cosmetic minimally invasive procedures,"Hyaluronic acid fillers (e.g., Juvederm Ultra®, Ultra Plus®, Voluma®, Volbella®, Vollure®, Restylane Lyft®, Restylane Silk®, Belotero®, Bolvella®, Restylane®)",United States,4883419,procedures,2022,ASPS,2023 ASPS minimally invasive procedures with 2022 comparator,https://www.plasticsurgery.org/documents/news/statistics/2023/minimally-invasive-procedure-trends-2023.pdf,ASPS official national table extracted from 2022-2023__minimally_invasive__2022-2023-national-minimally-invasive-procedures.pdf; comparator columns remain source-labeled and are not merged with ISAPS.,official_association_report_auto_extracted
data\commercial_sources\phase1_official_stats\asps_plastic_surgery_statistics\2022-2023__minimally_invasive__2022-2023-national-minimally-invasive-procedures.pdf,procedure_volume,Cosmetic minimally invasive procedures,Cosmetic minimally invasive procedures,Lip augmentation (with injectable materials),United States,1378631,procedures,2022,ASPS,2023 ASPS minimally invasive procedures with 2022 comparator,https://www.plasticsurgery.org/documents/news/statistics/2023/minimally-invasive-procedure-trends-2023.pdf,ASPS official national table extracted from 2022-2023__minimally_invasive__2022-2023-national-minimally-invasive-procedures.pdf; comparator columns remain source-labeled and are not merged with ISAPS.,official_association_report_auto_extracted
data\commercial_sources\phase1_official_stats\asps_plastic_surgery_statistics\2022-2023__minimally_invasive__2022-2023-national-minimally-invasive-procedures.pdf,procedure_volume,Cosmetic minimally invasive procedures,Cosmetic minimally invasive procedures,"Neuromodulator injection (Botox®, Dysport®, Xeomin®, Jeu- veau®, Daxxify®)",United States,8736591,procedures,2022,ASPS,2023 ASPS minimally invasive procedures with 2022 comparator,https://www.plasticsurgery.org/documents/news/statistics/2023/minimally-invasive-procedure-trends-2023.pdf,ASPS official national table extracted from 2022-2023__minimally_invasive__2022-2023-national-minimally-invasive-procedures.pdf; comparator columns remain source-labeled and are not merged with ISAPS.,official_association_report_auto_extracted
data\commercial_sources\phase1_official_stats\asps_plastic_surgery_statistics\2022-2023__minimally_invasive__2022-2023-national-minimally-invasive-procedures.pdf,procedure_volume,Cosmetic minimally invasive procedures,Cosmetic minimally invasive procedures,"Non-hyaluronic acid fillers (e.g., Radiesse®, Sculptra®, Bellafill®, Renuva® )",United States,852905,procedures,2022,ASPS,2023 ASPS minimally invasive procedures with 2022 comparator,https://www.plasticsurgery.org/documents/news/statistics/2023/minimally-invasive-procedure-trends-2023.pdf,ASPS official national table extracted from 2022-2023__minimally_invasive__2022-2023-national-minimally-invasive-procedures.pdf; comparator columns remain source-labeled and are not merged with ISAPS.,official_association_report_auto_extracted
data\commercial_sources\phase1_official_stats\asps_plastic_surgery_statistics\2022-2023__minimally_invasive__2022-2023-national-minimally-invasive-procedures.pdf,procedure_volume,Cosmetic minimally invasive procedures,Cosmetic minimally invasive procedures,"Noninvasive fat reduction (e.g., CoolSculpting®, Liposonix® , Emsculpt®, Vanquish®, Zerona®, Kybella® )",United States,682932,procedures,2022,ASPS,2023 ASPS minimally invasive procedures with 2022 comparator,https://www.plasticsurgery.org/documents/news/statistics/2023/minimally-invasive-procedure-trends-2023.pdf,ASPS official national table extracted from 2022-2023__minimally_invasive__2022-2023-national-minimally-invasive-procedures.pdf; comparator columns remain source-labeled and are not merged with ISAPS.,official_association_report_auto_extracted
data\commercial_sources\phase1_official_stats\asps_plastic_surgery_statistics\2022-2023__minimally_invasive__2022-2023-national-minimally-invasive-procedures.pdf,procedure_volume,Cosmetic minimally invasive procedures,Cosmetic minimally invasive procedures,"Noninvasive skin tightening (e.g., Pelleve®, Thermage®, Ulthera®)",United States,408970,procedures,2022,ASPS,2023 ASPS minimally invasive procedures with 2022 comparator,https://www.plasticsurgery.org/documents/news/statistics/2023/minimally-invasive-procedure-trends-2023.pdf,ASPS official national table extracted from 2022-2023__minimally_invasive__2022-2023-national-minimally-invasive-procedures.pdf; comparator columns remain source-labeled and are not merged with ISAPS.,official_association_report_auto_extracted
data\commercial_sources\phase1_official_stats\asps_plastic_surgery_statistics\2022-2023__minimally_invasive__2022-2023-national-minimally-invasive-procedures.pdf,procedure_volume,Cosmetic minimally invasive procedures,Cosmetic minimally invasive procedures,Sclerotherapy,United States,491330,procedures,2022,ASPS,2023 ASPS minimally invasive procedures with 2022 comparator,https://www.plasticsurgery.org/documents/news/statistics/2023/minimally-invasive-procedure-trends-2023.pdf,ASPS official national table extracted from 2022-2023__minimally_invasive__2022-2023-national-minimally-invasive-procedures.pdf; comparator columns remain source-labeled and are not merged with ISAPS.,official_association_report_auto_extracted
data\commercial_sources\phase1_official_stats\asps_plastic_surgery_statistics\2022-2023__minimally_invasive__2022-2023-national-minimally-invasive-procedures.pdf,procedure_volume,Cosmetic minimally invasive procedures,Cosmetic minimally invasive procedures,"Skin resurfacing (e.g., dermabrasion, chemical peel, lasers - ablative/non-ablative, microdermabrasion)",United States,3322292,procedures,2022,ASPS,2023 ASPS minimally invasive procedures with 2022 comparator,https://www.plasticsurgery.org/documents/news/statistics/2023/minimally-invasive-procedure-trends-2023.pdf,ASPS official national table extracted from 2022-2023__minimally_invasive__2022-2023-national-minimally-invasive-procedures.pdf; comparator columns remain source-labeled and are not merged with ISAPS.,official_association_report_auto_extracted
data\commercial_sources\phase1_official_stats\asps_plastic_surgery_statistics\2022-2023__minimally_invasive__2022-2023-national-minimally-invasive-procedures.pdf,procedure_volume,Cosmetic minimally invasive procedures,Cosmetic minimally invasive procedures,"Skin treatment (combination lasers) (e.g., laser hair removal, IPL treatment, laser tattoo removal, laser treatment of leg veins)",United States,2915199,procedures,2022,ASPS,2023 ASPS minimally invasive procedures with 2022 comparator,https://www.plasticsurgery.org/documents/news/statistics/2023/minimally-invasive-procedure-trends-2023.pdf,ASPS official national table extracted from 2022-2023__minimally_invasive__2022-2023-national-minimally-invasive-procedures.pdf; comparator columns remain source-labeled and are not merged with ISAPS.,official_association_report_auto_extracted
data\commercial_sources\phase1_official_stats\asps_plastic_surgery_statistics\2022-2023__minimally_invasive__2022-2023-national-minimally-invasive-procedures.pdf,procedure_volume,Cosmetic minimally invasive procedures,Total,,United States,23672269,procedures,2022,ASPS,2023 ASPS minimally invasive procedures with 2022 comparator,https://www.plasticsurgery.org/documents/news/statistics/2023/minimally-invasive-procedure-trends-2023.pdf,ASPS official national table extracted from 2022-2023__minimally_invasive__2022-2023-national-minimally-invasive-procedures.pdf; comparator columns remain source-labeled and are not merged with ISAPS.,official_association_report_auto_extracted
data\commercial_sources\phase1_official_stats\asps_plastic_surgery_statistics\2022-2023__cosmetic_procedure__2022-2023-national-cosmetic-procedures.pdf,procedure_volume,Cosmetic surgery procedures,Body,Buttock augmentation with fat grafting (Brazilian butt lift),United States,28638,procedures,2022,ASPS,2023 ASPS cosmetic surgery procedures with 2022 comparator,https://www.plasticsurgery.org/documents/news/statistics/2023/cosmetic-procedure-trends-2023.pdf,ASPS official national table extracted from 2022-2023__cosmetic_procedure__2022-2023-national-cosmetic-procedures.pdf; comparator columns remain source-labeled and are not merged with ISAPS.,official_association_report_auto_extracted
data\commercial_sources\phase1_official_stats\asps_plastic_surgery_statistics\2022-2023__cosmetic_procedure__2022-2023-national-cosmetic-procedures.pdf,procedure_volume,Cosmetic surgery procedures,Body,Buttock implants,United States,1164,procedures,2022,ASPS,2023 ASPS cosmetic surgery procedures with 2022 comparator,https://www.plasticsurgery.org/documents/news/statistics/2023/cosmetic-procedure-trends-2023.pdf,ASPS official national table extracted from 2022-2023__cosmetic_procedure__2022-2023-national-cosmetic-procedures.pdf; comparator columns remain source-labeled and are not merged with ISAPS.,official_association_report_auto_extracted
data\commercial_sources\phase1_official_stats\asps_plastic_surgery_statistics\2022-2023__cosmetic_procedure__2022-2023-national-cosmetic-procedures.pdf,procedure_volume,Cosmetic surgery procedures,Body,Buttock lift,United States,7338,procedures,2022,ASPS,2023 ASPS cosmetic surgery procedures with 2022 comparator,https://www.plasticsurgery.org/documents/news/statistics/2023/cosmetic-procedure-trends-2023.pdf,ASPS official national table extracted from 2022-2023__cosmetic_procedure__2022-2023-national-cosmetic-procedures.pdf; comparator columns remain source-labeled and are not merged with ISAPS.,official_association_report_auto_extracted
data\commercial_sources\phase1_official_stats\asps_plastic_surgery_statistics\2022-2023__cosmetic_procedure__2022-2023-national-cosmetic-procedures.pdf,procedure_volume,Cosmetic surgery procedures,Body,Labiaplasty,United States,10433,procedures,2022,ASPS,2023 ASPS cosmetic surgery procedures with 2022 comparator,https://www.plasticsurgery.org/documents/news/statistics/2023/cosmetic-procedure-trends-2023.pdf,ASPS official national table extracted from 2022-2023__cosmetic_procedure__2022-2023-national-cosmetic-procedures.pdf; comparator columns remain source-labeled and are not merged with ISAPS.,official_association_report_auto_extracted
data\commercial_sources\phase1_official_stats\asps_plastic_surgery_statistics\2022-2023__cosmetic_procedure__2022-2023-national-cosmetic-procedures.pdf,procedure_volume,Cosmetic surgery procedures,Body,Liposuction,United States,325669,procedures,2022,ASPS,2023 ASPS cosmetic surgery procedures with 2022 comparator,https://www.plasticsurgery.org/documents/news/statistics/2023/cosmetic-procedure-trends-2023.pdf,ASPS official national table extracted from 2022-2023__cosmetic_procedure__2022-2023-national-cosmetic-procedures.pdf; comparator columns remain source-labeled and are not merged with ISAPS.,official_association_report_auto_extracted
data\commercial_sources\phase1_official_stats\asps_plastic_surgery_statistics\2022-2023__cosmetic_procedure__2022-2023-national-cosmetic-procedures.pdf,procedure_volume,Cosmetic surgery procedures,Body,Lower body lift,United States,10445,procedures,2022,ASPS,2023 ASPS cosmetic surgery procedures with 2022 comparator,https://www.plasticsurgery.org/documents/news/statistics/2023/cosmetic-procedure-trends-2023.pdf,ASPS official national table extracted from 2022-2023__cosmetic_procedure__2022-2023-national-cosmetic-procedures.pdf; comparator columns remain source-labeled and are not merged with ISAPS.,official_association_report_auto_extracted
data\commercial_sources\phase1_official_stats\asps_plastic_surgery_statistics\2022-2023__cosmetic_procedure__2022-2023-national-cosmetic-procedures.pdf,procedure_volume,Cosmetic surgery procedures,Body,Thigh lift,United States,9421,procedures,2022,ASPS,2023 ASPS cosmetic surgery procedures with 2022 comparator,https://www.plasticsurgery.org/documents/news/statistics/2023/cosmetic-procedure-trends-2023.pdf,ASPS official national table extracted from 2022-2023__cosmetic_procedure__2022-2023-national-cosmetic-procedures.pdf; comparator columns remain source-labeled and are not merged with ISAPS.,official_association_report_auto_extracted
data\commercial_sources\phase1_official_stats\asps_plastic_surgery_statistics\2022-2023__cosmetic_procedure__2022-2023-national-cosmetic-procedures.pdf,procedure_volume,Cosmetic surgery procedures,Body,Tummy tuck (abdominoplasty),United States,161948,procedures,2022,ASPS,2023 ASPS cosmetic surgery procedures with 2022 comparator,https://www.plasticsurgery.org/documents/news/statistics/2023/cosmetic-procedure-trends-2023.pdf,ASPS official national table extracted from 2022-2023__cosmetic_procedure__2022-2023-national-cosmetic-procedures.pdf; comparator columns remain source-labeled and are not merged with ISAPS.,official_association_report_auto_extracted
data\commercial_sources\phase1_official_stats\asps_plastic_surgery_statistics\2022-2023__cosmetic_procedure__2022-2023-national-cosmetic-procedures.pdf,procedure_volume,Cosmetic surgery procedures,Body,Upper arm lift (brachioplasty),United States,21429,procedures,2022,ASPS,2023 ASPS cosmetic surgery procedures with 2022 comparator,https://www.plasticsurgery.org/documents/news/statistics/2023/cosmetic-procedure-trends-2023.pdf,ASPS official national table extracted from 2022-2023__cosmetic_procedure__2022-2023-national-cosmetic-procedures.pdf; comparator columns remain source-labeled and are not merged with ISAPS.,official_association_report_auto_extracted
data\commercial_sources\phase1_official_stats\asps_plastic_surgery_statistics\2022-2023__cosmetic_procedure__2022-2023-national-cosmetic-procedures.pdf,procedure_volume,Cosmetic surgery procedures,Breast,Breast augmentation (implant placement for both primary and/or revisions),United States,298568,procedures,2022,ASPS,2023 ASPS cosmetic surgery procedures with 2022 comparator,https://www.plasticsurgery.org/documents/news/statistics/2023/cosmetic-procedure-trends-2023.pdf,ASPS official national table extracted from 2022-2023__cosmetic_procedure__2022-2023-national-cosmetic-procedures.pdf; comparator columns remain source-labeled and are not merged with ISAPS.,official_association_report_auto_extracted
data\commercial_sources\phase1_official_stats\asps_plastic_surgery_statistics\2022-2023__cosmetic_procedure__2022-2023-national-cosmetic-procedures.pdf,procedure_volume,Cosmetic surgery procedures,Breast,Breast implant removals (augmentation patients only),United States,37679,procedures,2022,ASPS,2023 ASPS cosmetic surgery procedures with 2022 comparator,https://www.plasticsurgery.org/documents/news/statistics/2023/cosmetic-procedure-trends-2023.pdf,ASPS official national table extracted from 2022-2023__cosmetic_procedure__2022-2023-national-cosmetic-procedures.pdf; comparator columns remain source-labeled and are not merged with ISAPS.,official_association_report_auto_extracted
data\commercial_sources\phase1_official_stats\asps_plastic_surgery_statistics\2022-2023__cosmetic_procedure__2022-2023-national-cosmetic-procedures.pdf,procedure_volume,Cosmetic surgery procedures,Breast,Breast lift (mastopexy),United States,143364,procedures,2022,ASPS,2023 ASPS cosmetic surgery procedures with 2022 comparator,https://www.plasticsurgery.org/documents/news/statistics/2023/cosmetic-procedure-trends-2023.pdf,ASPS official national table extracted from 2022-2023__cosmetic_procedure__2022-2023-national-cosmetic-procedures.pdf; comparator columns remain source-labeled and are not merged with ISAPS.,official_association_report_auto_extracted
data\commercial_sources\phase1_official_stats\asps_plastic_surgery_statistics\2022-2023__cosmetic_procedure__2022-2023-national-cosmetic-procedures.pdf,procedure_volume,Cosmetic surgery procedures,Breast,Breast reduction (aesthetic patients only),United States,71364,procedures,2022,ASPS,2023 ASPS cosmetic surgery procedures with 2022 comparator,https://www.plasticsurgery.org/documents/news/statistics/2023/cosmetic-procedure-trends-2023.pdf,ASPS official national table extracted from 2022-2023__cosmetic_procedure__2022-2023-national-cosmetic-procedures.pdf; comparator columns remain source-labeled and are not merged with ISAPS.,official_association_report_auto_extracted
data\commercial_sources\phase1_official_stats\asps_plastic_surgery_statistics\2022-2023__cosmetic_procedure__2022-2023-national-cosmetic-procedures.pdf,procedure_volume,Cosmetic surgery procedures,Breast,Breast reduction in males (gynecomastia surgery),United States,24517,procedures,2022,ASPS,2023 ASPS cosmetic surgery procedures with 2022 comparator,https://www.plasticsurgery.org/documents/news/statistics/2023/cosmetic-procedure-trends-2023.pdf,ASPS official national table extracted from 2022-2023__cosmetic_procedure__2022-2023-national-cosmetic-procedures.pdf; comparator columns remain source-labeled and are not merged with ISAPS.,official_association_report_auto_extracted
data\commercial_sources\phase1_official_stats\asps_plastic_surgery_statistics\2022-2023__cosmetic_procedure__2022-2023-national-cosmetic-procedures.pdf,procedure_volume,Cosmetic surgery procedures,Face,Buccal fat pad removal,United States,4543,procedures,2022,ASPS,2023 ASPS cosmetic surgery procedures with 2022 comparator,https://www.plasticsurgery.org/documents/news/statistics/2023/cosmetic-procedure-trends-2023.pdf,ASPS official national table extracted from 2022-2023__cosmetic_procedure__2022-2023-national-cosmetic-procedures.pdf; comparator columns remain source-labeled and are not merged with ISAPS.,official_association_report_auto_extracted
data\commercial_sources\phase1_official_stats\asps_plastic_surgery_statistics\2022-2023__cosmetic_procedure__2022-2023-national-cosmetic-procedures.pdf,procedure_volume,Cosmetic surgery procedures,Face,Cheek implant (malar augmentation),United States,8238,procedures,2022,ASPS,2023 ASPS cosmetic surgery procedures with 2022 comparator,https://www.plasticsurgery.org/documents/news/statistics/2023/cosmetic-procedure-trends-2023.pdf,ASPS official national table extracted from 2022-2023__cosmetic_procedure__2022-2023-national-cosmetic-procedures.pdf; comparator columns remain source-labeled and are not merged with ISAPS.,official_association_report_auto_extracted
data\commercial_sources\phase1_official_stats\asps_plastic_surgery_statistics\2022-2023__cosmetic_procedure__2022-2023-national-cosmetic-procedures.pdf,procedure_volume,Cosmetic surgery procedures,Face,Chin augmentation (mentoplasty),United States,5403,procedures,2022,ASPS,2023 ASPS cosmetic surgery procedures with 2022 comparator,https://www.plasticsurgery.org/documents/news/statistics/2023/cosmetic-procedure-trends-2023.pdf,ASPS official national table extracted from 2022-2023__cosmetic_procedure__2022-2023-national-cosmetic-procedures.pdf; comparator columns remain source-labeled and are not merged with ISAPS.,official_association_report_auto_extracted
data\commercial_sources\phase1_official_stats\asps_plastic_surgery_statistics\2022-2023__cosmetic_procedure__2022-2023-national-cosmetic-procedures.pdf,procedure_volume,Cosmetic surgery procedures,Face,Ear surgery (otoplasty),United States,4713,procedures,2022,ASPS,2023 ASPS cosmetic surgery procedures with 2022 comparator,https://www.plasticsurgery.org/documents/news/statistics/2023/cosmetic-procedure-trends-2023.pdf,ASPS official national table extracted from 2022-2023__cosmetic_procedure__2022-2023-national-cosmetic-procedures.pdf; comparator columns remain source-labeled and are not merged with ISAPS.,official_association_report_auto_extracted
data\commercial_sources\phase1_official_stats\asps_plastic_surgery_statistics\2022-2023__cosmetic_procedure__2022-2023-national-cosmetic-procedures.pdf,procedure_volume,Cosmetic surgery procedures,Face,Eyelid surgery (blepharoplasty),United States,115261,procedures,2022,ASPS,2023 ASPS cosmetic surgery procedures with 2022 comparator,https://www.plasticsurgery.org/documents/news/statistics/2023/cosmetic-procedure-trends-2023.pdf,ASPS official national table extracted from 2022-2023__cosmetic_procedure__2022-2023-national-cosmetic-procedures.pdf; comparator columns remain source-labeled and are not merged with ISAPS.,official_association_report_auto_extracted
data\commercial_sources\phase1_official_stats\asps_plastic_surgery_statistics\2022-2023__cosmetic_procedure__2022-2023-national-cosmetic-procedures.pdf,procedure_volume,Cosmetic surgery procedures,Face,Facelift (rhytidectomy),United States,72668,procedures,2022,ASPS,2023 ASPS cosmetic surgery procedures with 2022 comparator,https://www.plasticsurgery.org/documents/news/statistics/2023/cosmetic-procedure-trends-2023.pdf,ASPS official national table extracted from 2022-2023__cosmetic_procedure__2022-2023-national-cosmetic-procedures.pdf; comparator columns remain source-labeled and are not merged with ISAPS.,official_association_report_auto_extracted
data\commercial_sources\phase1_official_stats\asps_plastic_surgery_statistics\2022-2023__cosmetic_procedure__2022-2023-national-cosmetic-procedures.pdf,procedure_volume,Cosmetic surgery procedures,Face,Facial fat grafting,United States,33877,procedures,2022,ASPS,2023 ASPS cosmetic surgery procedures with 2022 comparator,https://www.plasticsurgery.org/documents/news/statistics/2023/cosmetic-procedure-trends-2023.pdf,ASPS official national table extracted from 2022-2023__cosmetic_procedure__2022-2023-national-cosmetic-procedures.pdf; comparator columns remain source-labeled and are not merged with ISAPS.,official_association_report_auto_extracted
data\commercial_sources\phase1_official_stats\asps_plastic_surgery_statistics\2022-2023__cosmetic_procedure__2022-2023-national-cosmetic-procedures.pdf,procedure_volume,Cosmetic surgery procedures,Face,Forehead lift,United States,13318,procedures,2022,ASPS,2023 ASPS cosmetic surgery procedures with 2022 comparator,https://www.plasticsurgery.org/documents/news/statistics/2023/cosmetic-procedure-trends-2023.pdf,ASPS official national table extracted from 2022-2023__cosmetic_procedure__2022-2023-national-cosmetic-procedures.pdf; comparator columns remain source-labeled and are not merged with ISAPS.,official_association_report_auto_extracted
data\commercial_sources\phase1_official_stats\asps_plastic_surgery_statistics\2022-2023__cosmetic_procedure__2022-2023-national-cosmetic-procedures.pdf,procedure_volume,Cosmetic surgery procedures,Face,Liposuction (submental),United States,22285,procedures,2022,ASPS,2023 ASPS cosmetic surgery procedures with 2022 comparator,https://www.plasticsurgery.org/documents/news/statistics/2023/cosmetic-procedure-trends-2023.pdf,ASPS official national table extracted from 2022-2023__cosmetic_procedure__2022-2023-national-cosmetic-procedures.pdf; comparator columns remain source-labeled and are not merged with ISAPS.,official_association_report_auto_extracted
data\commercial_sources\phase1_official_stats\asps_plastic_surgery_statistics\2022-2023__cosmetic_procedure__2022-2023-national-cosmetic-procedures.pdf,procedure_volume,Cosmetic surgery procedures,Face,Neck lift,United States,21575,procedures,2022,ASPS,2023 ASPS cosmetic surgery procedures with 2022 comparator,https://www.plasticsurgery.org/documents/news/statistics/2023/cosmetic-procedure-trends-2023.pdf,ASPS official national table extracted from 2022-2023__cosmetic_procedure__2022-2023-national-cosmetic-procedures.pdf; comparator columns remain source-labeled and are not merged with ISAPS.,official_association_report_auto_extracted
data\commercial_sources\phase1_official_stats\asps_plastic_surgery_statistics\2022-2023__cosmetic_procedure__2022-2023-national-cosmetic-procedures.pdf,procedure_volume,Cosmetic surgery procedures,Face,Nose reshaping (rhinoplasty),United States,44503,procedures,2022,ASPS,2023 ASPS cosmetic surgery procedures with 2022 comparator,https://www.plasticsurgery.org/documents/news/statistics/2023/cosmetic-procedure-trends-2023.pdf,ASPS official national table extracted from 2022-2023__cosmetic_procedure__2022-2023-national-cosmetic-procedures.pdf; comparator columns remain source-labeled and are not merged with ISAPS.,official_association_report_auto_extracted
data\commercial_sources\phase1_official_stats\asps_plastic_surgery_statistics\2022-2023__cosmetic_procedure__2022-2023-national-cosmetic-procedures.pdf,procedure_volume,Cosmetic surgery procedures,Total,,United States,1498361,procedures,2022,ASPS,2023 ASPS cosmetic surgery procedures with 2022 comparator,https://www.plasticsurgery.org/documents/news/statistics/2023/cosmetic-procedure-trends-2023.pdf,ASPS official national table extracted from 2022-2023__cosmetic_procedure__2022-2023-national-cosmetic-procedures.pdf; comparator columns remain source-labeled and are not merged with ISAPS.,official_association_report_auto_extracted
data\commercial_sources\phase1_official_stats\asps_plastic_surgery_statistics\2022-2023__reconstructive_procedure__2022-2023-national-reconstructive-procedures.pdf,procedure_volume,Reconstructive procedures,Reconstructive procedures,Breast implant removal (reconstructive patients only),United States,24316,procedures,2022,ASPS,2023 ASPS reconstructive procedures with 2022 comparator,https://www.plasticsurgery.org/documents/news/statistics/2023/reconstructive-procedure-trends-2023.pdf,ASPS official national table extracted from 2022-2023__reconstructive_procedure__2022-2023-national-reconstructive-procedures.pdf; comparator columns remain source-labeled and are not merged with ISAPS.,official_association_report_auto_extracted
data\commercial_sources\phase1_official_stats\asps_plastic_surgery_statistics\2022-2023__reconstructive_procedure__2022-2023-national-reconstructive-procedures.pdf,procedure_volume,Reconstructive procedures,Reconstructive procedures,Breast reconstruction,United States,151641,procedures,2022,ASPS,2023 ASPS reconstructive procedures with 2022 comparator,https://www.plasticsurgery.org/documents/news/statistics/2023/reconstructive-procedure-trends-2023.pdf,ASPS official national table extracted from 2022-2023__reconstructive_procedure__2022-2023-national-reconstructive-procedures.pdf; comparator columns remain source-labeled and are not merged with ISAPS.,official_association_report_auto_extracted
data\commercial_sources\phase1_official_stats\asps_plastic_surgery_statistics\2022-2023__reconstructive_procedure__2022-2023-national-reconstructive-procedures.pdf,procedure_volume,Reconstructive procedures,Reconstructive procedures,Burn care,United States,23399,procedures,2022,ASPS,2023 ASPS reconstructive procedures with 2022 comparator,https://www.plasticsurgery.org/documents/news/statistics/2023/reconstructive-procedure-trends-2023.pdf,ASPS official national table extracted from 2022-2023__reconstructive_procedure__2022-2023-national-reconstructive-procedures.pdf; comparator columns remain source-labeled and are not merged with ISAPS.,official_association_report_auto_extracted
data\commercial_sources\phase1_official_stats\asps_plastic_surgery_statistics\2022-2023__reconstructive_procedure__2022-2023-national-reconstructive-procedures.pdf,procedure_volume,Reconstructive procedures,Reconstructive procedures,Cleft lip and palate repair,United States,12615,procedures,2022,ASPS,2023 ASPS reconstructive procedures with 2022 comparator,https://www.plasticsurgery.org/documents/news/statistics/2023/reconstructive-procedure-trends-2023.pdf,ASPS official national table extracted from 2022-2023__reconstructive_procedure__2022-2023-national-reconstructive-procedures.pdf; comparator columns remain source-labeled and are not merged with ISAPS.,official_association_report_auto_extracted
data\commercial_sources\phase1_official_stats\asps_plastic_surgery_statistics\2022-2023__reconstructive_procedure__2022-2023-national-reconstructive-procedures.pdf,procedure_volume,Reconstructive procedures,Reconstructive procedures,"Hand surgery (e.g., carpal tunnel, arthritis, trigger finger)",United States,204412,procedures,2022,ASPS,2023 ASPS reconstructive procedures with 2022 comparator,https://www.plasticsurgery.org/documents/news/statistics/2023/reconstructive-procedure-trends-2023.pdf,ASPS official national table extracted from 2022-2023__reconstructive_procedure__2022-2023-national-reconstructive-procedures.pdf; comparator columns remain source-labeled and are not merged with ISAPS.,official_association_report_auto_extracted
data\commercial_sources\phase1_official_stats\asps_plastic_surgery_statistics\2022-2023__reconstructive_procedure__2022-2023-national-reconstructive-procedures.pdf,procedure_volume,Reconstructive procedures,Reconstructive procedures,Head and neck reconstruction (including microsurgical),United States,21278,procedures,2022,ASPS,2023 ASPS reconstructive procedures with 2022 comparator,https://www.plasticsurgery.org/documents/news/statistics/2023/reconstructive-procedure-trends-2023.pdf,ASPS official national table extracted from 2022-2023__reconstructive_procedure__2022-2023-national-reconstructive-procedures.pdf; comparator columns remain source-labeled and are not merged with ISAPS.,official_association_report_auto_extracted
data\commercial_sources\phase1_official_stats\asps_plastic_surgery_statistics\2022-2023__reconstructive_procedure__2022-2023-national-reconstructive-procedures.pdf,procedure_volume,Reconstructive procedures,Reconstructive procedures,Hernia repair,United States,12961,procedures,2022,ASPS,2023 ASPS reconstructive procedures with 2022 comparator,https://www.plasticsurgery.org/documents/news/statistics/2023/reconstructive-procedure-trends-2023.pdf,ASPS official national table extracted from 2022-2023__reconstructive_procedure__2022-2023-national-reconstructive-procedures.pdf; comparator columns remain source-labeled and are not merged with ISAPS.,official_association_report_auto_extracted
data\commercial_sources\phase1_official_stats\asps_plastic_surgery_statistics\2022-2023__reconstructive_procedure__2022-2023-national-reconstructive-procedures.pdf,procedure_volume,Reconstructive procedures,Reconstructive procedures,Laceration repair (other than facial),United States,44857,procedures,2022,ASPS,2023 ASPS reconstructive procedures with 2022 comparator,https://www.plasticsurgery.org/documents/news/statistics/2023/reconstructive-procedure-trends-2023.pdf,ASPS official national table extracted from 2022-2023__reconstructive_procedure__2022-2023-national-reconstructive-procedures.pdf; comparator columns remain source-labeled and are not merged with ISAPS.,official_association_report_auto_extracted
data\commercial_sources\phase1_official_stats\asps_plastic_surgery_statistics\2022-2023__reconstructive_procedure__2022-2023-national-reconstructive-procedures.pdf,procedure_volume,Reconstructive procedures,Reconstructive procedures,Lower extremity reconstruction (including microsurgical),United States,21278,procedures,2022,ASPS,2023 ASPS reconstructive procedures with 2022 comparator,https://www.plasticsurgery.org/documents/news/statistics/2023/reconstructive-procedure-trends-2023.pdf,ASPS official national table extracted from 2022-2023__reconstructive_procedure__2022-2023-national-reconstructive-procedures.pdf; comparator columns remain source-labeled and are not merged with ISAPS.,official_association_report_auto_extracted
data\commercial_sources\phase1_official_stats\asps_plastic_surgery_statistics\2022-2023__reconstructive_procedure__2022-2023-national-reconstructive-procedures.pdf,procedure_volume,Reconstructive procedures,Reconstructive procedures,Maxillofacial,United States,52488,procedures,2022,ASPS,2023 ASPS reconstructive procedures with 2022 comparator,https://www.plasticsurgery.org/documents/news/statistics/2023/reconstructive-procedure-trends-2023.pdf,ASPS official national table extracted from 2022-2023__reconstructive_procedure__2022-2023-national-reconstructive-procedures.pdf; comparator columns remain source-labeled and are not merged with ISAPS.,official_association_report_auto_extracted
data\commercial_sources\phase1_official_stats\asps_plastic_surgery_statistics\2022-2023__reconstructive_procedure__2022-2023-national-reconstructive-procedures.pdf,procedure_volume,Reconstructive procedures,Reconstructive procedures,Pelvic floor reconstruction,United States,3406,procedures,2022,ASPS,2023 ASPS reconstructive procedures with 2022 comparator,https://www.plasticsurgery.org/documents/news/statistics/2023/reconstructive-procedure-trends-2023.pdf,ASPS official national table extracted from 2022-2023__reconstructive_procedure__2022-2023-national-reconstructive-procedures.pdf; comparator columns remain source-labeled and are not merged with ISAPS.,official_association_report_auto_extracted
data\commercial_sources\phase1_official_stats\asps_plastic_surgery_statistics\2022-2023__reconstructive_procedure__2022-2023-national-reconstructive-procedures.pdf,procedure_volume,Reconstructive procedures,Reconstructive procedures,Pressure ulcers,United States,16216,procedures,2022,ASPS,2023 ASPS reconstructive procedures with 2022 comparator,https://www.plasticsurgery.org/documents/news/statistics/2023/reconstructive-procedure-trends-2023.pdf,ASPS official national table extracted from 2022-2023__reconstructive_procedure__2022-2023-national-reconstructive-procedures.pdf; comparator columns remain source-labeled and are not merged with ISAPS.,official_association_report_auto_extracted
data\commercial_sources\phase1_official_stats\asps_plastic_surgery_statistics\2022-2023__reconstructive_procedure__2022-2023-national-reconstructive-procedures.pdf,procedure_volume,Reconstructive procedures,Reconstructive procedures,Scar revision,United States,50930,procedures,2022,ASPS,2023 ASPS reconstructive procedures with 2022 comparator,https://www.plasticsurgery.org/documents/news/statistics/2023/reconstructive-procedure-trends-2023.pdf,ASPS official national table extracted from 2022-2023__reconstructive_procedure__2022-2023-national-reconstructive-procedures.pdf; comparator columns remain source-labeled and are not merged with ISAPS.,official_association_report_auto_extracted
data\commercial_sources\phase1_official_stats\asps_plastic_surgery_statistics\2022-2023__reconstructive_procedure__2022-2023-national-reconstructive-procedures.pdf,procedure_volume,Reconstructive procedures,Reconstructive procedures,Treatment of dog bites,United States,18917,procedures,2022,ASPS,2023 ASPS reconstructive procedures with 2022 comparator,https://www.plasticsurgery.org/documents/news/statistics/2023/reconstructive-procedure-trends-2023.pdf,ASPS official national table extracted from 2022-2023__reconstructive_procedure__2022-2023-national-reconstructive-procedures.pdf; comparator columns remain source-labeled and are not merged with ISAPS.,official_association_report_auto_extracted
data\commercial_sources\phase1_official_stats\asps_plastic_surgery_statistics\2022-2023__reconstructive_procedure__2022-2023-national-reconstructive-procedures.pdf,procedure_volume,Reconstructive procedures,Reconstructive procedures,Tumor removal (including skin cancer),United States,344697,procedures,2022,ASPS,2023 ASPS reconstructive procedures with 2022 comparator,https://www.plasticsurgery.org/documents/news/statistics/2023/reconstructive-procedure-trends-2023.pdf,ASPS official national table extracted from 2022-2023__reconstructive_procedure__2022-2023-national-reconstructive-procedures.pdf; comparator columns remain source-labeled and are not merged with ISAPS.,official_association_report_auto_extracted
data\commercial_sources\phase1_official_stats\asps_plastic_surgery_statistics\2022-2023__reconstructive_procedure__2022-2023-national-reconstructive-procedures.pdf,procedure_volume,Reconstructive procedures,Total,,United States,1003411,procedures,2022,ASPS,2023 ASPS reconstructive procedures with 2022 comparator,https://www.plasticsurgery.org/documents/news/statistics/2023/reconstructive-procedure-trends-2023.pdf,ASPS official national table extracted from 2022-2023__reconstructive_procedure__2022-2023-national-reconstructive-procedures.pdf; comparator columns remain source-labeled and are not merged with ISAPS.,official_association_report_auto_extracted
data\commercial_sources\phase1_official_stats\asps_plastic_surgery_statistics\2022-2023__minimally_invasive__2022-2023-national-minimally-invasive-procedures.pdf,procedure_volume,Cosmetic minimally invasive procedures,Cosmetic minimally invasive procedures,"Hyaluronic acid fillers (e.g., Juvederm Ultra®, Ultra Plus®, Voluma®, Volbella®, Vollure®, Restylane Lyft®, Restylane Silk®, Belotero®, Bolvella®, Restylane®)",United States,5294603,procedures,2023,ASPS,2023 ASPS minimally invasive procedures with 2022 comparator,https://www.plasticsurgery.org/documents/news/statistics/2023/minimally-invasive-procedure-trends-2023.pdf,ASPS official national table extracted from 2022-2023__minimally_invasive__2022-2023-national-minimally-invasive-procedures.pdf; comparator columns remain source-labeled and are not merged with ISAPS.,official_association_report_auto_extracted
data\commercial_sources\phase1_official_stats\asps_plastic_surgery_statistics\2022-2023__minimally_invasive__2022-2023-national-minimally-invasive-procedures.pdf,procedure_volume,Cosmetic minimally invasive procedures,Cosmetic minimally invasive procedures,Lip augmentation (with injectable materials),United States,1439291,procedures,2023,ASPS,2023 ASPS minimally invasive procedures with 2022 comparator,https://www.plasticsurgery.org/documents/news/statistics/2023/minimally-invasive-procedure-trends-2023.pdf,ASPS official national table extracted from 2022-2023__minimally_invasive__2022-2023-national-minimally-invasive-procedures.pdf; comparator columns remain source-labeled and are not merged with ISAPS.,official_association_report_auto_extracted
data\commercial_sources\phase1_official_stats\asps_plastic_surgery_statistics\2022-2023__minimally_invasive__2022-2023-national-minimally-invasive-procedures.pdf,procedure_volume,Cosmetic minimally invasive procedures,Cosmetic minimally invasive procedures,"Neuromodulator injection (Botox®, Dysport®, Xeomin®, Jeu- veau®, Daxxify®)",United States,9480949,procedures,2023,ASPS,2023 ASPS minimally invasive procedures with 2022 comparator,https://www.plasticsurgery.org/documents/news/statistics/2023/minimally-invasive-procedure-trends-2023.pdf,ASPS official national table extracted from 2022-2023__minimally_invasive__2022-2023-national-minimally-invasive-procedures.pdf; comparator columns remain source-labeled and are not merged with ISAPS.,official_association_report_auto_extracted
data\commercial_sources\phase1_official_stats\asps_plastic_surgery_statistics\2022-2023__minimally_invasive__2022-2023-national-minimally-invasive-procedures.pdf,procedure_volume,Cosmetic minimally invasive procedures,Cosmetic minimally invasive procedures,"Non-hyaluronic acid fillers (e.g., Radiesse®, Sculptra®, Bellafill®, Renuva® )",United States,924549,procedures,2023,ASPS,2023 ASPS minimally invasive procedures with 2022 comparator,https://www.plasticsurgery.org/documents/news/statistics/2023/minimally-invasive-procedure-trends-2023.pdf,ASPS official national table extracted from 2022-2023__minimally_invasive__2022-2023-national-minimally-invasive-procedures.pdf; comparator columns remain source-labeled and are not merged with ISAPS.,official_association_report_auto_extracted
data\commercial_sources\phase1_official_stats\asps_plastic_surgery_statistics\2022-2023__minimally_invasive__2022-2023-national-minimally-invasive-procedures.pdf,procedure_volume,Cosmetic minimally invasive procedures,Cosmetic minimally invasive procedures,"Noninvasive fat reduction (e.g., CoolSculpting®, Liposonix® , Emsculpt®, Vanquish®, Zerona®, Kybella® )",United States,745967,procedures,2023,ASPS,2023 ASPS minimally invasive procedures with 2022 comparator,https://www.plasticsurgery.org/documents/news/statistics/2023/minimally-invasive-procedure-trends-2023.pdf,ASPS official national table extracted from 2022-2023__minimally_invasive__2022-2023-national-minimally-invasive-procedures.pdf; comparator columns remain source-labeled and are not merged with ISAPS.,official_association_report_auto_extracted
data\commercial_sources\phase1_official_stats\asps_plastic_surgery_statistics\2022-2023__minimally_invasive__2022-2023-national-minimally-invasive-procedures.pdf,procedure_volume,Cosmetic minimally invasive procedures,Cosmetic minimally invasive procedures,"Noninvasive skin tightening (e.g., Pelleve®, Thermage®, Ulthera®)",United States,438211,procedures,2023,ASPS,2023 ASPS minimally invasive procedures with 2022 comparator,https://www.plasticsurgery.org/documents/news/statistics/2023/minimally-invasive-procedure-trends-2023.pdf,ASPS official national table extracted from 2022-2023__minimally_invasive__2022-2023-national-minimally-invasive-procedures.pdf; comparator columns remain source-labeled and are not merged with ISAPS.,official_association_report_auto_extracted
data\commercial_sources\phase1_official_stats\asps_plastic_surgery_statistics\2022-2023__minimally_invasive__2022-2023-national-minimally-invasive-procedures.pdf,procedure_volume,Cosmetic minimally invasive procedures,Cosmetic minimally invasive procedures,Sclerotherapy,United States,515602,procedures,2023,ASPS,2023 ASPS minimally invasive procedures with 2022 comparator,https://www.plasticsurgery.org/documents/news/statistics/2023/minimally-invasive-procedure-trends-2023.pdf,ASPS official national table extracted from 2022-2023__minimally_invasive__2022-2023-national-minimally-invasive-procedures.pdf; comparator columns remain source-labeled and are not merged with ISAPS.,official_association_report_auto_extracted
data\commercial_sources\phase1_official_stats\asps_plastic_surgery_statistics\2022-2023__minimally_invasive__2022-2023-national-minimally-invasive-procedures.pdf,procedure_volume,Cosmetic minimally invasive procedures,Cosmetic minimally invasive procedures,"Skin resurfacing (e.g., dermabrasion, chemical peel, lasers - ablative/non-ablative, microdermabrasion)",United States,3501696,procedures,2023,ASPS,2023 ASPS minimally invasive procedures with 2022 comparator,https://www.plasticsurgery.org/documents/news/statistics/2023/minimally-invasive-procedure-trends-2023.pdf,ASPS official national table extracted from 2022-2023__minimally_invasive__2022-2023-national-minimally-invasive-procedures.pdf; comparator columns remain source-labeled and are not merged with ISAPS.,official_association_report_auto_extracted
data\commercial_sources\phase1_official_stats\asps_plastic_surgery_statistics\2022-2023__minimally_invasive__2022-2023-national-minimally-invasive-procedures.pdf,procedure_volume,Cosmetic minimally invasive procedures,Cosmetic minimally invasive procedures,"Skin treatment (combination lasers) (e.g., laser hair removal, IPL treatment, laser tattoo removal, laser treatment of leg veins)",United States,3101772,procedures,2023,ASPS,2023 ASPS minimally invasive procedures with 2022 comparator,https://www.plasticsurgery.org/documents/news/statistics/2023/minimally-invasive-procedure-trends-2023.pdf,ASPS official national table extracted from 2022-2023__minimally_invasive__2022-2023-national-minimally-invasive-procedures.pdf; comparator columns remain source-labeled and are not merged with ISAPS.,official_association_report_auto_extracted
data\commercial_sources\phase1_official_stats\asps_plastic_surgery_statistics\2022-2023__minimally_invasive__2022-2023-national-minimally-invasive-procedures.pdf,procedure_volume,Cosmetic minimally invasive procedures,Total,,United States,25442640,procedures,2023,ASPS,2023 ASPS minimally invasive procedures with 2022 comparator,https://www.plasticsurgery.org/documents/news/statistics/2023/minimally-invasive-procedure-trends-2023.pdf,ASPS official national table extracted from 2022-2023__minimally_invasive__2022-2023-national-minimally-invasive-procedures.pdf; comparator columns remain source-labeled and are not merged with ISAPS.,official_association_report_auto_extracted
data\commercial_sources\phase1_official_stats\asps_plastic_surgery_statistics\2022-2023__cosmetic_procedure__2022-2023-national-cosmetic-procedures.pdf,procedure_volume,Cosmetic surgery procedures,Body,Buttock augmentation with fat grafting (Brazilian butt lift),United States,29383,procedures,2023,ASPS,2023 ASPS cosmetic surgery procedures with 2022 comparator,https://www.plasticsurgery.org/documents/news/statistics/2023/cosmetic-procedure-trends-2023.pdf,ASPS official national table extracted from 2022-2023__cosmetic_procedure__2022-2023-national-cosmetic-procedures.pdf; comparator columns remain source-labeled and are not merged with ISAPS.,official_association_report_auto_extracted
data\commercial_sources\phase1_official_stats\asps_plastic_surgery_statistics\2022-2023__cosmetic_procedure__2022-2023-national-cosmetic-procedures.pdf,procedure_volume,Cosmetic surgery procedures,Body,Buttock implants,United States,1234,procedures,2023,ASPS,2023 ASPS cosmetic surgery procedures with 2022 comparator,https://www.plasticsurgery.org/documents/news/statistics/2023/cosmetic-procedure-trends-2023.pdf,ASPS official national table extracted from 2022-2023__cosmetic_procedure__2022-2023-national-cosmetic-procedures.pdf; comparator columns remain source-labeled and are not merged with ISAPS.,official_association_report_auto_extracted
data\commercial_sources\phase1_official_stats\asps_plastic_surgery_statistics\2022-2023__cosmetic_procedure__2022-2023-national-cosmetic-procedures.pdf,procedure_volume,Cosmetic surgery procedures,Body,Buttock lift,United States,7748,procedures,2023,ASPS,2023 ASPS cosmetic surgery procedures with 2022 comparator,https://www.plasticsurgery.org/documents/news/statistics/2023/cosmetic-procedure-trends-2023.pdf,ASPS official national table extracted from 2022-2023__cosmetic_procedure__2022-2023-national-cosmetic-procedures.pdf; comparator columns remain source-labeled and are not merged with ISAPS.,official_association_report_auto_extracted
data\commercial_sources\phase1_official_stats\asps_plastic_surgery_statistics\2022-2023__cosmetic_procedure__2022-2023-national-cosmetic-procedures.pdf,procedure_volume,Cosmetic surgery procedures,Body,Labiaplasty,United States,10631,procedures,2023,ASPS,2023 ASPS cosmetic surgery procedures with 2022 comparator,https://www.plasticsurgery.org/documents/news/statistics/2023/cosmetic-procedure-trends-2023.pdf,ASPS official national table extracted from 2022-2023__cosmetic_procedure__2022-2023-national-cosmetic-procedures.pdf; comparator columns remain source-labeled and are not merged with ISAPS.,official_association_report_auto_extracted
data\commercial_sources\phase1_official_stats\asps_plastic_surgery_statistics\2022-2023__cosmetic_procedure__2022-2023-national-cosmetic-procedures.pdf,procedure_volume,Cosmetic surgery procedures,Body,Liposuction,United States,347782,procedures,2023,ASPS,2023 ASPS cosmetic surgery procedures with 2022 comparator,https://www.plasticsurgery.org/documents/news/statistics/2023/cosmetic-procedure-trends-2023.pdf,ASPS official national table extracted from 2022-2023__cosmetic_procedure__2022-2023-national-cosmetic-procedures.pdf; comparator columns remain source-labeled and are not merged with ISAPS.,official_association_report_auto_extracted
data\commercial_sources\phase1_official_stats\asps_plastic_surgery_statistics\2022-2023__cosmetic_procedure__2022-2023-national-cosmetic-procedures.pdf,procedure_volume,Cosmetic surgery procedures,Body,Lower body lift,United States,10947,procedures,2023,ASPS,2023 ASPS cosmetic surgery procedures with 2022 comparator,https://www.plasticsurgery.org/documents/news/statistics/2023/cosmetic-procedure-trends-2023.pdf,ASPS official national table extracted from 2022-2023__cosmetic_procedure__2022-2023-national-cosmetic-procedures.pdf; comparator columns remain source-labeled and are not merged with ISAPS.,official_association_report_auto_extracted
data\commercial_sources\phase1_official_stats\asps_plastic_surgery_statistics\2022-2023__cosmetic_procedure__2022-2023-national-cosmetic-procedures.pdf,procedure_volume,Cosmetic surgery procedures,Body,Thigh lift,United States,9600,procedures,2023,ASPS,2023 ASPS cosmetic surgery procedures with 2022 comparator,https://www.plasticsurgery.org/documents/news/statistics/2023/cosmetic-procedure-trends-2023.pdf,ASPS official national table extracted from 2022-2023__cosmetic_procedure__2022-2023-national-cosmetic-procedures.pdf; comparator columns remain source-labeled and are not merged with ISAPS.,official_association_report_auto_extracted
data\commercial_sources\phase1_official_stats\asps_plastic_surgery_statistics\2022-2023__cosmetic_procedure__2022-2023-national-cosmetic-procedures.pdf,procedure_volume,Cosmetic surgery procedures,Body,Tummy tuck (abdominoplasty),United States,170110,procedures,2023,ASPS,2023 ASPS cosmetic surgery procedures with 2022 comparator,https://www.plasticsurgery.org/documents/news/statistics/2023/cosmetic-procedure-trends-2023.pdf,ASPS official national table extracted from 2022-2023__cosmetic_procedure__2022-2023-national-cosmetic-procedures.pdf; comparator columns remain source-labeled and are not merged with ISAPS.,official_association_report_auto_extracted
data\commercial_sources\phase1_official_stats\asps_plastic_surgery_statistics\2022-2023__cosmetic_procedure__2022-2023-national-cosmetic-procedures.pdf,procedure_volume,Cosmetic surgery procedures,Body,Upper arm lift (brachioplasty),United States,23058,procedures,2023,ASPS,2023 ASPS cosmetic surgery procedures with 2022 comparator,https://www.plasticsurgery.org/documents/news/statistics/2023/cosmetic-procedure-trends-2023.pdf,ASPS official national table extracted from 2022-2023__cosmetic_procedure__2022-2023-national-cosmetic-procedures.pdf; comparator columns remain source-labeled and are not merged with ISAPS.,official_association_report_auto_extracted
data\commercial_sources\phase1_official_stats\asps_plastic_surgery_statistics\2022-2023__cosmetic_procedure__2022-2023-national-cosmetic-procedures.pdf,procedure_volume,Cosmetic surgery procedures,Breast,Breast augmentation (implant placement for both primary and/or revisions),United States,304181,procedures,2023,ASPS,2023 ASPS cosmetic surgery procedures with 2022 comparator,https://www.plasticsurgery.org/documents/news/statistics/2023/cosmetic-procedure-trends-2023.pdf,ASPS official national table extracted from 2022-2023__cosmetic_procedure__2022-2023-national-cosmetic-procedures.pdf; comparator columns remain source-labeled and are not merged with ISAPS.,official_association_report_auto_extracted
data\commercial_sources\phase1_official_stats\asps_plastic_surgery_statistics\2022-2023__cosmetic_procedure__2022-2023-national-cosmetic-procedures.pdf,procedure_volume,Cosmetic surgery procedures,Breast,Breast implant removals (augmentation patients only),United States,41115,procedures,2023,ASPS,2023 ASPS cosmetic surgery procedures with 2022 comparator,https://www.plasticsurgery.org/documents/news/statistics/2023/cosmetic-procedure-trends-2023.pdf,ASPS official national table extracted from 2022-2023__cosmetic_procedure__2022-2023-national-cosmetic-procedures.pdf; comparator columns remain source-labeled and are not merged with ISAPS.,official_association_report_auto_extracted
data\commercial_sources\phase1_official_stats\asps_plastic_surgery_statistics\2022-2023__cosmetic_procedure__2022-2023-national-cosmetic-procedures.pdf,procedure_volume,Cosmetic surgery procedures,Breast,Breast lift (mastopexy),United States,153600,procedures,2023,ASPS,2023 ASPS cosmetic surgery procedures with 2022 comparator,https://www.plasticsurgery.org/documents/news/statistics/2023/cosmetic-procedure-trends-2023.pdf,ASPS official national table extracted from 2022-2023__cosmetic_procedure__2022-2023-national-cosmetic-procedures.pdf; comparator columns remain source-labeled and are not merged with ISAPS.,official_association_report_auto_extracted
data\commercial_sources\phase1_official_stats\asps_plastic_surgery_statistics\2022-2023__cosmetic_procedure__2022-2023-national-cosmetic-procedures.pdf,procedure_volume,Cosmetic surgery procedures,Breast,Breast reduction (aesthetic patients only),United States,76031,procedures,2023,ASPS,2023 ASPS cosmetic surgery procedures with 2022 comparator,https://www.plasticsurgery.org/documents/news/statistics/2023/cosmetic-procedure-trends-2023.pdf,ASPS official national table extracted from 2022-2023__cosmetic_procedure__2022-2023-national-cosmetic-procedures.pdf; comparator columns remain source-labeled and are not merged with ISAPS.,official_association_report_auto_extracted
data\commercial_sources\phase1_official_stats\asps_plastic_surgery_statistics\2022-2023__cosmetic_procedure__2022-2023-national-cosmetic-procedures.pdf,procedure_volume,Cosmetic surgery procedures,Breast,Breast reduction in males (gynecomastia surgery),United States,25888,procedures,2023,ASPS,2023 ASPS cosmetic surgery procedures with 2022 comparator,https://www.plasticsurgery.org/documents/news/statistics/2023/cosmetic-procedure-trends-2023.pdf,ASPS official national table extracted from 2022-2023__cosmetic_procedure__2022-2023-national-cosmetic-procedures.pdf; comparator columns remain source-labeled and are not merged with ISAPS.,official_association_report_auto_extracted
data\commercial_sources\phase1_official_stats\asps_plastic_surgery_statistics\2022-2023__cosmetic_procedure__2022-2023-national-cosmetic-procedures.pdf,procedure_volume,Cosmetic surgery procedures,Face,Buccal fat pad removal,United States,4866,procedures,2023,ASPS,2023 ASPS cosmetic surgery procedures with 2022 comparator,https://www.plasticsurgery.org/documents/news/statistics/2023/cosmetic-procedure-trends-2023.pdf,ASPS official national table extracted from 2022-2023__cosmetic_procedure__2022-2023-national-cosmetic-procedures.pdf; comparator columns remain source-labeled and are not merged with ISAPS.,official_association_report_auto_extracted
data\commercial_sources\phase1_official_stats\asps_plastic_surgery_statistics\2022-2023__cosmetic_procedure__2022-2023-national-cosmetic-procedures.pdf,procedure_volume,Cosmetic surgery procedures,Face,Cheek implant (malar augmentation),United States,8825,procedures,2023,ASPS,2023 ASPS cosmetic surgery procedures with 2022 comparator,https://www.plasticsurgery.org/documents/news/statistics/2023/cosmetic-procedure-trends-2023.pdf,ASPS official national table extracted from 2022-2023__cosmetic_procedure__2022-2023-national-cosmetic-procedures.pdf; comparator columns remain source-labeled and are not merged with ISAPS.,official_association_report_auto_extracted
data\commercial_sources\phase1_official_stats\asps_plastic_surgery_statistics\2022-2023__cosmetic_procedure__2022-2023-national-cosmetic-procedures.pdf,procedure_volume,Cosmetic surgery procedures,Face,Chin augmentation (mentoplasty),United States,5484,procedures,2023,ASPS,2023 ASPS cosmetic surgery procedures with 2022 comparator,https://www.plasticsurgery.org/documents/news/statistics/2023/cosmetic-procedure-trends-2023.pdf,ASPS official national table extracted from 2022-2023__cosmetic_procedure__2022-2023-national-cosmetic-procedures.pdf; comparator columns remain source-labeled and are not merged with ISAPS.,official_association_report_auto_extracted
data\commercial_sources\phase1_official_stats\asps_plastic_surgery_statistics\2022-2023__cosmetic_procedure__2022-2023-national-cosmetic-procedures.pdf,procedure_volume,Cosmetic surgery procedures,Face,Ear surgery (otoplasty),United States,4817,procedures,2023,ASPS,2023 ASPS cosmetic surgery procedures with 2022 comparator,https://www.plasticsurgery.org/documents/news/statistics/2023/cosmetic-procedure-trends-2023.pdf,ASPS official national table extracted from 2022-2023__cosmetic_procedure__2022-2023-national-cosmetic-procedures.pdf; comparator columns remain source-labeled and are not merged with ISAPS.,official_association_report_auto_extracted
data\commercial_sources\phase1_official_stats\asps_plastic_surgery_statistics\2022-2023__cosmetic_procedure__2022-2023-national-cosmetic-procedures.pdf,procedure_volume,Cosmetic surgery procedures,Face,Eyelid surgery (blepharoplasty),United States,120747,procedures,2023,ASPS,2023 ASPS cosmetic surgery procedures with 2022 comparator,https://www.plasticsurgery.org/documents/news/statistics/2023/cosmetic-procedure-trends-2023.pdf,ASPS official national table extracted from 2022-2023__cosmetic_procedure__2022-2023-national-cosmetic-procedures.pdf; comparator columns remain source-labeled and are not merged with ISAPS.,official_association_report_auto_extracted
data\commercial_sources\phase1_official_stats\asps_plastic_surgery_statistics\2022-2023__cosmetic_procedure__2022-2023-national-cosmetic-procedures.pdf,procedure_volume,Cosmetic surgery procedures,Face,Facelift (rhytidectomy),United States,78482,procedures,2023,ASPS,2023 ASPS cosmetic surgery procedures with 2022 comparator,https://www.plasticsurgery.org/documents/news/statistics/2023/cosmetic-procedure-trends-2023.pdf,ASPS official national table extracted from 2022-2023__cosmetic_procedure__2022-2023-national-cosmetic-procedures.pdf; comparator columns remain source-labeled and are not merged with ISAPS.,official_association_report_auto_extracted
data\commercial_sources\phase1_official_stats\asps_plastic_surgery_statistics\2022-2023__cosmetic_procedure__2022-2023-national-cosmetic-procedures.pdf,procedure_volume,Cosmetic surgery procedures,Face,Facial fat grafting,United States,34216,procedures,2023,ASPS,2023 ASPS cosmetic surgery procedures with 2022 comparator,https://www.plasticsurgery.org/documents/news/statistics/2023/cosmetic-procedure-trends-2023.pdf,ASPS official national table extracted from 2022-2023__cosmetic_procedure__2022-2023-national-cosmetic-procedures.pdf; comparator columns remain source-labeled and are not merged with ISAPS.,official_association_report_auto_extracted
data\commercial_sources\phase1_official_stats\asps_plastic_surgery_statistics\2022-2023__cosmetic_procedure__2022-2023-national-cosmetic-procedures.pdf,procedure_volume,Cosmetic surgery procedures,Face,Forehead lift,United States,13518,procedures,2023,ASPS,2023 ASPS cosmetic surgery procedures with 2022 comparator,https://www.plasticsurgery.org/documents/news/statistics/2023/cosmetic-procedure-trends-2023.pdf,ASPS official national table extracted from 2022-2023__cosmetic_procedure__2022-2023-national-cosmetic-procedures.pdf; comparator columns remain source-labeled and are not merged with ISAPS.,official_association_report_auto_extracted
data\commercial_sources\phase1_official_stats\asps_plastic_surgery_statistics\2022-2023__cosmetic_procedure__2022-2023-national-cosmetic-procedures.pdf,procedure_volume,Cosmetic surgery procedures,Face,Liposuction (submental),United States,23667,procedures,2023,ASPS,2023 ASPS cosmetic surgery procedures with 2022 comparator,https://www.plasticsurgery.org/documents/news/statistics/2023/cosmetic-procedure-trends-2023.pdf,ASPS official national table extracted from 2022-2023__cosmetic_procedure__2022-2023-national-cosmetic-procedures.pdf; comparator columns remain source-labeled and are not merged with ISAPS.,official_association_report_auto_extracted
data\commercial_sources\phase1_official_stats\asps_plastic_surgery_statistics\2022-2023__cosmetic_procedure__2022-2023-national-cosmetic-procedures.pdf,procedure_volume,Cosmetic surgery procedures,Face,Neck lift,United States,22007,procedures,2023,ASPS,2023 ASPS cosmetic surgery procedures with 2022 comparator,https://www.plasticsurgery.org/documents/news/statistics/2023/cosmetic-procedure-trends-2023.pdf,ASPS official national table extracted from 2022-2023__cosmetic_procedure__2022-2023-national-cosmetic-procedures.pdf; comparator columns remain source-labeled and are not merged with ISAPS.,official_association_report_auto_extracted
data\commercial_sources\phase1_official_stats\asps_plastic_surgery_statistics\2022-2023__cosmetic_procedure__2022-2023-national-cosmetic-procedures.pdf,procedure_volume,Cosmetic surgery procedures,Face,Nose reshaping (rhinoplasty),United States,47307,procedures,2023,ASPS,2023 ASPS cosmetic surgery procedures with 2022 comparator,https://www.plasticsurgery.org/documents/news/statistics/2023/cosmetic-procedure-trends-2023.pdf,ASPS official national table extracted from 2022-2023__cosmetic_procedure__2022-2023-national-cosmetic-procedures.pdf; comparator columns remain source-labeled and are not merged with ISAPS.,official_association_report_auto_extracted
data\commercial_sources\phase1_official_stats\asps_plastic_surgery_statistics\2022-2023__cosmetic_procedure__2022-2023-national-cosmetic-procedures.pdf,procedure_volume,Cosmetic surgery procedures,Total,,United States,1575244,procedures,2023,ASPS,2023 ASPS cosmetic surgery procedures with 2022 comparator,https://www.plasticsurgery.org/documents/news/statistics/2023/cosmetic-procedure-trends-2023.pdf,ASPS official national table extracted from 2022-2023__cosmetic_procedure__2022-2023-national-cosmetic-procedures.pdf; comparator columns remain source-labeled and are not merged with ISAPS.,official_association_report_auto_extracted
data\commercial_sources\phase1_official_stats\asps_plastic_surgery_statistics\2022-2023__reconstructive_procedure__2022-2023-national-reconstructive-procedures.pdf,procedure_volume,Reconstructive procedures,Reconstructive procedures,Breast implant removal (reconstructive patients only),United States,25221,procedures,2023,ASPS,2023 ASPS reconstructive procedures with 2022 comparator,https://www.plasticsurgery.org/documents/news/statistics/2023/reconstructive-procedure-trends-2023.pdf,ASPS official national table extracted from 2022-2023__reconstructive_procedure__2022-2023-national-reconstructive-procedures.pdf; comparator columns remain source-labeled and are not merged with ISAPS.,official_association_report_auto_extracted
data\commercial_sources\phase1_official_stats\asps_plastic_surgery_statistics\2022-2023__reconstructive_procedure__2022-2023-national-reconstructive-procedures.pdf,procedure_volume,Reconstructive procedures,Reconstructive procedures,Breast reconstruction,United States,157740,procedures,2023,ASPS,2023 ASPS reconstructive procedures with 2022 comparator,https://www.plasticsurgery.org/documents/news/statistics/2023/reconstructive-procedure-trends-2023.pdf,ASPS official national table extracted from 2022-2023__reconstructive_procedure__2022-2023-national-reconstructive-procedures.pdf; comparator columns remain source-labeled and are not merged with ISAPS.,official_association_report_auto_extracted
data\commercial_sources\phase1_official_stats\asps_plastic_surgery_statistics\2022-2023__reconstructive_procedure__2022-2023-national-reconstructive-procedures.pdf,procedure_volume,Reconstructive procedures,Reconstructive procedures,Burn care,United States,23867,procedures,2023,ASPS,2023 ASPS reconstructive procedures with 2022 comparator,https://www.plasticsurgery.org/documents/news/statistics/2023/reconstructive-procedure-trends-2023.pdf,ASPS official national table extracted from 2022-2023__reconstructive_procedure__2022-2023-national-reconstructive-procedures.pdf; comparator columns remain source-labeled and are not merged with ISAPS.,official_association_report_auto_extracted
data\commercial_sources\phase1_official_stats\asps_plastic_surgery_statistics\2022-2023__reconstructive_procedure__2022-2023-national-reconstructive-procedures.pdf,procedure_volume,Reconstructive procedures,Reconstructive procedures,Cleft lip and palate repair,United States,12918,procedures,2023,ASPS,2023 ASPS reconstructive procedures with 2022 comparator,https://www.plasticsurgery.org/documents/news/statistics/2023/reconstructive-procedure-trends-2023.pdf,ASPS official national table extracted from 2022-2023__reconstructive_procedure__2022-2023-national-reconstructive-procedures.pdf; comparator columns remain source-labeled and are not merged with ISAPS.,official_association_report_auto_extracted
data\commercial_sources\phase1_official_stats\asps_plastic_surgery_statistics\2022-2023__reconstructive_procedure__2022-2023-national-reconstructive-procedures.pdf,procedure_volume,Reconstructive procedures,Reconstructive procedures,"Hand surgery (e.g., carpal tunnel, arthritis, trigger finger)",United States,207887,procedures,2023,ASPS,2023 ASPS reconstructive procedures with 2022 comparator,https://www.plasticsurgery.org/documents/news/statistics/2023/reconstructive-procedure-trends-2023.pdf,ASPS official national table extracted from 2022-2023__reconstructive_procedure__2022-2023-national-reconstructive-procedures.pdf; comparator columns remain source-labeled and are not merged with ISAPS.,official_association_report_auto_extracted
data\commercial_sources\phase1_official_stats\asps_plastic_surgery_statistics\2022-2023__reconstructive_procedure__2022-2023-national-reconstructive-procedures.pdf,procedure_volume,Reconstructive procedures,Reconstructive procedures,Head and neck reconstruction (including microsurgical),United States,21618,procedures,2023,ASPS,2023 ASPS reconstructive procedures with 2022 comparator,https://www.plasticsurgery.org/documents/news/statistics/2023/reconstructive-procedure-trends-2023.pdf,ASPS official national table extracted from 2022-2023__reconstructive_procedure__2022-2023-national-reconstructive-procedures.pdf; comparator columns remain source-labeled and are not merged with ISAPS.,official_association_report_auto_extracted
data\commercial_sources\phase1_official_stats\asps_plastic_surgery_statistics\2022-2023__reconstructive_procedure__2022-2023-national-reconstructive-procedures.pdf,procedure_volume,Reconstructive procedures,Reconstructive procedures,Hernia repair,United States,13091,procedures,2023,ASPS,2023 ASPS reconstructive procedures with 2022 comparator,https://www.plasticsurgery.org/documents/news/statistics/2023/reconstructive-procedure-trends-2023.pdf,ASPS official national table extracted from 2022-2023__reconstructive_procedure__2022-2023-national-reconstructive-procedures.pdf; comparator columns remain source-labeled and are not merged with ISAPS.,official_association_report_auto_extracted
data\commercial_sources\phase1_official_stats\asps_plastic_surgery_statistics\2022-2023__reconstructive_procedure__2022-2023-national-reconstructive-procedures.pdf,procedure_volume,Reconstructive procedures,Reconstructive procedures,Laceration repair (other than facial),United States,45575,procedures,2023,ASPS,2023 ASPS reconstructive procedures with 2022 comparator,https://www.plasticsurgery.org/documents/news/statistics/2023/reconstructive-procedure-trends-2023.pdf,ASPS official national table extracted from 2022-2023__reconstructive_procedure__2022-2023-national-reconstructive-procedures.pdf; comparator columns remain source-labeled and are not merged with ISAPS.,official_association_report_auto_extracted
data\commercial_sources\phase1_official_stats\asps_plastic_surgery_statistics\2022-2023__reconstructive_procedure__2022-2023-national-reconstructive-procedures.pdf,procedure_volume,Reconstructive procedures,Reconstructive procedures,Lower extremity reconstruction (including microsurgical),United States,21427,procedures,2023,ASPS,2023 ASPS reconstructive procedures with 2022 comparator,https://www.plasticsurgery.org/documents/news/statistics/2023/reconstructive-procedure-trends-2023.pdf,ASPS official national table extracted from 2022-2023__reconstructive_procedure__2022-2023-national-reconstructive-procedures.pdf; comparator columns remain source-labeled and are not merged with ISAPS.,official_association_report_auto_extracted
data\commercial_sources\phase1_official_stats\asps_plastic_surgery_statistics\2022-2023__reconstructive_procedure__2022-2023-national-reconstructive-procedures.pdf,procedure_volume,Reconstructive procedures,Reconstructive procedures,Maxillofacial,United States,52868,procedures,2023,ASPS,2023 ASPS reconstructive procedures with 2022 comparator,https://www.plasticsurgery.org/documents/news/statistics/2023/reconstructive-procedure-trends-2023.pdf,ASPS official national table extracted from 2022-2023__reconstructive_procedure__2022-2023-national-reconstructive-procedures.pdf; comparator columns remain source-labeled and are not merged with ISAPS.,official_association_report_auto_extracted
data\commercial_sources\phase1_official_stats\asps_plastic_surgery_statistics\2022-2023__reconstructive_procedure__2022-2023-national-reconstructive-procedures.pdf,procedure_volume,Reconstructive procedures,Reconstructive procedures,Pelvic floor reconstruction,United States,3643,procedures,2023,ASPS,2023 ASPS reconstructive procedures with 2022 comparator,https://www.plasticsurgery.org/documents/news/statistics/2023/reconstructive-procedure-trends-2023.pdf,ASPS official national table extracted from 2022-2023__reconstructive_procedure__2022-2023-national-reconstructive-procedures.pdf; comparator columns remain source-labeled and are not merged with ISAPS.,official_association_report_auto_extracted
data\commercial_sources\phase1_official_stats\asps_plastic_surgery_statistics\2022-2023__reconstructive_procedure__2022-2023-national-reconstructive-procedures.pdf,procedure_volume,Reconstructive procedures,Reconstructive procedures,Pressure ulcers,United States,16453,procedures,2023,ASPS,2023 ASPS reconstructive procedures with 2022 comparator,https://www.plasticsurgery.org/documents/news/statistics/2023/reconstructive-procedure-trends-2023.pdf,ASPS official national table extracted from 2022-2023__reconstructive_procedure__2022-2023-national-reconstructive-procedures.pdf; comparator columns remain source-labeled and are not merged with ISAPS.,official_association_report_auto_extracted
data\commercial_sources\phase1_official_stats\asps_plastic_surgery_statistics\2022-2023__reconstructive_procedure__2022-2023-national-reconstructive-procedures.pdf,procedure_volume,Reconstructive procedures,Reconstructive procedures,Scar revision,United States,52000,procedures,2023,ASPS,2023 ASPS reconstructive procedures with 2022 comparator,https://www.plasticsurgery.org/documents/news/statistics/2023/reconstructive-procedure-trends-2023.pdf,ASPS official national table extracted from 2022-2023__reconstructive_procedure__2022-2023-national-reconstructive-procedures.pdf; comparator columns remain source-labeled and are not merged with ISAPS.,official_association_report_auto_extracted
data\commercial_sources\phase1_official_stats\asps_plastic_surgery_statistics\2022-2023__reconstructive_procedure__2022-2023-national-reconstructive-procedures.pdf,procedure_volume,Reconstructive procedures,Reconstructive procedures,Treatment of dog bites,United States,19201,procedures,2023,ASPS,2023 ASPS reconstructive procedures with 2022 comparator,https://www.plasticsurgery.org/documents/news/statistics/2023/reconstructive-procedure-trends-2023.pdf,ASPS official national table extracted from 2022-2023__reconstructive_procedure__2022-2023-national-reconstructive-procedures.pdf; comparator columns remain source-labeled and are not merged with ISAPS.,official_association_report_auto_extracted
data\commercial_sources\phase1_official_stats\asps_plastic_surgery_statistics\2022-2023__reconstructive_procedure__2022-2023-national-reconstructive-procedures.pdf,procedure_volume,Reconstructive procedures,Reconstructive procedures,Tumor removal (including skin cancer),United States,351591,procedures,2023,ASPS,2023 ASPS reconstructive procedures with 2022 comparator,https://www.plasticsurgery.org/documents/news/statistics/2023/reconstructive-procedure-trends-2023.pdf,ASPS official national table extracted from 2022-2023__reconstructive_procedure__2022-2023-national-reconstructive-procedures.pdf; comparator columns remain source-labeled and are not merged with ISAPS.,official_association_report_auto_extracted
data\commercial_sources\phase1_official_stats\asps_plastic_surgery_statistics\2022-2023__reconstructive_procedure__2022-2023-national-reconstructive-procedures.pdf,procedure_volume,Reconstructive procedures,Total,,United States,1025100,procedures,2023,ASPS,2023 ASPS reconstructive procedures with 2022 comparator,https://www.plasticsurgery.org/documents/news/statistics/2023/reconstructive-procedure-trends-2023.pdf,ASPS official national table extracted from 2022-2023__reconstructive_procedure__2022-2023-national-reconstructive-procedures.pdf; comparator columns remain source-labeled and are not merged with ISAPS.,official_association_report_auto_extracted
data\commercial_sources\phase1_official_stats\asps_plastic_surgery_statistics\2024__complete_report__2024-complete-plastic-surgery-statistics-report.pdf,average_fee_range_midpoint,Average surgeon/physician fees,Cosmetic surgical procedures,Abdominoplasty (tummy tuck),United States,10750.0,USD midpoint of reported range,2024,ASPS,2024 ASPS average surgeon/physician fees,https://www.plasticsurgery.org/documents/news/statistics/2024/plastic-surgery-statistics-report-2024.pdf,"ASPS reports a 2024 fee range of $8,000-13,500; value is the midpoint for numeric dashboard use.",official_association_report_auto_extracted
data\commercial_sources\phase1_official_stats\asps_plastic_surgery_statistics\2024__complete_report__2024-complete-plastic-surgery-statistics-report.pdf,average_fee_range_midpoint,Average surgeon/physician fees,Cosmetic surgical procedures,Breast augmentation (implant placement for both primary and/or revisions),United States,6287.5,USD midpoint of reported range,2024,ASPS,2024 ASPS average surgeon/physician fees,https://www.plasticsurgery.org/documents/news/statistics/2024/plastic-surgery-statistics-report-2024.pdf,"ASPS reports a 2024 fee range of $4,575-8,000; value is the midpoint for numeric dashboard use.",official_association_report_auto_extracted
data\commercial_sources\phase1_official_stats\asps_plastic_surgery_statistics\2024__complete_report__2024-complete-plastic-surgery-statistics-report.pdf,average_fee_range_midpoint,Average surgeon/physician fees,Cosmetic surgical procedures,Breast augmentation with fat grafting only (no implants),United States,7500.0,USD midpoint of reported range,2024,ASPS,2024 ASPS average surgeon/physician fees,https://www.plasticsurgery.org/documents/news/statistics/2024/plastic-surgery-statistics-report-2024.pdf,"ASPS reports a 2024 fee range of $5,500-9,500; value is the midpoint for numeric dashboard use.",official_association_report_auto_extracted
data\commercial_sources\phase1_official_stats\asps_plastic_surgery_statistics\2024__complete_report__2024-complete-plastic-surgery-statistics-report.pdf,average_fee_range_midpoint,Average surgeon/physician fees,Cosmetic surgical procedures,Breast implant removals (augmentation patients only),United States,5075.0,USD midpoint of reported range,2024,ASPS,2024 ASPS average surgeon/physician fees,https://www.plasticsurgery.org/documents/news/statistics/2024/plastic-surgery-statistics-report-2024.pdf,"ASPS reports a 2024 fee range of $3,650-6,500; value is the midpoint for numeric dashboard use.",official_association_report_auto_extracted
data\commercial_sources\phase1_official_stats\asps_plastic_surgery_statistics\2024__complete_report__2024-complete-plastic-surgery-statistics-report.pdf,average_fee_range_midpoint,Average surgeon/physician fees,Cosmetic surgical procedures,Breast lift (mastopexy),United States,8750.0,USD midpoint of reported range,2024,ASPS,2024 ASPS average surgeon/physician fees,https://www.plasticsurgery.org/documents/news/statistics/2024/plastic-surgery-statistics-report-2024.pdf,"ASPS reports a 2024 fee range of $6,500-11,000; value is the midpoint for numeric dashboard use.",official_association_report_auto_extracted
data\commercial_sources\phase1_official_stats\asps_plastic_surgery_statistics\2024__complete_report__2024-complete-plastic-surgery-statistics-report.pdf,average_fee_range_midpoint,Average surgeon/physician fees,Cosmetic surgical procedures,Breast reduction (aesthetic patients only),United States,9750.0,USD midpoint of reported range,2024,ASPS,2024 ASPS average surgeon/physician fees,https://www.plasticsurgery.org/documents/news/statistics/2024/plastic-surgery-statistics-report-2024.pdf,"ASPS reports a 2024 fee range of $7,000-12,500; value is the midpoint for numeric dashboard use.",official_association_report_auto_extracted
data\commercial_sources\phase1_official_stats\asps_plastic_surgery_statistics\2024__complete_report__2024-complete-plastic-surgery-statistics-report.pdf,average_fee_range_midpoint,Average surgeon/physician fees,Cosmetic surgical procedures,Breast reduction in males (gynecomastia surgery),United States,7000.0,USD midpoint of reported range,2024,ASPS,2024 ASPS average surgeon/physician fees,https://www.plasticsurgery.org/documents/news/statistics/2024/plastic-surgery-statistics-report-2024.pdf,"ASPS reports a 2024 fee range of $5,000-9,000; value is the midpoint for numeric dashboard use.",official_association_report_auto_extracted
data\commercial_sources\phase1_official_stats\asps_plastic_surgery_statistics\2024__complete_report__2024-complete-plastic-surgery-statistics-report.pdf,average_fee_range_midpoint,Average surgeon/physician fees,Cosmetic surgical procedures,Buccal fat pad removal,United States,4250.0,USD midpoint of reported range,2024,ASPS,2024 ASPS average surgeon/physician fees,https://www.plasticsurgery.org/documents/news/statistics/2024/plastic-surgery-statistics-report-2024.pdf,"ASPS reports a 2024 fee range of $3,000-5,500; value is the midpoint for numeric dashboard use.",official_association_report_auto_extracted
data\commercial_sources\phase1_official_stats\asps_plastic_surgery_statistics\2024__complete_report__2024-complete-plastic-surgery-statistics-report.pdf,average_fee_range_midpoint,Average surgeon/physician fees,Cosmetic surgical procedures,Buttock augmentation with fat grafting,United States,9250.0,USD midpoint of reported range,2024,ASPS,2024 ASPS average surgeon/physician fees,https://www.plasticsurgery.org/documents/news/statistics/2024/plastic-surgery-statistics-report-2024.pdf,"ASPS reports a 2024 fee range of $7,000-11,500; value is the midpoint for numeric dashboard use.",official_association_report_auto_extracted
data\commercial_sources\phase1_official_stats\asps_plastic_surgery_statistics\2024__complete_report__2024-complete-plastic-surgery-statistics-report.pdf,average_fee_range_midpoint,Average surgeon/physician fees,Cosmetic surgical procedures,Buttock lift,United States,9250.0,USD midpoint of reported range,2024,ASPS,2024 ASPS average surgeon/physician fees,https://www.plasticsurgery.org/documents/news/statistics/2024/plastic-surgery-statistics-report-2024.pdf,"ASPS reports a 2024 fee range of $7,000-11,500; value is the midpoint for numeric dashboard use.",official_association_report_auto_extracted
data\commercial_sources\phase1_official_stats\asps_plastic_surgery_statistics\2024__complete_report__2024-complete-plastic-surgery-statistics-report.pdf,average_fee_range_midpoint,Average surgeon/physician fees,Cosmetic surgical procedures,Chin augmentation (mentoplasty),United States,5000.0,USD midpoint of reported range,2024,ASPS,2024 ASPS average surgeon/physician fees,https://www.plasticsurgery.org/documents/news/statistics/2024/plastic-surgery-statistics-report-2024.pdf,"ASPS reports a 2024 fee range of $4,000-6,000; value is the midpoint for numeric dashboard use.",official_association_report_auto_extracted
data\commercial_sources\phase1_official_stats\asps_plastic_surgery_statistics\2024__complete_report__2024-complete-plastic-surgery-statistics-report.pdf,average_fee_range_midpoint,Average surgeon/physician fees,Cosmetic surgical procedures,Ear surgery (otoplasty),United States,6000.0,USD midpoint of reported range,2024,ASPS,2024 ASPS average surgeon/physician fees,https://www.plasticsurgery.org/documents/news/statistics/2024/plastic-surgery-statistics-report-2024.pdf,"ASPS reports a 2024 fee range of $4,500-7,500; value is the midpoint for numeric dashboard use.",official_association_report_auto_extracted
data\commercial_sources\phase1_official_stats\asps_plastic_surgery_statistics\2024__complete_report__2024-complete-plastic-surgery-statistics-report.pdf,average_fee_range_midpoint,Average surgeon/physician fees,Cosmetic surgical procedures,Eyelid surgery (lower blepharoplasty),United States,5104.5,USD midpoint of reported range,2024,ASPS,2024 ASPS average surgeon/physician fees,https://www.plasticsurgery.org/documents/news/statistics/2024/plastic-surgery-statistics-report-2024.pdf,"ASPS reports a 2024 fee range of $3,709-6,500; value is the midpoint for numeric dashboard use.",official_association_report_auto_extracted
data\commercial_sources\phase1_official_stats\asps_plastic_surgery_statistics\2024__complete_report__2024-complete-plastic-surgery-statistics-report.pdf,average_fee_range_midpoint,Average surgeon/physician fees,Cosmetic surgical procedures,Eyelid surgery (upper blepharoplasty),United States,4250.0,USD midpoint of reported range,2024,ASPS,2024 ASPS average surgeon/physician fees,https://www.plasticsurgery.org/documents/news/statistics/2024/plastic-surgery-statistics-report-2024.pdf,"ASPS reports a 2024 fee range of $3,000-5,500; value is the midpoint for numeric dashboard use.",official_association_report_auto_extracted
data\commercial_sources\phase1_official_stats\asps_plastic_surgery_statistics\2024__complete_report__2024-complete-plastic-surgery-statistics-report.pdf,average_fee_range_midpoint,Average surgeon/physician fees,Cosmetic surgical procedures,Facelift (rhytidectomy),United States,15500.0,USD midpoint of reported range,2024,ASPS,2024 ASPS average surgeon/physician fees,https://www.plasticsurgery.org/documents/news/statistics/2024/plastic-surgery-statistics-report-2024.pdf,"ASPS reports a 2024 fee range of $12,000-19,000; value is the midpoint for numeric dashboard use.",official_association_report_auto_extracted
data\commercial_sources\phase1_official_stats\asps_plastic_surgery_statistics\2024__complete_report__2024-complete-plastic-surgery-statistics-report.pdf,average_fee_range_midpoint,Average surgeon/physician fees,Cosmetic surgical procedures,Facial fat grafting,United States,4250.0,USD midpoint of reported range,2024,ASPS,2024 ASPS average surgeon/physician fees,https://www.plasticsurgery.org/documents/news/statistics/2024/plastic-surgery-statistics-report-2024.pdf,"ASPS reports a 2024 fee range of $3,000-5,500; value is the midpoint for numeric dashboard use.",official_association_report_auto_extracted
data\commercial_sources\phase1_official_stats\asps_plastic_surgery_statistics\2024__complete_report__2024-complete-plastic-surgery-statistics-report.pdf,average_fee_range_midpoint,Average surgeon/physician fees,Cosmetic surgical procedures,Forehead lift,United States,5750.0,USD midpoint of reported range,2024,ASPS,2024 ASPS average surgeon/physician fees,https://www.plasticsurgery.org/documents/news/statistics/2024/plastic-surgery-statistics-report-2024.pdf,"ASPS reports a 2024 fee range of $4,000-7,500; value is the midpoint for numeric dashboard use.",official_association_report_auto_extracted
data\commercial_sources\phase1_official_stats\asps_plastic_surgery_statistics\2024__complete_report__2024-complete-plastic-surgery-statistics-report.pdf,average_fee_range_midpoint,Average surgeon/physician fees,Cosmetic surgical procedures,Labiaplasty,United States,5025.0,USD midpoint of reported range,2024,ASPS,2024 ASPS average surgeon/physician fees,https://www.plasticsurgery.org/documents/news/statistics/2024/plastic-surgery-statistics-report-2024.pdf,"ASPS reports a 2024 fee range of $3,550-6,500; value is the midpoint for numeric dashboard use.",official_association_report_auto_extracted
data\commercial_sources\phase1_official_stats\asps_plastic_surgery_statistics\2024__complete_report__2024-complete-plastic-surgery-statistics-report.pdf,average_fee_range_midpoint,Average surgeon/physician fees,Cosmetic surgical procedures,Liposuction,United States,5900.0,USD midpoint of reported range,2024,ASPS,2024 ASPS average surgeon/physician fees,https://www.plasticsurgery.org/documents/news/statistics/2024/plastic-surgery-statistics-report-2024.pdf,"ASPS reports a 2024 fee range of $4,300-7,500; value is the midpoint for numeric dashboard use.",official_association_report_auto_extracted
data\commercial_sources\phase1_official_stats\asps_plastic_surgery_statistics\2024__complete_report__2024-complete-plastic-surgery-statistics-report.pdf,average_fee_range_midpoint,Average surgeon/physician fees,Cosmetic surgical procedures,Liposuction (submental/chin),United States,4250.0,USD midpoint of reported range,2024,ASPS,2024 ASPS average surgeon/physician fees,https://www.plasticsurgery.org/documents/news/statistics/2024/plastic-surgery-statistics-report-2024.pdf,"ASPS reports a 2024 fee range of $3,000-5,500; value is the midpoint for numeric dashboard use.",official_association_report_auto_extracted
data\commercial_sources\phase1_official_stats\asps_plastic_surgery_statistics\2024__complete_report__2024-complete-plastic-surgery-statistics-report.pdf,average_fee_range_midpoint,Average surgeon/physician fees,Cosmetic surgical procedures,Lower body lift,United States,13250.0,USD midpoint of reported range,2024,ASPS,2024 ASPS average surgeon/physician fees,https://www.plasticsurgery.org/documents/news/statistics/2024/plastic-surgery-statistics-report-2024.pdf,"ASPS reports a 2024 fee range of $10,000-16,500; value is the midpoint for numeric dashboard use.",official_association_report_auto_extracted
data\commercial_sources\phase1_official_stats\asps_plastic_surgery_statistics\2024__complete_report__2024-complete-plastic-surgery-statistics-report.pdf,average_fee_range_midpoint,Average surgeon/physician fees,Cosmetic surgical procedures,Neck lift,United States,10250.0,USD midpoint of reported range,2024,ASPS,2024 ASPS average surgeon/physician fees,https://www.plasticsurgery.org/documents/news/statistics/2024/plastic-surgery-statistics-report-2024.pdf,"ASPS reports a 2024 fee range of $7,500-13,000; value is the midpoint for numeric dashboard use.",official_association_report_auto_extracted
data\commercial_sources\phase1_official_stats\asps_plastic_surgery_statistics\2024__complete_report__2024-complete-plastic-surgery-statistics-report.pdf,average_fee_range_midpoint,Average surgeon/physician fees,Cosmetic surgical procedures,Nose reshaping (rhinoplasty),United States,10000.0,USD midpoint of reported range,2024,ASPS,2024 ASPS average surgeon/physician fees,https://www.plasticsurgery.org/documents/news/statistics/2024/plastic-surgery-statistics-report-2024.pdf,"ASPS reports a 2024 fee range of $7,500-12,500; value is the midpoint for numeric dashboard use.",official_association_report_auto_extracted
data\commercial_sources\phase1_official_stats\asps_plastic_surgery_statistics\2024__complete_report__2024-complete-plastic-surgery-statistics-report.pdf,average_fee_range_midpoint,Average surgeon/physician fees,Cosmetic surgical procedures,Thigh lift,United States,9500.0,USD midpoint of reported range,2024,ASPS,2024 ASPS average surgeon/physician fees,https://www.plasticsurgery.org/documents/news/statistics/2024/plastic-surgery-statistics-report-2024.pdf,"ASPS reports a 2024 fee range of $7,000-12,000; value is the midpoint for numeric dashboard use.",official_association_report_auto_extracted
data\commercial_sources\phase1_official_stats\asps_plastic_surgery_statistics\2024__complete_report__2024-complete-plastic-surgery-statistics-report.pdf,average_fee_range_midpoint,Average surgeon/physician fees,Cosmetic surgical procedures,Upper arm lift (brachioplasty),United States,8250.0,USD midpoint of reported range,2024,ASPS,2024 ASPS average surgeon/physician fees,https://www.plasticsurgery.org/documents/news/statistics/2024/plastic-surgery-statistics-report-2024.pdf,"ASPS reports a 2024 fee range of $6,000-10,500; value is the midpoint for numeric dashboard use.",official_association_report_auto_extracted
data\commercial_sources\phase1_official_stats\asps_plastic_surgery_statistics\2024__minimally_invasive__2024-minimally-invasive-procedure-trends.pdf,procedure_volume,Cosmetic minimally invasive procedures,Cosmetic minimally invasive procedures,"HA fillers (e.g., Juvederm Ultra®, Ultra Plus®, Voluma®, Volbella®, Vollure®, Restylane Lyft®, Restylane Silk®, Belotero®, Bolvella®, Restylane®)",United States,5331426,procedures,2024,ASPS,2024 ASPS minimally invasive procedure trends,https://www.plasticsurgery.org/documents/news/statistics/2024/minimally-invasive-procedure-trends-2024.pdf,ASPS official national table extracted from 2024__minimally_invasive__2024-minimally-invasive-procedure-trends.pdf; comparator columns remain source-labeled and are not merged with ISAPS.,official_association_report_auto_extracted
data\commercial_sources\phase1_official_stats\asps_plastic_surgery_statistics\2024__minimally_invasive__2024-minimally-invasive-procedure-trends.pdf,procedure_volume,Cosmetic minimally invasive procedures,Cosmetic minimally invasive procedures,HA fillers for lip augmentation (with injectable materials),United States,1589502,procedures,2024,ASPS,2024 ASPS minimally invasive procedure trends,https://www.plasticsurgery.org/documents/news/statistics/2024/minimally-invasive-procedure-trends-2024.pdf,ASPS official national table extracted from 2024__minimally_invasive__2024-minimally-invasive-procedure-trends.pdf; comparator columns remain source-labeled and are not merged with ISAPS.,official_association_report_auto_extracted
data\commercial_sources\phase1_official_stats\asps_plastic_surgery_statistics\2024__minimally_invasive__2024-minimally-invasive-procedure-trends.pdf,procedure_volume,Cosmetic minimally invasive procedures,Cosmetic minimally invasive procedures,Lip augmentation (with injectable materials),United States,1449565,procedures,2024,ASPS,2024 ASPS minimally invasive procedure trends,https://www.plasticsurgery.org/documents/news/statistics/2024/minimally-invasive-procedure-trends-2024.pdf,ASPS official national table extracted from 2024__minimally_invasive__2024-minimally-invasive-procedure-trends.pdf; comparator columns remain source-labeled and are not merged with ISAPS.,official_association_report_auto_extracted
data\commercial_sources\phase1_official_stats\asps_plastic_surgery_statistics\2024__minimally_invasive__2024-minimally-invasive-procedure-trends.pdf,procedure_volume,Cosmetic minimally invasive procedures,Cosmetic minimally invasive procedures,"Neuromodulator injection (Botox®, Dysport®, Xeomin®, Jeaveau®, Daxxify®)",United States,9883711,procedures,2024,ASPS,2024 ASPS minimally invasive procedure trends,https://www.plasticsurgery.org/documents/news/statistics/2024/minimally-invasive-procedure-trends-2024.pdf,ASPS official national table extracted from 2024__minimally_invasive__2024-minimally-invasive-procedure-trends.pdf; comparator columns remain source-labeled and are not merged with ISAPS.,official_association_report_auto_extracted
data\commercial_sources\phase1_official_stats\asps_plastic_surgery_statistics\2024__minimally_invasive__2024-minimally-invasive-procedure-trends.pdf,procedure_volume,Cosmetic minimally invasive procedures,Cosmetic minimally invasive procedures,"Non-HA fillers (e.g., Radiesse®, Sculptra®, Bellafill®, Renuva® )",United States,932861,procedures,2024,ASPS,2024 ASPS minimally invasive procedure trends,https://www.plasticsurgery.org/documents/news/statistics/2024/minimally-invasive-procedure-trends-2024.pdf,ASPS official national table extracted from 2024__minimally_invasive__2024-minimally-invasive-procedure-trends.pdf; comparator columns remain source-labeled and are not merged with ISAPS.,official_association_report_auto_extracted
data\commercial_sources\phase1_official_stats\asps_plastic_surgery_statistics\2024__minimally_invasive__2024-minimally-invasive-procedure-trends.pdf,procedure_volume,Cosmetic minimally invasive procedures,Cosmetic minimally invasive procedures,"Noninvasive fat reduction (e.g., Coolsculpting®, Liposonix®, Emsculpt®, Vanquish®, Zerona®, Kybella® )",United States,447581,procedures,2024,ASPS,2024 ASPS minimally invasive procedure trends,https://www.plasticsurgery.org/documents/news/statistics/2024/minimally-invasive-procedure-trends-2024.pdf,ASPS official national table extracted from 2024__minimally_invasive__2024-minimally-invasive-procedure-trends.pdf; comparator columns remain source-labeled and are not merged with ISAPS.,official_association_report_auto_extracted
data\commercial_sources\phase1_official_stats\asps_plastic_surgery_statistics\2024__minimally_invasive__2024-minimally-invasive-procedure-trends.pdf,procedure_volume,Cosmetic minimally invasive procedures,Cosmetic minimally invasive procedures,"Nonsurgical skin tightening (e.g., Pelleve®, Thermage®, Ulthera®)",United States,439032,procedures,2024,ASPS,2024 ASPS minimally invasive procedure trends,https://www.plasticsurgery.org/documents/news/statistics/2024/minimally-invasive-procedure-trends-2024.pdf,ASPS official national table extracted from 2024__minimally_invasive__2024-minimally-invasive-procedure-trends.pdf; comparator columns remain source-labeled and are not merged with ISAPS.,official_association_report_auto_extracted
data\commercial_sources\phase1_official_stats\asps_plastic_surgery_statistics\2024__minimally_invasive__2024-minimally-invasive-procedure-trends.pdf,procedure_volume,Cosmetic minimally invasive procedures,Cosmetic minimally invasive procedures,"Prescribed weight loss medication (e.g., semaglutide, tirzepatide)",United States,837485,procedures,2024,ASPS,2024 ASPS minimally invasive procedure trends,https://www.plasticsurgery.org/documents/news/statistics/2024/minimally-invasive-procedure-trends-2024.pdf,ASPS official national table extracted from 2024__minimally_invasive__2024-minimally-invasive-procedure-trends.pdf; comparator columns remain source-labeled and are not merged with ISAPS.,official_association_report_auto_extracted
data\commercial_sources\phase1_official_stats\asps_plastic_surgery_statistics\2024__minimally_invasive__2024-minimally-invasive-procedure-trends.pdf,procedure_volume,Cosmetic minimally invasive procedures,Cosmetic minimally invasive procedures,Sclerotherapy,United States,516883,procedures,2024,ASPS,2024 ASPS minimally invasive procedure trends,https://www.plasticsurgery.org/documents/news/statistics/2024/minimally-invasive-procedure-trends-2024.pdf,ASPS official national table extracted from 2024__minimally_invasive__2024-minimally-invasive-procedure-trends.pdf; comparator columns remain source-labeled and are not merged with ISAPS.,official_association_report_auto_extracted
data\commercial_sources\phase1_official_stats\asps_plastic_surgery_statistics\2024__minimally_invasive__2024-minimally-invasive-procedure-trends.pdf,procedure_volume,Cosmetic minimally invasive procedures,Cosmetic minimally invasive procedures,"Skin resurfacing (e.g., dermabrasion, chemical peel, ablative/non-ablative lasers, microdermabrasion)",United States,3703305,procedures,2024,ASPS,2024 ASPS minimally invasive procedure trends,https://www.plasticsurgery.org/documents/news/statistics/2024/minimally-invasive-procedure-trends-2024.pdf,ASPS official national table extracted from 2024__minimally_invasive__2024-minimally-invasive-procedure-trends.pdf; comparator columns remain source-labeled and are not merged with ISAPS.,official_association_report_auto_extracted
data\commercial_sources\phase1_official_stats\asps_plastic_surgery_statistics\2024__minimally_invasive__2024-minimally-invasive-procedure-trends.pdf,procedure_volume,Cosmetic minimally invasive procedures,Cosmetic minimally invasive procedures,"Skin treatment using lasers (e.g., laser hair removal, IPL treatment, laser tattoo removal, laser treatment of leg veins)",United States,3112056,procedures,2024,ASPS,2024 ASPS minimally invasive procedure trends,https://www.plasticsurgery.org/documents/news/statistics/2024/minimally-invasive-procedure-trends-2024.pdf,ASPS official national table extracted from 2024__minimally_invasive__2024-minimally-invasive-procedure-trends.pdf; comparator columns remain source-labeled and are not merged with ISAPS.,official_association_report_auto_extracted
data\commercial_sources\phase1_official_stats\asps_plastic_surgery_statistics\2024__minimally_invasive__2024-minimally-invasive-procedure-trends.pdf,procedure_volume,Cosmetic minimally invasive procedures,Total,,United States,28243407,procedures,2024,ASPS,2024 ASPS minimally invasive procedure trends,https://www.plasticsurgery.org/documents/news/statistics/2024/minimally-invasive-procedure-trends-2024.pdf,ASPS official national table extracted from 2024__minimally_invasive__2024-minimally-invasive-procedure-trends.pdf; comparator columns remain source-labeled and are not merged with ISAPS.,official_association_report_auto_extracted
data\commercial_sources\phase1_official_stats\asps_plastic_surgery_statistics\2024__cosmetic_procedure__2024-cosmetic-surgery-procedure-trends.pdf,procedure_volume,Cosmetic surgery procedures,Body,Abdominoplasty (tummy tuck),United States,171064,procedures,2024,ASPS,2024 ASPS cosmetic surgery procedure trends,https://www.plasticsurgery.org/documents/news/statistics/2024/cosmetic-procedure-trends-2024.pdf,ASPS official national table extracted from 2024__cosmetic_procedure__2024-cosmetic-surgery-procedure-trends.pdf; comparator columns remain source-labeled and are not merged with ISAPS.,official_association_report_auto_extracted
data\commercial_sources\phase1_official_stats\asps_plastic_surgery_statistics\2024__cosmetic_procedure__2024-cosmetic-surgery-procedure-trends.pdf,procedure_volume,Cosmetic surgery procedures,Body,Buttock augmentation with fat grafting,United States,29466,procedures,2024,ASPS,2024 ASPS cosmetic surgery procedure trends,https://www.plasticsurgery.org/documents/news/statistics/2024/cosmetic-procedure-trends-2024.pdf,ASPS official national table extracted from 2024__cosmetic_procedure__2024-cosmetic-surgery-procedure-trends.pdf; comparator columns remain source-labeled and are not merged with ISAPS.,official_association_report_auto_extracted
data\commercial_sources\phase1_official_stats\asps_plastic_surgery_statistics\2024__cosmetic_procedure__2024-cosmetic-surgery-procedure-trends.pdf,procedure_volume,Cosmetic surgery procedures,Body,Buttock implants,United States,1245,procedures,2024,ASPS,2024 ASPS cosmetic surgery procedure trends,https://www.plasticsurgery.org/documents/news/statistics/2024/cosmetic-procedure-trends-2024.pdf,ASPS official national table extracted from 2024__cosmetic_procedure__2024-cosmetic-surgery-procedure-trends.pdf; comparator columns remain source-labeled and are not merged with ISAPS.,official_association_report_auto_extracted
data\commercial_sources\phase1_official_stats\asps_plastic_surgery_statistics\2024__cosmetic_procedure__2024-cosmetic-surgery-procedure-trends.pdf,procedure_volume,Cosmetic surgery procedures,Body,Buttock lift,United States,7954,procedures,2024,ASPS,2024 ASPS cosmetic surgery procedure trends,https://www.plasticsurgery.org/documents/news/statistics/2024/cosmetic-procedure-trends-2024.pdf,ASPS official national table extracted from 2024__cosmetic_procedure__2024-cosmetic-surgery-procedure-trends.pdf; comparator columns remain source-labeled and are not merged with ISAPS.,official_association_report_auto_extracted
data\commercial_sources\phase1_official_stats\asps_plastic_surgery_statistics\2024__cosmetic_procedure__2024-cosmetic-surgery-procedure-trends.pdf,procedure_volume,Cosmetic surgery procedures,Body,Labiaplasty,United States,10827,procedures,2024,ASPS,2024 ASPS cosmetic surgery procedure trends,https://www.plasticsurgery.org/documents/news/statistics/2024/cosmetic-procedure-trends-2024.pdf,ASPS official national table extracted from 2024__cosmetic_procedure__2024-cosmetic-surgery-procedure-trends.pdf; comparator columns remain source-labeled and are not merged with ISAPS.,official_association_report_auto_extracted
data\commercial_sources\phase1_official_stats\asps_plastic_surgery_statistics\2024__cosmetic_procedure__2024-cosmetic-surgery-procedure-trends.pdf,procedure_volume,Cosmetic surgery procedures,Body,Liposuction,United States,349728,procedures,2024,ASPS,2024 ASPS cosmetic surgery procedure trends,https://www.plasticsurgery.org/documents/news/statistics/2024/cosmetic-procedure-trends-2024.pdf,ASPS official national table extracted from 2024__cosmetic_procedure__2024-cosmetic-surgery-procedure-trends.pdf; comparator columns remain source-labeled and are not merged with ISAPS.,official_association_report_auto_extracted
data\commercial_sources\phase1_official_stats\asps_plastic_surgery_statistics\2024__cosmetic_procedure__2024-cosmetic-surgery-procedure-trends.pdf,procedure_volume,Cosmetic surgery procedures,Body,Lower body lift,United States,10957,procedures,2024,ASPS,2024 ASPS cosmetic surgery procedure trends,https://www.plasticsurgery.org/documents/news/statistics/2024/cosmetic-procedure-trends-2024.pdf,ASPS official national table extracted from 2024__cosmetic_procedure__2024-cosmetic-surgery-procedure-trends.pdf; comparator columns remain source-labeled and are not merged with ISAPS.,official_association_report_auto_extracted
data\commercial_sources\phase1_official_stats\asps_plastic_surgery_statistics\2024__cosmetic_procedure__2024-cosmetic-surgery-procedure-trends.pdf,procedure_volume,Cosmetic surgery procedures,Body,Thigh Lift,United States,9914,procedures,2024,ASPS,2024 ASPS cosmetic surgery procedure trends,https://www.plasticsurgery.org/documents/news/statistics/2024/cosmetic-procedure-trends-2024.pdf,ASPS official national table extracted from 2024__cosmetic_procedure__2024-cosmetic-surgery-procedure-trends.pdf; comparator columns remain source-labeled and are not merged with ISAPS.,official_association_report_auto_extracted
data\commercial_sources\phase1_official_stats\asps_plastic_surgery_statistics\2024__cosmetic_procedure__2024-cosmetic-surgery-procedure-trends.pdf,procedure_volume,Cosmetic surgery procedures,Body,Upper arm lift (brachioplasty),United States,23527,procedures,2024,ASPS,2024 ASPS cosmetic surgery procedure trends,https://www.plasticsurgery.org/documents/news/statistics/2024/cosmetic-procedure-trends-2024.pdf,ASPS official national table extracted from 2024__cosmetic_procedure__2024-cosmetic-surgery-procedure-trends.pdf; comparator columns remain source-labeled and are not merged with ISAPS.,official_association_report_auto_extracted
data\commercial_sources\phase1_official_stats\asps_plastic_surgery_statistics\2024__cosmetic_procedure__2024-cosmetic-surgery-procedure-trends.pdf,procedure_volume,Cosmetic surgery procedures,Breast,Breast augmentation (implant placement for both primary and/or revisions),United States,306196,procedures,2024,ASPS,2024 ASPS cosmetic surgery procedure trends,https://www.plasticsurgery.org/documents/news/statistics/2024/cosmetic-procedure-trends-2024.pdf,ASPS official national table extracted from 2024__cosmetic_procedure__2024-cosmetic-surgery-procedure-trends.pdf; comparator columns remain source-labeled and are not merged with ISAPS.,official_association_report_auto_extracted
data\commercial_sources\phase1_official_stats\asps_plastic_surgery_statistics\2024__cosmetic_procedure__2024-cosmetic-surgery-procedure-trends.pdf,procedure_volume,Cosmetic surgery procedures,Breast,Breast implant removals (augmentation patients only),United States,41271,procedures,2024,ASPS,2024 ASPS cosmetic surgery procedure trends,https://www.plasticsurgery.org/documents/news/statistics/2024/cosmetic-procedure-trends-2024.pdf,ASPS official national table extracted from 2024__cosmetic_procedure__2024-cosmetic-surgery-procedure-trends.pdf; comparator columns remain source-labeled and are not merged with ISAPS.,official_association_report_auto_extracted
data\commercial_sources\phase1_official_stats\asps_plastic_surgery_statistics\2024__cosmetic_procedure__2024-cosmetic-surgery-procedure-trends.pdf,procedure_volume,Cosmetic surgery procedures,Breast,Breast lift (mastopexy),United States,153616,procedures,2024,ASPS,2024 ASPS cosmetic surgery procedure trends,https://www.plasticsurgery.org/documents/news/statistics/2024/cosmetic-procedure-trends-2024.pdf,ASPS official national table extracted from 2024__cosmetic_procedure__2024-cosmetic-surgery-procedure-trends.pdf; comparator columns remain source-labeled and are not merged with ISAPS.,official_association_report_auto_extracted
data\commercial_sources\phase1_official_stats\asps_plastic_surgery_statistics\2024__cosmetic_procedure__2024-cosmetic-surgery-procedure-trends.pdf,procedure_volume,Cosmetic surgery procedures,Breast,Breast reduction,United States,76734,procedures,2024,ASPS,2024 ASPS cosmetic surgery procedure trends,https://www.plasticsurgery.org/documents/news/statistics/2024/cosmetic-procedure-trends-2024.pdf,ASPS official national table extracted from 2024__cosmetic_procedure__2024-cosmetic-surgery-procedure-trends.pdf; comparator columns remain source-labeled and are not merged with ISAPS.,official_association_report_auto_extracted
data\commercial_sources\phase1_official_stats\asps_plastic_surgery_statistics\2024__cosmetic_procedure__2024-cosmetic-surgery-procedure-trends.pdf,procedure_volume,Cosmetic surgery procedures,Breast,Breast reduction in males (gynecomastia surgery),United States,26430,procedures,2024,ASPS,2024 ASPS cosmetic surgery procedure trends,https://www.plasticsurgery.org/documents/news/statistics/2024/cosmetic-procedure-trends-2024.pdf,ASPS official national table extracted from 2024__cosmetic_procedure__2024-cosmetic-surgery-procedure-trends.pdf; comparator columns remain source-labeled and are not merged with ISAPS.,official_association_report_auto_extracted
data\commercial_sources\phase1_official_stats\asps_plastic_surgery_statistics\2024__cosmetic_procedure__2024-cosmetic-surgery-procedure-trends.pdf,procedure_volume,Cosmetic surgery procedures,Face,Buccal fat pad removal,United States,4903,procedures,2024,ASPS,2024 ASPS cosmetic surgery procedure trends,https://www.plasticsurgery.org/documents/news/statistics/2024/cosmetic-procedure-trends-2024.pdf,ASPS official national table extracted from 2024__cosmetic_procedure__2024-cosmetic-surgery-procedure-trends.pdf; comparator columns remain source-labeled and are not merged with ISAPS.,official_association_report_auto_extracted
data\commercial_sources\phase1_official_stats\asps_plastic_surgery_statistics\2024__cosmetic_procedure__2024-cosmetic-surgery-procedure-trends.pdf,procedure_volume,Cosmetic surgery procedures,Face,Cheek implant (malar augmentation),United States,9130,procedures,2024,ASPS,2024 ASPS cosmetic surgery procedure trends,https://www.plasticsurgery.org/documents/news/statistics/2024/cosmetic-procedure-trends-2024.pdf,ASPS official national table extracted from 2024__cosmetic_procedure__2024-cosmetic-surgery-procedure-trends.pdf; comparator columns remain source-labeled and are not merged with ISAPS.,official_association_report_auto_extracted
data\commercial_sources\phase1_official_stats\asps_plastic_surgery_statistics\2024__cosmetic_procedure__2024-cosmetic-surgery-procedure-trends.pdf,procedure_volume,Cosmetic surgery procedures,Face,Chin augmentation (mentoplasty),United States,5529,procedures,2024,ASPS,2024 ASPS cosmetic surgery procedure trends,https://www.plasticsurgery.org/documents/news/statistics/2024/cosmetic-procedure-trends-2024.pdf,ASPS official national table extracted from 2024__cosmetic_procedure__2024-cosmetic-surgery-procedure-trends.pdf; comparator columns remain source-labeled and are not merged with ISAPS.,official_association_report_auto_extracted
data\commercial_sources\phase1_official_stats\asps_plastic_surgery_statistics\2024__cosmetic_procedure__2024-cosmetic-surgery-procedure-trends.pdf,procedure_volume,Cosmetic surgery procedures,Face,Ear surgery (otoplasty),United States,4825,procedures,2024,ASPS,2024 ASPS cosmetic surgery procedure trends,https://www.plasticsurgery.org/documents/news/statistics/2024/cosmetic-procedure-trends-2024.pdf,ASPS official national table extracted from 2024__cosmetic_procedure__2024-cosmetic-surgery-procedure-trends.pdf; comparator columns remain source-labeled and are not merged with ISAPS.,official_association_report_auto_extracted
data\commercial_sources\phase1_official_stats\asps_plastic_surgery_statistics\2024__cosmetic_procedure__2024-cosmetic-surgery-procedure-trends.pdf,procedure_volume,Cosmetic surgery procedures,Face,Eyelid surgery (blepharoplasty),United States,120755,procedures,2024,ASPS,2024 ASPS cosmetic surgery procedure trends,https://www.plasticsurgery.org/documents/news/statistics/2024/cosmetic-procedure-trends-2024.pdf,ASPS official national table extracted from 2024__cosmetic_procedure__2024-cosmetic-surgery-procedure-trends.pdf; comparator columns remain source-labeled and are not merged with ISAPS.,official_association_report_auto_extracted
data\commercial_sources\phase1_official_stats\asps_plastic_surgery_statistics\2024__cosmetic_procedure__2024-cosmetic-surgery-procedure-trends.pdf,procedure_volume,Cosmetic surgery procedures,Face,Facelift (rhytidectomy),United States,79058,procedures,2024,ASPS,2024 ASPS cosmetic surgery procedure trends,https://www.plasticsurgery.org/documents/news/statistics/2024/cosmetic-procedure-trends-2024.pdf,ASPS official national table extracted from 2024__cosmetic_procedure__2024-cosmetic-surgery-procedure-trends.pdf; comparator columns remain source-labeled and are not merged with ISAPS.,official_association_report_auto_extracted
data\commercial_sources\phase1_official_stats\asps_plastic_surgery_statistics\2024__cosmetic_procedure__2024-cosmetic-surgery-procedure-trends.pdf,procedure_volume,Cosmetic surgery procedures,Face,Facial fat grafting,United States,34260,procedures,2024,ASPS,2024 ASPS cosmetic surgery procedure trends,https://www.plasticsurgery.org/documents/news/statistics/2024/cosmetic-procedure-trends-2024.pdf,ASPS official national table extracted from 2024__cosmetic_procedure__2024-cosmetic-surgery-procedure-trends.pdf; comparator columns remain source-labeled and are not merged with ISAPS.,official_association_report_auto_extracted
data\commercial_sources\phase1_official_stats\asps_plastic_surgery_statistics\2024__cosmetic_procedure__2024-cosmetic-surgery-procedure-trends.pdf,procedure_volume,Cosmetic surgery procedures,Face,Forehead lift,United States,13621,procedures,2024,ASPS,2024 ASPS cosmetic surgery procedure trends,https://www.plasticsurgery.org/documents/news/statistics/2024/cosmetic-procedure-trends-2024.pdf,ASPS official national table extracted from 2024__cosmetic_procedure__2024-cosmetic-surgery-procedure-trends.pdf; comparator columns remain source-labeled and are not merged with ISAPS.,official_association_report_auto_extracted
data\commercial_sources\phase1_official_stats\asps_plastic_surgery_statistics\2024__cosmetic_procedure__2024-cosmetic-surgery-procedure-trends.pdf,procedure_volume,Cosmetic surgery procedures,Face,Liposuction (submental/chin),United States,24000,procedures,2024,ASPS,2024 ASPS cosmetic surgery procedure trends,https://www.plasticsurgery.org/documents/news/statistics/2024/cosmetic-procedure-trends-2024.pdf,ASPS official national table extracted from 2024__cosmetic_procedure__2024-cosmetic-surgery-procedure-trends.pdf; comparator columns remain source-labeled and are not merged with ISAPS.,official_association_report_auto_extracted
data\commercial_sources\phase1_official_stats\asps_plastic_surgery_statistics\2024__cosmetic_procedure__2024-cosmetic-surgery-procedure-trends.pdf,procedure_volume,Cosmetic surgery procedures,Face,Neck lift,United States,22445,procedures,2024,ASPS,2024 ASPS cosmetic surgery procedure trends,https://www.plasticsurgery.org/documents/news/statistics/2024/cosmetic-procedure-trends-2024.pdf,ASPS official national table extracted from 2024__cosmetic_procedure__2024-cosmetic-surgery-procedure-trends.pdf; comparator columns remain source-labeled and are not merged with ISAPS.,official_association_report_auto_extracted
data\commercial_sources\phase1_official_stats\asps_plastic_surgery_statistics\2024__cosmetic_procedure__2024-cosmetic-surgery-procedure-trends.pdf,procedure_volume,Cosmetic surgery procedures,Face,Nose reshaping (rhinoplasty),United States,48423,procedures,2024,ASPS,2024 ASPS cosmetic surgery procedure trends,https://www.plasticsurgery.org/documents/news/statistics/2024/cosmetic-procedure-trends-2024.pdf,ASPS official national table extracted from 2024__cosmetic_procedure__2024-cosmetic-surgery-procedure-trends.pdf; comparator columns remain source-labeled and are not merged with ISAPS.,official_association_report_auto_extracted
data\commercial_sources\phase1_official_stats\asps_plastic_surgery_statistics\2024__cosmetic_procedure__2024-cosmetic-surgery-procedure-trends.pdf,procedure_volume,Cosmetic surgery procedures,Total,,United States,1585878,procedures,2024,ASPS,2024 ASPS cosmetic surgery procedure trends,https://www.plasticsurgery.org/documents/news/statistics/2024/cosmetic-procedure-trends-2024.pdf,ASPS official national table extracted from 2024__cosmetic_procedure__2024-cosmetic-surgery-procedure-trends.pdf; comparator columns remain source-labeled and are not merged with ISAPS.,official_association_report_auto_extracted
data\commercial_sources\phase1_official_stats\asps_plastic_surgery_statistics\2024__reconstructive_procedure__2024-reconstructive-procedure-trends.pdf,procedure_volume,Reconstructive procedures,Reconstructive procedures,Breast implant removal (reconstructive patients only),United States,26600,procedures,2024,ASPS,2024 ASPS reconstructive procedure trends,https://www.plasticsurgery.org/documents/news/statistics/2024/reconstructive-procedure-trends-2024.pdf,ASPS official national table extracted from 2024__reconstructive_procedure__2024-reconstructive-procedure-trends.pdf; comparator columns remain source-labeled and are not merged with ISAPS.,official_association_report_auto_extracted
data\commercial_sources\phase1_official_stats\asps_plastic_surgery_statistics\2024__reconstructive_procedure__2024-reconstructive-procedure-trends.pdf,procedure_volume,Reconstructive procedures,Reconstructive procedures,Breast reconstruction,United States,162579,procedures,2024,ASPS,2024 ASPS reconstructive procedure trends,https://www.plasticsurgery.org/documents/news/statistics/2024/reconstructive-procedure-trends-2024.pdf,ASPS official national table extracted from 2024__reconstructive_procedure__2024-reconstructive-procedure-trends.pdf; comparator columns remain source-labeled and are not merged with ISAPS.,official_association_report_auto_extracted
data\commercial_sources\phase1_official_stats\asps_plastic_surgery_statistics\2024__reconstructive_procedure__2024-reconstructive-procedure-trends.pdf,procedure_volume,Reconstructive procedures,Reconstructive procedures,Burn care,United States,24256,procedures,2024,ASPS,2024 ASPS reconstructive procedure trends,https://www.plasticsurgery.org/documents/news/statistics/2024/reconstructive-procedure-trends-2024.pdf,ASPS official national table extracted from 2024__reconstructive_procedure__2024-reconstructive-procedure-trends.pdf; comparator columns remain source-labeled and are not merged with ISAPS.,official_association_report_auto_extracted
data\commercial_sources\phase1_official_stats\asps_plastic_surgery_statistics\2024__reconstructive_procedure__2024-reconstructive-procedure-trends.pdf,procedure_volume,Reconstructive procedures,Reconstructive procedures,Cleft lip and palate repair,United States,13488,procedures,2024,ASPS,2024 ASPS reconstructive procedure trends,https://www.plasticsurgery.org/documents/news/statistics/2024/reconstructive-procedure-trends-2024.pdf,ASPS official national table extracted from 2024__reconstructive_procedure__2024-reconstructive-procedure-trends.pdf; comparator columns remain source-labeled and are not merged with ISAPS.,official_association_report_auto_extracted
data\commercial_sources\phase1_official_stats\asps_plastic_surgery_statistics\2024__reconstructive_procedure__2024-reconstructive-procedure-trends.pdf,procedure_volume,Reconstructive procedures,Reconstructive procedures,"Hand surgery (e.g., carpal tunnel, arthritis, trigger finger)",United States,208480,procedures,2024,ASPS,2024 ASPS reconstructive procedure trends,https://www.plasticsurgery.org/documents/news/statistics/2024/reconstructive-procedure-trends-2024.pdf,ASPS official national table extracted from 2024__reconstructive_procedure__2024-reconstructive-procedure-trends.pdf; comparator columns remain source-labeled and are not merged with ISAPS.,official_association_report_auto_extracted
data\commercial_sources\phase1_official_stats\asps_plastic_surgery_statistics\2024__reconstructive_procedure__2024-reconstructive-procedure-trends.pdf,procedure_volume,Reconstructive procedures,Reconstructive procedures,Head and neck reconstruction (including microsurgical),United States,21875,procedures,2024,ASPS,2024 ASPS reconstructive procedure trends,https://www.plasticsurgery.org/documents/news/statistics/2024/reconstructive-procedure-trends-2024.pdf,ASPS official national table extracted from 2024__reconstructive_procedure__2024-reconstructive-procedure-trends.pdf; comparator columns remain source-labeled and are not merged with ISAPS.,official_association_report_auto_extracted
data\commercial_sources\phase1_official_stats\asps_plastic_surgery_statistics\2024__reconstructive_procedure__2024-reconstructive-procedure-trends.pdf,procedure_volume,Reconstructive procedures,Reconstructive procedures,Hernia repair,United States,13211,procedures,2024,ASPS,2024 ASPS reconstructive procedure trends,https://www.plasticsurgery.org/documents/news/statistics/2024/reconstructive-procedure-trends-2024.pdf,ASPS official national table extracted from 2024__reconstructive_procedure__2024-reconstructive-procedure-trends.pdf; comparator columns remain source-labeled and are not merged with ISAPS.,official_association_report_auto_extracted
data\commercial_sources\phase1_official_stats\asps_plastic_surgery_statistics\2024__reconstructive_procedure__2024-reconstructive-procedure-trends.pdf,procedure_volume,Reconstructive procedures,Reconstructive procedures,Laceration repair (other than facial),United States,45701,procedures,2024,ASPS,2024 ASPS reconstructive procedure trends,https://www.plasticsurgery.org/documents/news/statistics/2024/reconstructive-procedure-trends-2024.pdf,ASPS official national table extracted from 2024__reconstructive_procedure__2024-reconstructive-procedure-trends.pdf; comparator columns remain source-labeled and are not merged with ISAPS.,official_association_report_auto_extracted
data\commercial_sources\phase1_official_stats\asps_plastic_surgery_statistics\2024__reconstructive_procedure__2024-reconstructive-procedure-trends.pdf,procedure_volume,Reconstructive procedures,Reconstructive procedures,Liposuction for lipedema only,United States,29644,procedures,2024,ASPS,2024 ASPS reconstructive procedure trends,https://www.plasticsurgery.org/documents/news/statistics/2024/reconstructive-procedure-trends-2024.pdf,ASPS official national table extracted from 2024__reconstructive_procedure__2024-reconstructive-procedure-trends.pdf; comparator columns remain source-labeled and are not merged with ISAPS.,official_association_report_auto_extracted
data\commercial_sources\phase1_official_stats\asps_plastic_surgery_statistics\2024__reconstructive_procedure__2024-reconstructive-procedure-trends.pdf,procedure_volume,Reconstructive procedures,Reconstructive procedures,Lower extremity reconstruction (including microsurgical),United States,21668,procedures,2024,ASPS,2024 ASPS reconstructive procedure trends,https://www.plasticsurgery.org/documents/news/statistics/2024/reconstructive-procedure-trends-2024.pdf,ASPS official national table extracted from 2024__reconstructive_procedure__2024-reconstructive-procedure-trends.pdf; comparator columns remain source-labeled and are not merged with ISAPS.,official_association_report_auto_extracted
data\commercial_sources\phase1_official_stats\asps_plastic_surgery_statistics\2024__reconstructive_procedure__2024-reconstructive-procedure-trends.pdf,procedure_volume,Reconstructive procedures,Reconstructive procedures,Maxillofacial,United States,54747,procedures,2024,ASPS,2024 ASPS reconstructive procedure trends,https://www.plasticsurgery.org/documents/news/statistics/2024/reconstructive-procedure-trends-2024.pdf,ASPS official national table extracted from 2024__reconstructive_procedure__2024-reconstructive-procedure-trends.pdf; comparator columns remain source-labeled and are not merged with ISAPS.,official_association_report_auto_extracted
data\commercial_sources\phase1_official_stats\asps_plastic_surgery_statistics\2024__reconstructive_procedure__2024-reconstructive-procedure-trends.pdf,procedure_volume,Reconstructive procedures,Reconstructive procedures,Pelvic floor reconstruction,United States,3737,procedures,2024,ASPS,2024 ASPS reconstructive procedure trends,https://www.plasticsurgery.org/documents/news/statistics/2024/reconstructive-procedure-trends-2024.pdf,ASPS official national table extracted from 2024__reconstructive_procedure__2024-reconstructive-procedure-trends.pdf; comparator columns remain source-labeled and are not merged with ISAPS.,official_association_report_auto_extracted
data\commercial_sources\phase1_official_stats\asps_plastic_surgery_statistics\2024__reconstructive_procedure__2024-reconstructive-procedure-trends.pdf,procedure_volume,Reconstructive procedures,Reconstructive procedures,Pressure ulcers,United States,16912,procedures,2024,ASPS,2024 ASPS reconstructive procedure trends,https://www.plasticsurgery.org/documents/news/statistics/2024/reconstructive-procedure-trends-2024.pdf,ASPS official national table extracted from 2024__reconstructive_procedure__2024-reconstructive-procedure-trends.pdf; comparator columns remain source-labeled and are not merged with ISAPS.,official_association_report_auto_extracted
data\commercial_sources\phase1_official_stats\asps_plastic_surgery_statistics\2024__reconstructive_procedure__2024-reconstructive-procedure-trends.pdf,procedure_volume,Reconstructive procedures,Reconstructive procedures,Scar revision,United States,54280,procedures,2024,ASPS,2024 ASPS reconstructive procedure trends,https://www.plasticsurgery.org/documents/news/statistics/2024/reconstructive-procedure-trends-2024.pdf,ASPS official national table extracted from 2024__reconstructive_procedure__2024-reconstructive-procedure-trends.pdf; comparator columns remain source-labeled and are not merged with ISAPS.,official_association_report_auto_extracted
data\commercial_sources\phase1_official_stats\asps_plastic_surgery_statistics\2024__reconstructive_procedure__2024-reconstructive-procedure-trends.pdf,procedure_volume,Reconstructive procedures,Reconstructive procedures,Treatment of dog bites,United States,19202,procedures,2024,ASPS,2024 ASPS reconstructive procedure trends,https://www.plasticsurgery.org/documents/news/statistics/2024/reconstructive-procedure-trends-2024.pdf,ASPS official national table extracted from 2024__reconstructive_procedure__2024-reconstructive-procedure-trends.pdf; comparator columns remain source-labeled and are not merged with ISAPS.,official_association_report_auto_extracted
data\commercial_sources\phase1_official_stats\asps_plastic_surgery_statistics\2024__reconstructive_procedure__2024-reconstructive-procedure-trends.pdf,procedure_volume,Reconstructive procedures,Reconstructive procedures,Tumor removal (including skin cancer),United States,361798,procedures,2024,ASPS,2024 ASPS reconstructive procedure trends,https://www.plasticsurgery.org/documents/news/statistics/2024/reconstructive-procedure-trends-2024.pdf,ASPS official national table extracted from 2024__reconstructive_procedure__2024-reconstructive-procedure-trends.pdf; comparator columns remain source-labeled and are not merged with ISAPS.,official_association_report_auto_extracted
data\commercial_sources\phase1_official_stats\asps_plastic_surgery_statistics\2024__reconstructive_procedure__2024-reconstructive-procedure-trends.pdf,procedure_volume,Reconstructive procedures,Total,,United States,1048534,procedures,2024,ASPS,2024 ASPS reconstructive procedure trends,https://www.plasticsurgery.org/documents/news/statistics/2024/reconstructive-procedure-trends-2024.pdf,ASPS official national table extracted from 2024__reconstructive_procedure__2024-reconstructive-procedure-trends.pdf; comparator columns remain source-labeled and are not merged with ISAPS.,official_association_report_auto_extracted
data\commercial_sources\phase1_official_stats\asps_plastic_surgery_statistics\2024__regional_distribution__procedures-by-region.pdf,regional_procedure_share,Cosmetic regional distribution,Body,Abdominoplasty (tummy tuck),United States - ASPS Region 1,12.0,%,2024,ASPS,2024 ASPS cosmetic surgery regional distribution,https://www.plasticsurgery.org/documents/news/statistics/2024/cosmetic-procedures-regions-2024.pdf,Region 1: New England; Middle Atlantic. Share of ASPS total for this procedure.,official_association_report_auto_extracted
data\commercial_sources\phase1_official_stats\asps_plastic_surgery_statistics\2024__regional_distribution__procedures-by-region.pdf,regional_procedure_share,Cosmetic regional distribution,Body,Abdominoplasty (tummy tuck),United States - ASPS Region 2,16.0,%,2024,ASPS,2024 ASPS cosmetic surgery regional distribution,https://www.plasticsurgery.org/documents/news/statistics/2024/cosmetic-procedures-regions-2024.pdf,Region 2: East North Central; West North Central. Share of ASPS total for this procedure.,official_association_report_auto_extracted
data\commercial_sources\phase1_official_stats\asps_plastic_surgery_statistics\2024__regional_distribution__procedures-by-region.pdf,regional_procedure_share,Cosmetic regional distribution,Body,Abdominoplasty (tummy tuck),United States - ASPS Region 3,27.0,%,2024,ASPS,2024 ASPS cosmetic surgery regional distribution,https://www.plasticsurgery.org/documents/news/statistics/2024/cosmetic-procedures-regions-2024.pdf,Region 3: South Atlantic. Share of ASPS total for this procedure.,official_association_report_auto_extracted
data\commercial_sources\phase1_official_stats\asps_plastic_surgery_statistics\2024__regional_distribution__procedures-by-region.pdf,regional_procedure_share,Cosmetic regional distribution,Body,Abdominoplasty (tummy tuck),United States - ASPS Region 4,20.0,%,2024,ASPS,2024 ASPS cosmetic surgery regional distribution,https://www.plasticsurgery.org/documents/news/statistics/2024/cosmetic-procedures-regions-2024.pdf,Region 4: East South Central; West South Central. Share of ASPS total for this procedure.,official_association_report_auto_extracted
data\commercial_sources\phase1_official_stats\asps_plastic_surgery_statistics\2024__regional_distribution__procedures-by-region.pdf,regional_procedure_share,Cosmetic regional distribution,Body,Abdominoplasty (tummy tuck),United States - ASPS Region 5,25.0,%,2024,ASPS,2024 ASPS cosmetic surgery regional distribution,https://www.plasticsurgery.org/documents/news/statistics/2024/cosmetic-procedures-regions-2024.pdf,Region 5: Mountain; Pacific. Share of ASPS total for this procedure.,official_association_report_auto_extracted
data\commercial_sources\phase1_official_stats\asps_plastic_surgery_statistics\2024__regional_distribution__procedures-by-region.pdf,regional_procedure_share,Cosmetic regional distribution,Body,Buttock augmentation with fat grafting,United States - ASPS Region 1,8.0,%,2024,ASPS,2024 ASPS cosmetic surgery regional distribution,https://www.plasticsurgery.org/documents/news/statistics/2024/cosmetic-procedures-regions-2024.pdf,Region 1: New England; Middle Atlantic. Share of ASPS total for this procedure.,official_association_report_auto_extracted
data\commercial_sources\phase1_official_stats\asps_plastic_surgery_statistics\2024__regional_distribution__procedures-by-region.pdf,regional_procedure_share,Cosmetic regional distribution,Body,Buttock augmentation with fat grafting,United States - ASPS Region 2,4.0,%,2024,ASPS,2024 ASPS cosmetic surgery regional distribution,https://www.plasticsurgery.org/documents/news/statistics/2024/cosmetic-procedures-regions-2024.pdf,Region 2: East North Central; West North Central. Share of ASPS total for this procedure.,official_association_report_auto_extracted
data\commercial_sources\phase1_official_stats\asps_plastic_surgery_statistics\2024__regional_distribution__procedures-by-region.pdf,regional_procedure_share,Cosmetic regional distribution,Body,Buttock augmentation with fat grafting,United States - ASPS Region 3,50.0,%,2024,ASPS,2024 ASPS cosmetic surgery regional distribution,https://www.plasticsurgery.org/documents/news/statistics/2024/cosmetic-procedures-regions-2024.pdf,Region 3: South Atlantic. Share of ASPS total for this procedure.,official_association_report_auto_extracted
data\commercial_sources\phase1_official_stats\asps_plastic_surgery_statistics\2024__regional_distribution__procedures-by-region.pdf,regional_procedure_share,Cosmetic regional distribution,Body,Buttock augmentation with fat grafting,United States - ASPS Region 4,16.0,%,2024,ASPS,2024 ASPS cosmetic surgery regional distribution,https://www.plasticsurgery.org/documents/news/statistics/2024/cosmetic-procedures-regions-2024.pdf,Region 4: East South Central; West South Central. Share of ASPS total for this procedure.,official_association_report_auto_extracted
data\commercial_sources\phase1_official_stats\asps_plastic_surgery_statistics\2024__regional_distribution__procedures-by-region.pdf,regional_procedure_share,Cosmetic regional distribution,Body,Buttock augmentation with fat grafting,United States - ASPS Region 5,21.0,%,2024,ASPS,2024 ASPS cosmetic surgery regional distribution,https://www.plasticsurgery.org/documents/news/statistics/2024/cosmetic-procedures-regions-2024.pdf,Region 5: Mountain; Pacific. Share of ASPS total for this procedure.,official_association_report_auto_extracted
data\commercial_sources\phase1_official_stats\asps_plastic_surgery_statistics\2024__regional_distribution__procedures-by-region.pdf,regional_procedure_share,Cosmetic regional distribution,Body,Buttock implants,United States - ASPS Region 1,6.0,%,2024,ASPS,2024 ASPS cosmetic surgery regional distribution,https://www.plasticsurgery.org/documents/news/statistics/2024/cosmetic-procedures-regions-2024.pdf,Region 1: New England; Middle Atlantic. Share of ASPS total for this procedure.,official_association_report_auto_extracted
data\commercial_sources\phase1_official_stats\asps_plastic_surgery_statistics\2024__regional_distribution__procedures-by-region.pdf,regional_procedure_share,Cosmetic regional distribution,Body,Buttock implants,United States - ASPS Region 2,1.0,%,2024,ASPS,2024 ASPS cosmetic surgery regional distribution,https://www.plasticsurgery.org/documents/news/statistics/2024/cosmetic-procedures-regions-2024.pdf,Region 2: East North Central; West North Central. Share of ASPS total for this procedure.,official_association_report_auto_extracted
data\commercial_sources\phase1_official_stats\asps_plastic_surgery_statistics\2024__regional_distribution__procedures-by-region.pdf,regional_procedure_share,Cosmetic regional distribution,Body,Buttock implants,United States - ASPS Region 3,16.0,%,2024,ASPS,2024 ASPS cosmetic surgery regional distribution,https://www.plasticsurgery.org/documents/news/statistics/2024/cosmetic-procedures-regions-2024.pdf,Region 3: South Atlantic. Share of ASPS total for this procedure.,official_association_report_auto_extracted
data\commercial_sources\phase1_official_stats\asps_plastic_surgery_statistics\2024__regional_distribution__procedures-by-region.pdf,regional_procedure_share,Cosmetic regional distribution,Body,Buttock implants,United States - ASPS Region 4,43.0,%,2024,ASPS,2024 ASPS cosmetic surgery regional distribution,https://www.plasticsurgery.org/documents/news/statistics/2024/cosmetic-procedures-regions-2024.pdf,Region 4: East South Central; West South Central. Share of ASPS total for this procedure.,official_association_report_auto_extracted
data\commercial_sources\phase1_official_stats\asps_plastic_surgery_statistics\2024__regional_distribution__procedures-by-region.pdf,regional_procedure_share,Cosmetic regional distribution,Body,Buttock implants,United States - ASPS Region 5,35.0,%,2024,ASPS,2024 ASPS cosmetic surgery regional distribution,https://www.plasticsurgery.org/documents/news/statistics/2024/cosmetic-procedures-regions-2024.pdf,Region 5: Mountain; Pacific. Share of ASPS total for this procedure.,official_association_report_auto_extracted
data\commercial_sources\phase1_official_stats\asps_plastic_surgery_statistics\2024__regional_distribution__procedures-by-region.pdf,regional_procedure_share,Cosmetic regional distribution,Body,Buttock lift,United States - ASPS Region 1,27.0,%,2024,ASPS,2024 ASPS cosmetic surgery regional distribution,https://www.plasticsurgery.org/documents/news/statistics/2024/cosmetic-procedures-regions-2024.pdf,Region 1: New England; Middle Atlantic. Share of ASPS total for this procedure.,official_association_report_auto_extracted
data\commercial_sources\phase1_official_stats\asps_plastic_surgery_statistics\2024__regional_distribution__procedures-by-region.pdf,regional_procedure_share,Cosmetic regional distribution,Body,Buttock lift,United States - ASPS Region 2,5.0,%,2024,ASPS,2024 ASPS cosmetic surgery regional distribution,https://www.plasticsurgery.org/documents/news/statistics/2024/cosmetic-procedures-regions-2024.pdf,Region 2: East North Central; West North Central. Share of ASPS total for this procedure.,official_association_report_auto_extracted
data\commercial_sources\phase1_official_stats\asps_plastic_surgery_statistics\2024__regional_distribution__procedures-by-region.pdf,regional_procedure_share,Cosmetic regional distribution,Body,Buttock lift,United States - ASPS Region 3,24.0,%,2024,ASPS,2024 ASPS cosmetic surgery regional distribution,https://www.plasticsurgery.org/documents/news/statistics/2024/cosmetic-procedures-regions-2024.pdf,Region 3: South Atlantic. Share of ASPS total for this procedure.,official_association_report_auto_extracted
data\commercial_sources\phase1_official_stats\asps_plastic_surgery_statistics\2024__regional_distribution__procedures-by-region.pdf,regional_procedure_share,Cosmetic regional distribution,Body,Buttock lift,United States - ASPS Region 4,32.0,%,2024,ASPS,2024 ASPS cosmetic surgery regional distribution,https://www.plasticsurgery.org/documents/news/statistics/2024/cosmetic-procedures-regions-2024.pdf,Region 4: East South Central; West South Central. Share of ASPS total for this procedure.,official_association_report_auto_extracted
data\commercial_sources\phase1_official_stats\asps_plastic_surgery_statistics\2024__regional_distribution__procedures-by-region.pdf,regional_procedure_share,Cosmetic regional distribution,Body,Buttock lift,United States - ASPS Region 5,12.0,%,2024,ASPS,2024 ASPS cosmetic surgery regional distribution,https://www.plasticsurgery.org/documents/news/statistics/2024/cosmetic-procedures-regions-2024.pdf,Region 5: Mountain; Pacific. Share of ASPS total for this procedure.,official_association_report_auto_extracted
data\commercial_sources\phase1_official_stats\asps_plastic_surgery_statistics\2024__regional_distribution__procedures-by-region.pdf,regional_procedure_share,Cosmetic regional distribution,Body,Labiaplasty,United States - ASPS Region 1,9.0,%,2024,ASPS,2024 ASPS cosmetic surgery regional distribution,https://www.plasticsurgery.org/documents/news/statistics/2024/cosmetic-procedures-regions-2024.pdf,Region 1: New England; Middle Atlantic. Share of ASPS total for this procedure.,official_association_report_auto_extracted
data\commercial_sources\phase1_official_stats\asps_plastic_surgery_statistics\2024__regional_distribution__procedures-by-region.pdf,regional_procedure_share,Cosmetic regional distribution,Body,Labiaplasty,United States - ASPS Region 2,11.0,%,2024,ASPS,2024 ASPS cosmetic surgery regional distribution,https://www.plasticsurgery.org/documents/news/statistics/2024/cosmetic-procedures-regions-2024.pdf,Region 2: East North Central; West North Central. Share of ASPS total for this procedure.,official_association_report_auto_extracted
data\commercial_sources\phase1_official_stats\asps_plastic_surgery_statistics\2024__regional_distribution__procedures-by-region.pdf,regional_procedure_share,Cosmetic regional distribution,Body,Labiaplasty,United States - ASPS Region 3,23.0,%,2024,ASPS,2024 ASPS cosmetic surgery regional distribution,https://www.plasticsurgery.org/documents/news/statistics/2024/cosmetic-procedures-regions-2024.pdf,Region 3: South Atlantic. Share of ASPS total for this procedure.,official_association_report_auto_extracted
data\commercial_sources\phase1_official_stats\asps_plastic_surgery_statistics\2024__regional_distribution__procedures-by-region.pdf,regional_procedure_share,Cosmetic regional distribution,Body,Labiaplasty,United States - ASPS Region 4,18.0,%,2024,ASPS,2024 ASPS cosmetic surgery regional distribution,https://www.plasticsurgery.org/documents/news/statistics/2024/cosmetic-procedures-regions-2024.pdf,Region 4: East South Central; West South Central. Share of ASPS total for this procedure.,official_association_report_auto_extracted
data\commercial_sources\phase1_official_stats\asps_plastic_surgery_statistics\2024__regional_distribution__procedures-by-region.pdf,regional_procedure_share,Cosmetic regional distribution,Body,Labiaplasty,United States - ASPS Region 5,39.0,%,2024,ASPS,2024 ASPS cosmetic surgery regional distribution,https://www.plasticsurgery.org/documents/news/statistics/2024/cosmetic-procedures-regions-2024.pdf,Region 5: Mountain; Pacific. Share of ASPS total for this procedure.,official_association_report_auto_extracted
data\commercial_sources\phase1_official_stats\asps_plastic_surgery_statistics\2024__regional_distribution__procedures-by-region.pdf,regional_procedure_share,Cosmetic regional distribution,Body,Liposuction,United States - ASPS Region 1,9.0,%,2024,ASPS,2024 ASPS cosmetic surgery regional distribution,https://www.plasticsurgery.org/documents/news/statistics/2024/cosmetic-procedures-regions-2024.pdf,Region 1: New England; Middle Atlantic. Share of ASPS total for this procedure.,official_association_report_auto_extracted
data\commercial_sources\phase1_official_stats\asps_plastic_surgery_statistics\2024__regional_distribution__procedures-by-region.pdf,regional_procedure_share,Cosmetic regional distribution,Body,Liposuction,United States - ASPS Region 2,13.0,%,2024,ASPS,2024 ASPS cosmetic surgery regional distribution,https://www.plasticsurgery.org/documents/news/statistics/2024/cosmetic-procedures-regions-2024.pdf,Region 2: East North Central; West North Central. Share of ASPS total for this procedure.,official_association_report_auto_extracted
data\commercial_sources\phase1_official_stats\asps_plastic_surgery_statistics\2024__regional_distribution__procedures-by-region.pdf,regional_procedure_share,Cosmetic regional distribution,Body,Liposuction,United States - ASPS Region 3,35.0,%,2024,ASPS,2024 ASPS cosmetic surgery regional distribution,https://www.plasticsurgery.org/documents/news/statistics/2024/cosmetic-procedures-regions-2024.pdf,Region 3: South Atlantic. Share of ASPS total for this procedure.,official_association_report_auto_extracted
data\commercial_sources\phase1_official_stats\asps_plastic_surgery_statistics\2024__regional_distribution__procedures-by-region.pdf,regional_procedure_share,Cosmetic regional distribution,Body,Liposuction,United States - ASPS Region 4,19.0,%,2024,ASPS,2024 ASPS cosmetic surgery regional distribution,https://www.plasticsurgery.org/documents/news/statistics/2024/cosmetic-procedures-regions-2024.pdf,Region 4: East South Central; West South Central. Share of ASPS total for this procedure.,official_association_report_auto_extracted
data\commercial_sources\phase1_official_stats\asps_plastic_surgery_statistics\2024__regional_distribution__procedures-by-region.pdf,regional_procedure_share,Cosmetic regional distribution,Body,Liposuction,United States - ASPS Region 5,24.0,%,2024,ASPS,2024 ASPS cosmetic surgery regional distribution,https://www.plasticsurgery.org/documents/news/statistics/2024/cosmetic-procedures-regions-2024.pdf,Region 5: Mountain; Pacific. Share of ASPS total for this procedure.,official_association_report_auto_extracted
data\commercial_sources\phase1_official_stats\asps_plastic_surgery_statistics\2024__regional_distribution__procedures-by-region.pdf,regional_procedure_share,Cosmetic regional distribution,Body,Lower body lift,United States - ASPS Region 1,10.0,%,2024,ASPS,2024 ASPS cosmetic surgery regional distribution,https://www.plasticsurgery.org/documents/news/statistics/2024/cosmetic-procedures-regions-2024.pdf,Region 1: New England; Middle Atlantic. Share of ASPS total for this procedure.,official_association_report_auto_extracted
data\commercial_sources\phase1_official_stats\asps_plastic_surgery_statistics\2024__regional_distribution__procedures-by-region.pdf,regional_procedure_share,Cosmetic regional distribution,Body,Lower body lift,United States - ASPS Region 2,18.0,%,2024,ASPS,2024 ASPS cosmetic surgery regional distribution,https://www.plasticsurgery.org/documents/news/statistics/2024/cosmetic-procedures-regions-2024.pdf,Region 2: East North Central; West North Central. Share of ASPS total for this procedure.,official_association_report_auto_extracted
data\commercial_sources\phase1_official_stats\asps_plastic_surgery_statistics\2024__regional_distribution__procedures-by-region.pdf,regional_procedure_share,Cosmetic regional distribution,Body,Lower body lift,United States - ASPS Region 3,18.0,%,2024,ASPS,2024 ASPS cosmetic surgery regional distribution,https://www.plasticsurgery.org/documents/news/statistics/2024/cosmetic-procedures-regions-2024.pdf,Region 3: South Atlantic. Share of ASPS total for this procedure.,official_association_report_auto_extracted
data\commercial_sources\phase1_official_stats\asps_plastic_surgery_statistics\2024__regional_distribution__procedures-by-region.pdf,regional_procedure_share,Cosmetic regional distribution,Body,Lower body lift,United States - ASPS Region 4,27.0,%,2024,ASPS,2024 ASPS cosmetic surgery regional distribution,https://www.plasticsurgery.org/documents/news/statistics/2024/cosmetic-procedures-regions-2024.pdf,Region 4: East South Central; West South Central. Share of ASPS total for this procedure.,official_association_report_auto_extracted
data\commercial_sources\phase1_official_stats\asps_plastic_surgery_statistics\2024__regional_distribution__procedures-by-region.pdf,regional_procedure_share,Cosmetic regional distribution,Body,Lower body lift,United States - ASPS Region 5,27.0,%,2024,ASPS,2024 ASPS cosmetic surgery regional distribution,https://www.plasticsurgery.org/documents/news/statistics/2024/cosmetic-procedures-regions-2024.pdf,Region 5: Mountain; Pacific. Share of ASPS total for this procedure.,official_association_report_auto_extracted
data\commercial_sources\phase1_official_stats\asps_plastic_surgery_statistics\2024__regional_distribution__procedures-by-region.pdf,regional_procedure_share,Cosmetic regional distribution,Body,Thigh lift,United States - ASPS Region 1,12.0,%,2024,ASPS,2024 ASPS cosmetic surgery regional distribution,https://www.plasticsurgery.org/documents/news/statistics/2024/cosmetic-procedures-regions-2024.pdf,Region 1: New England; Middle Atlantic. Share of ASPS total for this procedure.,official_association_report_auto_extracted
data\commercial_sources\phase1_official_stats\asps_plastic_surgery_statistics\2024__regional_distribution__procedures-by-region.pdf,regional_procedure_share,Cosmetic regional distribution,Body,Thigh lift,United States - ASPS Region 2,15.0,%,2024,ASPS,2024 ASPS cosmetic surgery regional distribution,https://www.plasticsurgery.org/documents/news/statistics/2024/cosmetic-procedures-regions-2024.pdf,Region 2: East North Central; West North Central. Share of ASPS total for this procedure.,official_association_report_auto_extracted
data\commercial_sources\phase1_official_stats\asps_plastic_surgery_statistics\2024__regional_distribution__procedures-by-region.pdf,regional_procedure_share,Cosmetic regional distribution,Body,Thigh lift,United States - ASPS Region 3,26.0,%,2024,ASPS,2024 ASPS cosmetic surgery regional distribution,https://www.plasticsurgery.org/documents/news/statistics/2024/cosmetic-procedures-regions-2024.pdf,Region 3: South Atlantic. Share of ASPS total for this procedure.,official_association_report_auto_extracted
data\commercial_sources\phase1_official_stats\asps_plastic_surgery_statistics\2024__regional_distribution__procedures-by-region.pdf,regional_procedure_share,Cosmetic regional distribution,Body,Thigh lift,United States - ASPS Region 4,22.0,%,2024,ASPS,2024 ASPS cosmetic surgery regional distribution,https://www.plasticsurgery.org/documents/news/statistics/2024/cosmetic-procedures-regions-2024.pdf,Region 4: East South Central; West South Central. Share of ASPS total for this procedure.,official_association_report_auto_extracted
data\commercial_sources\phase1_official_stats\asps_plastic_surgery_statistics\2024__regional_distribution__procedures-by-region.pdf,regional_procedure_share,Cosmetic regional distribution,Body,Thigh lift,United States - ASPS Region 5,24.0,%,2024,ASPS,2024 ASPS cosmetic surgery regional distribution,https://www.plasticsurgery.org/documents/news/statistics/2024/cosmetic-procedures-regions-2024.pdf,Region 5: Mountain; Pacific. Share of ASPS total for this procedure.,official_association_report_auto_extracted
data\commercial_sources\phase1_official_stats\asps_plastic_surgery_statistics\2024__regional_distribution__procedures-by-region.pdf,regional_procedure_share,Cosmetic regional distribution,Body,Upper arm lift (brachioplasty),United States - ASPS Region 1,13.0,%,2024,ASPS,2024 ASPS cosmetic surgery regional distribution,https://www.plasticsurgery.org/documents/news/statistics/2024/cosmetic-procedures-regions-2024.pdf,Region 1: New England; Middle Atlantic. Share of ASPS total for this procedure.,official_association_report_auto_extracted
data\commercial_sources\phase1_official_stats\asps_plastic_surgery_statistics\2024__regional_distribution__procedures-by-region.pdf,regional_procedure_share,Cosmetic regional distribution,Body,Upper arm lift (brachioplasty),United States - ASPS Region 2,18.0,%,2024,ASPS,2024 ASPS cosmetic surgery regional distribution,https://www.plasticsurgery.org/documents/news/statistics/2024/cosmetic-procedures-regions-2024.pdf,Region 2: East North Central; West North Central. Share of ASPS total for this procedure.,official_association_report_auto_extracted
data\commercial_sources\phase1_official_stats\asps_plastic_surgery_statistics\2024__regional_distribution__procedures-by-region.pdf,regional_procedure_share,Cosmetic regional distribution,Body,Upper arm lift (brachioplasty),United States - ASPS Region 3,28.0,%,2024,ASPS,2024 ASPS cosmetic surgery regional distribution,https://www.plasticsurgery.org/documents/news/statistics/2024/cosmetic-procedures-regions-2024.pdf,Region 3: South Atlantic. Share of ASPS total for this procedure.,official_association_report_auto_extracted
data\commercial_sources\phase1_official_stats\asps_plastic_surgery_statistics\2024__regional_distribution__procedures-by-region.pdf,regional_procedure_share,Cosmetic regional distribution,Body,Upper arm lift (brachioplasty),United States - ASPS Region 4,20.0,%,2024,ASPS,2024 ASPS cosmetic surgery regional distribution,https://www.plasticsurgery.org/documents/news/statistics/2024/cosmetic-procedures-regions-2024.pdf,Region 4: East South Central; West South Central. Share of ASPS total for this procedure.,official_association_report_auto_extracted
data\commercial_sources\phase1_official_stats\asps_plastic_surgery_statistics\2024__regional_distribution__procedures-by-region.pdf,regional_procedure_share,Cosmetic regional distribution,Body,Upper arm lift (brachioplasty),United States - ASPS Region 5,21.0,%,2024,ASPS,2024 ASPS cosmetic surgery regional distribution,https://www.plasticsurgery.org/documents/news/statistics/2024/cosmetic-procedures-regions-2024.pdf,Region 5: Mountain; Pacific. Share of ASPS total for this procedure.,official_association_report_auto_extracted
data\commercial_sources\phase1_official_stats\asps_plastic_surgery_statistics\2024__regional_distribution__procedures-by-region.pdf,regional_procedure_share,Cosmetic regional distribution,Breast,Breast augmentation (implant placement for both primary and/or revisions),United States - ASPS Region 1,11.0,%,2024,ASPS,2024 ASPS cosmetic surgery regional distribution,https://www.plasticsurgery.org/documents/news/statistics/2024/cosmetic-procedures-regions-2024.pdf,Region 1: New England; Middle Atlantic. Share of ASPS total for this procedure.,official_association_report_auto_extracted
data\commercial_sources\phase1_official_stats\asps_plastic_surgery_statistics\2024__regional_distribution__procedures-by-region.pdf,regional_procedure_share,Cosmetic regional distribution,Breast,Breast augmentation (implant placement for both primary and/or revisions),United States - ASPS Region 2,15.0,%,2024,ASPS,2024 ASPS cosmetic surgery regional distribution,https://www.plasticsurgery.org/documents/news/statistics/2024/cosmetic-procedures-regions-2024.pdf,Region 2: East North Central; West North Central. Share of ASPS total for this procedure.,official_association_report_auto_extracted
data\commercial_sources\phase1_official_stats\asps_plastic_surgery_statistics\2024__regional_distribution__procedures-by-region.pdf,regional_procedure_share,Cosmetic regional distribution,Breast,Breast augmentation (implant placement for both primary and/or revisions),United States - ASPS Region 3,20.0,%,2024,ASPS,2024 ASPS cosmetic surgery regional distribution,https://www.plasticsurgery.org/documents/news/statistics/2024/cosmetic-procedures-regions-2024.pdf,Region 3: South Atlantic. Share of ASPS total for this procedure.,official_association_report_auto_extracted
data\commercial_sources\phase1_official_stats\asps_plastic_surgery_statistics\2024__regional_distribution__procedures-by-region.pdf,regional_procedure_share,Cosmetic regional distribution,Breast,Breast augmentation (implant placement for both primary and/or revisions),United States - ASPS Region 4,17.0,%,2024,ASPS,2024 ASPS cosmetic surgery regional distribution,https://www.plasticsurgery.org/documents/news/statistics/2024/cosmetic-procedures-regions-2024.pdf,Region 4: East South Central; West South Central. Share of ASPS total for this procedure.,official_association_report_auto_extracted
data\commercial_sources\phase1_official_stats\asps_plastic_surgery_statistics\2024__regional_distribution__procedures-by-region.pdf,regional_procedure_share,Cosmetic regional distribution,Breast,Breast augmentation (implant placement for both primary and/or revisions),United States - ASPS Region 5,37.0,%,2024,ASPS,2024 ASPS cosmetic surgery regional distribution,https://www.plasticsurgery.org/documents/news/statistics/2024/cosmetic-procedures-regions-2024.pdf,Region 5: Mountain; Pacific. Share of ASPS total for this procedure.,official_association_report_auto_extracted
data\commercial_sources\phase1_official_stats\asps_plastic_surgery_statistics\2024__regional_distribution__procedures-by-region.pdf,regional_procedure_share,Cosmetic regional distribution,Breast,Breast implant removals (augmentation patients only),United States - ASPS Region 1,9.0,%,2024,ASPS,2024 ASPS cosmetic surgery regional distribution,https://www.plasticsurgery.org/documents/news/statistics/2024/cosmetic-procedures-regions-2024.pdf,Region 1: New England; Middle Atlantic. Share of ASPS total for this procedure.,official_association_report_auto_extracted
data\commercial_sources\phase1_official_stats\asps_plastic_surgery_statistics\2024__regional_distribution__procedures-by-region.pdf,regional_procedure_share,Cosmetic regional distribution,Breast,Breast implant removals (augmentation patients only),United States - ASPS Region 2,11.0,%,2024,ASPS,2024 ASPS cosmetic surgery regional distribution,https://www.plasticsurgery.org/documents/news/statistics/2024/cosmetic-procedures-regions-2024.pdf,Region 2: East North Central; West North Central. Share of ASPS total for this procedure.,official_association_report_auto_extracted
data\commercial_sources\phase1_official_stats\asps_plastic_surgery_statistics\2024__regional_distribution__procedures-by-region.pdf,regional_procedure_share,Cosmetic regional distribution,Breast,Breast implant removals (augmentation patients only),United States - ASPS Region 3,28.0,%,2024,ASPS,2024 ASPS cosmetic surgery regional distribution,https://www.plasticsurgery.org/documents/news/statistics/2024/cosmetic-procedures-regions-2024.pdf,Region 3: South Atlantic. Share of ASPS total for this procedure.,official_association_report_auto_extracted
data\commercial_sources\phase1_official_stats\asps_plastic_surgery_statistics\2024__regional_distribution__procedures-by-region.pdf,regional_procedure_share,Cosmetic regional distribution,Breast,Breast implant removals (augmentation patients only),United States - ASPS Region 4,17.0,%,2024,ASPS,2024 ASPS cosmetic surgery regional distribution,https://www.plasticsurgery.org/documents/news/statistics/2024/cosmetic-procedures-regions-2024.pdf,Region 4: East South Central; West South Central. Share of ASPS total for this procedure.,official_association_report_auto_extracted
data\commercial_sources\phase1_official_stats\asps_plastic_surgery_statistics\2024__regional_distribution__procedures-by-region.pdf,regional_procedure_share,Cosmetic regional distribution,Breast,Breast implant removals (augmentation patients only),United States - ASPS Region 5,35.0,%,2024,ASPS,2024 ASPS cosmetic surgery regional distribution,https://www.plasticsurgery.org/documents/news/statistics/2024/cosmetic-procedures-regions-2024.pdf,Region 5: Mountain; Pacific. Share of ASPS total for this procedure.,official_association_report_auto_extracted
data\commercial_sources\phase1_official_stats\asps_plastic_surgery_statistics\2024__regional_distribution__procedures-by-region.pdf,regional_procedure_share,Cosmetic regional distribution,Breast,Breast lift (mastopexy),United States - ASPS Region 1,10.0,%,2024,ASPS,2024 ASPS cosmetic surgery regional distribution,https://www.plasticsurgery.org/documents/news/statistics/2024/cosmetic-procedures-regions-2024.pdf,Region 1: New England; Middle Atlantic. Share of ASPS total for this procedure.,official_association_report_auto_extracted
data\commercial_sources\phase1_official_stats\asps_plastic_surgery_statistics\2024__regional_distribution__procedures-by-region.pdf,regional_procedure_share,Cosmetic regional distribution,Breast,Breast lift (mastopexy),United States - ASPS Region 2,14.0,%,2024,ASPS,2024 ASPS cosmetic surgery regional distribution,https://www.plasticsurgery.org/documents/news/statistics/2024/cosmetic-procedures-regions-2024.pdf,Region 2: East North Central; West North Central. Share of ASPS total for this procedure.,official_association_report_auto_extracted
data\commercial_sources\phase1_official_stats\asps_plastic_surgery_statistics\2024__regional_distribution__procedures-by-region.pdf,regional_procedure_share,Cosmetic regional distribution,Breast,Breast lift (mastopexy),United States - ASPS Region 3,28.0,%,2024,ASPS,2024 ASPS cosmetic surgery regional distribution,https://www.plasticsurgery.org/documents/news/statistics/2024/cosmetic-procedures-regions-2024.pdf,Region 3: South Atlantic. Share of ASPS total for this procedure.,official_association_report_auto_extracted
data\commercial_sources\phase1_official_stats\asps_plastic_surgery_statistics\2024__regional_distribution__procedures-by-region.pdf,regional_procedure_share,Cosmetic regional distribution,Breast,Breast lift (mastopexy),United States - ASPS Region 4,20.0,%,2024,ASPS,2024 ASPS cosmetic surgery regional distribution,https://www.plasticsurgery.org/documents/news/statistics/2024/cosmetic-procedures-regions-2024.pdf,Region 4: East South Central; West South Central. Share of ASPS total for this procedure.,official_association_report_auto_extracted
data\commercial_sources\phase1_official_stats\asps_plastic_surgery_statistics\2024__regional_distribution__procedures-by-region.pdf,regional_procedure_share,Cosmetic regional distribution,Breast,Breast lift (mastopexy),United States - ASPS Region 5,28.0,%,2024,ASPS,2024 ASPS cosmetic surgery regional distribution,https://www.plasticsurgery.org/documents/news/statistics/2024/cosmetic-procedures-regions-2024.pdf,Region 5: Mountain; Pacific. Share of ASPS total for this procedure.,official_association_report_auto_extracted
data\commercial_sources\phase1_official_stats\asps_plastic_surgery_statistics\2024__regional_distribution__procedures-by-region.pdf,regional_procedure_share,Cosmetic regional distribution,Breast,Breast reduction (aesthetic patients only),United States - ASPS Region 1,12.0,%,2024,ASPS,2024 ASPS cosmetic surgery regional distribution,https://www.plasticsurgery.org/documents/news/statistics/2024/cosmetic-procedures-regions-2024.pdf,Region 1: New England; Middle Atlantic. Share of ASPS total for this procedure.,official_association_report_auto_extracted
data\commercial_sources\phase1_official_stats\asps_plastic_surgery_statistics\2024__regional_distribution__procedures-by-region.pdf,regional_procedure_share,Cosmetic regional distribution,Breast,Breast reduction (aesthetic patients only),United States - ASPS Region 2,16.0,%,2024,ASPS,2024 ASPS cosmetic surgery regional distribution,https://www.plasticsurgery.org/documents/news/statistics/2024/cosmetic-procedures-regions-2024.pdf,Region 2: East North Central; West North Central. Share of ASPS total for this procedure.,official_association_report_auto_extracted
data\commercial_sources\phase1_official_stats\asps_plastic_surgery_statistics\2024__regional_distribution__procedures-by-region.pdf,regional_procedure_share,Cosmetic regional distribution,Breast,Breast reduction (aesthetic patients only),United States - ASPS Region 3,27.0,%,2024,ASPS,2024 ASPS cosmetic surgery regional distribution,https://www.plasticsurgery.org/documents/news/statistics/2024/cosmetic-procedures-regions-2024.pdf,Region 3: South Atlantic. Share of ASPS total for this procedure.,official_association_report_auto_extracted
data\commercial_sources\phase1_official_stats\asps_plastic_surgery_statistics\2024__regional_distribution__procedures-by-region.pdf,regional_procedure_share,Cosmetic regional distribution,Breast,Breast reduction (aesthetic patients only),United States - ASPS Region 4,17.0,%,2024,ASPS,2024 ASPS cosmetic surgery regional distribution,https://www.plasticsurgery.org/documents/news/statistics/2024/cosmetic-procedures-regions-2024.pdf,Region 4: East South Central; West South Central. Share of ASPS total for this procedure.,official_association_report_auto_extracted
data\commercial_sources\phase1_official_stats\asps_plastic_surgery_statistics\2024__regional_distribution__procedures-by-region.pdf,regional_procedure_share,Cosmetic regional distribution,Breast,Breast reduction (aesthetic patients only),United States - ASPS Region 5,29.0,%,2024,ASPS,2024 ASPS cosmetic surgery regional distribution,https://www.plasticsurgery.org/documents/news/statistics/2024/cosmetic-procedures-regions-2024.pdf,Region 5: Mountain; Pacific. Share of ASPS total for this procedure.,official_association_report_auto_extracted
data\commercial_sources\phase1_official_stats\asps_plastic_surgery_statistics\2024__regional_distribution__procedures-by-region.pdf,regional_procedure_share,Cosmetic regional distribution,Breast,Breast reduction in males (gynecomastia surgery),United States - ASPS Region 1,15.0,%,2024,ASPS,2024 ASPS cosmetic surgery regional distribution,https://www.plasticsurgery.org/documents/news/statistics/2024/cosmetic-procedures-regions-2024.pdf,Region 1: New England; Middle Atlantic. Share of ASPS total for this procedure.,official_association_report_auto_extracted
data\commercial_sources\phase1_official_stats\asps_plastic_surgery_statistics\2024__regional_distribution__procedures-by-region.pdf,regional_procedure_share,Cosmetic regional distribution,Breast,Breast reduction in males (gynecomastia surgery),United States - ASPS Region 2,19.0,%,2024,ASPS,2024 ASPS cosmetic surgery regional distribution,https://www.plasticsurgery.org/documents/news/statistics/2024/cosmetic-procedures-regions-2024.pdf,Region 2: East North Central; West North Central. Share of ASPS total for this procedure.,official_association_report_auto_extracted
data\commercial_sources\phase1_official_stats\asps_plastic_surgery_statistics\2024__regional_distribution__procedures-by-region.pdf,regional_procedure_share,Cosmetic regional distribution,Breast,Breast reduction in males (gynecomastia surgery),United States - ASPS Region 3,24.0,%,2024,ASPS,2024 ASPS cosmetic surgery regional distribution,https://www.plasticsurgery.org/documents/news/statistics/2024/cosmetic-procedures-regions-2024.pdf,Region 3: South Atlantic. Share of ASPS total for this procedure.,official_association_report_auto_extracted
data\commercial_sources\phase1_official_stats\asps_plastic_surgery_statistics\2024__regional_distribution__procedures-by-region.pdf,regional_procedure_share,Cosmetic regional distribution,Breast,Breast reduction in males (gynecomastia surgery),United States - ASPS Region 4,16.0,%,2024,ASPS,2024 ASPS cosmetic surgery regional distribution,https://www.plasticsurgery.org/documents/news/statistics/2024/cosmetic-procedures-regions-2024.pdf,Region 4: East South Central; West South Central. Share of ASPS total for this procedure.,official_association_report_auto_extracted
data\commercial_sources\phase1_official_stats\asps_plastic_surgery_statistics\2024__regional_distribution__procedures-by-region.pdf,regional_procedure_share,Cosmetic regional distribution,Breast,Breast reduction in males (gynecomastia surgery),United States - ASPS Region 5,26.0,%,2024,ASPS,2024 ASPS cosmetic surgery regional distribution,https://www.plasticsurgery.org/documents/news/statistics/2024/cosmetic-procedures-regions-2024.pdf,Region 5: Mountain; Pacific. Share of ASPS total for this procedure.,official_association_report_auto_extracted
data\commercial_sources\phase1_official_stats\asps_plastic_surgery_statistics\2024__regional_distribution__procedures-by-region.pdf,regional_procedure_share,Cosmetic regional distribution,Cosmetic surgical procedures,"HA fillers (e.g., Juvederm Ultra®, Ultra Plus®, Voluma®, Volbella®, Vollure®, Restylane Lyft®, Restylane Silk®, Belotero®, Bolvella®, Restylane®)",United States - ASPS Region 1,17.0,%,2024,ASPS,2024 ASPS cosmetic surgery regional distribution,https://www.plasticsurgery.org/documents/news/statistics/2024/cosmetic-procedures-regions-2024.pdf,Region 1: New England; Middle Atlantic. Share of ASPS total for this procedure.,official_association_report_auto_extracted
data\commercial_sources\phase1_official_stats\asps_plastic_surgery_statistics\2024__regional_distribution__procedures-by-region.pdf,regional_procedure_share,Cosmetic regional distribution,Cosmetic surgical procedures,"HA fillers (e.g., Juvederm Ultra®, Ultra Plus®, Voluma®, Volbella®, Vollure®, Restylane Lyft®, Restylane Silk®, Belotero®, Bolvella®, Restylane®)",United States - ASPS Region 2,13.0,%,2024,ASPS,2024 ASPS cosmetic surgery regional distribution,https://www.plasticsurgery.org/documents/news/statistics/2024/cosmetic-procedures-regions-2024.pdf,Region 2: East North Central; West North Central. Share of ASPS total for this procedure.,official_association_report_auto_extracted
data\commercial_sources\phase1_official_stats\asps_plastic_surgery_statistics\2024__regional_distribution__procedures-by-region.pdf,regional_procedure_share,Cosmetic regional distribution,Cosmetic surgical procedures,"HA fillers (e.g., Juvederm Ultra®, Ultra Plus®, Voluma®, Volbella®, Vollure®, Restylane Lyft®, Restylane Silk®, Belotero®, Bolvella®, Restylane®)",United States - ASPS Region 3,21.0,%,2024,ASPS,2024 ASPS cosmetic surgery regional distribution,https://www.plasticsurgery.org/documents/news/statistics/2024/cosmetic-procedures-regions-2024.pdf,Region 3: South Atlantic. Share of ASPS total for this procedure.,official_association_report_auto_extracted
data\commercial_sources\phase1_official_stats\asps_plastic_surgery_statistics\2024__regional_distribution__procedures-by-region.pdf,regional_procedure_share,Cosmetic regional distribution,Cosmetic surgical procedures,"HA fillers (e.g., Juvederm Ultra®, Ultra Plus®, Voluma®, Volbella®, Vollure®, Restylane Lyft®, Restylane Silk®, Belotero®, Bolvella®, Restylane®)",United States - ASPS Region 4,16.0,%,2024,ASPS,2024 ASPS cosmetic surgery regional distribution,https://www.plasticsurgery.org/documents/news/statistics/2024/cosmetic-procedures-regions-2024.pdf,Region 4: East South Central; West South Central. Share of ASPS total for this procedure.,official_association_report_auto_extracted
data\commercial_sources\phase1_official_stats\asps_plastic_surgery_statistics\2024__regional_distribution__procedures-by-region.pdf,regional_procedure_share,Cosmetic regional distribution,Cosmetic surgical procedures,"HA fillers (e.g., Juvederm Ultra®, Ultra Plus®, Voluma®, Volbella®, Vollure®, Restylane Lyft®, Restylane Silk®, Belotero®, Bolvella®, Restylane®)",United States - ASPS Region 5,33.0,%,2024,ASPS,2024 ASPS cosmetic surgery regional distribution,https://www.plasticsurgery.org/documents/news/statistics/2024/cosmetic-procedures-regions-2024.pdf,Region 5: Mountain; Pacific. Share of ASPS total for this procedure.,official_association_report_auto_extracted
data\commercial_sources\phase1_official_stats\asps_plastic_surgery_statistics\2024__regional_distribution__procedures-by-region.pdf,regional_procedure_share,Cosmetic regional distribution,Cosmetic surgical procedures,Lip augmentation (with injectable materials),United States - ASPS Region 1,17.0,%,2024,ASPS,2024 ASPS cosmetic surgery regional distribution,https://www.plasticsurgery.org/documents/news/statistics/2024/cosmetic-procedures-regions-2024.pdf,Region 1: New England; Middle Atlantic. Share of ASPS total for this procedure.,official_association_report_auto_extracted
data\commercial_sources\phase1_official_stats\asps_plastic_surgery_statistics\2024__regional_distribution__procedures-by-region.pdf,regional_procedure_share,Cosmetic regional distribution,Cosmetic surgical procedures,Lip augmentation (with injectable materials),United States - ASPS Region 2,16.0,%,2024,ASPS,2024 ASPS cosmetic surgery regional distribution,https://www.plasticsurgery.org/documents/news/statistics/2024/cosmetic-procedures-regions-2024.pdf,Region 2: East North Central; West North Central. Share of ASPS total for this procedure.,official_association_report_auto_extracted
data\commercial_sources\phase1_official_stats\asps_plastic_surgery_statistics\2024__regional_distribution__procedures-by-region.pdf,regional_procedure_share,Cosmetic regional distribution,Cosmetic surgical procedures,Lip augmentation (with injectable materials),United States - ASPS Region 3,29.0,%,2024,ASPS,2024 ASPS cosmetic surgery regional distribution,https://www.plasticsurgery.org/documents/news/statistics/2024/cosmetic-procedures-regions-2024.pdf,Region 3: South Atlantic. Share of ASPS total for this procedure.,official_association_report_auto_extracted
data\commercial_sources\phase1_official_stats\asps_plastic_surgery_statistics\2024__regional_distribution__procedures-by-region.pdf,regional_procedure_share,Cosmetic regional distribution,Cosmetic surgical procedures,Lip augmentation (with injectable materials),United States - ASPS Region 4,16.0,%,2024,ASPS,2024 ASPS cosmetic surgery regional distribution,https://www.plasticsurgery.org/documents/news/statistics/2024/cosmetic-procedures-regions-2024.pdf,Region 4: East South Central; West South Central. Share of ASPS total for this procedure.,official_association_report_auto_extracted
data\commercial_sources\phase1_official_stats\asps_plastic_surgery_statistics\2024__regional_distribution__procedures-by-region.pdf,regional_procedure_share,Cosmetic regional distribution,Cosmetic surgical procedures,Lip augmentation (with injectable materials),United States - ASPS Region 5,23.0,%,2024,ASPS,2024 ASPS cosmetic surgery regional distribution,https://www.plasticsurgery.org/documents/news/statistics/2024/cosmetic-procedures-regions-2024.pdf,Region 5: Mountain; Pacific. Share of ASPS total for this procedure.,official_association_report_auto_extracted
data\commercial_sources\phase1_official_stats\asps_plastic_surgery_statistics\2024__regional_distribution__procedures-by-region.pdf,regional_procedure_share,Cosmetic regional distribution,Cosmetic surgical procedures,"Neuromodulator injection (Botox®, Dysport®, Xeomin®, Jeaveau®, Daxxify®)",United States - ASPS Region 1,13.0,%,2024,ASPS,2024 ASPS cosmetic surgery regional distribution,https://www.plasticsurgery.org/documents/news/statistics/2024/cosmetic-procedures-regions-2024.pdf,Region 1: New England; Middle Atlantic. Share of ASPS total for this procedure.,official_association_report_auto_extracted
data\commercial_sources\phase1_official_stats\asps_plastic_surgery_statistics\2024__regional_distribution__procedures-by-region.pdf,regional_procedure_share,Cosmetic regional distribution,Cosmetic surgical procedures,"Neuromodulator injection (Botox®, Dysport®, Xeomin®, Jeaveau®, Daxxify®)",United States - ASPS Region 2,13.0,%,2024,ASPS,2024 ASPS cosmetic surgery regional distribution,https://www.plasticsurgery.org/documents/news/statistics/2024/cosmetic-procedures-regions-2024.pdf,Region 2: East North Central; West North Central. Share of ASPS total for this procedure.,official_association_report_auto_extracted
data\commercial_sources\phase1_official_stats\asps_plastic_surgery_statistics\2024__regional_distribution__procedures-by-region.pdf,regional_procedure_share,Cosmetic regional distribution,Cosmetic surgical procedures,"Neuromodulator injection (Botox®, Dysport®, Xeomin®, Jeaveau®, Daxxify®)",United States - ASPS Region 3,30.0,%,2024,ASPS,2024 ASPS cosmetic surgery regional distribution,https://www.plasticsurgery.org/documents/news/statistics/2024/cosmetic-procedures-regions-2024.pdf,Region 3: South Atlantic. Share of ASPS total for this procedure.,official_association_report_auto_extracted
data\commercial_sources\phase1_official_stats\asps_plastic_surgery_statistics\2024__regional_distribution__procedures-by-region.pdf,regional_procedure_share,Cosmetic regional distribution,Cosmetic surgical procedures,"Neuromodulator injection (Botox®, Dysport®, Xeomin®, Jeaveau®, Daxxify®)",United States - ASPS Region 4,20.0,%,2024,ASPS,2024 ASPS cosmetic surgery regional distribution,https://www.plasticsurgery.org/documents/news/statistics/2024/cosmetic-procedures-regions-2024.pdf,Region 4: East South Central; West South Central. Share of ASPS total for this procedure.,official_association_report_auto_extracted
data\commercial_sources\phase1_official_stats\asps_plastic_surgery_statistics\2024__regional_distribution__procedures-by-region.pdf,regional_procedure_share,Cosmetic regional distribution,Cosmetic surgical procedures,"Neuromodulator injection (Botox®, Dysport®, Xeomin®, Jeaveau®, Daxxify®)",United States - ASPS Region 5,23.0,%,2024,ASPS,2024 ASPS cosmetic surgery regional distribution,https://www.plasticsurgery.org/documents/news/statistics/2024/cosmetic-procedures-regions-2024.pdf,Region 5: Mountain; Pacific. Share of ASPS total for this procedure.,official_association_report_auto_extracted
data\commercial_sources\phase1_official_stats\asps_plastic_surgery_statistics\2024__regional_distribution__procedures-by-region.pdf,regional_procedure_share,Cosmetic regional distribution,Cosmetic surgical procedures,"Non-HA fillers (e.g., Radiesse®, Sculptra®, Bellafill®, Renuva® )",United States - ASPS Region 1,11.0,%,2024,ASPS,2024 ASPS cosmetic surgery regional distribution,https://www.plasticsurgery.org/documents/news/statistics/2024/cosmetic-procedures-regions-2024.pdf,Region 1: New England; Middle Atlantic. Share of ASPS total for this procedure.,official_association_report_auto_extracted
data\commercial_sources\phase1_official_stats\asps_plastic_surgery_statistics\2024__regional_distribution__procedures-by-region.pdf,regional_procedure_share,Cosmetic regional distribution,Cosmetic surgical procedures,"Non-HA fillers (e.g., Radiesse®, Sculptra®, Bellafill®, Renuva® )",United States - ASPS Region 2,19.0,%,2024,ASPS,2024 ASPS cosmetic surgery regional distribution,https://www.plasticsurgery.org/documents/news/statistics/2024/cosmetic-procedures-regions-2024.pdf,Region 2: East North Central; West North Central. Share of ASPS total for this procedure.,official_association_report_auto_extracted
data\commercial_sources\phase1_official_stats\asps_plastic_surgery_statistics\2024__regional_distribution__procedures-by-region.pdf,regional_procedure_share,Cosmetic regional distribution,Cosmetic surgical procedures,"Non-HA fillers (e.g., Radiesse®, Sculptra®, Bellafill®, Renuva® )",United States - ASPS Region 3,26.0,%,2024,ASPS,2024 ASPS cosmetic surgery regional distribution,https://www.plasticsurgery.org/documents/news/statistics/2024/cosmetic-procedures-regions-2024.pdf,Region 3: South Atlantic. Share of ASPS total for this procedure.,official_association_report_auto_extracted
data\commercial_sources\phase1_official_stats\asps_plastic_surgery_statistics\2024__regional_distribution__procedures-by-region.pdf,regional_procedure_share,Cosmetic regional distribution,Cosmetic surgical procedures,"Non-HA fillers (e.g., Radiesse®, Sculptra®, Bellafill®, Renuva® )",United States - ASPS Region 4,9.0,%,2024,ASPS,2024 ASPS cosmetic surgery regional distribution,https://www.plasticsurgery.org/documents/news/statistics/2024/cosmetic-procedures-regions-2024.pdf,Region 4: East South Central; West South Central. Share of ASPS total for this procedure.,official_association_report_auto_extracted
data\commercial_sources\phase1_official_stats\asps_plastic_surgery_statistics\2024__regional_distribution__procedures-by-region.pdf,regional_procedure_share,Cosmetic regional distribution,Cosmetic surgical procedures,"Non-HA fillers (e.g., Radiesse®, Sculptra®, Bellafill®, Renuva® )",United States - ASPS Region 5,36.0,%,2024,ASPS,2024 ASPS cosmetic surgery regional distribution,https://www.plasticsurgery.org/documents/news/statistics/2024/cosmetic-procedures-regions-2024.pdf,Region 5: Mountain; Pacific. Share of ASPS total for this procedure.,official_association_report_auto_extracted
data\commercial_sources\phase1_official_stats\asps_plastic_surgery_statistics\2024__regional_distribution__procedures-by-region.pdf,regional_procedure_share,Cosmetic regional distribution,Cosmetic surgical procedures,"Non-surgical skin tightening (e.g., Pelleve®, Thermage®, Ulthera®)",United States - ASPS Region 1,7.0,%,2024,ASPS,2024 ASPS cosmetic surgery regional distribution,https://www.plasticsurgery.org/documents/news/statistics/2024/cosmetic-procedures-regions-2024.pdf,Region 1: New England; Middle Atlantic. Share of ASPS total for this procedure.,official_association_report_auto_extracted
data\commercial_sources\phase1_official_stats\asps_plastic_surgery_statistics\2024__regional_distribution__procedures-by-region.pdf,regional_procedure_share,Cosmetic regional distribution,Cosmetic surgical procedures,"Non-surgical skin tightening (e.g., Pelleve®, Thermage®, Ulthera®)",United States - ASPS Region 2,15.0,%,2024,ASPS,2024 ASPS cosmetic surgery regional distribution,https://www.plasticsurgery.org/documents/news/statistics/2024/cosmetic-procedures-regions-2024.pdf,Region 2: East North Central; West North Central. Share of ASPS total for this procedure.,official_association_report_auto_extracted
data\commercial_sources\phase1_official_stats\asps_plastic_surgery_statistics\2024__regional_distribution__procedures-by-region.pdf,regional_procedure_share,Cosmetic regional distribution,Cosmetic surgical procedures,"Non-surgical skin tightening (e.g., Pelleve®, Thermage®, Ulthera®)",United States - ASPS Region 3,20.0,%,2024,ASPS,2024 ASPS cosmetic surgery regional distribution,https://www.plasticsurgery.org/documents/news/statistics/2024/cosmetic-procedures-regions-2024.pdf,Region 3: South Atlantic. Share of ASPS total for this procedure.,official_association_report_auto_extracted
data\commercial_sources\phase1_official_stats\asps_plastic_surgery_statistics\2024__regional_distribution__procedures-by-region.pdf,regional_procedure_share,Cosmetic regional distribution,Cosmetic surgical procedures,"Non-surgical skin tightening (e.g., Pelleve®, Thermage®, Ulthera®)",United States - ASPS Region 4,14.0,%,2024,ASPS,2024 ASPS cosmetic surgery regional distribution,https://www.plasticsurgery.org/documents/news/statistics/2024/cosmetic-procedures-regions-2024.pdf,Region 4: East South Central; West South Central. Share of ASPS total for this procedure.,official_association_report_auto_extracted
data\commercial_sources\phase1_official_stats\asps_plastic_surgery_statistics\2024__regional_distribution__procedures-by-region.pdf,regional_procedure_share,Cosmetic regional distribution,Cosmetic surgical procedures,"Non-surgical skin tightening (e.g., Pelleve®, Thermage®, Ulthera®)",United States - ASPS Region 5,44.0,%,2024,ASPS,2024 ASPS cosmetic surgery regional distribution,https://www.plasticsurgery.org/documents/news/statistics/2024/cosmetic-procedures-regions-2024.pdf,Region 5: Mountain; Pacific. Share of ASPS total for this procedure.,official_association_report_auto_extracted
data\commercial_sources\phase1_official_stats\asps_plastic_surgery_statistics\2024__regional_distribution__procedures-by-region.pdf,regional_procedure_share,Cosmetic regional distribution,Cosmetic surgical procedures,"Noninvasive fat reduction (e.g., CoolSculpting®, Liposonix® , Em- sculpt®, Vanquish®, Zerona®, Kybella® )",United States - ASPS Region 3,24.0,%,2024,ASPS,2024 ASPS cosmetic surgery regional distribution,https://www.plasticsurgery.org/documents/news/statistics/2024/cosmetic-procedures-regions-2024.pdf,Region 3: South Atlantic. Share of ASPS total for this procedure.,official_association_report_auto_extracted
data\commercial_sources\phase1_official_stats\asps_plastic_surgery_statistics\2024__regional_distribution__procedures-by-region.pdf,regional_procedure_share,Cosmetic regional distribution,Cosmetic surgical procedures,"Noninvasive fat reduction (e.g., CoolSculpting®, Liposonix® , Em- sculpt®, Vanquish®, Zerona®, Kybella® )",United States - ASPS Region 4,13.0,%,2024,ASPS,2024 ASPS cosmetic surgery regional distribution,https://www.plasticsurgery.org/documents/news/statistics/2024/cosmetic-procedures-regions-2024.pdf,Region 4: East South Central; West South Central. Share of ASPS total for this procedure.,official_association_report_auto_extracted
data\commercial_sources\phase1_official_stats\asps_plastic_surgery_statistics\2024__regional_distribution__procedures-by-region.pdf,regional_procedure_share,Cosmetic regional distribution,Cosmetic surgical procedures,"Noninvasive fat reduction (e.g., CoolSculpting®, Liposonix® , Em- sculpt®, Vanquish®, Zerona®, Kybella® )",United States - ASPS Region 5,36.0,%,2024,ASPS,2024 ASPS cosmetic surgery regional distribution,https://www.plasticsurgery.org/documents/news/statistics/2024/cosmetic-procedures-regions-2024.pdf,Region 5: Mountain; Pacific. Share of ASPS total for this procedure.,official_association_report_auto_extracted
data\commercial_sources\phase1_official_stats\asps_plastic_surgery_statistics\2024__regional_distribution__procedures-by-region.pdf,regional_procedure_share,Cosmetic regional distribution,Cosmetic surgical procedures,"Noninvasive fat reduction (e.g., CoolSculpting®, Liposonix® , Emsculpt®, Vanquish®, Zerona®, Kybella® )",United States - ASPS Region 1,17.0,%,2024,ASPS,2024 ASPS cosmetic surgery regional distribution,https://www.plasticsurgery.org/documents/news/statistics/2024/cosmetic-procedures-regions-2024.pdf,Region 1: New England; Middle Atlantic. Share of ASPS total for this procedure.,official_association_report_auto_extracted
data\commercial_sources\phase1_official_stats\asps_plastic_surgery_statistics\2024__regional_distribution__procedures-by-region.pdf,regional_procedure_share,Cosmetic regional distribution,Cosmetic surgical procedures,"Noninvasive fat reduction (e.g., CoolSculpting®, Liposonix® , Emsculpt®, Vanquish®, Zerona®, Kybella® )",United States - ASPS Region 2,11.0,%,2024,ASPS,2024 ASPS cosmetic surgery regional distribution,https://www.plasticsurgery.org/documents/news/statistics/2024/cosmetic-procedures-regions-2024.pdf,Region 2: East North Central; West North Central. Share of ASPS total for this procedure.,official_association_report_auto_extracted
data\commercial_sources\phase1_official_stats\asps_plastic_surgery_statistics\2024__regional_distribution__procedures-by-region.pdf,regional_procedure_share,Cosmetic regional distribution,Cosmetic surgical procedures,Sclerotherapy,United States - ASPS Region 1,7.0,%,2024,ASPS,2024 ASPS cosmetic surgery regional distribution,https://www.plasticsurgery.org/documents/news/statistics/2024/cosmetic-procedures-regions-2024.pdf,Region 1: New England; Middle Atlantic. Share of ASPS total for this procedure.,official_association_report_auto_extracted
data\commercial_sources\phase1_official_stats\asps_plastic_surgery_statistics\2024__regional_distribution__procedures-by-region.pdf,regional_procedure_share,Cosmetic regional distribution,Cosmetic surgical procedures,Sclerotherapy,United States - ASPS Region 2,33.0,%,2024,ASPS,2024 ASPS cosmetic surgery regional distribution,https://www.plasticsurgery.org/documents/news/statistics/2024/cosmetic-procedures-regions-2024.pdf,Region 2: East North Central; West North Central. Share of ASPS total for this procedure.,official_association_report_auto_extracted
data\commercial_sources\phase1_official_stats\asps_plastic_surgery_statistics\2024__regional_distribution__procedures-by-region.pdf,regional_procedure_share,Cosmetic regional distribution,Cosmetic surgical procedures,Sclerotherapy,United States - ASPS Region 3,24.0,%,2024,ASPS,2024 ASPS cosmetic surgery regional distribution,https://www.plasticsurgery.org/documents/news/statistics/2024/cosmetic-procedures-regions-2024.pdf,Region 3: South Atlantic. Share of ASPS total for this procedure.,official_association_report_auto_extracted
data\commercial_sources\phase1_official_stats\asps_plastic_surgery_statistics\2024__regional_distribution__procedures-by-region.pdf,regional_procedure_share,Cosmetic regional distribution,Cosmetic surgical procedures,Sclerotherapy,United States - ASPS Region 4,21.0,%,2024,ASPS,2024 ASPS cosmetic surgery regional distribution,https://www.plasticsurgery.org/documents/news/statistics/2024/cosmetic-procedures-regions-2024.pdf,Region 4: East South Central; West South Central. Share of ASPS total for this procedure.,official_association_report_auto_extracted
data\commercial_sources\phase1_official_stats\asps_plastic_surgery_statistics\2024__regional_distribution__procedures-by-region.pdf,regional_procedure_share,Cosmetic regional distribution,Cosmetic surgical procedures,Sclerotherapy,United States - ASPS Region 5,14.0,%,2024,ASPS,2024 ASPS cosmetic surgery regional distribution,https://www.plasticsurgery.org/documents/news/statistics/2024/cosmetic-procedures-regions-2024.pdf,Region 5: Mountain; Pacific. Share of ASPS total for this procedure.,official_association_report_auto_extracted
data\commercial_sources\phase1_official_stats\asps_plastic_surgery_statistics\2024__regional_distribution__procedures-by-region.pdf,regional_procedure_share,Cosmetic regional distribution,Cosmetic surgical procedures,"Skin resurfacing (e.g., dermabrasion, chemical peel, ablative/ non-ablative lasers, microdermabrasion)",United States - ASPS Region 3,21.0,%,2024,ASPS,2024 ASPS cosmetic surgery regional distribution,https://www.plasticsurgery.org/documents/news/statistics/2024/cosmetic-procedures-regions-2024.pdf,Region 3: South Atlantic. Share of ASPS total for this procedure.,official_association_report_auto_extracted
data\commercial_sources\phase1_official_stats\asps_plastic_surgery_statistics\2024__regional_distribution__procedures-by-region.pdf,regional_procedure_share,Cosmetic regional distribution,Cosmetic surgical procedures,"Skin resurfacing (e.g., dermabrasion, chemical peel, ablative/ non-ablative lasers, microdermabrasion)",United States - ASPS Region 4,24.0,%,2024,ASPS,2024 ASPS cosmetic surgery regional distribution,https://www.plasticsurgery.org/documents/news/statistics/2024/cosmetic-procedures-regions-2024.pdf,Region 4: East South Central; West South Central. Share of ASPS total for this procedure.,official_association_report_auto_extracted
data\commercial_sources\phase1_official_stats\asps_plastic_surgery_statistics\2024__regional_distribution__procedures-by-region.pdf,regional_procedure_share,Cosmetic regional distribution,Cosmetic surgical procedures,"Skin resurfacing (e.g., dermabrasion, chemical peel, ablative/ non-ablative lasers, microdermabrasion)",United States - ASPS Region 5,29.0,%,2024,ASPS,2024 ASPS cosmetic surgery regional distribution,https://www.plasticsurgery.org/documents/news/statistics/2024/cosmetic-procedures-regions-2024.pdf,Region 5: Mountain; Pacific. Share of ASPS total for this procedure.,official_association_report_auto_extracted
data\commercial_sources\phase1_official_stats\asps_plastic_surgery_statistics\2024__regional_distribution__procedures-by-region.pdf,regional_procedure_share,Cosmetic regional distribution,Cosmetic surgical procedures,"Skin resurfacing (e.g., dermabrasion, chemical peel, ablative/non-ablative lasers, micro- dermabrasion)",United States - ASPS Region 1,8.0,%,2024,ASPS,2024 ASPS cosmetic surgery regional distribution,https://www.plasticsurgery.org/documents/news/statistics/2024/cosmetic-procedures-regions-2024.pdf,Region 1: New England; Middle Atlantic. Share of ASPS total for this procedure.,official_association_report_auto_extracted
data\commercial_sources\phase1_official_stats\asps_plastic_surgery_statistics\2024__regional_distribution__procedures-by-region.pdf,regional_procedure_share,Cosmetic regional distribution,Cosmetic surgical procedures,"Skin resurfacing (e.g., dermabrasion, chemical peel, ablative/non-ablative lasers, micro- dermabrasion)",United States - ASPS Region 2,18.0,%,2024,ASPS,2024 ASPS cosmetic surgery regional distribution,https://www.plasticsurgery.org/documents/news/statistics/2024/cosmetic-procedures-regions-2024.pdf,Region 2: East North Central; West North Central. Share of ASPS total for this procedure.,official_association_report_auto_extracted
data\commercial_sources\phase1_official_stats\asps_plastic_surgery_statistics\2024__regional_distribution__procedures-by-region.pdf,regional_procedure_share,Cosmetic regional distribution,Cosmetic surgical procedures,"Skin treatment (combination lasers) (e.g., laser hair removal, IPL treatment, laser tattoo removal, laser treatment of leg veins)",United States - ASPS Region 1,11.0,%,2024,ASPS,2024 ASPS cosmetic surgery regional distribution,https://www.plasticsurgery.org/documents/news/statistics/2024/cosmetic-procedures-regions-2024.pdf,Region 1: New England; Middle Atlantic. Share of ASPS total for this procedure.,official_association_report_auto_extracted
data\commercial_sources\phase1_official_stats\asps_plastic_surgery_statistics\2024__regional_distribution__procedures-by-region.pdf,regional_procedure_share,Cosmetic regional distribution,Cosmetic surgical procedures,"Skin treatment (combination lasers) (e.g., laser hair removal, IPL treatment, laser tattoo removal, laser treatment of leg veins)",United States - ASPS Region 2,18.0,%,2024,ASPS,2024 ASPS cosmetic surgery regional distribution,https://www.plasticsurgery.org/documents/news/statistics/2024/cosmetic-procedures-regions-2024.pdf,Region 2: East North Central; West North Central. Share of ASPS total for this procedure.,official_association_report_auto_extracted
data\commercial_sources\phase1_official_stats\asps_plastic_surgery_statistics\2024__regional_distribution__procedures-by-region.pdf,regional_procedure_share,Cosmetic regional distribution,Cosmetic surgical procedures,"Skin treatment (combination lasers) (e.g., laser hair removal, IPL treatment, laser tattoo removal, laser treatment of leg veins)",United States - ASPS Region 3,17.0,%,2024,ASPS,2024 ASPS cosmetic surgery regional distribution,https://www.plasticsurgery.org/documents/news/statistics/2024/cosmetic-procedures-regions-2024.pdf,Region 3: South Atlantic. Share of ASPS total for this procedure.,official_association_report_auto_extracted
data\commercial_sources\phase1_official_stats\asps_plastic_surgery_statistics\2024__regional_distribution__procedures-by-region.pdf,regional_procedure_share,Cosmetic regional distribution,Cosmetic surgical procedures,"Skin treatment (combination lasers) (e.g., laser hair removal, IPL treatment, laser tattoo removal, laser treatment of leg veins)",United States - ASPS Region 4,13.0,%,2024,ASPS,2024 ASPS cosmetic surgery regional distribution,https://www.plasticsurgery.org/documents/news/statistics/2024/cosmetic-procedures-regions-2024.pdf,Region 4: East South Central; West South Central. Share of ASPS total for this procedure.,official_association_report_auto_extracted
data\commercial_sources\phase1_official_stats\asps_plastic_surgery_statistics\2024__regional_distribution__procedures-by-region.pdf,regional_procedure_share,Cosmetic regional distribution,Cosmetic surgical procedures,"Skin treatment (combination lasers) (e.g., laser hair removal, IPL treatment, laser tattoo removal, laser treatment of leg veins)",United States - ASPS Region 5,41.0,%,2024,ASPS,2024 ASPS cosmetic surgery regional distribution,https://www.plasticsurgery.org/documents/news/statistics/2024/cosmetic-procedures-regions-2024.pdf,Region 5: Mountain; Pacific. Share of ASPS total for this procedure.,official_association_report_auto_extracted
data\commercial_sources\phase1_official_stats\asps_plastic_surgery_statistics\2024__regional_distribution__procedures-by-region.pdf,regional_procedure_share,Cosmetic regional distribution,Face,Buccal fat pad removal,United States - ASPS Region 1,7.0,%,2024,ASPS,2024 ASPS cosmetic surgery regional distribution,https://www.plasticsurgery.org/documents/news/statistics/2024/cosmetic-procedures-regions-2024.pdf,Region 1: New England; Middle Atlantic. Share of ASPS total for this procedure.,official_association_report_auto_extracted
data\commercial_sources\phase1_official_stats\asps_plastic_surgery_statistics\2024__regional_distribution__procedures-by-region.pdf,regional_procedure_share,Cosmetic regional distribution,Face,Buccal fat pad removal,United States - ASPS Region 2,11.0,%,2024,ASPS,2024 ASPS cosmetic surgery regional distribution,https://www.plasticsurgery.org/documents/news/statistics/2024/cosmetic-procedures-regions-2024.pdf,Region 2: East North Central; West North Central. Share of ASPS total for this procedure.,official_association_report_auto_extracted
data\commercial_sources\phase1_official_stats\asps_plastic_surgery_statistics\2024__regional_distribution__procedures-by-region.pdf,regional_procedure_share,Cosmetic regional distribution,Face,Buccal fat pad removal,United States - ASPS Region 3,17.0,%,2024,ASPS,2024 ASPS cosmetic surgery regional distribution,https://www.plasticsurgery.org/documents/news/statistics/2024/cosmetic-procedures-regions-2024.pdf,Region 3: South Atlantic. Share of ASPS total for this procedure.,official_association_report_auto_extracted
data\commercial_sources\phase1_official_stats\asps_plastic_surgery_statistics\2024__regional_distribution__procedures-by-region.pdf,regional_procedure_share,Cosmetic regional distribution,Face,Buccal fat pad removal,United States - ASPS Region 4,11.0,%,2024,ASPS,2024 ASPS cosmetic surgery regional distribution,https://www.plasticsurgery.org/documents/news/statistics/2024/cosmetic-procedures-regions-2024.pdf,Region 4: East South Central; West South Central. Share of ASPS total for this procedure.,official_association_report_auto_extracted
data\commercial_sources\phase1_official_stats\asps_plastic_surgery_statistics\2024__regional_distribution__procedures-by-region.pdf,regional_procedure_share,Cosmetic regional distribution,Face,Buccal fat pad removal,United States - ASPS Region 5,54.0,%,2024,ASPS,2024 ASPS cosmetic surgery regional distribution,https://www.plasticsurgery.org/documents/news/statistics/2024/cosmetic-procedures-regions-2024.pdf,Region 5: Mountain; Pacific. Share of ASPS total for this procedure.,official_association_report_auto_extracted
data\commercial_sources\phase1_official_stats\asps_plastic_surgery_statistics\2024__regional_distribution__procedures-by-region.pdf,regional_procedure_share,Cosmetic regional distribution,Face,Cheek implant (malar augmentation),United States - ASPS Region 1,3.0,%,2024,ASPS,2024 ASPS cosmetic surgery regional distribution,https://www.plasticsurgery.org/documents/news/statistics/2024/cosmetic-procedures-regions-2024.pdf,Region 1: New England; Middle Atlantic. Share of ASPS total for this procedure.,official_association_report_auto_extracted
data\commercial_sources\phase1_official_stats\asps_plastic_surgery_statistics\2024__regional_distribution__procedures-by-region.pdf,regional_procedure_share,Cosmetic regional distribution,Face,Cheek implant (malar augmentation),United States - ASPS Region 2,6.0,%,2024,ASPS,2024 ASPS cosmetic surgery regional distribution,https://www.plasticsurgery.org/documents/news/statistics/2024/cosmetic-procedures-regions-2024.pdf,Region 2: East North Central; West North Central. Share of ASPS total for this procedure.,official_association_report_auto_extracted
data\commercial_sources\phase1_official_stats\asps_plastic_surgery_statistics\2024__regional_distribution__procedures-by-region.pdf,regional_procedure_share,Cosmetic regional distribution,Face,Cheek implant (malar augmentation),United States - ASPS Region 3,1.0,%,2024,ASPS,2024 ASPS cosmetic surgery regional distribution,https://www.plasticsurgery.org/documents/news/statistics/2024/cosmetic-procedures-regions-2024.pdf,Region 3: South Atlantic. Share of ASPS total for this procedure.,official_association_report_auto_extracted
data\commercial_sources\phase1_official_stats\asps_plastic_surgery_statistics\2024__regional_distribution__procedures-by-region.pdf,regional_procedure_share,Cosmetic regional distribution,Face,Cheek implant (malar augmentation),United States - ASPS Region 4,16.0,%,2024,ASPS,2024 ASPS cosmetic surgery regional distribution,https://www.plasticsurgery.org/documents/news/statistics/2024/cosmetic-procedures-regions-2024.pdf,Region 4: East South Central; West South Central. Share of ASPS total for this procedure.,official_association_report_auto_extracted
data\commercial_sources\phase1_official_stats\asps_plastic_surgery_statistics\2024__regional_distribution__procedures-by-region.pdf,regional_procedure_share,Cosmetic regional distribution,Face,Cheek implant (malar augmentation),United States - ASPS Region 5,74.0,%,2024,ASPS,2024 ASPS cosmetic surgery regional distribution,https://www.plasticsurgery.org/documents/news/statistics/2024/cosmetic-procedures-regions-2024.pdf,Region 5: Mountain; Pacific. Share of ASPS total for this procedure.,official_association_report_auto_extracted
data\commercial_sources\phase1_official_stats\asps_plastic_surgery_statistics\2024__regional_distribution__procedures-by-region.pdf,regional_procedure_share,Cosmetic regional distribution,Face,Chin augmentation (mentoplasty),United States - ASPS Region 1,10.0,%,2024,ASPS,2024 ASPS cosmetic surgery regional distribution,https://www.plasticsurgery.org/documents/news/statistics/2024/cosmetic-procedures-regions-2024.pdf,Region 1: New England; Middle Atlantic. Share of ASPS total for this procedure.,official_association_report_auto_extracted
data\commercial_sources\phase1_official_stats\asps_plastic_surgery_statistics\2024__regional_distribution__procedures-by-region.pdf,regional_procedure_share,Cosmetic regional distribution,Face,Chin augmentation (mentoplasty),United States - ASPS Region 2,33.0,%,2024,ASPS,2024 ASPS cosmetic surgery regional distribution,https://www.plasticsurgery.org/documents/news/statistics/2024/cosmetic-procedures-regions-2024.pdf,Region 2: East North Central; West North Central. Share of ASPS total for this procedure.,official_association_report_auto_extracted
data\commercial_sources\phase1_official_stats\asps_plastic_surgery_statistics\2024__regional_distribution__procedures-by-region.pdf,regional_procedure_share,Cosmetic regional distribution,Face,Chin augmentation (mentoplasty),United States - ASPS Region 3,14.0,%,2024,ASPS,2024 ASPS cosmetic surgery regional distribution,https://www.plasticsurgery.org/documents/news/statistics/2024/cosmetic-procedures-regions-2024.pdf,Region 3: South Atlantic. Share of ASPS total for this procedure.,official_association_report_auto_extracted
data\commercial_sources\phase1_official_stats\asps_plastic_surgery_statistics\2024__regional_distribution__procedures-by-region.pdf,regional_procedure_share,Cosmetic regional distribution,Face,Chin augmentation (mentoplasty),United States - ASPS Region 4,11.0,%,2024,ASPS,2024 ASPS cosmetic surgery regional distribution,https://www.plasticsurgery.org/documents/news/statistics/2024/cosmetic-procedures-regions-2024.pdf,Region 4: East South Central; West South Central. Share of ASPS total for this procedure.,official_association_report_auto_extracted
data\commercial_sources\phase1_official_stats\asps_plastic_surgery_statistics\2024__regional_distribution__procedures-by-region.pdf,regional_procedure_share,Cosmetic regional distribution,Face,Chin augmentation (mentoplasty),United States - ASPS Region 5,32.0,%,2024,ASPS,2024 ASPS cosmetic surgery regional distribution,https://www.plasticsurgery.org/documents/news/statistics/2024/cosmetic-procedures-regions-2024.pdf,Region 5: Mountain; Pacific. Share of ASPS total for this procedure.,official_association_report_auto_extracted
data\commercial_sources\phase1_official_stats\asps_plastic_surgery_statistics\2024__regional_distribution__procedures-by-region.pdf,regional_procedure_share,Cosmetic regional distribution,Face,Ear surgery (otoplasty),United States - ASPS Region 1,10.0,%,2024,ASPS,2024 ASPS cosmetic surgery regional distribution,https://www.plasticsurgery.org/documents/news/statistics/2024/cosmetic-procedures-regions-2024.pdf,Region 1: New England; Middle Atlantic. Share of ASPS total for this procedure.,official_association_report_auto_extracted
data\commercial_sources\phase1_official_stats\asps_plastic_surgery_statistics\2024__regional_distribution__procedures-by-region.pdf,regional_procedure_share,Cosmetic regional distribution,Face,Ear surgery (otoplasty),United States - ASPS Region 2,13.0,%,2024,ASPS,2024 ASPS cosmetic surgery regional distribution,https://www.plasticsurgery.org/documents/news/statistics/2024/cosmetic-procedures-regions-2024.pdf,Region 2: East North Central; West North Central. Share of ASPS total for this procedure.,official_association_report_auto_extracted
data\commercial_sources\phase1_official_stats\asps_plastic_surgery_statistics\2024__regional_distribution__procedures-by-region.pdf,regional_procedure_share,Cosmetic regional distribution,Face,Ear surgery (otoplasty),United States - ASPS Region 3,21.0,%,2024,ASPS,2024 ASPS cosmetic surgery regional distribution,https://www.plasticsurgery.org/documents/news/statistics/2024/cosmetic-procedures-regions-2024.pdf,Region 3: South Atlantic. Share of ASPS total for this procedure.,official_association_report_auto_extracted
data\commercial_sources\phase1_official_stats\asps_plastic_surgery_statistics\2024__regional_distribution__procedures-by-region.pdf,regional_procedure_share,Cosmetic regional distribution,Face,Ear surgery (otoplasty),United States - ASPS Region 4,16.0,%,2024,ASPS,2024 ASPS cosmetic surgery regional distribution,https://www.plasticsurgery.org/documents/news/statistics/2024/cosmetic-procedures-regions-2024.pdf,Region 4: East South Central; West South Central. Share of ASPS total for this procedure.,official_association_report_auto_extracted
data\commercial_sources\phase1_official_stats\asps_plastic_surgery_statistics\2024__regional_distribution__procedures-by-region.pdf,regional_procedure_share,Cosmetic regional distribution,Face,Ear surgery (otoplasty),United States - ASPS Region 5,41.0,%,2024,ASPS,2024 ASPS cosmetic surgery regional distribution,https://www.plasticsurgery.org/documents/news/statistics/2024/cosmetic-procedures-regions-2024.pdf,Region 5: Mountain; Pacific. Share of ASPS total for this procedure.,official_association_report_auto_extracted
data\commercial_sources\phase1_official_stats\asps_plastic_surgery_statistics\2024__regional_distribution__procedures-by-region.pdf,regional_procedure_share,Cosmetic regional distribution,Face,Eyelid surgery (blepharoplasty),United States - ASPS Region 1,12.0,%,2024,ASPS,2024 ASPS cosmetic surgery regional distribution,https://www.plasticsurgery.org/documents/news/statistics/2024/cosmetic-procedures-regions-2024.pdf,Region 1: New England; Middle Atlantic. Share of ASPS total for this procedure.,official_association_report_auto_extracted
data\commercial_sources\phase1_official_stats\asps_plastic_surgery_statistics\2024__regional_distribution__procedures-by-region.pdf,regional_procedure_share,Cosmetic regional distribution,Face,Eyelid surgery (blepharoplasty),United States - ASPS Region 2,13.0,%,2024,ASPS,2024 ASPS cosmetic surgery regional distribution,https://www.plasticsurgery.org/documents/news/statistics/2024/cosmetic-procedures-regions-2024.pdf,Region 2: East North Central; West North Central. Share of ASPS total for this procedure.,official_association_report_auto_extracted
data\commercial_sources\phase1_official_stats\asps_plastic_surgery_statistics\2024__regional_distribution__procedures-by-region.pdf,regional_procedure_share,Cosmetic regional distribution,Face,Eyelid surgery (blepharoplasty),United States - ASPS Region 3,30.0,%,2024,ASPS,2024 ASPS cosmetic surgery regional distribution,https://www.plasticsurgery.org/documents/news/statistics/2024/cosmetic-procedures-regions-2024.pdf,Region 3: South Atlantic. Share of ASPS total for this procedure.,official_association_report_auto_extracted
data\commercial_sources\phase1_official_stats\asps_plastic_surgery_statistics\2024__regional_distribution__procedures-by-region.pdf,regional_procedure_share,Cosmetic regional distribution,Face,Eyelid surgery (blepharoplasty),United States - ASPS Region 4,16.0,%,2024,ASPS,2024 ASPS cosmetic surgery regional distribution,https://www.plasticsurgery.org/documents/news/statistics/2024/cosmetic-procedures-regions-2024.pdf,Region 4: East South Central; West South Central. Share of ASPS total for this procedure.,official_association_report_auto_extracted
data\commercial_sources\phase1_official_stats\asps_plastic_surgery_statistics\2024__regional_distribution__procedures-by-region.pdf,regional_procedure_share,Cosmetic regional distribution,Face,Eyelid surgery (blepharoplasty),United States - ASPS Region 5,30.0,%,2024,ASPS,2024 ASPS cosmetic surgery regional distribution,https://www.plasticsurgery.org/documents/news/statistics/2024/cosmetic-procedures-regions-2024.pdf,Region 5: Mountain; Pacific. Share of ASPS total for this procedure.,official_association_report_auto_extracted
data\commercial_sources\phase1_official_stats\asps_plastic_surgery_statistics\2024__regional_distribution__procedures-by-region.pdf,regional_procedure_share,Cosmetic regional distribution,Face,Facelift (rhytidectomy),United States - ASPS Region 1,12.0,%,2024,ASPS,2024 ASPS cosmetic surgery regional distribution,https://www.plasticsurgery.org/documents/news/statistics/2024/cosmetic-procedures-regions-2024.pdf,Region 1: New England; Middle Atlantic. Share of ASPS total for this procedure.,official_association_report_auto_extracted
data\commercial_sources\phase1_official_stats\asps_plastic_surgery_statistics\2024__regional_distribution__procedures-by-region.pdf,regional_procedure_share,Cosmetic regional distribution,Face,Facelift (rhytidectomy),United States - ASPS Region 2,13.0,%,2024,ASPS,2024 ASPS cosmetic surgery regional distribution,https://www.plasticsurgery.org/documents/news/statistics/2024/cosmetic-procedures-regions-2024.pdf,Region 2: East North Central; West North Central. Share of ASPS total for this procedure.,official_association_report_auto_extracted
data\commercial_sources\phase1_official_stats\asps_plastic_surgery_statistics\2024__regional_distribution__procedures-by-region.pdf,regional_procedure_share,Cosmetic regional distribution,Face,Facelift (rhytidectomy),United States - ASPS Region 3,29.0,%,2024,ASPS,2024 ASPS cosmetic surgery regional distribution,https://www.plasticsurgery.org/documents/news/statistics/2024/cosmetic-procedures-regions-2024.pdf,Region 3: South Atlantic. Share of ASPS total for this procedure.,official_association_report_auto_extracted
data\commercial_sources\phase1_official_stats\asps_plastic_surgery_statistics\2024__regional_distribution__procedures-by-region.pdf,regional_procedure_share,Cosmetic regional distribution,Face,Facelift (rhytidectomy),United States - ASPS Region 4,17.0,%,2024,ASPS,2024 ASPS cosmetic surgery regional distribution,https://www.plasticsurgery.org/documents/news/statistics/2024/cosmetic-procedures-regions-2024.pdf,Region 4: East South Central; West South Central. Share of ASPS total for this procedure.,official_association_report_auto_extracted
data\commercial_sources\phase1_official_stats\asps_plastic_surgery_statistics\2024__regional_distribution__procedures-by-region.pdf,regional_procedure_share,Cosmetic regional distribution,Face,Facelift (rhytidectomy),United States - ASPS Region 5,29.0,%,2024,ASPS,2024 ASPS cosmetic surgery regional distribution,https://www.plasticsurgery.org/documents/news/statistics/2024/cosmetic-procedures-regions-2024.pdf,Region 5: Mountain; Pacific. Share of ASPS total for this procedure.,official_association_report_auto_extracted
data\commercial_sources\phase1_official_stats\asps_plastic_surgery_statistics\2024__regional_distribution__procedures-by-region.pdf,regional_procedure_share,Cosmetic regional distribution,Face,Facial fat grafting,United States - ASPS Region 1,12.0,%,2024,ASPS,2024 ASPS cosmetic surgery regional distribution,https://www.plasticsurgery.org/documents/news/statistics/2024/cosmetic-procedures-regions-2024.pdf,Region 1: New England; Middle Atlantic. Share of ASPS total for this procedure.,official_association_report_auto_extracted
data\commercial_sources\phase1_official_stats\asps_plastic_surgery_statistics\2024__regional_distribution__procedures-by-region.pdf,regional_procedure_share,Cosmetic regional distribution,Face,Facial fat grafting,United States - ASPS Region 2,15.0,%,2024,ASPS,2024 ASPS cosmetic surgery regional distribution,https://www.plasticsurgery.org/documents/news/statistics/2024/cosmetic-procedures-regions-2024.pdf,Region 2: East North Central; West North Central. Share of ASPS total for this procedure.,official_association_report_auto_extracted
data\commercial_sources\phase1_official_stats\asps_plastic_surgery_statistics\2024__regional_distribution__procedures-by-region.pdf,regional_procedure_share,Cosmetic regional distribution,Face,Facial fat grafting,United States - ASPS Region 3,20.0,%,2024,ASPS,2024 ASPS cosmetic surgery regional distribution,https://www.plasticsurgery.org/documents/news/statistics/2024/cosmetic-procedures-regions-2024.pdf,Region 3: South Atlantic. Share of ASPS total for this procedure.,official_association_report_auto_extracted
data\commercial_sources\phase1_official_stats\asps_plastic_surgery_statistics\2024__regional_distribution__procedures-by-region.pdf,regional_procedure_share,Cosmetic regional distribution,Face,Facial fat grafting,United States - ASPS Region 4,19.0,%,2024,ASPS,2024 ASPS cosmetic surgery regional distribution,https://www.plasticsurgery.org/documents/news/statistics/2024/cosmetic-procedures-regions-2024.pdf,Region 4: East South Central; West South Central. Share of ASPS total for this procedure.,official_association_report_auto_extracted
data\commercial_sources\phase1_official_stats\asps_plastic_surgery_statistics\2024__regional_distribution__procedures-by-region.pdf,regional_procedure_share,Cosmetic regional distribution,Face,Facial fat grafting,United States - ASPS Region 5,35.0,%,2024,ASPS,2024 ASPS cosmetic surgery regional distribution,https://www.plasticsurgery.org/documents/news/statistics/2024/cosmetic-procedures-regions-2024.pdf,Region 5: Mountain; Pacific. Share of ASPS total for this procedure.,official_association_report_auto_extracted
data\commercial_sources\phase1_official_stats\asps_plastic_surgery_statistics\2024__regional_distribution__procedures-by-region.pdf,regional_procedure_share,Cosmetic regional distribution,Face,Forehead lift,United States - ASPS Region 1,10.0,%,2024,ASPS,2024 ASPS cosmetic surgery regional distribution,https://www.plasticsurgery.org/documents/news/statistics/2024/cosmetic-procedures-regions-2024.pdf,Region 1: New England; Middle Atlantic. Share of ASPS total for this procedure.,official_association_report_auto_extracted
data\commercial_sources\phase1_official_stats\asps_plastic_surgery_statistics\2024__regional_distribution__procedures-by-region.pdf,regional_procedure_share,Cosmetic regional distribution,Face,Forehead lift,United States - ASPS Region 2,12.0,%,2024,ASPS,2024 ASPS cosmetic surgery regional distribution,https://www.plasticsurgery.org/documents/news/statistics/2024/cosmetic-procedures-regions-2024.pdf,Region 2: East North Central; West North Central. Share of ASPS total for this procedure.,official_association_report_auto_extracted
data\commercial_sources\phase1_official_stats\asps_plastic_surgery_statistics\2024__regional_distribution__procedures-by-region.pdf,regional_procedure_share,Cosmetic regional distribution,Face,Forehead lift,United States - ASPS Region 3,19.0,%,2024,ASPS,2024 ASPS cosmetic surgery regional distribution,https://www.plasticsurgery.org/documents/news/statistics/2024/cosmetic-procedures-regions-2024.pdf,Region 3: South Atlantic. Share of ASPS total for this procedure.,official_association_report_auto_extracted
data\commercial_sources\phase1_official_stats\asps_plastic_surgery_statistics\2024__regional_distribution__procedures-by-region.pdf,regional_procedure_share,Cosmetic regional distribution,Face,Forehead lift,United States - ASPS Region 4,15.0,%,2024,ASPS,2024 ASPS cosmetic surgery regional distribution,https://www.plasticsurgery.org/documents/news/statistics/2024/cosmetic-procedures-regions-2024.pdf,Region 4: East South Central; West South Central. Share of ASPS total for this procedure.,official_association_report_auto_extracted
data\commercial_sources\phase1_official_stats\asps_plastic_surgery_statistics\2024__regional_distribution__procedures-by-region.pdf,regional_procedure_share,Cosmetic regional distribution,Face,Forehead lift,United States - ASPS Region 5,43.0,%,2024,ASPS,2024 ASPS cosmetic surgery regional distribution,https://www.plasticsurgery.org/documents/news/statistics/2024/cosmetic-procedures-regions-2024.pdf,Region 5: Mountain; Pacific. Share of ASPS total for this procedure.,official_association_report_auto_extracted
data\commercial_sources\phase1_official_stats\asps_plastic_surgery_statistics\2024__regional_distribution__procedures-by-region.pdf,regional_procedure_share,Cosmetic regional distribution,Face,Liposuction (submental/chin),United States - ASPS Region 1,17.0,%,2024,ASPS,2024 ASPS cosmetic surgery regional distribution,https://www.plasticsurgery.org/documents/news/statistics/2024/cosmetic-procedures-regions-2024.pdf,Region 1: New England; Middle Atlantic. Share of ASPS total for this procedure.,official_association_report_auto_extracted
data\commercial_sources\phase1_official_stats\asps_plastic_surgery_statistics\2024__regional_distribution__procedures-by-region.pdf,regional_procedure_share,Cosmetic regional distribution,Face,Liposuction (submental/chin),United States - ASPS Region 2,8.0,%,2024,ASPS,2024 ASPS cosmetic surgery regional distribution,https://www.plasticsurgery.org/documents/news/statistics/2024/cosmetic-procedures-regions-2024.pdf,Region 2: East North Central; West North Central. Share of ASPS total for this procedure.,official_association_report_auto_extracted
data\commercial_sources\phase1_official_stats\asps_plastic_surgery_statistics\2024__regional_distribution__procedures-by-region.pdf,regional_procedure_share,Cosmetic regional distribution,Face,Liposuction (submental/chin),United States - ASPS Region 3,32.0,%,2024,ASPS,2024 ASPS cosmetic surgery regional distribution,https://www.plasticsurgery.org/documents/news/statistics/2024/cosmetic-procedures-regions-2024.pdf,Region 3: South Atlantic. Share of ASPS total for this procedure.,official_association_report_auto_extracted
data\commercial_sources\phase1_official_stats\asps_plastic_surgery_statistics\2024__regional_distribution__procedures-by-region.pdf,regional_procedure_share,Cosmetic regional distribution,Face,Liposuction (submental/chin),United States - ASPS Region 4,21.0,%,2024,ASPS,2024 ASPS cosmetic surgery regional distribution,https://www.plasticsurgery.org/documents/news/statistics/2024/cosmetic-procedures-regions-2024.pdf,Region 4: East South Central; West South Central. Share of ASPS total for this procedure.,official_association_report_auto_extracted
data\commercial_sources\phase1_official_stats\asps_plastic_surgery_statistics\2024__regional_distribution__procedures-by-region.pdf,regional_procedure_share,Cosmetic regional distribution,Face,Liposuction (submental/chin),United States - ASPS Region 5,21.0,%,2024,ASPS,2024 ASPS cosmetic surgery regional distribution,https://www.plasticsurgery.org/documents/news/statistics/2024/cosmetic-procedures-regions-2024.pdf,Region 5: Mountain; Pacific. Share of ASPS total for this procedure.,official_association_report_auto_extracted
data\commercial_sources\phase1_official_stats\asps_plastic_surgery_statistics\2024__regional_distribution__procedures-by-region.pdf,regional_procedure_share,Cosmetic regional distribution,Face,Neck lift,United States - ASPS Region 1,7.0,%,2024,ASPS,2024 ASPS cosmetic surgery regional distribution,https://www.plasticsurgery.org/documents/news/statistics/2024/cosmetic-procedures-regions-2024.pdf,Region 1: New England; Middle Atlantic. Share of ASPS total for this procedure.,official_association_report_auto_extracted
data\commercial_sources\phase1_official_stats\asps_plastic_surgery_statistics\2024__regional_distribution__procedures-by-region.pdf,regional_procedure_share,Cosmetic regional distribution,Face,Neck lift,United States - ASPS Region 2,18.0,%,2024,ASPS,2024 ASPS cosmetic surgery regional distribution,https://www.plasticsurgery.org/documents/news/statistics/2024/cosmetic-procedures-regions-2024.pdf,Region 2: East North Central; West North Central. Share of ASPS total for this procedure.,official_association_report_auto_extracted
data\commercial_sources\phase1_official_stats\asps_plastic_surgery_statistics\2024__regional_distribution__procedures-by-region.pdf,regional_procedure_share,Cosmetic regional distribution,Face,Neck lift,United States - ASPS Region 3,22.0,%,2024,ASPS,2024 ASPS cosmetic surgery regional distribution,https://www.plasticsurgery.org/documents/news/statistics/2024/cosmetic-procedures-regions-2024.pdf,Region 3: South Atlantic. Share of ASPS total for this procedure.,official_association_report_auto_extracted
data\commercial_sources\phase1_official_stats\asps_plastic_surgery_statistics\2024__regional_distribution__procedures-by-region.pdf,regional_procedure_share,Cosmetic regional distribution,Face,Neck lift,United States - ASPS Region 4,23.0,%,2024,ASPS,2024 ASPS cosmetic surgery regional distribution,https://www.plasticsurgery.org/documents/news/statistics/2024/cosmetic-procedures-regions-2024.pdf,Region 4: East South Central; West South Central. Share of ASPS total for this procedure.,official_association_report_auto_extracted
data\commercial_sources\phase1_official_stats\asps_plastic_surgery_statistics\2024__regional_distribution__procedures-by-region.pdf,regional_procedure_share,Cosmetic regional distribution,Face,Neck lift,United States - ASPS Region 5,30.0,%,2024,ASPS,2024 ASPS cosmetic surgery regional distribution,https://www.plasticsurgery.org/documents/news/statistics/2024/cosmetic-procedures-regions-2024.pdf,Region 5: Mountain; Pacific. Share of ASPS total for this procedure.,official_association_report_auto_extracted
data\commercial_sources\phase1_official_stats\asps_plastic_surgery_statistics\2024__regional_distribution__procedures-by-region.pdf,regional_procedure_share,Cosmetic regional distribution,Face,Nose reshaping (rhinoplasty),United States - ASPS Region 1,17.0,%,2024,ASPS,2024 ASPS cosmetic surgery regional distribution,https://www.plasticsurgery.org/documents/news/statistics/2024/cosmetic-procedures-regions-2024.pdf,Region 1: New England; Middle Atlantic. Share of ASPS total for this procedure.,official_association_report_auto_extracted
data\commercial_sources\phase1_official_stats\asps_plastic_surgery_statistics\2024__regional_distribution__procedures-by-region.pdf,regional_procedure_share,Cosmetic regional distribution,Face,Nose reshaping (rhinoplasty),United States - ASPS Region 2,17.0,%,2024,ASPS,2024 ASPS cosmetic surgery regional distribution,https://www.plasticsurgery.org/documents/news/statistics/2024/cosmetic-procedures-regions-2024.pdf,Region 2: East North Central; West North Central. Share of ASPS total for this procedure.,official_association_report_auto_extracted
data\commercial_sources\phase1_official_stats\asps_plastic_surgery_statistics\2024__regional_distribution__procedures-by-region.pdf,regional_procedure_share,Cosmetic regional distribution,Face,Nose reshaping (rhinoplasty),United States - ASPS Region 3,23.0,%,2024,ASPS,2024 ASPS cosmetic surgery regional distribution,https://www.plasticsurgery.org/documents/news/statistics/2024/cosmetic-procedures-regions-2024.pdf,Region 3: South Atlantic. Share of ASPS total for this procedure.,official_association_report_auto_extracted
data\commercial_sources\phase1_official_stats\asps_plastic_surgery_statistics\2024__regional_distribution__procedures-by-region.pdf,regional_procedure_share,Cosmetic regional distribution,Face,Nose reshaping (rhinoplasty),United States - ASPS Region 4,18.0,%,2024,ASPS,2024 ASPS cosmetic surgery regional distribution,https://www.plasticsurgery.org/documents/news/statistics/2024/cosmetic-procedures-regions-2024.pdf,Region 4: East South Central; West South Central. Share of ASPS total for this procedure.,official_association_report_auto_extracted
data\commercial_sources\phase1_official_stats\asps_plastic_surgery_statistics\2024__regional_distribution__procedures-by-region.pdf,regional_procedure_share,Cosmetic regional distribution,Face,Nose reshaping (rhinoplasty),United States - ASPS Region 5,25.0,%,2024,ASPS,2024 ASPS cosmetic surgery regional distribution,https://www.plasticsurgery.org/documents/news/statistics/2024/cosmetic-procedures-regions-2024.pdf,Region 5: Mountain; Pacific. Share of ASPS total for this procedure.,official_association_report_auto_extracted
data\commercial_sources\phase1_official_stats\asps_plastic_surgery_statistics\2024__regional_distribution__procedures-by-region.pdf,regional_procedure_share,Cosmetic regional distribution,Total,,United States - ASPS Region 1,11.0,%,2024,ASPS,2024 ASPS cosmetic surgery regional distribution,https://www.plasticsurgery.org/documents/news/statistics/2024/cosmetic-procedures-regions-2024.pdf,Region 1: New England; Middle Atlantic. Share of ASPS total for this procedure.,official_association_report_auto_extracted
data\commercial_sources\phase1_official_stats\asps_plastic_surgery_statistics\2024__regional_distribution__procedures-by-region.pdf,regional_procedure_share,Cosmetic regional distribution,Total,,United States - ASPS Region 1,13.0,%,2024,ASPS,2024 ASPS cosmetic surgery regional distribution,https://www.plasticsurgery.org/documents/news/statistics/2024/cosmetic-procedures-regions-2024.pdf,Region 1: New England; Middle Atlantic. Share of ASPS total for this procedure.,official_association_report_auto_extracted
data\commercial_sources\phase1_official_stats\asps_plastic_surgery_statistics\2024__regional_distribution__procedures-by-region.pdf,regional_procedure_share,Cosmetic regional distribution,Total,,United States - ASPS Region 2,14.0,%,2024,ASPS,2024 ASPS cosmetic surgery regional distribution,https://www.plasticsurgery.org/documents/news/statistics/2024/cosmetic-procedures-regions-2024.pdf,Region 2: East North Central; West North Central. Share of ASPS total for this procedure.,official_association_report_auto_extracted
data\commercial_sources\phase1_official_stats\asps_plastic_surgery_statistics\2024__regional_distribution__procedures-by-region.pdf,regional_procedure_share,Cosmetic regional distribution,Total,,United States - ASPS Region 2,15.0,%,2024,ASPS,2024 ASPS cosmetic surgery regional distribution,https://www.plasticsurgery.org/documents/news/statistics/2024/cosmetic-procedures-regions-2024.pdf,Region 2: East North Central; West North Central. Share of ASPS total for this procedure.,official_association_report_auto_extracted
data\commercial_sources\phase1_official_stats\asps_plastic_surgery_statistics\2024__regional_distribution__procedures-by-region.pdf,regional_procedure_share,Cosmetic regional distribution,Total,,United States - ASPS Region 3,28.0,%,2024,ASPS,2024 ASPS cosmetic surgery regional distribution,https://www.plasticsurgery.org/documents/news/statistics/2024/cosmetic-procedures-regions-2024.pdf,Region 3: South Atlantic. Share of ASPS total for this procedure.,official_association_report_auto_extracted
data\commercial_sources\phase1_official_stats\asps_plastic_surgery_statistics\2024__regional_distribution__procedures-by-region.pdf,regional_procedure_share,Cosmetic regional distribution,Total,,United States - ASPS Region 3,25.0,%,2024,ASPS,2024 ASPS cosmetic surgery regional distribution,https://www.plasticsurgery.org/documents/news/statistics/2024/cosmetic-procedures-regions-2024.pdf,Region 3: South Atlantic. Share of ASPS total for this procedure.,official_association_report_auto_extracted
data\commercial_sources\phase1_official_stats\asps_plastic_surgery_statistics\2024__regional_distribution__procedures-by-region.pdf,regional_procedure_share,Cosmetic regional distribution,Total,,United States - ASPS Region 4,18.0,%,2024,ASPS,2024 ASPS cosmetic surgery regional distribution,https://www.plasticsurgery.org/documents/news/statistics/2024/cosmetic-procedures-regions-2024.pdf,Region 4: East South Central; West South Central. Share of ASPS total for this procedure.,official_association_report_auto_extracted
data\commercial_sources\phase1_official_stats\asps_plastic_surgery_statistics\2024__regional_distribution__procedures-by-region.pdf,regional_procedure_share,Cosmetic regional distribution,Total,,United States - ASPS Region 4,18.0,%,2024,ASPS,2024 ASPS cosmetic surgery regional distribution,https://www.plasticsurgery.org/documents/news/statistics/2024/cosmetic-procedures-regions-2024.pdf,Region 4: East South Central; West South Central. Share of ASPS total for this procedure.,official_association_report_auto_extracted
data\commercial_sources\phase1_official_stats\asps_plastic_surgery_statistics\2024__regional_distribution__procedures-by-region.pdf,regional_procedure_share,Cosmetic regional distribution,Total,,United States - ASPS Region 5,29.0,%,2024,ASPS,2024 ASPS cosmetic surgery regional distribution,https://www.plasticsurgery.org/documents/news/statistics/2024/cosmetic-procedures-regions-2024.pdf,Region 5: Mountain; Pacific. Share of ASPS total for this procedure.,official_association_report_auto_extracted
data\commercial_sources\phase1_official_stats\asps_plastic_surgery_statistics\2024__regional_distribution__procedures-by-region.pdf,regional_procedure_share,Cosmetic regional distribution,Total,,United States - ASPS Region 5,29.0,%,2024,ASPS,2024 ASPS cosmetic surgery regional distribution,https://www.plasticsurgery.org/documents/news/statistics/2024/cosmetic-procedures-regions-2024.pdf,Region 5: Mountain; Pacific. Share of ASPS total for this procedure.,official_association_report_auto_extracted
data\commercial_sources\phase1_official_stats\asps_plastic_surgery_statistics\2024__regional_distribution__procedures-by-region.pdf,regional_procedure_volume,Cosmetic regional distribution,Body,Abdominoplasty (tummy tuck),United States - ASPS Region 1,20377,procedures,2024,ASPS,2024 ASPS cosmetic surgery regional distribution,https://www.plasticsurgery.org/documents/news/statistics/2024/cosmetic-procedures-regions-2024.pdf,Region 1: New England; Middle Atlantic. ASPS regional distribution count.,official_association_report_auto_extracted
data\commercial_sources\phase1_official_stats\asps_plastic_surgery_statistics\2024__regional_distribution__procedures-by-region.pdf,regional_procedure_volume,Cosmetic regional distribution,Body,Abdominoplasty (tummy tuck),United States - ASPS Region 2,27496,procedures,2024,ASPS,2024 ASPS cosmetic surgery regional distribution,https://www.plasticsurgery.org/documents/news/statistics/2024/cosmetic-procedures-regions-2024.pdf,Region 2: East North Central; West North Central. ASPS regional distribution count.,official_association_report_auto_extracted
data\commercial_sources\phase1_official_stats\asps_plastic_surgery_statistics\2024__regional_distribution__procedures-by-region.pdf,regional_procedure_volume,Cosmetic regional distribution,Body,Abdominoplasty (tummy tuck),United States - ASPS Region 3,45911,procedures,2024,ASPS,2024 ASPS cosmetic surgery regional distribution,https://www.plasticsurgery.org/documents/news/statistics/2024/cosmetic-procedures-regions-2024.pdf,Region 3: South Atlantic. ASPS regional distribution count.,official_association_report_auto_extracted
data\commercial_sources\phase1_official_stats\asps_plastic_surgery_statistics\2024__regional_distribution__procedures-by-region.pdf,regional_procedure_volume,Cosmetic regional distribution,Body,Abdominoplasty (tummy tuck),United States - ASPS Region 4,34313,procedures,2024,ASPS,2024 ASPS cosmetic surgery regional distribution,https://www.plasticsurgery.org/documents/news/statistics/2024/cosmetic-procedures-regions-2024.pdf,Region 4: East South Central; West South Central. ASPS regional distribution count.,official_association_report_auto_extracted
data\commercial_sources\phase1_official_stats\asps_plastic_surgery_statistics\2024__regional_distribution__procedures-by-region.pdf,regional_procedure_volume,Cosmetic regional distribution,Body,Abdominoplasty (tummy tuck),United States - ASPS Region 5,42967,procedures,2024,ASPS,2024 ASPS cosmetic surgery regional distribution,https://www.plasticsurgery.org/documents/news/statistics/2024/cosmetic-procedures-regions-2024.pdf,Region 5: Mountain; Pacific. ASPS regional distribution count.,official_association_report_auto_extracted
data\commercial_sources\phase1_official_stats\asps_plastic_surgery_statistics\2024__regional_distribution__procedures-by-region.pdf,regional_procedure_volume,Cosmetic regional distribution,Body,Buttock augmentation with fat grafting,United States - ASPS Region 1,2465,procedures,2024,ASPS,2024 ASPS cosmetic surgery regional distribution,https://www.plasticsurgery.org/documents/news/statistics/2024/cosmetic-procedures-regions-2024.pdf,Region 1: New England; Middle Atlantic. ASPS regional distribution count.,official_association_report_auto_extracted
data\commercial_sources\phase1_official_stats\asps_plastic_surgery_statistics\2024__regional_distribution__procedures-by-region.pdf,regional_procedure_volume,Cosmetic regional distribution,Body,Buttock augmentation with fat grafting,United States - ASPS Region 2,1319,procedures,2024,ASPS,2024 ASPS cosmetic surgery regional distribution,https://www.plasticsurgery.org/documents/news/statistics/2024/cosmetic-procedures-regions-2024.pdf,Region 2: East North Central; West North Central. ASPS regional distribution count.,official_association_report_auto_extracted
data\commercial_sources\phase1_official_stats\asps_plastic_surgery_statistics\2024__regional_distribution__procedures-by-region.pdf,regional_procedure_volume,Cosmetic regional distribution,Body,Buttock augmentation with fat grafting,United States - ASPS Region 3,14759,procedures,2024,ASPS,2024 ASPS cosmetic surgery regional distribution,https://www.plasticsurgery.org/documents/news/statistics/2024/cosmetic-procedures-regions-2024.pdf,Region 3: South Atlantic. ASPS regional distribution count.,official_association_report_auto_extracted
data\commercial_sources\phase1_official_stats\asps_plastic_surgery_statistics\2024__regional_distribution__procedures-by-region.pdf,regional_procedure_volume,Cosmetic regional distribution,Body,Buttock augmentation with fat grafting,United States - ASPS Region 4,4625,procedures,2024,ASPS,2024 ASPS cosmetic surgery regional distribution,https://www.plasticsurgery.org/documents/news/statistics/2024/cosmetic-procedures-regions-2024.pdf,Region 4: East South Central; West South Central. ASPS regional distribution count.,official_association_report_auto_extracted
data\commercial_sources\phase1_official_stats\asps_plastic_surgery_statistics\2024__regional_distribution__procedures-by-region.pdf,regional_procedure_volume,Cosmetic regional distribution,Body,Buttock augmentation with fat grafting,United States - ASPS Region 5,6298,procedures,2024,ASPS,2024 ASPS cosmetic surgery regional distribution,https://www.plasticsurgery.org/documents/news/statistics/2024/cosmetic-procedures-regions-2024.pdf,Region 5: Mountain; Pacific. ASPS regional distribution count.,official_association_report_auto_extracted
data\commercial_sources\phase1_official_stats\asps_plastic_surgery_statistics\2024__regional_distribution__procedures-by-region.pdf,regional_procedure_volume,Cosmetic regional distribution,Body,Buttock implants,United States - ASPS Region 1,70,procedures,2024,ASPS,2024 ASPS cosmetic surgery regional distribution,https://www.plasticsurgery.org/documents/news/statistics/2024/cosmetic-procedures-regions-2024.pdf,Region 1: New England; Middle Atlantic. ASPS regional distribution count.,official_association_report_auto_extracted
data\commercial_sources\phase1_official_stats\asps_plastic_surgery_statistics\2024__regional_distribution__procedures-by-region.pdf,regional_procedure_volume,Cosmetic regional distribution,Body,Buttock implants,United States - ASPS Region 2,9,procedures,2024,ASPS,2024 ASPS cosmetic surgery regional distribution,https://www.plasticsurgery.org/documents/news/statistics/2024/cosmetic-procedures-regions-2024.pdf,Region 2: East North Central; West North Central. ASPS regional distribution count.,official_association_report_auto_extracted
data\commercial_sources\phase1_official_stats\asps_plastic_surgery_statistics\2024__regional_distribution__procedures-by-region.pdf,regional_procedure_volume,Cosmetic regional distribution,Body,Buttock implants,United States - ASPS Region 3,198,procedures,2024,ASPS,2024 ASPS cosmetic surgery regional distribution,https://www.plasticsurgery.org/documents/news/statistics/2024/cosmetic-procedures-regions-2024.pdf,Region 3: South Atlantic. ASPS regional distribution count.,official_association_report_auto_extracted
data\commercial_sources\phase1_official_stats\asps_plastic_surgery_statistics\2024__regional_distribution__procedures-by-region.pdf,regional_procedure_volume,Cosmetic regional distribution,Body,Buttock implants,United States - ASPS Region 4,534,procedures,2024,ASPS,2024 ASPS cosmetic surgery regional distribution,https://www.plasticsurgery.org/documents/news/statistics/2024/cosmetic-procedures-regions-2024.pdf,Region 4: East South Central; West South Central. ASPS regional distribution count.,official_association_report_auto_extracted
data\commercial_sources\phase1_official_stats\asps_plastic_surgery_statistics\2024__regional_distribution__procedures-by-region.pdf,regional_procedure_volume,Cosmetic regional distribution,Body,Buttock implants,United States - ASPS Region 5,434,procedures,2024,ASPS,2024 ASPS cosmetic surgery regional distribution,https://www.plasticsurgery.org/documents/news/statistics/2024/cosmetic-procedures-regions-2024.pdf,Region 5: Mountain; Pacific. ASPS regional distribution count.,official_association_report_auto_extracted
data\commercial_sources\phase1_official_stats\asps_plastic_surgery_statistics\2024__regional_distribution__procedures-by-region.pdf,regional_procedure_volume,Cosmetic regional distribution,Body,Buttock lift,United States - ASPS Region 1,2147,procedures,2024,ASPS,2024 ASPS cosmetic surgery regional distribution,https://www.plasticsurgery.org/documents/news/statistics/2024/cosmetic-procedures-regions-2024.pdf,Region 1: New England; Middle Atlantic. ASPS regional distribution count.,official_association_report_auto_extracted
data\commercial_sources\phase1_official_stats\asps_plastic_surgery_statistics\2024__regional_distribution__procedures-by-region.pdf,regional_procedure_volume,Cosmetic regional distribution,Body,Buttock lift,United States - ASPS Region 2,420,procedures,2024,ASPS,2024 ASPS cosmetic surgery regional distribution,https://www.plasticsurgery.org/documents/news/statistics/2024/cosmetic-procedures-regions-2024.pdf,Region 2: East North Central; West North Central. ASPS regional distribution count.,official_association_report_auto_extracted
data\commercial_sources\phase1_official_stats\asps_plastic_surgery_statistics\2024__regional_distribution__procedures-by-region.pdf,regional_procedure_volume,Cosmetic regional distribution,Body,Buttock lift,United States - ASPS Region 3,1873,procedures,2024,ASPS,2024 ASPS cosmetic surgery regional distribution,https://www.plasticsurgery.org/documents/news/statistics/2024/cosmetic-procedures-regions-2024.pdf,Region 3: South Atlantic. ASPS regional distribution count.,official_association_report_auto_extracted
data\commercial_sources\phase1_official_stats\asps_plastic_surgery_statistics\2024__regional_distribution__procedures-by-region.pdf,regional_procedure_volume,Cosmetic regional distribution,Body,Buttock lift,United States - ASPS Region 4,2534,procedures,2024,ASPS,2024 ASPS cosmetic surgery regional distribution,https://www.plasticsurgery.org/documents/news/statistics/2024/cosmetic-procedures-regions-2024.pdf,Region 4: East South Central; West South Central. ASPS regional distribution count.,official_association_report_auto_extracted
data\commercial_sources\phase1_official_stats\asps_plastic_surgery_statistics\2024__regional_distribution__procedures-by-region.pdf,regional_procedure_volume,Cosmetic regional distribution,Body,Buttock lift,United States - ASPS Region 5,980,procedures,2024,ASPS,2024 ASPS cosmetic surgery regional distribution,https://www.plasticsurgery.org/documents/news/statistics/2024/cosmetic-procedures-regions-2024.pdf,Region 5: Mountain; Pacific. ASPS regional distribution count.,official_association_report_auto_extracted
data\commercial_sources\phase1_official_stats\asps_plastic_surgery_statistics\2024__regional_distribution__procedures-by-region.pdf,regional_procedure_volume,Cosmetic regional distribution,Body,Labiaplasty,United States - ASPS Region 1,955,procedures,2024,ASPS,2024 ASPS cosmetic surgery regional distribution,https://www.plasticsurgery.org/documents/news/statistics/2024/cosmetic-procedures-regions-2024.pdf,Region 1: New England; Middle Atlantic. ASPS regional distribution count.,official_association_report_auto_extracted
data\commercial_sources\phase1_official_stats\asps_plastic_surgery_statistics\2024__regional_distribution__procedures-by-region.pdf,regional_procedure_volume,Cosmetic regional distribution,Body,Labiaplasty,United States - ASPS Region 2,1232,procedures,2024,ASPS,2024 ASPS cosmetic surgery regional distribution,https://www.plasticsurgery.org/documents/news/statistics/2024/cosmetic-procedures-regions-2024.pdf,Region 2: East North Central; West North Central. ASPS regional distribution count.,official_association_report_auto_extracted
data\commercial_sources\phase1_official_stats\asps_plastic_surgery_statistics\2024__regional_distribution__procedures-by-region.pdf,regional_procedure_volume,Cosmetic regional distribution,Body,Labiaplasty,United States - ASPS Region 3,2483,procedures,2024,ASPS,2024 ASPS cosmetic surgery regional distribution,https://www.plasticsurgery.org/documents/news/statistics/2024/cosmetic-procedures-regions-2024.pdf,Region 3: South Atlantic. ASPS regional distribution count.,official_association_report_auto_extracted
data\commercial_sources\phase1_official_stats\asps_plastic_surgery_statistics\2024__regional_distribution__procedures-by-region.pdf,regional_procedure_volume,Cosmetic regional distribution,Body,Labiaplasty,United States - ASPS Region 4,1923,procedures,2024,ASPS,2024 ASPS cosmetic surgery regional distribution,https://www.plasticsurgery.org/documents/news/statistics/2024/cosmetic-procedures-regions-2024.pdf,Region 4: East South Central; West South Central. ASPS regional distribution count.,official_association_report_auto_extracted
data\commercial_sources\phase1_official_stats\asps_plastic_surgery_statistics\2024__regional_distribution__procedures-by-region.pdf,regional_procedure_volume,Cosmetic regional distribution,Body,Labiaplasty,United States - ASPS Region 5,4234,procedures,2024,ASPS,2024 ASPS cosmetic surgery regional distribution,https://www.plasticsurgery.org/documents/news/statistics/2024/cosmetic-procedures-regions-2024.pdf,Region 5: Mountain; Pacific. ASPS regional distribution count.,official_association_report_auto_extracted
data\commercial_sources\phase1_official_stats\asps_plastic_surgery_statistics\2024__regional_distribution__procedures-by-region.pdf,regional_procedure_volume,Cosmetic regional distribution,Body,Liposuction,United States - ASPS Region 1,30753,procedures,2024,ASPS,2024 ASPS cosmetic surgery regional distribution,https://www.plasticsurgery.org/documents/news/statistics/2024/cosmetic-procedures-regions-2024.pdf,Region 1: New England; Middle Atlantic. ASPS regional distribution count.,official_association_report_auto_extracted
data\commercial_sources\phase1_official_stats\asps_plastic_surgery_statistics\2024__regional_distribution__procedures-by-region.pdf,regional_procedure_volume,Cosmetic regional distribution,Body,Liposuction,United States - ASPS Region 2,46173,procedures,2024,ASPS,2024 ASPS cosmetic surgery regional distribution,https://www.plasticsurgery.org/documents/news/statistics/2024/cosmetic-procedures-regions-2024.pdf,Region 2: East North Central; West North Central. ASPS regional distribution count.,official_association_report_auto_extracted
data\commercial_sources\phase1_official_stats\asps_plastic_surgery_statistics\2024__regional_distribution__procedures-by-region.pdf,regional_procedure_volume,Cosmetic regional distribution,Body,Liposuction,United States - ASPS Region 3,122724,procedures,2024,ASPS,2024 ASPS cosmetic surgery regional distribution,https://www.plasticsurgery.org/documents/news/statistics/2024/cosmetic-procedures-regions-2024.pdf,Region 3: South Atlantic. ASPS regional distribution count.,official_association_report_auto_extracted
data\commercial_sources\phase1_official_stats\asps_plastic_surgery_statistics\2024__regional_distribution__procedures-by-region.pdf,regional_procedure_volume,Cosmetic regional distribution,Body,Liposuction,United States - ASPS Region 4,66930,procedures,2024,ASPS,2024 ASPS cosmetic surgery regional distribution,https://www.plasticsurgery.org/documents/news/statistics/2024/cosmetic-procedures-regions-2024.pdf,Region 4: East South Central; West South Central. ASPS regional distribution count.,official_association_report_auto_extracted
data\commercial_sources\phase1_official_stats\asps_plastic_surgery_statistics\2024__regional_distribution__procedures-by-region.pdf,regional_procedure_volume,Cosmetic regional distribution,Body,Liposuction,United States - ASPS Region 5,83148,procedures,2024,ASPS,2024 ASPS cosmetic surgery regional distribution,https://www.plasticsurgery.org/documents/news/statistics/2024/cosmetic-procedures-regions-2024.pdf,Region 5: Mountain; Pacific. ASPS regional distribution count.,official_association_report_auto_extracted
data\commercial_sources\phase1_official_stats\asps_plastic_surgery_statistics\2024__regional_distribution__procedures-by-region.pdf,regional_procedure_volume,Cosmetic regional distribution,Body,Lower body lift,United States - ASPS Region 1,1098,procedures,2024,ASPS,2024 ASPS cosmetic surgery regional distribution,https://www.plasticsurgery.org/documents/news/statistics/2024/cosmetic-procedures-regions-2024.pdf,Region 1: New England; Middle Atlantic. ASPS regional distribution count.,official_association_report_auto_extracted
data\commercial_sources\phase1_official_stats\asps_plastic_surgery_statistics\2024__regional_distribution__procedures-by-region.pdf,regional_procedure_volume,Cosmetic regional distribution,Body,Lower body lift,United States - ASPS Region 2,1986,procedures,2024,ASPS,2024 ASPS cosmetic surgery regional distribution,https://www.plasticsurgery.org/documents/news/statistics/2024/cosmetic-procedures-regions-2024.pdf,Region 2: East North Central; West North Central. ASPS regional distribution count.,official_association_report_auto_extracted
data\commercial_sources\phase1_official_stats\asps_plastic_surgery_statistics\2024__regional_distribution__procedures-by-region.pdf,regional_procedure_volume,Cosmetic regional distribution,Body,Lower body lift,United States - ASPS Region 3,1936,procedures,2024,ASPS,2024 ASPS cosmetic surgery regional distribution,https://www.plasticsurgery.org/documents/news/statistics/2024/cosmetic-procedures-regions-2024.pdf,Region 3: South Atlantic. ASPS regional distribution count.,official_association_report_auto_extracted
data\commercial_sources\phase1_official_stats\asps_plastic_surgery_statistics\2024__regional_distribution__procedures-by-region.pdf,regional_procedure_volume,Cosmetic regional distribution,Body,Lower body lift,United States - ASPS Region 4,2930,procedures,2024,ASPS,2024 ASPS cosmetic surgery regional distribution,https://www.plasticsurgery.org/documents/news/statistics/2024/cosmetic-procedures-regions-2024.pdf,Region 4: East South Central; West South Central. ASPS regional distribution count.,official_association_report_auto_extracted
data\commercial_sources\phase1_official_stats\asps_plastic_surgery_statistics\2024__regional_distribution__procedures-by-region.pdf,regional_procedure_volume,Cosmetic regional distribution,Body,Lower body lift,United States - ASPS Region 5,3007,procedures,2024,ASPS,2024 ASPS cosmetic surgery regional distribution,https://www.plasticsurgery.org/documents/news/statistics/2024/cosmetic-procedures-regions-2024.pdf,Region 5: Mountain; Pacific. ASPS regional distribution count.,official_association_report_auto_extracted
data\commercial_sources\phase1_official_stats\asps_plastic_surgery_statistics\2024__regional_distribution__procedures-by-region.pdf,regional_procedure_volume,Cosmetic regional distribution,Body,Thigh lift,United States - ASPS Region 1,1219,procedures,2024,ASPS,2024 ASPS cosmetic surgery regional distribution,https://www.plasticsurgery.org/documents/news/statistics/2024/cosmetic-procedures-regions-2024.pdf,Region 1: New England; Middle Atlantic. ASPS regional distribution count.,official_association_report_auto_extracted
data\commercial_sources\phase1_official_stats\asps_plastic_surgery_statistics\2024__regional_distribution__procedures-by-region.pdf,regional_procedure_volume,Cosmetic regional distribution,Body,Thigh lift,United States - ASPS Region 2,1468,procedures,2024,ASPS,2024 ASPS cosmetic surgery regional distribution,https://www.plasticsurgery.org/documents/news/statistics/2024/cosmetic-procedures-regions-2024.pdf,Region 2: East North Central; West North Central. ASPS regional distribution count.,official_association_report_auto_extracted
data\commercial_sources\phase1_official_stats\asps_plastic_surgery_statistics\2024__regional_distribution__procedures-by-region.pdf,regional_procedure_volume,Cosmetic regional distribution,Body,Thigh lift,United States - ASPS Region 3,2625,procedures,2024,ASPS,2024 ASPS cosmetic surgery regional distribution,https://www.plasticsurgery.org/documents/news/statistics/2024/cosmetic-procedures-regions-2024.pdf,Region 3: South Atlantic. ASPS regional distribution count.,official_association_report_auto_extracted
data\commercial_sources\phase1_official_stats\asps_plastic_surgery_statistics\2024__regional_distribution__procedures-by-region.pdf,regional_procedure_volume,Cosmetic regional distribution,Body,Thigh lift,United States - ASPS Region 4,2182,procedures,2024,ASPS,2024 ASPS cosmetic surgery regional distribution,https://www.plasticsurgery.org/documents/news/statistics/2024/cosmetic-procedures-regions-2024.pdf,Region 4: East South Central; West South Central. ASPS regional distribution count.,official_association_report_auto_extracted
data\commercial_sources\phase1_official_stats\asps_plastic_surgery_statistics\2024__regional_distribution__procedures-by-region.pdf,regional_procedure_volume,Cosmetic regional distribution,Body,Thigh lift,United States - ASPS Region 5,2420,procedures,2024,ASPS,2024 ASPS cosmetic surgery regional distribution,https://www.plasticsurgery.org/documents/news/statistics/2024/cosmetic-procedures-regions-2024.pdf,Region 5: Mountain; Pacific. ASPS regional distribution count.,official_association_report_auto_extracted
data\commercial_sources\phase1_official_stats\asps_plastic_surgery_statistics\2024__regional_distribution__procedures-by-region.pdf,regional_procedure_volume,Cosmetic regional distribution,Body,Upper arm lift (brachioplasty),United States - ASPS Region 1,3036,procedures,2024,ASPS,2024 ASPS cosmetic surgery regional distribution,https://www.plasticsurgery.org/documents/news/statistics/2024/cosmetic-procedures-regions-2024.pdf,Region 1: New England; Middle Atlantic. ASPS regional distribution count.,official_association_report_auto_extracted
data\commercial_sources\phase1_official_stats\asps_plastic_surgery_statistics\2024__regional_distribution__procedures-by-region.pdf,regional_procedure_volume,Cosmetic regional distribution,Body,Upper arm lift (brachioplasty),United States - ASPS Region 2,4255,procedures,2024,ASPS,2024 ASPS cosmetic surgery regional distribution,https://www.plasticsurgery.org/documents/news/statistics/2024/cosmetic-procedures-regions-2024.pdf,Region 2: East North Central; West North Central. ASPS regional distribution count.,official_association_report_auto_extracted
data\commercial_sources\phase1_official_stats\asps_plastic_surgery_statistics\2024__regional_distribution__procedures-by-region.pdf,regional_procedure_volume,Cosmetic regional distribution,Body,Upper arm lift (brachioplasty),United States - ASPS Region 3,6635,procedures,2024,ASPS,2024 ASPS cosmetic surgery regional distribution,https://www.plasticsurgery.org/documents/news/statistics/2024/cosmetic-procedures-regions-2024.pdf,Region 3: South Atlantic. ASPS regional distribution count.,official_association_report_auto_extracted
data\commercial_sources\phase1_official_stats\asps_plastic_surgery_statistics\2024__regional_distribution__procedures-by-region.pdf,regional_procedure_volume,Cosmetic regional distribution,Body,Upper arm lift (brachioplasty),United States - ASPS Region 4,4595,procedures,2024,ASPS,2024 ASPS cosmetic surgery regional distribution,https://www.plasticsurgery.org/documents/news/statistics/2024/cosmetic-procedures-regions-2024.pdf,Region 4: East South Central; West South Central. ASPS regional distribution count.,official_association_report_auto_extracted
data\commercial_sources\phase1_official_stats\asps_plastic_surgery_statistics\2024__regional_distribution__procedures-by-region.pdf,regional_procedure_volume,Cosmetic regional distribution,Body,Upper arm lift (brachioplasty),United States - ASPS Region 5,5006,procedures,2024,ASPS,2024 ASPS cosmetic surgery regional distribution,https://www.plasticsurgery.org/documents/news/statistics/2024/cosmetic-procedures-regions-2024.pdf,Region 5: Mountain; Pacific. ASPS regional distribution count.,official_association_report_auto_extracted
data\commercial_sources\phase1_official_stats\asps_plastic_surgery_statistics\2024__regional_distribution__procedures-by-region.pdf,regional_procedure_volume,Cosmetic regional distribution,Breast,Breast augmentation (implant placement for both primary and/or revisions),United States - ASPS Region 1,34406,procedures,2024,ASPS,2024 ASPS cosmetic surgery regional distribution,https://www.plasticsurgery.org/documents/news/statistics/2024/cosmetic-procedures-regions-2024.pdf,Region 1: New England; Middle Atlantic. ASPS regional distribution count.,official_association_report_auto_extracted
data\commercial_sources\phase1_official_stats\asps_plastic_surgery_statistics\2024__regional_distribution__procedures-by-region.pdf,regional_procedure_volume,Cosmetic regional distribution,Breast,Breast augmentation (implant placement for both primary and/or revisions),United States - ASPS Region 2,46226,procedures,2024,ASPS,2024 ASPS cosmetic surgery regional distribution,https://www.plasticsurgery.org/documents/news/statistics/2024/cosmetic-procedures-regions-2024.pdf,Region 2: East North Central; West North Central. ASPS regional distribution count.,official_association_report_auto_extracted
data\commercial_sources\phase1_official_stats\asps_plastic_surgery_statistics\2024__regional_distribution__procedures-by-region.pdf,regional_procedure_volume,Cosmetic regional distribution,Breast,Breast augmentation (implant placement for both primary and/or revisions),United States - ASPS Region 3,62274,procedures,2024,ASPS,2024 ASPS cosmetic surgery regional distribution,https://www.plasticsurgery.org/documents/news/statistics/2024/cosmetic-procedures-regions-2024.pdf,Region 3: South Atlantic. ASPS regional distribution count.,official_association_report_auto_extracted
data\commercial_sources\phase1_official_stats\asps_plastic_surgery_statistics\2024__regional_distribution__procedures-by-region.pdf,regional_procedure_volume,Cosmetic regional distribution,Breast,Breast augmentation (implant placement for both primary and/or revisions),United States - ASPS Region 4,51214,procedures,2024,ASPS,2024 ASPS cosmetic surgery regional distribution,https://www.plasticsurgery.org/documents/news/statistics/2024/cosmetic-procedures-regions-2024.pdf,Region 4: East South Central; West South Central. ASPS regional distribution count.,official_association_report_auto_extracted
data\commercial_sources\phase1_official_stats\asps_plastic_surgery_statistics\2024__regional_distribution__procedures-by-region.pdf,regional_procedure_volume,Cosmetic regional distribution,Breast,Breast augmentation (implant placement for both primary and/or revisions),United States - ASPS Region 5,112076,procedures,2024,ASPS,2024 ASPS cosmetic surgery regional distribution,https://www.plasticsurgery.org/documents/news/statistics/2024/cosmetic-procedures-regions-2024.pdf,Region 5: Mountain; Pacific. ASPS regional distribution count.,official_association_report_auto_extracted
data\commercial_sources\phase1_official_stats\asps_plastic_surgery_statistics\2024__regional_distribution__procedures-by-region.pdf,regional_procedure_volume,Cosmetic regional distribution,Breast,Breast implant removals (augmentation patients only),United States - ASPS Region 1,3527,procedures,2024,ASPS,2024 ASPS cosmetic surgery regional distribution,https://www.plasticsurgery.org/documents/news/statistics/2024/cosmetic-procedures-regions-2024.pdf,Region 1: New England; Middle Atlantic. ASPS regional distribution count.,official_association_report_auto_extracted
data\commercial_sources\phase1_official_stats\asps_plastic_surgery_statistics\2024__regional_distribution__procedures-by-region.pdf,regional_procedure_volume,Cosmetic regional distribution,Breast,Breast implant removals (augmentation patients only),United States - ASPS Region 2,4703,procedures,2024,ASPS,2024 ASPS cosmetic surgery regional distribution,https://www.plasticsurgery.org/documents/news/statistics/2024/cosmetic-procedures-regions-2024.pdf,Region 2: East North Central; West North Central. ASPS regional distribution count.,official_association_report_auto_extracted
data\commercial_sources\phase1_official_stats\asps_plastic_surgery_statistics\2024__regional_distribution__procedures-by-region.pdf,regional_procedure_volume,Cosmetic regional distribution,Breast,Breast implant removals (augmentation patients only),United States - ASPS Region 3,11602,procedures,2024,ASPS,2024 ASPS cosmetic surgery regional distribution,https://www.plasticsurgery.org/documents/news/statistics/2024/cosmetic-procedures-regions-2024.pdf,Region 3: South Atlantic. ASPS regional distribution count.,official_association_report_auto_extracted
data\commercial_sources\phase1_official_stats\asps_plastic_surgery_statistics\2024__regional_distribution__procedures-by-region.pdf,regional_procedure_volume,Cosmetic regional distribution,Breast,Breast implant removals (augmentation patients only),United States - ASPS Region 4,6821,procedures,2024,ASPS,2024 ASPS cosmetic surgery regional distribution,https://www.plasticsurgery.org/documents/news/statistics/2024/cosmetic-procedures-regions-2024.pdf,Region 4: East South Central; West South Central. ASPS regional distribution count.,official_association_report_auto_extracted
data\commercial_sources\phase1_official_stats\asps_plastic_surgery_statistics\2024__regional_distribution__procedures-by-region.pdf,regional_procedure_volume,Cosmetic regional distribution,Breast,Breast implant removals (augmentation patients only),United States - ASPS Region 5,14618,procedures,2024,ASPS,2024 ASPS cosmetic surgery regional distribution,https://www.plasticsurgery.org/documents/news/statistics/2024/cosmetic-procedures-regions-2024.pdf,Region 5: Mountain; Pacific. ASPS regional distribution count.,official_association_report_auto_extracted
data\commercial_sources\phase1_official_stats\asps_plastic_surgery_statistics\2024__regional_distribution__procedures-by-region.pdf,regional_procedure_volume,Cosmetic regional distribution,Breast,Breast lift (mastopexy),United States - ASPS Region 1,15022,procedures,2024,ASPS,2024 ASPS cosmetic surgery regional distribution,https://www.plasticsurgery.org/documents/news/statistics/2024/cosmetic-procedures-regions-2024.pdf,Region 1: New England; Middle Atlantic. ASPS regional distribution count.,official_association_report_auto_extracted
data\commercial_sources\phase1_official_stats\asps_plastic_surgery_statistics\2024__regional_distribution__procedures-by-region.pdf,regional_procedure_volume,Cosmetic regional distribution,Breast,Breast lift (mastopexy),United States - ASPS Region 2,21930,procedures,2024,ASPS,2024 ASPS cosmetic surgery regional distribution,https://www.plasticsurgery.org/documents/news/statistics/2024/cosmetic-procedures-regions-2024.pdf,Region 2: East North Central; West North Central. ASPS regional distribution count.,official_association_report_auto_extracted
data\commercial_sources\phase1_official_stats\asps_plastic_surgery_statistics\2024__regional_distribution__procedures-by-region.pdf,regional_procedure_volume,Cosmetic regional distribution,Breast,Breast lift (mastopexy),United States - ASPS Region 3,43478,procedures,2024,ASPS,2024 ASPS cosmetic surgery regional distribution,https://www.plasticsurgery.org/documents/news/statistics/2024/cosmetic-procedures-regions-2024.pdf,Region 3: South Atlantic. ASPS regional distribution count.,official_association_report_auto_extracted
data\commercial_sources\phase1_official_stats\asps_plastic_surgery_statistics\2024__regional_distribution__procedures-by-region.pdf,regional_procedure_volume,Cosmetic regional distribution,Breast,Breast lift (mastopexy),United States - ASPS Region 4,30568,procedures,2024,ASPS,2024 ASPS cosmetic surgery regional distribution,https://www.plasticsurgery.org/documents/news/statistics/2024/cosmetic-procedures-regions-2024.pdf,Region 4: East South Central; West South Central. ASPS regional distribution count.,official_association_report_auto_extracted
data\commercial_sources\phase1_official_stats\asps_plastic_surgery_statistics\2024__regional_distribution__procedures-by-region.pdf,regional_procedure_volume,Cosmetic regional distribution,Breast,Breast lift (mastopexy),United States - ASPS Region 5,42618,procedures,2024,ASPS,2024 ASPS cosmetic surgery regional distribution,https://www.plasticsurgery.org/documents/news/statistics/2024/cosmetic-procedures-regions-2024.pdf,Region 5: Mountain; Pacific. ASPS regional distribution count.,official_association_report_auto_extracted
data\commercial_sources\phase1_official_stats\asps_plastic_surgery_statistics\2024__regional_distribution__procedures-by-region.pdf,regional_procedure_volume,Cosmetic regional distribution,Breast,Breast reduction (aesthetic patients only),United States - ASPS Region 1,9468,procedures,2024,ASPS,2024 ASPS cosmetic surgery regional distribution,https://www.plasticsurgery.org/documents/news/statistics/2024/cosmetic-procedures-regions-2024.pdf,Region 1: New England; Middle Atlantic. ASPS regional distribution count.,official_association_report_auto_extracted
data\commercial_sources\phase1_official_stats\asps_plastic_surgery_statistics\2024__regional_distribution__procedures-by-region.pdf,regional_procedure_volume,Cosmetic regional distribution,Breast,Breast reduction (aesthetic patients only),United States - ASPS Region 2,12046,procedures,2024,ASPS,2024 ASPS cosmetic surgery regional distribution,https://www.plasticsurgery.org/documents/news/statistics/2024/cosmetic-procedures-regions-2024.pdf,Region 2: East North Central; West North Central. ASPS regional distribution count.,official_association_report_auto_extracted
data\commercial_sources\phase1_official_stats\asps_plastic_surgery_statistics\2024__regional_distribution__procedures-by-region.pdf,regional_procedure_volume,Cosmetic regional distribution,Breast,Breast reduction (aesthetic patients only),United States - ASPS Region 3,20384,procedures,2024,ASPS,2024 ASPS cosmetic surgery regional distribution,https://www.plasticsurgery.org/documents/news/statistics/2024/cosmetic-procedures-regions-2024.pdf,Region 3: South Atlantic. ASPS regional distribution count.,official_association_report_auto_extracted
data\commercial_sources\phase1_official_stats\asps_plastic_surgery_statistics\2024__regional_distribution__procedures-by-region.pdf,regional_procedure_volume,Cosmetic regional distribution,Breast,Breast reduction (aesthetic patients only),United States - ASPS Region 4,12699,procedures,2024,ASPS,2024 ASPS cosmetic surgery regional distribution,https://www.plasticsurgery.org/documents/news/statistics/2024/cosmetic-procedures-regions-2024.pdf,Region 4: East South Central; West South Central. ASPS regional distribution count.,official_association_report_auto_extracted
data\commercial_sources\phase1_official_stats\asps_plastic_surgery_statistics\2024__regional_distribution__procedures-by-region.pdf,regional_procedure_volume,Cosmetic regional distribution,Breast,Breast reduction (aesthetic patients only),United States - ASPS Region 5,22137,procedures,2024,ASPS,2024 ASPS cosmetic surgery regional distribution,https://www.plasticsurgery.org/documents/news/statistics/2024/cosmetic-procedures-regions-2024.pdf,Region 5: Mountain; Pacific. ASPS regional distribution count.,official_association_report_auto_extracted
data\commercial_sources\phase1_official_stats\asps_plastic_surgery_statistics\2024__regional_distribution__procedures-by-region.pdf,regional_procedure_volume,Cosmetic regional distribution,Breast,Breast reduction in males (gynecomastia surgery),United States - ASPS Region 1,3942,procedures,2024,ASPS,2024 ASPS cosmetic surgery regional distribution,https://www.plasticsurgery.org/documents/news/statistics/2024/cosmetic-procedures-regions-2024.pdf,Region 1: New England; Middle Atlantic. ASPS regional distribution count.,official_association_report_auto_extracted
data\commercial_sources\phase1_official_stats\asps_plastic_surgery_statistics\2024__regional_distribution__procedures-by-region.pdf,regional_procedure_volume,Cosmetic regional distribution,Breast,Breast reduction in males (gynecomastia surgery),United States - ASPS Region 2,5000,procedures,2024,ASPS,2024 ASPS cosmetic surgery regional distribution,https://www.plasticsurgery.org/documents/news/statistics/2024/cosmetic-procedures-regions-2024.pdf,Region 2: East North Central; West North Central. ASPS regional distribution count.,official_association_report_auto_extracted
data\commercial_sources\phase1_official_stats\asps_plastic_surgery_statistics\2024__regional_distribution__procedures-by-region.pdf,regional_procedure_volume,Cosmetic regional distribution,Breast,Breast reduction in males (gynecomastia surgery),United States - ASPS Region 3,6354,procedures,2024,ASPS,2024 ASPS cosmetic surgery regional distribution,https://www.plasticsurgery.org/documents/news/statistics/2024/cosmetic-procedures-regions-2024.pdf,Region 3: South Atlantic. ASPS regional distribution count.,official_association_report_auto_extracted
data\commercial_sources\phase1_official_stats\asps_plastic_surgery_statistics\2024__regional_distribution__procedures-by-region.pdf,regional_procedure_volume,Cosmetic regional distribution,Breast,Breast reduction in males (gynecomastia surgery),United States - ASPS Region 4,4132,procedures,2024,ASPS,2024 ASPS cosmetic surgery regional distribution,https://www.plasticsurgery.org/documents/news/statistics/2024/cosmetic-procedures-regions-2024.pdf,Region 4: East South Central; West South Central. ASPS regional distribution count.,official_association_report_auto_extracted
data\commercial_sources\phase1_official_stats\asps_plastic_surgery_statistics\2024__regional_distribution__procedures-by-region.pdf,regional_procedure_volume,Cosmetic regional distribution,Breast,Breast reduction in males (gynecomastia surgery),United States - ASPS Region 5,7002,procedures,2024,ASPS,2024 ASPS cosmetic surgery regional distribution,https://www.plasticsurgery.org/documents/news/statistics/2024/cosmetic-procedures-regions-2024.pdf,Region 5: Mountain; Pacific. ASPS regional distribution count.,official_association_report_auto_extracted
data\commercial_sources\phase1_official_stats\asps_plastic_surgery_statistics\2024__regional_distribution__procedures-by-region.pdf,regional_procedure_volume,Cosmetic regional distribution,Cosmetic surgical procedures,"HA fillers (e.g., Juvederm Ultra®, Ultra Plus®, Voluma®, Volbella®, Vollure®, Restylane Lyft®, Restylane Silk®, Belotero®, Bolvella®, Restylane®)",United States - ASPS Region 1,885005,procedures,2024,ASPS,2024 ASPS cosmetic surgery regional distribution,https://www.plasticsurgery.org/documents/news/statistics/2024/cosmetic-procedures-regions-2024.pdf,Region 1: New England; Middle Atlantic. ASPS regional distribution count.,official_association_report_auto_extracted
data\commercial_sources\phase1_official_stats\asps_plastic_surgery_statistics\2024__regional_distribution__procedures-by-region.pdf,regional_procedure_volume,Cosmetic regional distribution,Cosmetic surgical procedures,"HA fillers (e.g., Juvederm Ultra®, Ultra Plus®, Voluma®, Volbella®, Vollure®, Restylane Lyft®, Restylane Silk®, Belotero®, Bolvella®, Restylane®)",United States - ASPS Region 2,712284,procedures,2024,ASPS,2024 ASPS cosmetic surgery regional distribution,https://www.plasticsurgery.org/documents/news/statistics/2024/cosmetic-procedures-regions-2024.pdf,Region 2: East North Central; West North Central. ASPS regional distribution count.,official_association_report_auto_extracted
data\commercial_sources\phase1_official_stats\asps_plastic_surgery_statistics\2024__regional_distribution__procedures-by-region.pdf,regional_procedure_volume,Cosmetic regional distribution,Cosmetic surgical procedures,"HA fillers (e.g., Juvederm Ultra®, Ultra Plus®, Voluma®, Volbella®, Vollure®, Restylane Lyft®, Restylane Silk®, Belotero®, Bolvella®, Restylane®)",United States - ASPS Region 3,1118518,procedures,2024,ASPS,2024 ASPS cosmetic surgery regional distribution,https://www.plasticsurgery.org/documents/news/statistics/2024/cosmetic-procedures-regions-2024.pdf,Region 3: South Atlantic. ASPS regional distribution count.,official_association_report_auto_extracted
data\commercial_sources\phase1_official_stats\asps_plastic_surgery_statistics\2024__regional_distribution__procedures-by-region.pdf,regional_procedure_volume,Cosmetic regional distribution,Cosmetic surgical procedures,"HA fillers (e.g., Juvederm Ultra®, Ultra Plus®, Voluma®, Volbella®, Vollure®, Restylane Lyft®, Restylane Silk®, Belotero®, Bolvella®, Restylane®)",United States - ASPS Region 4,838497,procedures,2024,ASPS,2024 ASPS cosmetic surgery regional distribution,https://www.plasticsurgery.org/documents/news/statistics/2024/cosmetic-procedures-regions-2024.pdf,Region 4: East South Central; West South Central. ASPS regional distribution count.,official_association_report_auto_extracted
data\commercial_sources\phase1_official_stats\asps_plastic_surgery_statistics\2024__regional_distribution__procedures-by-region.pdf,regional_procedure_volume,Cosmetic regional distribution,Cosmetic surgical procedures,"HA fillers (e.g., Juvederm Ultra®, Ultra Plus®, Voluma®, Volbella®, Vollure®, Restylane Lyft®, Restylane Silk®, Belotero®, Bolvella®, Restylane®)",United States - ASPS Region 5,1777122,procedures,2024,ASPS,2024 ASPS cosmetic surgery regional distribution,https://www.plasticsurgery.org/documents/news/statistics/2024/cosmetic-procedures-regions-2024.pdf,Region 5: Mountain; Pacific. ASPS regional distribution count.,official_association_report_auto_extracted
data\commercial_sources\phase1_official_stats\asps_plastic_surgery_statistics\2024__regional_distribution__procedures-by-region.pdf,regional_procedure_volume,Cosmetic regional distribution,Cosmetic surgical procedures,Lip augmentation (with injectable materials),United States - ASPS Region 1,244371,procedures,2024,ASPS,2024 ASPS cosmetic surgery regional distribution,https://www.plasticsurgery.org/documents/news/statistics/2024/cosmetic-procedures-regions-2024.pdf,Region 1: New England; Middle Atlantic. ASPS regional distribution count.,official_association_report_auto_extracted
data\commercial_sources\phase1_official_stats\asps_plastic_surgery_statistics\2024__regional_distribution__procedures-by-region.pdf,regional_procedure_volume,Cosmetic regional distribution,Cosmetic surgical procedures,Lip augmentation (with injectable materials),United States - ASPS Region 2,238016,procedures,2024,ASPS,2024 ASPS cosmetic surgery regional distribution,https://www.plasticsurgery.org/documents/news/statistics/2024/cosmetic-procedures-regions-2024.pdf,Region 2: East North Central; West North Central. ASPS regional distribution count.,official_association_report_auto_extracted
data\commercial_sources\phase1_official_stats\asps_plastic_surgery_statistics\2024__regional_distribution__procedures-by-region.pdf,regional_procedure_volume,Cosmetic regional distribution,Cosmetic surgical procedures,Lip augmentation (with injectable materials),United States - ASPS Region 3,413526,procedures,2024,ASPS,2024 ASPS cosmetic surgery regional distribution,https://www.plasticsurgery.org/documents/news/statistics/2024/cosmetic-procedures-regions-2024.pdf,Region 3: South Atlantic. ASPS regional distribution count.,official_association_report_auto_extracted
data\commercial_sources\phase1_official_stats\asps_plastic_surgery_statistics\2024__regional_distribution__procedures-by-region.pdf,regional_procedure_volume,Cosmetic regional distribution,Cosmetic surgical procedures,Lip augmentation (with injectable materials),United States - ASPS Region 4,226113,procedures,2024,ASPS,2024 ASPS cosmetic surgery regional distribution,https://www.plasticsurgery.org/documents/news/statistics/2024/cosmetic-procedures-regions-2024.pdf,Region 4: East South Central; West South Central. ASPS regional distribution count.,official_association_report_auto_extracted
data\commercial_sources\phase1_official_stats\asps_plastic_surgery_statistics\2024__regional_distribution__procedures-by-region.pdf,regional_procedure_volume,Cosmetic regional distribution,Cosmetic surgical procedures,Lip augmentation (with injectable materials),United States - ASPS Region 5,327539,procedures,2024,ASPS,2024 ASPS cosmetic surgery regional distribution,https://www.plasticsurgery.org/documents/news/statistics/2024/cosmetic-procedures-regions-2024.pdf,Region 5: Mountain; Pacific. ASPS regional distribution count.,official_association_report_auto_extracted
data\commercial_sources\phase1_official_stats\asps_plastic_surgery_statistics\2024__regional_distribution__procedures-by-region.pdf,regional_procedure_volume,Cosmetic regional distribution,Cosmetic surgical procedures,"Neuromodulator injection (Botox®, Dysport®, Xeomin®, Jeaveau®, Daxxify®)",United States - ASPS Region 1,1237630,procedures,2024,ASPS,2024 ASPS cosmetic surgery regional distribution,https://www.plasticsurgery.org/documents/news/statistics/2024/cosmetic-procedures-regions-2024.pdf,Region 1: New England; Middle Atlantic. ASPS regional distribution count.,official_association_report_auto_extracted
data\commercial_sources\phase1_official_stats\asps_plastic_surgery_statistics\2024__regional_distribution__procedures-by-region.pdf,regional_procedure_volume,Cosmetic regional distribution,Cosmetic surgical procedures,"Neuromodulator injection (Botox®, Dysport®, Xeomin®, Jeaveau®, Daxxify®)",United States - ASPS Region 2,1302670,procedures,2024,ASPS,2024 ASPS cosmetic surgery regional distribution,https://www.plasticsurgery.org/documents/news/statistics/2024/cosmetic-procedures-regions-2024.pdf,Region 2: East North Central; West North Central. ASPS regional distribution count.,official_association_report_auto_extracted
data\commercial_sources\phase1_official_stats\asps_plastic_surgery_statistics\2024__regional_distribution__procedures-by-region.pdf,regional_procedure_volume,Cosmetic regional distribution,Cosmetic surgical procedures,"Neuromodulator injection (Botox®, Dysport®, Xeomin®, Jeaveau®, Daxxify®)",United States - ASPS Region 3,3009097,procedures,2024,ASPS,2024 ASPS cosmetic surgery regional distribution,https://www.plasticsurgery.org/documents/news/statistics/2024/cosmetic-procedures-regions-2024.pdf,Region 3: South Atlantic. ASPS regional distribution count.,official_association_report_auto_extracted
data\commercial_sources\phase1_official_stats\asps_plastic_surgery_statistics\2024__regional_distribution__procedures-by-region.pdf,regional_procedure_volume,Cosmetic regional distribution,Cosmetic surgical procedures,"Neuromodulator injection (Botox®, Dysport®, Xeomin®, Jeaveau®, Daxxify®)",United States - ASPS Region 4,2025025,procedures,2024,ASPS,2024 ASPS cosmetic surgery regional distribution,https://www.plasticsurgery.org/documents/news/statistics/2024/cosmetic-procedures-regions-2024.pdf,Region 4: East South Central; West South Central. ASPS regional distribution count.,official_association_report_auto_extracted
data\commercial_sources\phase1_official_stats\asps_plastic_surgery_statistics\2024__regional_distribution__procedures-by-region.pdf,regional_procedure_volume,Cosmetic regional distribution,Cosmetic surgical procedures,"Neuromodulator injection (Botox®, Dysport®, Xeomin®, Jeaveau®, Daxxify®)",United States - ASPS Region 5,2309289,procedures,2024,ASPS,2024 ASPS cosmetic surgery regional distribution,https://www.plasticsurgery.org/documents/news/statistics/2024/cosmetic-procedures-regions-2024.pdf,Region 5: Mountain; Pacific. ASPS regional distribution count.,official_association_report_auto_extracted
data\commercial_sources\phase1_official_stats\asps_plastic_surgery_statistics\2024__regional_distribution__procedures-by-region.pdf,regional_procedure_volume,Cosmetic regional distribution,Cosmetic surgical procedures,"Non-HA fillers (e.g., Radiesse®, Sculptra®, Bellafill®, Renuva® )",United States - ASPS Region 1,100894,procedures,2024,ASPS,2024 ASPS cosmetic surgery regional distribution,https://www.plasticsurgery.org/documents/news/statistics/2024/cosmetic-procedures-regions-2024.pdf,Region 1: New England; Middle Atlantic. ASPS regional distribution count.,official_association_report_auto_extracted
data\commercial_sources\phase1_official_stats\asps_plastic_surgery_statistics\2024__regional_distribution__procedures-by-region.pdf,regional_procedure_volume,Cosmetic regional distribution,Cosmetic surgical procedures,"Non-HA fillers (e.g., Radiesse®, Sculptra®, Bellafill®, Renuva® )",United States - ASPS Region 2,174240,procedures,2024,ASPS,2024 ASPS cosmetic surgery regional distribution,https://www.plasticsurgery.org/documents/news/statistics/2024/cosmetic-procedures-regions-2024.pdf,Region 2: East North Central; West North Central. ASPS regional distribution count.,official_association_report_auto_extracted
data\commercial_sources\phase1_official_stats\asps_plastic_surgery_statistics\2024__regional_distribution__procedures-by-region.pdf,regional_procedure_volume,Cosmetic regional distribution,Cosmetic surgical procedures,"Non-HA fillers (e.g., Radiesse®, Sculptra®, Bellafill®, Renuva® )",United States - ASPS Region 3,240958,procedures,2024,ASPS,2024 ASPS cosmetic surgery regional distribution,https://www.plasticsurgery.org/documents/news/statistics/2024/cosmetic-procedures-regions-2024.pdf,Region 3: South Atlantic. ASPS regional distribution count.,official_association_report_auto_extracted
data\commercial_sources\phase1_official_stats\asps_plastic_surgery_statistics\2024__regional_distribution__procedures-by-region.pdf,regional_procedure_volume,Cosmetic regional distribution,Cosmetic surgical procedures,"Non-HA fillers (e.g., Radiesse®, Sculptra®, Bellafill®, Renuva® )",United States - ASPS Region 4,83082,procedures,2024,ASPS,2024 ASPS cosmetic surgery regional distribution,https://www.plasticsurgery.org/documents/news/statistics/2024/cosmetic-procedures-regions-2024.pdf,Region 4: East South Central; West South Central. ASPS regional distribution count.,official_association_report_auto_extracted
data\commercial_sources\phase1_official_stats\asps_plastic_surgery_statistics\2024__regional_distribution__procedures-by-region.pdf,regional_procedure_volume,Cosmetic regional distribution,Cosmetic surgical procedures,"Non-HA fillers (e.g., Radiesse®, Sculptra®, Bellafill®, Renuva® )",United States - ASPS Region 5,333687,procedures,2024,ASPS,2024 ASPS cosmetic surgery regional distribution,https://www.plasticsurgery.org/documents/news/statistics/2024/cosmetic-procedures-regions-2024.pdf,Region 5: Mountain; Pacific. ASPS regional distribution count.,official_association_report_auto_extracted
data\commercial_sources\phase1_official_stats\asps_plastic_surgery_statistics\2024__regional_distribution__procedures-by-region.pdf,regional_procedure_volume,Cosmetic regional distribution,Cosmetic surgical procedures,"Non-surgical skin tightening (e.g., Pelleve®, Thermage®, Ulthera®)",United States - ASPS Region 1,31270,procedures,2024,ASPS,2024 ASPS cosmetic surgery regional distribution,https://www.plasticsurgery.org/documents/news/statistics/2024/cosmetic-procedures-regions-2024.pdf,Region 1: New England; Middle Atlantic. ASPS regional distribution count.,official_association_report_auto_extracted
data\commercial_sources\phase1_official_stats\asps_plastic_surgery_statistics\2024__regional_distribution__procedures-by-region.pdf,regional_procedure_volume,Cosmetic regional distribution,Cosmetic surgical procedures,"Non-surgical skin tightening (e.g., Pelleve®, Thermage®, Ulthera®)",United States - ASPS Region 2,65069,procedures,2024,ASPS,2024 ASPS cosmetic surgery regional distribution,https://www.plasticsurgery.org/documents/news/statistics/2024/cosmetic-procedures-regions-2024.pdf,Region 2: East North Central; West North Central. ASPS regional distribution count.,official_association_report_auto_extracted
data\commercial_sources\phase1_official_stats\asps_plastic_surgery_statistics\2024__regional_distribution__procedures-by-region.pdf,regional_procedure_volume,Cosmetic regional distribution,Cosmetic surgical procedures,"Non-surgical skin tightening (e.g., Pelleve®, Thermage®, Ulthera®)",United States - ASPS Region 3,86522,procedures,2024,ASPS,2024 ASPS cosmetic surgery regional distribution,https://www.plasticsurgery.org/documents/news/statistics/2024/cosmetic-procedures-regions-2024.pdf,Region 3: South Atlantic. ASPS regional distribution count.,official_association_report_auto_extracted
data\commercial_sources\phase1_official_stats\asps_plastic_surgery_statistics\2024__regional_distribution__procedures-by-region.pdf,regional_procedure_volume,Cosmetic regional distribution,Cosmetic surgical procedures,"Non-surgical skin tightening (e.g., Pelleve®, Thermage®, Ulthera®)",United States - ASPS Region 4,60866,procedures,2024,ASPS,2024 ASPS cosmetic surgery regional distribution,https://www.plasticsurgery.org/documents/news/statistics/2024/cosmetic-procedures-regions-2024.pdf,Region 4: East South Central; West South Central. ASPS regional distribution count.,official_association_report_auto_extracted
data\commercial_sources\phase1_official_stats\asps_plastic_surgery_statistics\2024__regional_distribution__procedures-by-region.pdf,regional_procedure_volume,Cosmetic regional distribution,Cosmetic surgical procedures,"Non-surgical skin tightening (e.g., Pelleve®, Thermage®, Ulthera®)",United States - ASPS Region 5,195305,procedures,2024,ASPS,2024 ASPS cosmetic surgery regional distribution,https://www.plasticsurgery.org/documents/news/statistics/2024/cosmetic-procedures-regions-2024.pdf,Region 5: Mountain; Pacific. ASPS regional distribution count.,official_association_report_auto_extracted
data\commercial_sources\phase1_official_stats\asps_plastic_surgery_statistics\2024__regional_distribution__procedures-by-region.pdf,regional_procedure_volume,Cosmetic regional distribution,Cosmetic surgical procedures,"Noninvasive fat reduction (e.g., CoolSculpting®, Liposonix® , Em- sculpt®, Vanquish®, Zerona®, Kybella® )",United States - ASPS Region 3,107419,procedures,2024,ASPS,2024 ASPS cosmetic surgery regional distribution,https://www.plasticsurgery.org/documents/news/statistics/2024/cosmetic-procedures-regions-2024.pdf,Region 3: South Atlantic. ASPS regional distribution count.,official_association_report_auto_extracted
data\commercial_sources\phase1_official_stats\asps_plastic_surgery_statistics\2024__regional_distribution__procedures-by-region.pdf,regional_procedure_volume,Cosmetic regional distribution,Cosmetic surgical procedures,"Noninvasive fat reduction (e.g., CoolSculpting®, Liposonix® , Em- sculpt®, Vanquish®, Zerona®, Kybella® )",United States - ASPS Region 4,58186,procedures,2024,ASPS,2024 ASPS cosmetic surgery regional distribution,https://www.plasticsurgery.org/documents/news/statistics/2024/cosmetic-procedures-regions-2024.pdf,Region 4: East South Central; West South Central. ASPS regional distribution count.,official_association_report_auto_extracted
data\commercial_sources\phase1_official_stats\asps_plastic_surgery_statistics\2024__regional_distribution__procedures-by-region.pdf,regional_procedure_volume,Cosmetic regional distribution,Cosmetic surgical procedures,"Noninvasive fat reduction (e.g., CoolSculpting®, Liposonix® , Em- sculpt®, Vanquish®, Zerona®, Kybella® )",United States - ASPS Region 5,161129,procedures,2024,ASPS,2024 ASPS cosmetic surgery regional distribution,https://www.plasticsurgery.org/documents/news/statistics/2024/cosmetic-procedures-regions-2024.pdf,Region 5: Mountain; Pacific. ASPS regional distribution count.,official_association_report_auto_extracted
data\commercial_sources\phase1_official_stats\asps_plastic_surgery_statistics\2024__regional_distribution__procedures-by-region.pdf,regional_procedure_volume,Cosmetic regional distribution,Cosmetic surgical procedures,"Noninvasive fat reduction (e.g., CoolSculpting®, Liposonix® , Emsculpt®, Vanquish®, Zerona®, Kybella® )",United States - ASPS Region 1,76089,procedures,2024,ASPS,2024 ASPS cosmetic surgery regional distribution,https://www.plasticsurgery.org/documents/news/statistics/2024/cosmetic-procedures-regions-2024.pdf,Region 1: New England; Middle Atlantic. ASPS regional distribution count.,official_association_report_auto_extracted
data\commercial_sources\phase1_official_stats\asps_plastic_surgery_statistics\2024__regional_distribution__procedures-by-region.pdf,regional_procedure_volume,Cosmetic regional distribution,Cosmetic surgical procedures,"Noninvasive fat reduction (e.g., CoolSculpting®, Liposonix® , Emsculpt®, Vanquish®, Zerona®, Kybella® )",United States - ASPS Region 2,49234,procedures,2024,ASPS,2024 ASPS cosmetic surgery regional distribution,https://www.plasticsurgery.org/documents/news/statistics/2024/cosmetic-procedures-regions-2024.pdf,Region 2: East North Central; West North Central. ASPS regional distribution count.,official_association_report_auto_extracted
data\commercial_sources\phase1_official_stats\asps_plastic_surgery_statistics\2024__regional_distribution__procedures-by-region.pdf,regional_procedure_volume,Cosmetic regional distribution,Cosmetic surgical procedures,Sclerotherapy,United States - ASPS Region 1,37969,procedures,2024,ASPS,2024 ASPS cosmetic surgery regional distribution,https://www.plasticsurgery.org/documents/news/statistics/2024/cosmetic-procedures-regions-2024.pdf,Region 1: New England; Middle Atlantic. ASPS regional distribution count.,official_association_report_auto_extracted
data\commercial_sources\phase1_official_stats\asps_plastic_surgery_statistics\2024__regional_distribution__procedures-by-region.pdf,regional_procedure_volume,Cosmetic regional distribution,Cosmetic surgical procedures,Sclerotherapy,United States - ASPS Region 2,168898,procedures,2024,ASPS,2024 ASPS cosmetic surgery regional distribution,https://www.plasticsurgery.org/documents/news/statistics/2024/cosmetic-procedures-regions-2024.pdf,Region 2: East North Central; West North Central. ASPS regional distribution count.,official_association_report_auto_extracted
data\commercial_sources\phase1_official_stats\asps_plastic_surgery_statistics\2024__regional_distribution__procedures-by-region.pdf,regional_procedure_volume,Cosmetic regional distribution,Cosmetic surgical procedures,Sclerotherapy,United States - ASPS Region 3,126080,procedures,2024,ASPS,2024 ASPS cosmetic surgery regional distribution,https://www.plasticsurgery.org/documents/news/statistics/2024/cosmetic-procedures-regions-2024.pdf,Region 3: South Atlantic. ASPS regional distribution count.,official_association_report_auto_extracted
data\commercial_sources\phase1_official_stats\asps_plastic_surgery_statistics\2024__regional_distribution__procedures-by-region.pdf,regional_procedure_volume,Cosmetic regional distribution,Cosmetic surgical procedures,Sclerotherapy,United States - ASPS Region 4,110813,procedures,2024,ASPS,2024 ASPS cosmetic surgery regional distribution,https://www.plasticsurgery.org/documents/news/statistics/2024/cosmetic-procedures-regions-2024.pdf,Region 4: East South Central; West South Central. ASPS regional distribution count.,official_association_report_auto_extracted
data\commercial_sources\phase1_official_stats\asps_plastic_surgery_statistics\2024__regional_distribution__procedures-by-region.pdf,regional_procedure_volume,Cosmetic regional distribution,Cosmetic surgical procedures,Sclerotherapy,United States - ASPS Region 5,73123,procedures,2024,ASPS,2024 ASPS cosmetic surgery regional distribution,https://www.plasticsurgery.org/documents/news/statistics/2024/cosmetic-procedures-regions-2024.pdf,Region 5: Mountain; Pacific. ASPS regional distribution count.,official_association_report_auto_extracted
data\commercial_sources\phase1_official_stats\asps_plastic_surgery_statistics\2024__regional_distribution__procedures-by-region.pdf,regional_procedure_volume,Cosmetic regional distribution,Cosmetic surgical procedures,"Skin resurfacing (e.g., dermabrasion, chemical peel, ablative/ non-ablative lasers, microdermabrasion)",United States - ASPS Region 3,785655,procedures,2024,ASPS,2024 ASPS cosmetic surgery regional distribution,https://www.plasticsurgery.org/documents/news/statistics/2024/cosmetic-procedures-regions-2024.pdf,Region 3: South Atlantic. ASPS regional distribution count.,official_association_report_auto_extracted
data\commercial_sources\phase1_official_stats\asps_plastic_surgery_statistics\2024__regional_distribution__procedures-by-region.pdf,regional_procedure_volume,Cosmetic regional distribution,Cosmetic surgical procedures,"Skin resurfacing (e.g., dermabrasion, chemical peel, ablative/ non-ablative lasers, microdermabrasion)",United States - ASPS Region 4,880950,procedures,2024,ASPS,2024 ASPS cosmetic surgery regional distribution,https://www.plasticsurgery.org/documents/news/statistics/2024/cosmetic-procedures-regions-2024.pdf,Region 4: East South Central; West South Central. ASPS regional distribution count.,official_association_report_auto_extracted
data\commercial_sources\phase1_official_stats\asps_plastic_surgery_statistics\2024__regional_distribution__procedures-by-region.pdf,regional_procedure_volume,Cosmetic regional distribution,Cosmetic surgical procedures,"Skin resurfacing (e.g., dermabrasion, chemical peel, ablative/ non-ablative lasers, microdermabrasion)",United States - ASPS Region 5,1079971,procedures,2024,ASPS,2024 ASPS cosmetic surgery regional distribution,https://www.plasticsurgery.org/documents/news/statistics/2024/cosmetic-procedures-regions-2024.pdf,Region 5: Mountain; Pacific. ASPS regional distribution count.,official_association_report_auto_extracted
data\commercial_sources\phase1_official_stats\asps_plastic_surgery_statistics\2024__regional_distribution__procedures-by-region.pdf,regional_procedure_volume,Cosmetic regional distribution,Cosmetic surgical procedures,"Skin resurfacing (e.g., dermabrasion, chemical peel, ablative/non-ablative lasers, micro- dermabrasion)",United States - ASPS Region 1,307638,procedures,2024,ASPS,2024 ASPS cosmetic surgery regional distribution,https://www.plasticsurgery.org/documents/news/statistics/2024/cosmetic-procedures-regions-2024.pdf,Region 1: New England; Middle Atlantic. ASPS regional distribution count.,official_association_report_auto_extracted
data\commercial_sources\phase1_official_stats\asps_plastic_surgery_statistics\2024__regional_distribution__procedures-by-region.pdf,regional_procedure_volume,Cosmetic regional distribution,Cosmetic surgical procedures,"Skin resurfacing (e.g., dermabrasion, chemical peel, ablative/non-ablative lasers, micro- dermabrasion)",United States - ASPS Region 2,649091,procedures,2024,ASPS,2024 ASPS cosmetic surgery regional distribution,https://www.plasticsurgery.org/documents/news/statistics/2024/cosmetic-procedures-regions-2024.pdf,Region 2: East North Central; West North Central. ASPS regional distribution count.,official_association_report_auto_extracted
data\commercial_sources\phase1_official_stats\asps_plastic_surgery_statistics\2024__regional_distribution__procedures-by-region.pdf,regional_procedure_volume,Cosmetic regional distribution,Cosmetic surgical procedures,"Skin treatment (combination lasers) (e.g., laser hair removal, IPL treatment, laser tattoo removal, laser treatment of leg veins)",United States - ASPS Region 1,345591,procedures,2024,ASPS,2024 ASPS cosmetic surgery regional distribution,https://www.plasticsurgery.org/documents/news/statistics/2024/cosmetic-procedures-regions-2024.pdf,Region 1: New England; Middle Atlantic. ASPS regional distribution count.,official_association_report_auto_extracted
data\commercial_sources\phase1_official_stats\asps_plastic_surgery_statistics\2024__regional_distribution__procedures-by-region.pdf,regional_procedure_volume,Cosmetic regional distribution,Cosmetic surgical procedures,"Skin treatment (combination lasers) (e.g., laser hair removal, IPL treatment, laser tattoo removal, laser treatment of leg veins)",United States - ASPS Region 2,562968,procedures,2024,ASPS,2024 ASPS cosmetic surgery regional distribution,https://www.plasticsurgery.org/documents/news/statistics/2024/cosmetic-procedures-regions-2024.pdf,Region 2: East North Central; West North Central. ASPS regional distribution count.,official_association_report_auto_extracted
data\commercial_sources\phase1_official_stats\asps_plastic_surgery_statistics\2024__regional_distribution__procedures-by-region.pdf,regional_procedure_volume,Cosmetic regional distribution,Cosmetic surgical procedures,"Skin treatment (combination lasers) (e.g., laser hair removal, IPL treatment, laser tattoo removal, laser treatment of leg veins)",United States - ASPS Region 3,540818,procedures,2024,ASPS,2024 ASPS cosmetic surgery regional distribution,https://www.plasticsurgery.org/documents/news/statistics/2024/cosmetic-procedures-regions-2024.pdf,Region 3: South Atlantic. ASPS regional distribution count.,official_association_report_auto_extracted
data\commercial_sources\phase1_official_stats\asps_plastic_surgery_statistics\2024__regional_distribution__procedures-by-region.pdf,regional_procedure_volume,Cosmetic regional distribution,Cosmetic surgical procedures,"Skin treatment (combination lasers) (e.g., laser hair removal, IPL treatment, laser tattoo removal, laser treatment of leg veins)",United States - ASPS Region 4,397609,procedures,2024,ASPS,2024 ASPS cosmetic surgery regional distribution,https://www.plasticsurgery.org/documents/news/statistics/2024/cosmetic-procedures-regions-2024.pdf,Region 4: East South Central; West South Central. ASPS regional distribution count.,official_association_report_auto_extracted
data\commercial_sources\phase1_official_stats\asps_plastic_surgery_statistics\2024__regional_distribution__procedures-by-region.pdf,regional_procedure_volume,Cosmetic regional distribution,Cosmetic surgical procedures,"Skin treatment (combination lasers) (e.g., laser hair removal, IPL treatment, laser tattoo removal, laser treatment of leg veins)",United States - ASPS Region 5,1265070,procedures,2024,ASPS,2024 ASPS cosmetic surgery regional distribution,https://www.plasticsurgery.org/documents/news/statistics/2024/cosmetic-procedures-regions-2024.pdf,Region 5: Mountain; Pacific. ASPS regional distribution count.,official_association_report_auto_extracted
data\commercial_sources\phase1_official_stats\asps_plastic_surgery_statistics\2024__regional_distribution__procedures-by-region.pdf,regional_procedure_volume,Cosmetic regional distribution,Face,Buccal fat pad removal,United States - ASPS Region 1,334,procedures,2024,ASPS,2024 ASPS cosmetic surgery regional distribution,https://www.plasticsurgery.org/documents/news/statistics/2024/cosmetic-procedures-regions-2024.pdf,Region 1: New England; Middle Atlantic. ASPS regional distribution count.,official_association_report_auto_extracted
data\commercial_sources\phase1_official_stats\asps_plastic_surgery_statistics\2024__regional_distribution__procedures-by-region.pdf,regional_procedure_volume,Cosmetic regional distribution,Face,Buccal fat pad removal,United States - ASPS Region 2,527,procedures,2024,ASPS,2024 ASPS cosmetic surgery regional distribution,https://www.plasticsurgery.org/documents/news/statistics/2024/cosmetic-procedures-regions-2024.pdf,Region 2: East North Central; West North Central. ASPS regional distribution count.,official_association_report_auto_extracted
data\commercial_sources\phase1_official_stats\asps_plastic_surgery_statistics\2024__regional_distribution__procedures-by-region.pdf,regional_procedure_volume,Cosmetic regional distribution,Face,Buccal fat pad removal,United States - ASPS Region 3,849,procedures,2024,ASPS,2024 ASPS cosmetic surgery regional distribution,https://www.plasticsurgery.org/documents/news/statistics/2024/cosmetic-procedures-regions-2024.pdf,Region 3: South Atlantic. ASPS regional distribution count.,official_association_report_auto_extracted
data\commercial_sources\phase1_official_stats\asps_plastic_surgery_statistics\2024__regional_distribution__procedures-by-region.pdf,regional_procedure_volume,Cosmetic regional distribution,Face,Buccal fat pad removal,United States - ASPS Region 4,543,procedures,2024,ASPS,2024 ASPS cosmetic surgery regional distribution,https://www.plasticsurgery.org/documents/news/statistics/2024/cosmetic-procedures-regions-2024.pdf,Region 4: East South Central; West South Central. ASPS regional distribution count.,official_association_report_auto_extracted
data\commercial_sources\phase1_official_stats\asps_plastic_surgery_statistics\2024__regional_distribution__procedures-by-region.pdf,regional_procedure_volume,Cosmetic regional distribution,Face,Buccal fat pad removal,United States - ASPS Region 5,2650,procedures,2024,ASPS,2024 ASPS cosmetic surgery regional distribution,https://www.plasticsurgery.org/documents/news/statistics/2024/cosmetic-procedures-regions-2024.pdf,Region 5: Mountain; Pacific. ASPS regional distribution count.,official_association_report_auto_extracted
data\commercial_sources\phase1_official_stats\asps_plastic_surgery_statistics\2024__regional_distribution__procedures-by-region.pdf,regional_procedure_volume,Cosmetic regional distribution,Face,Cheek implant (malar augmentation),United States - ASPS Region 1,244,procedures,2024,ASPS,2024 ASPS cosmetic surgery regional distribution,https://www.plasticsurgery.org/documents/news/statistics/2024/cosmetic-procedures-regions-2024.pdf,Region 1: New England; Middle Atlantic. ASPS regional distribution count.,official_association_report_auto_extracted
data\commercial_sources\phase1_official_stats\asps_plastic_surgery_statistics\2024__regional_distribution__procedures-by-region.pdf,regional_procedure_volume,Cosmetic regional distribution,Face,Cheek implant (malar augmentation),United States - ASPS Region 2,577,procedures,2024,ASPS,2024 ASPS cosmetic surgery regional distribution,https://www.plasticsurgery.org/documents/news/statistics/2024/cosmetic-procedures-regions-2024.pdf,Region 2: East North Central; West North Central. ASPS regional distribution count.,official_association_report_auto_extracted
data\commercial_sources\phase1_official_stats\asps_plastic_surgery_statistics\2024__regional_distribution__procedures-by-region.pdf,regional_procedure_volume,Cosmetic regional distribution,Face,Cheek implant (malar augmentation),United States - ASPS Region 3,123,procedures,2024,ASPS,2024 ASPS cosmetic surgery regional distribution,https://www.plasticsurgery.org/documents/news/statistics/2024/cosmetic-procedures-regions-2024.pdf,Region 3: South Atlantic. ASPS regional distribution count.,official_association_report_auto_extracted
data\commercial_sources\phase1_official_stats\asps_plastic_surgery_statistics\2024__regional_distribution__procedures-by-region.pdf,regional_procedure_volume,Cosmetic regional distribution,Face,Cheek implant (malar augmentation),United States - ASPS Region 4,1428,procedures,2024,ASPS,2024 ASPS cosmetic surgery regional distribution,https://www.plasticsurgery.org/documents/news/statistics/2024/cosmetic-procedures-regions-2024.pdf,Region 4: East South Central; West South Central. ASPS regional distribution count.,official_association_report_auto_extracted
data\commercial_sources\phase1_official_stats\asps_plastic_surgery_statistics\2024__regional_distribution__procedures-by-region.pdf,regional_procedure_volume,Cosmetic regional distribution,Face,Cheek implant (malar augmentation),United States - ASPS Region 5,6758,procedures,2024,ASPS,2024 ASPS cosmetic surgery regional distribution,https://www.plasticsurgery.org/documents/news/statistics/2024/cosmetic-procedures-regions-2024.pdf,Region 5: Mountain; Pacific. ASPS regional distribution count.,official_association_report_auto_extracted
data\commercial_sources\phase1_official_stats\asps_plastic_surgery_statistics\2024__regional_distribution__procedures-by-region.pdf,regional_procedure_volume,Cosmetic regional distribution,Face,Chin augmentation (mentoplasty),United States - ASPS Region 1,563,procedures,2024,ASPS,2024 ASPS cosmetic surgery regional distribution,https://www.plasticsurgery.org/documents/news/statistics/2024/cosmetic-procedures-regions-2024.pdf,Region 1: New England; Middle Atlantic. ASPS regional distribution count.,official_association_report_auto_extracted
data\commercial_sources\phase1_official_stats\asps_plastic_surgery_statistics\2024__regional_distribution__procedures-by-region.pdf,regional_procedure_volume,Cosmetic regional distribution,Face,Chin augmentation (mentoplasty),United States - ASPS Region 2,1822,procedures,2024,ASPS,2024 ASPS cosmetic surgery regional distribution,https://www.plasticsurgery.org/documents/news/statistics/2024/cosmetic-procedures-regions-2024.pdf,Region 2: East North Central; West North Central. ASPS regional distribution count.,official_association_report_auto_extracted
data\commercial_sources\phase1_official_stats\asps_plastic_surgery_statistics\2024__regional_distribution__procedures-by-region.pdf,regional_procedure_volume,Cosmetic regional distribution,Face,Chin augmentation (mentoplasty),United States - ASPS Region 3,752,procedures,2024,ASPS,2024 ASPS cosmetic surgery regional distribution,https://www.plasticsurgery.org/documents/news/statistics/2024/cosmetic-procedures-regions-2024.pdf,Region 3: South Atlantic. ASPS regional distribution count.,official_association_report_auto_extracted
data\commercial_sources\phase1_official_stats\asps_plastic_surgery_statistics\2024__regional_distribution__procedures-by-region.pdf,regional_procedure_volume,Cosmetic regional distribution,Face,Chin augmentation (mentoplasty),United States - ASPS Region 4,599,procedures,2024,ASPS,2024 ASPS cosmetic surgery regional distribution,https://www.plasticsurgery.org/documents/news/statistics/2024/cosmetic-procedures-regions-2024.pdf,Region 4: East South Central; West South Central. ASPS regional distribution count.,official_association_report_auto_extracted
data\commercial_sources\phase1_official_stats\asps_plastic_surgery_statistics\2024__regional_distribution__procedures-by-region.pdf,regional_procedure_volume,Cosmetic regional distribution,Face,Chin augmentation (mentoplasty),United States - ASPS Region 5,1793,procedures,2024,ASPS,2024 ASPS cosmetic surgery regional distribution,https://www.plasticsurgery.org/documents/news/statistics/2024/cosmetic-procedures-regions-2024.pdf,Region 5: Mountain; Pacific. ASPS regional distribution count.,official_association_report_auto_extracted
data\commercial_sources\phase1_official_stats\asps_plastic_surgery_statistics\2024__regional_distribution__procedures-by-region.pdf,regional_procedure_volume,Cosmetic regional distribution,Face,Ear surgery (otoplasty),United States - ASPS Region 1,459,procedures,2024,ASPS,2024 ASPS cosmetic surgery regional distribution,https://www.plasticsurgery.org/documents/news/statistics/2024/cosmetic-procedures-regions-2024.pdf,Region 1: New England; Middle Atlantic. ASPS regional distribution count.,official_association_report_auto_extracted
data\commercial_sources\phase1_official_stats\asps_plastic_surgery_statistics\2024__regional_distribution__procedures-by-region.pdf,regional_procedure_volume,Cosmetic regional distribution,Face,Ear surgery (otoplasty),United States - ASPS Region 2,621,procedures,2024,ASPS,2024 ASPS cosmetic surgery regional distribution,https://www.plasticsurgery.org/documents/news/statistics/2024/cosmetic-procedures-regions-2024.pdf,Region 2: East North Central; West North Central. ASPS regional distribution count.,official_association_report_auto_extracted
data\commercial_sources\phase1_official_stats\asps_plastic_surgery_statistics\2024__regional_distribution__procedures-by-region.pdf,regional_procedure_volume,Cosmetic regional distribution,Face,Ear surgery (otoplasty),United States - ASPS Region 3,1006,procedures,2024,ASPS,2024 ASPS cosmetic surgery regional distribution,https://www.plasticsurgery.org/documents/news/statistics/2024/cosmetic-procedures-regions-2024.pdf,Region 3: South Atlantic. ASPS regional distribution count.,official_association_report_auto_extracted
data\commercial_sources\phase1_official_stats\asps_plastic_surgery_statistics\2024__regional_distribution__procedures-by-region.pdf,regional_procedure_volume,Cosmetic regional distribution,Face,Ear surgery (otoplasty),United States - ASPS Region 4,765,procedures,2024,ASPS,2024 ASPS cosmetic surgery regional distribution,https://www.plasticsurgery.org/documents/news/statistics/2024/cosmetic-procedures-regions-2024.pdf,Region 4: East South Central; West South Central. ASPS regional distribution count.,official_association_report_auto_extracted
data\commercial_sources\phase1_official_stats\asps_plastic_surgery_statistics\2024__regional_distribution__procedures-by-region.pdf,regional_procedure_volume,Cosmetic regional distribution,Face,Ear surgery (otoplasty),United States - ASPS Region 5,1974,procedures,2024,ASPS,2024 ASPS cosmetic surgery regional distribution,https://www.plasticsurgery.org/documents/news/statistics/2024/cosmetic-procedures-regions-2024.pdf,Region 5: Mountain; Pacific. ASPS regional distribution count.,official_association_report_auto_extracted
data\commercial_sources\phase1_official_stats\asps_plastic_surgery_statistics\2024__regional_distribution__procedures-by-region.pdf,regional_procedure_volume,Cosmetic regional distribution,Face,Eyelid surgery (blepharoplasty),United States - ASPS Region 1,14277,procedures,2024,ASPS,2024 ASPS cosmetic surgery regional distribution,https://www.plasticsurgery.org/documents/news/statistics/2024/cosmetic-procedures-regions-2024.pdf,Region 1: New England; Middle Atlantic. ASPS regional distribution count.,official_association_report_auto_extracted
data\commercial_sources\phase1_official_stats\asps_plastic_surgery_statistics\2024__regional_distribution__procedures-by-region.pdf,regional_procedure_volume,Cosmetic regional distribution,Face,Eyelid surgery (blepharoplasty),United States - ASPS Region 2,16177,procedures,2024,ASPS,2024 ASPS cosmetic surgery regional distribution,https://www.plasticsurgery.org/documents/news/statistics/2024/cosmetic-procedures-regions-2024.pdf,Region 2: East North Central; West North Central. ASPS regional distribution count.,official_association_report_auto_extracted
data\commercial_sources\phase1_official_stats\asps_plastic_surgery_statistics\2024__regional_distribution__procedures-by-region.pdf,regional_procedure_volume,Cosmetic regional distribution,Face,Eyelid surgery (blepharoplasty),United States - ASPS Region 3,35887,procedures,2024,ASPS,2024 ASPS cosmetic surgery regional distribution,https://www.plasticsurgery.org/documents/news/statistics/2024/cosmetic-procedures-regions-2024.pdf,Region 3: South Atlantic. ASPS regional distribution count.,official_association_report_auto_extracted
data\commercial_sources\phase1_official_stats\asps_plastic_surgery_statistics\2024__regional_distribution__procedures-by-region.pdf,regional_procedure_volume,Cosmetic regional distribution,Face,Eyelid surgery (blepharoplasty),United States - ASPS Region 4,18739,procedures,2024,ASPS,2024 ASPS cosmetic surgery regional distribution,https://www.plasticsurgery.org/documents/news/statistics/2024/cosmetic-procedures-regions-2024.pdf,Region 4: East South Central; West South Central. ASPS regional distribution count.,official_association_report_auto_extracted
data\commercial_sources\phase1_official_stats\asps_plastic_surgery_statistics\2024__regional_distribution__procedures-by-region.pdf,regional_procedure_volume,Cosmetic regional distribution,Face,Eyelid surgery (blepharoplasty),United States - ASPS Region 5,35675,procedures,2024,ASPS,2024 ASPS cosmetic surgery regional distribution,https://www.plasticsurgery.org/documents/news/statistics/2024/cosmetic-procedures-regions-2024.pdf,Region 5: Mountain; Pacific. ASPS regional distribution count.,official_association_report_auto_extracted
data\commercial_sources\phase1_official_stats\asps_plastic_surgery_statistics\2024__regional_distribution__procedures-by-region.pdf,regional_procedure_volume,Cosmetic regional distribution,Face,Facelift (rhytidectomy),United States - ASPS Region 1,9854,procedures,2024,ASPS,2024 ASPS cosmetic surgery regional distribution,https://www.plasticsurgery.org/documents/news/statistics/2024/cosmetic-procedures-regions-2024.pdf,Region 1: New England; Middle Atlantic. ASPS regional distribution count.,official_association_report_auto_extracted
data\commercial_sources\phase1_official_stats\asps_plastic_surgery_statistics\2024__regional_distribution__procedures-by-region.pdf,regional_procedure_volume,Cosmetic regional distribution,Face,Facelift (rhytidectomy),United States - ASPS Region 2,10110,procedures,2024,ASPS,2024 ASPS cosmetic surgery regional distribution,https://www.plasticsurgery.org/documents/news/statistics/2024/cosmetic-procedures-regions-2024.pdf,Region 2: East North Central; West North Central. ASPS regional distribution count.,official_association_report_auto_extracted
data\commercial_sources\phase1_official_stats\asps_plastic_surgery_statistics\2024__regional_distribution__procedures-by-region.pdf,regional_procedure_volume,Cosmetic regional distribution,Face,Facelift (rhytidectomy),United States - ASPS Region 3,22718,procedures,2024,ASPS,2024 ASPS cosmetic surgery regional distribution,https://www.plasticsurgery.org/documents/news/statistics/2024/cosmetic-procedures-regions-2024.pdf,Region 3: South Atlantic. ASPS regional distribution count.,official_association_report_auto_extracted
data\commercial_sources\phase1_official_stats\asps_plastic_surgery_statistics\2024__regional_distribution__procedures-by-region.pdf,regional_procedure_volume,Cosmetic regional distribution,Face,Facelift (rhytidectomy),United States - ASPS Region 4,13455,procedures,2024,ASPS,2024 ASPS cosmetic surgery regional distribution,https://www.plasticsurgery.org/documents/news/statistics/2024/cosmetic-procedures-regions-2024.pdf,Region 4: East South Central; West South Central. ASPS regional distribution count.,official_association_report_auto_extracted
data\commercial_sources\phase1_official_stats\asps_plastic_surgery_statistics\2024__regional_distribution__procedures-by-region.pdf,regional_procedure_volume,Cosmetic regional distribution,Face,Facelift (rhytidectomy),United States - ASPS Region 5,22921,procedures,2024,ASPS,2024 ASPS cosmetic surgery regional distribution,https://www.plasticsurgery.org/documents/news/statistics/2024/cosmetic-procedures-regions-2024.pdf,Region 5: Mountain; Pacific. ASPS regional distribution count.,official_association_report_auto_extracted
data\commercial_sources\phase1_official_stats\asps_plastic_surgery_statistics\2024__regional_distribution__procedures-by-region.pdf,regional_procedure_volume,Cosmetic regional distribution,Face,Facial fat grafting,United States - ASPS Region 1,4115,procedures,2024,ASPS,2024 ASPS cosmetic surgery regional distribution,https://www.plasticsurgery.org/documents/news/statistics/2024/cosmetic-procedures-regions-2024.pdf,Region 1: New England; Middle Atlantic. ASPS regional distribution count.,official_association_report_auto_extracted
data\commercial_sources\phase1_official_stats\asps_plastic_surgery_statistics\2024__regional_distribution__procedures-by-region.pdf,regional_procedure_volume,Cosmetic regional distribution,Face,Facial fat grafting,United States - ASPS Region 2,4987,procedures,2024,ASPS,2024 ASPS cosmetic surgery regional distribution,https://www.plasticsurgery.org/documents/news/statistics/2024/cosmetic-procedures-regions-2024.pdf,Region 2: East North Central; West North Central. ASPS regional distribution count.,official_association_report_auto_extracted
data\commercial_sources\phase1_official_stats\asps_plastic_surgery_statistics\2024__regional_distribution__procedures-by-region.pdf,regional_procedure_volume,Cosmetic regional distribution,Face,Facial fat grafting,United States - ASPS Region 3,6835,procedures,2024,ASPS,2024 ASPS cosmetic surgery regional distribution,https://www.plasticsurgery.org/documents/news/statistics/2024/cosmetic-procedures-regions-2024.pdf,Region 3: South Atlantic. ASPS regional distribution count.,official_association_report_auto_extracted
data\commercial_sources\phase1_official_stats\asps_plastic_surgery_statistics\2024__regional_distribution__procedures-by-region.pdf,regional_procedure_volume,Cosmetic regional distribution,Face,Facial fat grafting,United States - ASPS Region 4,6450,procedures,2024,ASPS,2024 ASPS cosmetic surgery regional distribution,https://www.plasticsurgery.org/documents/news/statistics/2024/cosmetic-procedures-regions-2024.pdf,Region 4: East South Central; West South Central. ASPS regional distribution count.,official_association_report_auto_extracted
data\commercial_sources\phase1_official_stats\asps_plastic_surgery_statistics\2024__regional_distribution__procedures-by-region.pdf,regional_procedure_volume,Cosmetic regional distribution,Face,Facial fat grafting,United States - ASPS Region 5,11873,procedures,2024,ASPS,2024 ASPS cosmetic surgery regional distribution,https://www.plasticsurgery.org/documents/news/statistics/2024/cosmetic-procedures-regions-2024.pdf,Region 5: Mountain; Pacific. ASPS regional distribution count.,official_association_report_auto_extracted
data\commercial_sources\phase1_official_stats\asps_plastic_surgery_statistics\2024__regional_distribution__procedures-by-region.pdf,regional_procedure_volume,Cosmetic regional distribution,Face,Forehead lift,United States - ASPS Region 1,1419,procedures,2024,ASPS,2024 ASPS cosmetic surgery regional distribution,https://www.plasticsurgery.org/documents/news/statistics/2024/cosmetic-procedures-regions-2024.pdf,Region 1: New England; Middle Atlantic. ASPS regional distribution count.,official_association_report_auto_extracted
data\commercial_sources\phase1_official_stats\asps_plastic_surgery_statistics\2024__regional_distribution__procedures-by-region.pdf,regional_procedure_volume,Cosmetic regional distribution,Face,Forehead lift,United States - ASPS Region 2,1585,procedures,2024,ASPS,2024 ASPS cosmetic surgery regional distribution,https://www.plasticsurgery.org/documents/news/statistics/2024/cosmetic-procedures-regions-2024.pdf,Region 2: East North Central; West North Central. ASPS regional distribution count.,official_association_report_auto_extracted
data\commercial_sources\phase1_official_stats\asps_plastic_surgery_statistics\2024__regional_distribution__procedures-by-region.pdf,regional_procedure_volume,Cosmetic regional distribution,Face,Forehead lift,United States - ASPS Region 3,2646,procedures,2024,ASPS,2024 ASPS cosmetic surgery regional distribution,https://www.plasticsurgery.org/documents/news/statistics/2024/cosmetic-procedures-regions-2024.pdf,Region 3: South Atlantic. ASPS regional distribution count.,official_association_report_auto_extracted
data\commercial_sources\phase1_official_stats\asps_plastic_surgery_statistics\2024__regional_distribution__procedures-by-region.pdf,regional_procedure_volume,Cosmetic regional distribution,Face,Forehead lift,United States - ASPS Region 4,2074,procedures,2024,ASPS,2024 ASPS cosmetic surgery regional distribution,https://www.plasticsurgery.org/documents/news/statistics/2024/cosmetic-procedures-regions-2024.pdf,Region 4: East South Central; West South Central. ASPS regional distribution count.,official_association_report_auto_extracted
data\commercial_sources\phase1_official_stats\asps_plastic_surgery_statistics\2024__regional_distribution__procedures-by-region.pdf,regional_procedure_volume,Cosmetic regional distribution,Face,Forehead lift,United States - ASPS Region 5,5897,procedures,2024,ASPS,2024 ASPS cosmetic surgery regional distribution,https://www.plasticsurgery.org/documents/news/statistics/2024/cosmetic-procedures-regions-2024.pdf,Region 5: Mountain; Pacific. ASPS regional distribution count.,official_association_report_auto_extracted
data\commercial_sources\phase1_official_stats\asps_plastic_surgery_statistics\2024__regional_distribution__procedures-by-region.pdf,regional_procedure_volume,Cosmetic regional distribution,Face,Liposuction (submental/chin),United States - ASPS Region 1,4143,procedures,2024,ASPS,2024 ASPS cosmetic surgery regional distribution,https://www.plasticsurgery.org/documents/news/statistics/2024/cosmetic-procedures-regions-2024.pdf,Region 1: New England; Middle Atlantic. ASPS regional distribution count.,official_association_report_auto_extracted
data\commercial_sources\phase1_official_stats\asps_plastic_surgery_statistics\2024__regional_distribution__procedures-by-region.pdf,regional_procedure_volume,Cosmetic regional distribution,Face,Liposuction (submental/chin),United States - ASPS Region 2,1914,procedures,2024,ASPS,2024 ASPS cosmetic surgery regional distribution,https://www.plasticsurgery.org/documents/news/statistics/2024/cosmetic-procedures-regions-2024.pdf,Region 2: East North Central; West North Central. ASPS regional distribution count.,official_association_report_auto_extracted
data\commercial_sources\phase1_official_stats\asps_plastic_surgery_statistics\2024__regional_distribution__procedures-by-region.pdf,regional_procedure_volume,Cosmetic regional distribution,Face,Liposuction (submental/chin),United States - ASPS Region 3,7798,procedures,2024,ASPS,2024 ASPS cosmetic surgery regional distribution,https://www.plasticsurgery.org/documents/news/statistics/2024/cosmetic-procedures-regions-2024.pdf,Region 3: South Atlantic. ASPS regional distribution count.,official_association_report_auto_extracted
data\commercial_sources\phase1_official_stats\asps_plastic_surgery_statistics\2024__regional_distribution__procedures-by-region.pdf,regional_procedure_volume,Cosmetic regional distribution,Face,Liposuction (submental/chin),United States - ASPS Region 4,4999,procedures,2024,ASPS,2024 ASPS cosmetic surgery regional distribution,https://www.plasticsurgery.org/documents/news/statistics/2024/cosmetic-procedures-regions-2024.pdf,Region 4: East South Central; West South Central. ASPS regional distribution count.,official_association_report_auto_extracted
data\commercial_sources\phase1_official_stats\asps_plastic_surgery_statistics\2024__regional_distribution__procedures-by-region.pdf,regional_procedure_volume,Cosmetic regional distribution,Face,Liposuction (submental/chin),United States - ASPS Region 5,5146,procedures,2024,ASPS,2024 ASPS cosmetic surgery regional distribution,https://www.plasticsurgery.org/documents/news/statistics/2024/cosmetic-procedures-regions-2024.pdf,Region 5: Mountain; Pacific. ASPS regional distribution count.,official_association_report_auto_extracted
data\commercial_sources\phase1_official_stats\asps_plastic_surgery_statistics\2024__regional_distribution__procedures-by-region.pdf,regional_procedure_volume,Cosmetic regional distribution,Face,Neck lift,United States - ASPS Region 1,1681,procedures,2024,ASPS,2024 ASPS cosmetic surgery regional distribution,https://www.plasticsurgery.org/documents/news/statistics/2024/cosmetic-procedures-regions-2024.pdf,Region 1: New England; Middle Atlantic. ASPS regional distribution count.,official_association_report_auto_extracted
data\commercial_sources\phase1_official_stats\asps_plastic_surgery_statistics\2024__regional_distribution__procedures-by-region.pdf,regional_procedure_volume,Cosmetic regional distribution,Face,Neck lift,United States - ASPS Region 2,4000,procedures,2024,ASPS,2024 ASPS cosmetic surgery regional distribution,https://www.plasticsurgery.org/documents/news/statistics/2024/cosmetic-procedures-regions-2024.pdf,Region 2: East North Central; West North Central. ASPS regional distribution count.,official_association_report_auto_extracted
data\commercial_sources\phase1_official_stats\asps_plastic_surgery_statistics\2024__regional_distribution__procedures-by-region.pdf,regional_procedure_volume,Cosmetic regional distribution,Face,Neck lift,United States - ASPS Region 3,4917,procedures,2024,ASPS,2024 ASPS cosmetic surgery regional distribution,https://www.plasticsurgery.org/documents/news/statistics/2024/cosmetic-procedures-regions-2024.pdf,Region 3: South Atlantic. ASPS regional distribution count.,official_association_report_auto_extracted
data\commercial_sources\phase1_official_stats\asps_plastic_surgery_statistics\2024__regional_distribution__procedures-by-region.pdf,regional_procedure_volume,Cosmetic regional distribution,Face,Neck lift,United States - ASPS Region 4,5138,procedures,2024,ASPS,2024 ASPS cosmetic surgery regional distribution,https://www.plasticsurgery.org/documents/news/statistics/2024/cosmetic-procedures-regions-2024.pdf,Region 4: East South Central; West South Central. ASPS regional distribution count.,official_association_report_auto_extracted
data\commercial_sources\phase1_official_stats\asps_plastic_surgery_statistics\2024__regional_distribution__procedures-by-region.pdf,regional_procedure_volume,Cosmetic regional distribution,Face,Neck lift,United States - ASPS Region 5,6709,procedures,2024,ASPS,2024 ASPS cosmetic surgery regional distribution,https://www.plasticsurgery.org/documents/news/statistics/2024/cosmetic-procedures-regions-2024.pdf,Region 5: Mountain; Pacific. ASPS regional distribution count.,official_association_report_auto_extracted
data\commercial_sources\phase1_official_stats\asps_plastic_surgery_statistics\2024__regional_distribution__procedures-by-region.pdf,regional_procedure_volume,Cosmetic regional distribution,Face,Nose reshaping (rhinoplasty),United States - ASPS Region 1,8333,procedures,2024,ASPS,2024 ASPS cosmetic surgery regional distribution,https://www.plasticsurgery.org/documents/news/statistics/2024/cosmetic-procedures-regions-2024.pdf,Region 1: New England; Middle Atlantic. ASPS regional distribution count.,official_association_report_auto_extracted
data\commercial_sources\phase1_official_stats\asps_plastic_surgery_statistics\2024__regional_distribution__procedures-by-region.pdf,regional_procedure_volume,Cosmetic regional distribution,Face,Nose reshaping (rhinoplasty),United States - ASPS Region 2,8372,procedures,2024,ASPS,2024 ASPS cosmetic surgery regional distribution,https://www.plasticsurgery.org/documents/news/statistics/2024/cosmetic-procedures-regions-2024.pdf,Region 2: East North Central; West North Central. ASPS regional distribution count.,official_association_report_auto_extracted
data\commercial_sources\phase1_official_stats\asps_plastic_surgery_statistics\2024__regional_distribution__procedures-by-region.pdf,regional_procedure_volume,Cosmetic regional distribution,Face,Nose reshaping (rhinoplasty),United States - ASPS Region 3,11105,procedures,2024,ASPS,2024 ASPS cosmetic surgery regional distribution,https://www.plasticsurgery.org/documents/news/statistics/2024/cosmetic-procedures-regions-2024.pdf,Region 3: South Atlantic. ASPS regional distribution count.,official_association_report_auto_extracted
data\commercial_sources\phase1_official_stats\asps_plastic_surgery_statistics\2024__regional_distribution__procedures-by-region.pdf,regional_procedure_volume,Cosmetic regional distribution,Face,Nose reshaping (rhinoplasty),United States - ASPS Region 4,8505,procedures,2024,ASPS,2024 ASPS cosmetic surgery regional distribution,https://www.plasticsurgery.org/documents/news/statistics/2024/cosmetic-procedures-regions-2024.pdf,Region 4: East South Central; West South Central. ASPS regional distribution count.,official_association_report_auto_extracted
data\commercial_sources\phase1_official_stats\asps_plastic_surgery_statistics\2024__regional_distribution__procedures-by-region.pdf,regional_procedure_volume,Cosmetic regional distribution,Face,Nose reshaping (rhinoplasty),United States - ASPS Region 5,12108,procedures,2024,ASPS,2024 ASPS cosmetic surgery regional distribution,https://www.plasticsurgery.org/documents/news/statistics/2024/cosmetic-procedures-regions-2024.pdf,Region 5: Mountain; Pacific. ASPS regional distribution count.,official_association_report_auto_extracted
data\commercial_sources\phase1_official_stats\asps_plastic_surgery_statistics\2024__regional_distribution__procedures-by-region.pdf,regional_procedure_volume,Cosmetic regional distribution,Total,,United States - ASPS Region 1,173907,procedures,2024,ASPS,2024 ASPS cosmetic surgery regional distribution,https://www.plasticsurgery.org/documents/news/statistics/2024/cosmetic-procedures-regions-2024.pdf,Region 1: New England; Middle Atlantic. ASPS regional distribution count.,official_association_report_auto_extracted
data\commercial_sources\phase1_official_stats\asps_plastic_surgery_statistics\2024__regional_distribution__procedures-by-region.pdf,regional_procedure_volume,Cosmetic regional distribution,Total,,United States - ASPS Region 1,3266457,procedures,2024,ASPS,2024 ASPS cosmetic surgery regional distribution,https://www.plasticsurgery.org/documents/news/statistics/2024/cosmetic-procedures-regions-2024.pdf,Region 1: New England; Middle Atlantic. ASPS regional distribution count.,official_association_report_auto_extracted
data\commercial_sources\phase1_official_stats\asps_plastic_surgery_statistics\2024__regional_distribution__procedures-by-region.pdf,regional_procedure_volume,Cosmetic regional distribution,Total,,United States - ASPS Region 2,224955,procedures,2024,ASPS,2024 ASPS cosmetic surgery regional distribution,https://www.plasticsurgery.org/documents/news/statistics/2024/cosmetic-procedures-regions-2024.pdf,Region 2: East North Central; West North Central. ASPS regional distribution count.,official_association_report_auto_extracted
data\commercial_sources\phase1_official_stats\asps_plastic_surgery_statistics\2024__regional_distribution__procedures-by-region.pdf,regional_procedure_volume,Cosmetic regional distribution,Total,,United States - ASPS Region 2,3922470,procedures,2024,ASPS,2024 ASPS cosmetic surgery regional distribution,https://www.plasticsurgery.org/documents/news/statistics/2024/cosmetic-procedures-regions-2024.pdf,Region 2: East North Central; West North Central. ASPS regional distribution count.,official_association_report_auto_extracted
data\commercial_sources\phase1_official_stats\asps_plastic_surgery_statistics\2024__regional_distribution__procedures-by-region.pdf,regional_procedure_volume,Cosmetic regional distribution,Total,,United States - ASPS Region 3,437872,procedures,2024,ASPS,2024 ASPS cosmetic surgery regional distribution,https://www.plasticsurgery.org/documents/news/statistics/2024/cosmetic-procedures-regions-2024.pdf,Region 3: South Atlantic. ASPS regional distribution count.,official_association_report_auto_extracted
data\commercial_sources\phase1_official_stats\asps_plastic_surgery_statistics\2024__regional_distribution__procedures-by-region.pdf,regional_procedure_volume,Cosmetic regional distribution,Total,,United States - ASPS Region 3,6428593,procedures,2024,ASPS,2024 ASPS cosmetic surgery regional distribution,https://www.plasticsurgery.org/documents/news/statistics/2024/cosmetic-procedures-regions-2024.pdf,Region 3: South Atlantic. ASPS regional distribution count.,official_association_report_auto_extracted
data\commercial_sources\phase1_official_stats\asps_plastic_surgery_statistics\2024__regional_distribution__procedures-by-region.pdf,regional_procedure_volume,Cosmetic regional distribution,Total,,United States - ASPS Region 4,288695,procedures,2024,ASPS,2024 ASPS cosmetic surgery regional distribution,https://www.plasticsurgery.org/documents/news/statistics/2024/cosmetic-procedures-regions-2024.pdf,Region 4: East South Central; West South Central. ASPS regional distribution count.,official_association_report_auto_extracted
data\commercial_sources\phase1_official_stats\asps_plastic_surgery_statistics\2024__regional_distribution__procedures-by-region.pdf,regional_procedure_volume,Cosmetic regional distribution,Total,,United States - ASPS Region 4,4681141,procedures,2024,ASPS,2024 ASPS cosmetic surgery regional distribution,https://www.plasticsurgery.org/documents/news/statistics/2024/cosmetic-procedures-regions-2024.pdf,Region 4: East South Central; West South Central. ASPS regional distribution count.,official_association_report_auto_extracted
data\commercial_sources\phase1_official_stats\asps_plastic_surgery_statistics\2024__regional_distribution__procedures-by-region.pdf,regional_procedure_volume,Cosmetic regional distribution,Total,,United States - ASPS Region 5,460449,procedures,2024,ASPS,2024 ASPS cosmetic surgery regional distribution,https://www.plasticsurgery.org/documents/news/statistics/2024/cosmetic-procedures-regions-2024.pdf,Region 5: Mountain; Pacific. ASPS regional distribution count.,official_association_report_auto_extracted
data\commercial_sources\phase1_official_stats\asps_plastic_surgery_statistics\2024__regional_distribution__procedures-by-region.pdf,regional_procedure_volume,Cosmetic regional distribution,Total,,United States - ASPS Region 5,7522235,procedures,2024,ASPS,2024 ASPS cosmetic surgery regional distribution,https://www.plasticsurgery.org/documents/news/statistics/2024/cosmetic-procedures-regions-2024.pdf,Region 5: Mountain; Pacific. ASPS regional distribution count.,official_association_report_auto_extracted
