source_file,data_type,category_l1,category_l2,category_l3,geo,value,unit,year,source_org,report_title,url,note,confidence
E:\shared\行业报告\2024 isaps-global-survey.pdf,procedure_volume,All procedures,Total surgical and non-surgical,,Global,37951364,procedures,2024,ISAPS,2024 ISAPS International Survey on Aesthetic/Cosmetic Procedures Performed in 2024,https://www.isaps.org/media/30xldsyf/isaps-global-survey-2024.pdf,ISAPS page 12 total procedures.,official_association_report
E:\shared\行业报告\2024 isaps-global-survey.pdf,procedure_volume,Surgical procedures,Total surgical procedures,,Global,17415678,procedures,2024,ISAPS,2024 ISAPS International Survey on Aesthetic/Cosmetic Procedures Performed in 2024,https://www.isaps.org/media/30xldsyf/isaps-global-survey-2024.pdf,ISAPS page 7 global surgical total.,official_association_report
E:\shared\行业报告\2024 isaps-global-survey.pdf,procedure_volume,Non-surgical procedures,Total non-surgical procedures,,Global,20535686,procedures,2024,ISAPS,2024 ISAPS International Survey on Aesthetic/Cosmetic Procedures Performed in 2024,https://www.isaps.org/media/30xldsyf/isaps-global-survey-2024.pdf,ISAPS page 10/page 12 global non-surgical total.,official_association_report
E:\shared\行业报告\2024 isaps-global-survey.pdf,procedure_volume,Injectables,Total injectable procedures,,Global,15286878,procedures,2024,ISAPS,2024 ISAPS International Survey on Aesthetic/Cosmetic Procedures Performed in 2024,https://www.isaps.org/media/30xldsyf/isaps-global-survey-2024.pdf,ISAPS page 12 injectable procedure group.,official_association_report
E:\shared\行业报告\2024 isaps-global-survey.pdf,procedure_volume,Facial rejuvenation,Total facial rejuvenation procedures,,Global,2812249,procedures,2024,ISAPS,2024 ISAPS International Survey on Aesthetic/Cosmetic Procedures Performed in 2024,https://www.isaps.org/media/30xldsyf/isaps-global-survey-2024.pdf,ISAPS page 12 non-surgical facial rejuvenation group.,official_association_report
E:\shared\行业报告\2024 isaps-global-survey.pdf,procedure_volume,Other non-surgical,Total other procedures,,Global,2436560,procedures,2024,ISAPS,2024 ISAPS International Survey on Aesthetic/Cosmetic Procedures Performed in 2024,https://www.isaps.org/media/30xldsyf/isaps-global-survey-2024.pdf,ISAPS page 12 other non-surgical group.,official_association_report
E:\shared\行业报告\2024 isaps-global-survey.pdf,procedure_volume,Injectables,Botulinum Toxin,,Global,7887955,procedures,2024,ISAPS,2024 ISAPS International Survey on Aesthetic/Cosmetic Procedures Performed in 2024,https://www.isaps.org/media/30xldsyf/isaps-global-survey-2024.pdf,ISAPS page 10 worldwide non-surgical procedure table.,official_association_report
E:\shared\行业报告\2024 isaps-global-survey.pdf,procedure_volume,Injectables,Hyaluronic Acid,,Global,6338184,procedures,2024,ISAPS,2024 ISAPS International Survey on Aesthetic/Cosmetic Procedures Performed in 2024,https://www.isaps.org/media/30xldsyf/isaps-global-survey-2024.pdf,ISAPS page 10 worldwide non-surgical procedure table.,official_association_report
E:\shared\行业报告\2024 isaps-global-survey.pdf,procedure_volume,Other non-surgical,Hair Removal,,Global,1487130,procedures,2024,ISAPS,2024 ISAPS International Survey on Aesthetic/Cosmetic Procedures Performed in 2024,https://www.isaps.org/media/30xldsyf/isaps-global-survey-2024.pdf,ISAPS page 10 worldwide non-surgical procedure table.,official_association_report
E:\shared\行业报告\2024 isaps-global-survey.pdf,procedure_volume,Facial rejuvenation,Non-Surgical Skin Tightening,,Global,1239306,procedures,2024,ISAPS,2024 ISAPS International Survey on Aesthetic/Cosmetic Procedures Performed in 2024,https://www.isaps.org/media/30xldsyf/isaps-global-survey-2024.pdf,ISAPS page 10 worldwide non-surgical procedure table.,official_association_report
E:\shared\行业报告\2024 isaps-global-survey.pdf,procedure_volume,Facial rejuvenation,Chemical Peel,,Global,820225,procedures,2024,ISAPS,2024 ISAPS International Survey on Aesthetic/Cosmetic Procedures Performed in 2024,https://www.isaps.org/media/30xldsyf/isaps-global-survey-2024.pdf,ISAPS page 10 worldwide non-surgical procedure table.,official_association_report
E:\shared\行业报告\2024 isaps-global-survey.pdf,procedure_volume,Facial rejuvenation,Full Field Ablative,,Global,752717,procedures,2024,ISAPS,2024 ISAPS International Survey on Aesthetic/Cosmetic Procedures Performed in 2024,https://www.isaps.org/media/30xldsyf/isaps-global-survey-2024.pdf,ISAPS page 10 worldwide non-surgical procedure table.,official_association_report
E:\shared\行业报告\2024 isaps-global-survey.pdf,procedure_volume,Other non-surgical,Non-Surgical Fat Reduction,,Global,702836,procedures,2024,ISAPS,2024 ISAPS International Survey on Aesthetic/Cosmetic Procedures Performed in 2024,https://www.isaps.org/media/30xldsyf/isaps-global-survey-2024.pdf,ISAPS page 10 worldwide non-surgical procedure table.,official_association_report
E:\shared\行业报告\2024 isaps-global-survey.pdf,procedure_volume,Injectables,Poly-L-Lactic Acid,,Global,642566,procedures,2024,ISAPS,2024 ISAPS International Survey on Aesthetic/Cosmetic Procedures Performed in 2024,https://www.isaps.org/media/30xldsyf/isaps-global-survey-2024.pdf,ISAPS page 10 worldwide non-surgical procedure table.,official_association_report
E:\shared\行业报告\2024 isaps-global-survey.pdf,procedure_volume,Injectables,Calcium Hydroxylapatite,,Global,418173,procedures,2024,ISAPS,2024 ISAPS International Survey on Aesthetic/Cosmetic Procedures Performed in 2024,https://www.isaps.org/media/30xldsyf/isaps-global-survey-2024.pdf,ISAPS page 10 worldwide non-surgical procedure table.,official_association_report
E:\shared\行业报告\2024 isaps-global-survey.pdf,procedure_volume,Other non-surgical,Tattoo Removal,,Global,246594,procedures,2024,ISAPS,2024 ISAPS International Survey on Aesthetic/Cosmetic Procedures Performed in 2024,https://www.isaps.org/media/30xldsyf/isaps-global-survey-2024.pdf,ISAPS page 10 worldwide non-surgical procedure table.,official_association_report
E:\shared\行业报告\2024 isaps-global-survey.pdf,procedure_volume,All procedures,Country total procedures,,United States,6165173,procedures,2024,ISAPS,2024 ISAPS International Survey on Aesthetic/Cosmetic Procedures Performed in 2024,https://www.isaps.org/media/30xldsyf/isaps-global-survey-2024.pdf,ISAPS page 15 country procedure table.,official_association_report
E:\shared\行业报告\2024 isaps-global-survey.pdf,procedure_volume,Surgical procedures,Country surgical procedures,,United States,1999528,procedures,2024,ISAPS,2024 ISAPS International Survey on Aesthetic/Cosmetic Procedures Performed in 2024,https://www.isaps.org/media/30xldsyf/isaps-global-survey-2024.pdf,ISAPS page 15 country procedure table.,official_association_report
E:\shared\行业报告\2024 isaps-global-survey.pdf,procedure_volume,Non-surgical procedures,Country non-surgical procedures,,United States,4165645,procedures,2024,ISAPS,2024 ISAPS International Survey on Aesthetic/Cosmetic Procedures Performed in 2024,https://www.isaps.org/media/30xldsyf/isaps-global-survey-2024.pdf,ISAPS page 15 country procedure table.,official_association_report
E:\shared\行业报告\2024 isaps-global-survey.pdf,procedure_volume,Injectables,Country total injectables,,United States,3183878,procedures,2024,ISAPS,2024 ISAPS International Survey on Aesthetic/Cosmetic Procedures Performed in 2024,https://www.isaps.org/media/30xldsyf/isaps-global-survey-2024.pdf,ISAPS page 15 country procedure table.,official_association_report
E:\shared\行业报告\2024 isaps-global-survey.pdf,procedure_volume,Facial rejuvenation,Country total facial rejuvenation,,United States,627772,procedures,2024,ISAPS,2024 ISAPS International Survey on Aesthetic/Cosmetic Procedures Performed in 2024,https://www.isaps.org/media/30xldsyf/isaps-global-survey-2024.pdf,ISAPS page 15 country procedure table.,official_association_report
E:\shared\行业报告\2024 isaps-global-survey.pdf,procedure_volume,Other non-surgical,Country total other non-surgical,,United States,353995,procedures,2024,ISAPS,2024 ISAPS International Survey on Aesthetic/Cosmetic Procedures Performed in 2024,https://www.isaps.org/media/30xldsyf/isaps-global-survey-2024.pdf,ISAPS page 15 country procedure table.,official_association_report
E:\shared\行业报告\2024 isaps-global-survey.pdf,procedure_volume,Injectables,Botulinum Toxin,,United States,1794384,procedures,2024,ISAPS,2024 ISAPS International Survey on Aesthetic/Cosmetic Procedures Performed in 2024,https://www.isaps.org/media/30xldsyf/isaps-global-survey-2024.pdf,ISAPS page 15 country procedure table.,official_association_report
E:\shared\行业报告\2024 isaps-global-survey.pdf,procedure_volume,Injectables,Calcium Hydroxylapatite,,United States,97758,procedures,2024,ISAPS,2024 ISAPS International Survey on Aesthetic/Cosmetic Procedures Performed in 2024,https://www.isaps.org/media/30xldsyf/isaps-global-survey-2024.pdf,ISAPS page 15 country procedure table.,official_association_report
E:\shared\行业报告\2024 isaps-global-survey.pdf,procedure_volume,Injectables,Hyaluronic Acid,,United States,1229041,procedures,2024,ISAPS,2024 ISAPS International Survey on Aesthetic/Cosmetic Procedures Performed in 2024,https://www.isaps.org/media/30xldsyf/isaps-global-survey-2024.pdf,ISAPS page 15 country procedure table.,official_association_report
E:\shared\行业报告\2024 isaps-global-survey.pdf,procedure_volume,Injectables,Poly-L-Lactic Acid,,United States,62694,procedures,2024,ISAPS,2024 ISAPS International Survey on Aesthetic/Cosmetic Procedures Performed in 2024,https://www.isaps.org/media/30xldsyf/isaps-global-survey-2024.pdf,ISAPS page 15 country procedure table.,official_association_report
E:\shared\行业报告\2024 isaps-global-survey.pdf,procedure_volume,Facial rejuvenation,Chemical Peel,,United States,170203,procedures,2024,ISAPS,2024 ISAPS International Survey on Aesthetic/Cosmetic Procedures Performed in 2024,https://www.isaps.org/media/30xldsyf/isaps-global-survey-2024.pdf,ISAPS page 15 country procedure table.,official_association_report
E:\shared\行业报告\2024 isaps-global-survey.pdf,procedure_volume,Facial rejuvenation,Full Field Ablative,,United States,101497,procedures,2024,ISAPS,2024 ISAPS International Survey on Aesthetic/Cosmetic Procedures Performed in 2024,https://www.isaps.org/media/30xldsyf/isaps-global-survey-2024.pdf,ISAPS page 15 country procedure table.,official_association_report
E:\shared\行业报告\2024 isaps-global-survey.pdf,procedure_volume,Facial rejuvenation,Non-Surgical Skin Tightening,,United States,356072,procedures,2024,ISAPS,2024 ISAPS International Survey on Aesthetic/Cosmetic Procedures Performed in 2024,https://www.isaps.org/media/30xldsyf/isaps-global-survey-2024.pdf,ISAPS page 15 country procedure table.,official_association_report
E:\shared\行业报告\2024 isaps-global-survey.pdf,procedure_volume,Other non-surgical,Hair Removal,,United States,157756,procedures,2024,ISAPS,2024 ISAPS International Survey on Aesthetic/Cosmetic Procedures Performed in 2024,https://www.isaps.org/media/30xldsyf/isaps-global-survey-2024.pdf,ISAPS page 15 country procedure table.,official_association_report
E:\shared\行业报告\2024 isaps-global-survey.pdf,procedure_volume,Other non-surgical,Non-Surgical Fat Reduction,,United States,178409,procedures,2024,ISAPS,2024 ISAPS International Survey on Aesthetic/Cosmetic Procedures Performed in 2024,https://www.isaps.org/media/30xldsyf/isaps-global-survey-2024.pdf,ISAPS page 15 country procedure table.,official_association_report
E:\shared\行业报告\2024 isaps-global-survey.pdf,procedure_volume,Other non-surgical,Tattoo Removal,,United States,17830,procedures,2024,ISAPS,2024 ISAPS International Survey on Aesthetic/Cosmetic Procedures Performed in 2024,https://www.isaps.org/media/30xldsyf/isaps-global-survey-2024.pdf,ISAPS page 15 country procedure table.,official_association_report
E:\shared\行业报告\2024 isaps-global-survey.pdf,procedure_volume,All procedures,Country total procedures,,Brazil,3123758,procedures,2024,ISAPS,2024 ISAPS International Survey on Aesthetic/Cosmetic Procedures Performed in 2024,https://www.isaps.org/media/30xldsyf/isaps-global-survey-2024.pdf,ISAPS page 16 country procedure table.,official_association_report
E:\shared\行业报告\2024 isaps-global-survey.pdf,procedure_volume,Surgical procedures,Country surgical procedures,,Brazil,2354513,procedures,2024,ISAPS,2024 ISAPS International Survey on Aesthetic/Cosmetic Procedures Performed in 2024,https://www.isaps.org/media/30xldsyf/isaps-global-survey-2024.pdf,ISAPS page 16 country procedure table.,official_association_report
E:\shared\行业报告\2024 isaps-global-survey.pdf,procedure_volume,Non-surgical procedures,Country non-surgical procedures,,Brazil,769245,procedures,2024,ISAPS,2024 ISAPS International Survey on Aesthetic/Cosmetic Procedures Performed in 2024,https://www.isaps.org/media/30xldsyf/isaps-global-survey-2024.pdf,ISAPS page 16 country procedure table.,official_association_report
E:\shared\行业报告\2024 isaps-global-survey.pdf,procedure_volume,Injectables,Country total injectables,,Brazil,584730,procedures,2024,ISAPS,2024 ISAPS International Survey on Aesthetic/Cosmetic Procedures Performed in 2024,https://www.isaps.org/media/30xldsyf/isaps-global-survey-2024.pdf,ISAPS page 16 country procedure table.,official_association_report
E:\shared\行业报告\2024 isaps-global-survey.pdf,procedure_volume,Facial rejuvenation,Country total facial rejuvenation,,Brazil,137087,procedures,2024,ISAPS,2024 ISAPS International Survey on Aesthetic/Cosmetic Procedures Performed in 2024,https://www.isaps.org/media/30xldsyf/isaps-global-survey-2024.pdf,ISAPS page 16 country procedure table.,official_association_report
E:\shared\行业报告\2024 isaps-global-survey.pdf,procedure_volume,Other non-surgical,Country total other non-surgical,,Brazil,47428,procedures,2024,ISAPS,2024 ISAPS International Survey on Aesthetic/Cosmetic Procedures Performed in 2024,https://www.isaps.org/media/30xldsyf/isaps-global-survey-2024.pdf,ISAPS page 16 country procedure table.,official_association_report
E:\shared\行业报告\2024 isaps-global-survey.pdf,procedure_volume,Injectables,Botulinum Toxin,,Brazil,351488,procedures,2024,ISAPS,2024 ISAPS International Survey on Aesthetic/Cosmetic Procedures Performed in 2024,https://www.isaps.org/media/30xldsyf/isaps-global-survey-2024.pdf,ISAPS page 16 country procedure table.,official_association_report
E:\shared\行业报告\2024 isaps-global-survey.pdf,procedure_volume,Injectables,Calcium Hydroxylapatite,,Brazil,28587,procedures,2024,ISAPS,2024 ISAPS International Survey on Aesthetic/Cosmetic Procedures Performed in 2024,https://www.isaps.org/media/30xldsyf/isaps-global-survey-2024.pdf,ISAPS page 16 country procedure table.,official_association_report
E:\shared\行业报告\2024 isaps-global-survey.pdf,procedure_volume,Injectables,Hyaluronic Acid,,Brazil,176069,procedures,2024,ISAPS,2024 ISAPS International Survey on Aesthetic/Cosmetic Procedures Performed in 2024,https://www.isaps.org/media/30xldsyf/isaps-global-survey-2024.pdf,ISAPS page 16 country procedure table.,official_association_report
E:\shared\行业报告\2024 isaps-global-survey.pdf,procedure_volume,Injectables,Poly-L-Lactic Acid,,Brazil,28587,procedures,2024,ISAPS,2024 ISAPS International Survey on Aesthetic/Cosmetic Procedures Performed in 2024,https://www.isaps.org/media/30xldsyf/isaps-global-survey-2024.pdf,ISAPS page 16 country procedure table.,official_association_report
E:\shared\行业报告\2024 isaps-global-survey.pdf,procedure_volume,Facial rejuvenation,Chemical Peel,,Brazil,22090,procedures,2024,ISAPS,2024 ISAPS International Survey on Aesthetic/Cosmetic Procedures Performed in 2024,https://www.isaps.org/media/30xldsyf/isaps-global-survey-2024.pdf,ISAPS page 16 country procedure table.,official_association_report
E:\shared\行业报告\2024 isaps-global-survey.pdf,procedure_volume,Facial rejuvenation,Full Field Ablative,,Brazil,54575,procedures,2024,ISAPS,2024 ISAPS International Survey on Aesthetic/Cosmetic Procedures Performed in 2024,https://www.isaps.org/media/30xldsyf/isaps-global-survey-2024.pdf,ISAPS page 16 country procedure table.,official_association_report
E:\shared\行业报告\2024 isaps-global-survey.pdf,procedure_volume,Facial rejuvenation,Non-Surgical Skin Tightening,,Brazil,60422,procedures,2024,ISAPS,2024 ISAPS International Survey on Aesthetic/Cosmetic Procedures Performed in 2024,https://www.isaps.org/media/30xldsyf/isaps-global-survey-2024.pdf,ISAPS page 16 country procedure table.,official_association_report
E:\shared\行业报告\2024 isaps-global-survey.pdf,procedure_volume,Other non-surgical,Hair Removal,,Brazil,29237,procedures,2024,ISAPS,2024 ISAPS International Survey on Aesthetic/Cosmetic Procedures Performed in 2024,https://www.isaps.org/media/30xldsyf/isaps-global-survey-2024.pdf,ISAPS page 16 country procedure table.,official_association_report
E:\shared\行业报告\2024 isaps-global-survey.pdf,procedure_volume,Other non-surgical,Non-Surgical Fat Reduction,,Brazil,7796,procedures,2024,ISAPS,2024 ISAPS International Survey on Aesthetic/Cosmetic Procedures Performed in 2024,https://www.isaps.org/media/30xldsyf/isaps-global-survey-2024.pdf,ISAPS page 16 country procedure table.,official_association_report
E:\shared\行业报告\2024 isaps-global-survey.pdf,procedure_volume,Other non-surgical,Tattoo Removal,,Brazil,10395,procedures,2024,ISAPS,2024 ISAPS International Survey on Aesthetic/Cosmetic Procedures Performed in 2024,https://www.isaps.org/media/30xldsyf/isaps-global-survey-2024.pdf,ISAPS page 16 country procedure table.,official_association_report
E:\shared\行业报告\2024 isaps-global-survey.pdf,procedure_volume,All procedures,Country total procedures,,Japan,1631600,procedures,2024,ISAPS,2024 ISAPS International Survey on Aesthetic/Cosmetic Procedures Performed in 2024,https://www.isaps.org/media/30xldsyf/isaps-global-survey-2024.pdf,ISAPS page 17 country procedure table.,official_association_report
E:\shared\行业报告\2024 isaps-global-survey.pdf,procedure_volume,Surgical procedures,Country surgical procedures,,Japan,380000,procedures,2024,ISAPS,2024 ISAPS International Survey on Aesthetic/Cosmetic Procedures Performed in 2024,https://www.isaps.org/media/30xldsyf/isaps-global-survey-2024.pdf,ISAPS page 17 country procedure table.,official_association_report
E:\shared\行业报告\2024 isaps-global-survey.pdf,procedure_volume,Non-surgical procedures,Country non-surgical procedures,,Japan,1251600,procedures,2024,ISAPS,2024 ISAPS International Survey on Aesthetic/Cosmetic Procedures Performed in 2024,https://www.isaps.org/media/30xldsyf/isaps-global-survey-2024.pdf,ISAPS page 17 country procedure table.,official_association_report
E:\shared\行业报告\2024 isaps-global-survey.pdf,procedure_volume,Injectables,Country total injectables,,Japan,787600,procedures,2024,ISAPS,2024 ISAPS International Survey on Aesthetic/Cosmetic Procedures Performed in 2024,https://www.isaps.org/media/30xldsyf/isaps-global-survey-2024.pdf,ISAPS page 17 country procedure table.,official_association_report
E:\shared\行业报告\2024 isaps-global-survey.pdf,procedure_volume,Facial rejuvenation,Country total facial rejuvenation,,Japan,286800,procedures,2024,ISAPS,2024 ISAPS International Survey on Aesthetic/Cosmetic Procedures Performed in 2024,https://www.isaps.org/media/30xldsyf/isaps-global-survey-2024.pdf,ISAPS page 17 country procedure table.,official_association_report
E:\shared\行业报告\2024 isaps-global-survey.pdf,procedure_volume,Other non-surgical,Country total other non-surgical,,Japan,177200,procedures,2024,ISAPS,2024 ISAPS International Survey on Aesthetic/Cosmetic Procedures Performed in 2024,https://www.isaps.org/media/30xldsyf/isaps-global-survey-2024.pdf,ISAPS page 17 country procedure table.,official_association_report
E:\shared\行业报告\2024 isaps-global-survey.pdf,procedure_volume,Injectables,Botulinum Toxin,,Japan,414800,procedures,2024,ISAPS,2024 ISAPS International Survey on Aesthetic/Cosmetic Procedures Performed in 2024,https://www.isaps.org/media/30xldsyf/isaps-global-survey-2024.pdf,ISAPS page 17 country procedure table.,official_association_report
E:\shared\行业报告\2024 isaps-global-survey.pdf,procedure_volume,Injectables,Calcium Hydroxylapatite,,Japan,800,procedures,2024,ISAPS,2024 ISAPS International Survey on Aesthetic/Cosmetic Procedures Performed in 2024,https://www.isaps.org/media/30xldsyf/isaps-global-survey-2024.pdf,ISAPS page 17 country procedure table.,official_association_report
E:\shared\行业报告\2024 isaps-global-survey.pdf,procedure_volume,Injectables,Hyaluronic Acid,,Japan,341600,procedures,2024,ISAPS,2024 ISAPS International Survey on Aesthetic/Cosmetic Procedures Performed in 2024,https://www.isaps.org/media/30xldsyf/isaps-global-survey-2024.pdf,ISAPS page 17 country procedure table.,official_association_report
E:\shared\行业报告\2024 isaps-global-survey.pdf,procedure_volume,Injectables,Poly-L-Lactic Acid,,Japan,30400,procedures,2024,ISAPS,2024 ISAPS International Survey on Aesthetic/Cosmetic Procedures Performed in 2024,https://www.isaps.org/media/30xldsyf/isaps-global-survey-2024.pdf,ISAPS page 17 country procedure table.,official_association_report
E:\shared\行业报告\2024 isaps-global-survey.pdf,procedure_volume,Facial rejuvenation,Chemical Peel,,Japan,131200,procedures,2024,ISAPS,2024 ISAPS International Survey on Aesthetic/Cosmetic Procedures Performed in 2024,https://www.isaps.org/media/30xldsyf/isaps-global-survey-2024.pdf,ISAPS page 17 country procedure table.,official_association_report
E:\shared\行业报告\2024 isaps-global-survey.pdf,procedure_volume,Facial rejuvenation,Full Field Ablative,,Japan,74000,procedures,2024,ISAPS,2024 ISAPS International Survey on Aesthetic/Cosmetic Procedures Performed in 2024,https://www.isaps.org/media/30xldsyf/isaps-global-survey-2024.pdf,ISAPS page 17 country procedure table.,official_association_report
E:\shared\行业报告\2024 isaps-global-survey.pdf,procedure_volume,Facial rejuvenation,Non-Surgical Skin Tightening,,Japan,81600,procedures,2024,ISAPS,2024 ISAPS International Survey on Aesthetic/Cosmetic Procedures Performed in 2024,https://www.isaps.org/media/30xldsyf/isaps-global-survey-2024.pdf,ISAPS page 17 country procedure table.,official_association_report
E:\shared\行业报告\2024 isaps-global-survey.pdf,procedure_volume,Other non-surgical,Hair Removal,,Japan,133200,procedures,2024,ISAPS,2024 ISAPS International Survey on Aesthetic/Cosmetic Procedures Performed in 2024,https://www.isaps.org/media/30xldsyf/isaps-global-survey-2024.pdf,ISAPS page 17 country procedure table.,official_association_report
E:\shared\行业报告\2024 isaps-global-survey.pdf,procedure_volume,Other non-surgical,Non-Surgical Fat Reduction,,Japan,26800,procedures,2024,ISAPS,2024 ISAPS International Survey on Aesthetic/Cosmetic Procedures Performed in 2024,https://www.isaps.org/media/30xldsyf/isaps-global-survey-2024.pdf,ISAPS page 17 country procedure table.,official_association_report
E:\shared\行业报告\2024 isaps-global-survey.pdf,procedure_volume,Other non-surgical,Tattoo Removal,,Japan,17200,procedures,2024,ISAPS,2024 ISAPS International Survey on Aesthetic/Cosmetic Procedures Performed in 2024,https://www.isaps.org/media/30xldsyf/isaps-global-survey-2024.pdf,ISAPS page 17 country procedure table.,official_association_report
E:\shared\行业报告\2024 isaps-global-survey.pdf,procedure_volume,All procedures,Country total procedures,,Italy,1371220,procedures,2024,ISAPS,2024 ISAPS International Survey on Aesthetic/Cosmetic Procedures Performed in 2024,https://www.isaps.org/media/30xldsyf/isaps-global-survey-2024.pdf,ISAPS page 18 country procedure table.,official_association_report
E:\shared\行业报告\2024 isaps-global-survey.pdf,procedure_volume,Surgical procedures,Country surgical procedures,,Italy,480047,procedures,2024,ISAPS,2024 ISAPS International Survey on Aesthetic/Cosmetic Procedures Performed in 2024,https://www.isaps.org/media/30xldsyf/isaps-global-survey-2024.pdf,ISAPS page 18 country procedure table.,official_association_report
E:\shared\行业报告\2024 isaps-global-survey.pdf,procedure_volume,Non-surgical procedures,Country non-surgical procedures,,Italy,891172,procedures,2024,ISAPS,2024 ISAPS International Survey on Aesthetic/Cosmetic Procedures Performed in 2024,https://www.isaps.org/media/30xldsyf/isaps-global-survey-2024.pdf,ISAPS page 18 country procedure table.,official_association_report
E:\shared\行业报告\2024 isaps-global-survey.pdf,procedure_volume,Injectables,Country total injectables,,Italy,776959,procedures,2024,ISAPS,2024 ISAPS International Survey on Aesthetic/Cosmetic Procedures Performed in 2024,https://www.isaps.org/media/30xldsyf/isaps-global-survey-2024.pdf,ISAPS page 18 country procedure table.,official_association_report
E:\shared\行业报告\2024 isaps-global-survey.pdf,procedure_volume,Facial rejuvenation,Country total facial rejuvenation,,Italy,70235,procedures,2024,ISAPS,2024 ISAPS International Survey on Aesthetic/Cosmetic Procedures Performed in 2024,https://www.isaps.org/media/30xldsyf/isaps-global-survey-2024.pdf,ISAPS page 18 country procedure table.,official_association_report
E:\shared\行业报告\2024 isaps-global-survey.pdf,procedure_volume,Other non-surgical,Country total other non-surgical,,Italy,43979,procedures,2024,ISAPS,2024 ISAPS International Survey on Aesthetic/Cosmetic Procedures Performed in 2024,https://www.isaps.org/media/30xldsyf/isaps-global-survey-2024.pdf,ISAPS page 18 country procedure table.,official_association_report
E:\shared\行业报告\2024 isaps-global-survey.pdf,procedure_volume,Injectables,Botulinum Toxin,,Italy,316385,procedures,2024,ISAPS,2024 ISAPS International Survey on Aesthetic/Cosmetic Procedures Performed in 2024,https://www.isaps.org/media/30xldsyf/isaps-global-survey-2024.pdf,ISAPS page 18 country procedure table.,official_association_report
E:\shared\行业报告\2024 isaps-global-survey.pdf,procedure_volume,Injectables,Calcium Hydroxylapatite,,Italy,17504,procedures,2024,ISAPS,2024 ISAPS International Survey on Aesthetic/Cosmetic Procedures Performed in 2024,https://www.isaps.org/media/30xldsyf/isaps-global-survey-2024.pdf,ISAPS page 18 country procedure table.,official_association_report
E:\shared\行业报告\2024 isaps-global-survey.pdf,procedure_volume,Injectables,Hyaluronic Acid,,Italy,430598,procedures,2024,ISAPS,2024 ISAPS International Survey on Aesthetic/Cosmetic Procedures Performed in 2024,https://www.isaps.org/media/30xldsyf/isaps-global-survey-2024.pdf,ISAPS page 18 country procedure table.,official_association_report
E:\shared\行业报告\2024 isaps-global-survey.pdf,procedure_volume,Injectables,Poly-L-Lactic Acid,,Italy,12472,procedures,2024,ISAPS,2024 ISAPS International Survey on Aesthetic/Cosmetic Procedures Performed in 2024,https://www.isaps.org/media/30xldsyf/isaps-global-survey-2024.pdf,ISAPS page 18 country procedure table.,official_association_report
E:\shared\行业报告\2024 isaps-global-survey.pdf,procedure_volume,Facial rejuvenation,Chemical Peel,,Italy,33258,procedures,2024,ISAPS,2024 ISAPS International Survey on Aesthetic/Cosmetic Procedures Performed in 2024,https://www.isaps.org/media/30xldsyf/isaps-global-survey-2024.pdf,ISAPS page 18 country procedure table.,official_association_report
E:\shared\行业报告\2024 isaps-global-survey.pdf,procedure_volume,Facial rejuvenation,Full Field Ablative,,Italy,14660,procedures,2024,ISAPS,2024 ISAPS International Survey on Aesthetic/Cosmetic Procedures Performed in 2024,https://www.isaps.org/media/30xldsyf/isaps-global-survey-2024.pdf,ISAPS page 18 country procedure table.,official_association_report
E:\shared\行业报告\2024 isaps-global-survey.pdf,procedure_volume,Facial rejuvenation,Non-Surgical Skin Tightening,,Italy,22318,procedures,2024,ISAPS,2024 ISAPS International Survey on Aesthetic/Cosmetic Procedures Performed in 2024,https://www.isaps.org/media/30xldsyf/isaps-global-survey-2024.pdf,ISAPS page 18 country procedure table.,official_association_report
E:\shared\行业报告\2024 isaps-global-survey.pdf,procedure_volume,Other non-surgical,Hair Removal,,Italy,16629,procedures,2024,ISAPS,2024 ISAPS International Survey on Aesthetic/Cosmetic Procedures Performed in 2024,https://www.isaps.org/media/30xldsyf/isaps-global-survey-2024.pdf,ISAPS page 18 country procedure table.,official_association_report
E:\shared\行业报告\2024 isaps-global-survey.pdf,procedure_volume,Other non-surgical,Non-Surgical Fat Reduction,,Italy,16848,procedures,2024,ISAPS,2024 ISAPS International Survey on Aesthetic/Cosmetic Procedures Performed in 2024,https://www.isaps.org/media/30xldsyf/isaps-global-survey-2024.pdf,ISAPS page 18 country procedure table.,official_association_report
E:\shared\行业报告\2024 isaps-global-survey.pdf,procedure_volume,Other non-surgical,Tattoo Removal,,Italy,10502,procedures,2024,ISAPS,2024 ISAPS International Survey on Aesthetic/Cosmetic Procedures Performed in 2024,https://www.isaps.org/media/30xldsyf/isaps-global-survey-2024.pdf,ISAPS page 18 country procedure table.,official_association_report
E:\shared\行业报告\2024 isaps-global-survey.pdf,procedure_volume,All procedures,Country total procedures,,Germany,1303528,procedures,2024,ISAPS,2024 ISAPS International Survey on Aesthetic/Cosmetic Procedures Performed in 2024,https://www.isaps.org/media/30xldsyf/isaps-global-survey-2024.pdf,ISAPS page 19 country procedure table.,official_association_report
E:\shared\行业报告\2024 isaps-global-survey.pdf,procedure_volume,Surgical procedures,Country surgical procedures,,Germany,626215,procedures,2024,ISAPS,2024 ISAPS International Survey on Aesthetic/Cosmetic Procedures Performed in 2024,https://www.isaps.org/media/30xldsyf/isaps-global-survey-2024.pdf,ISAPS page 19 country procedure table.,official_association_report
E:\shared\行业报告\2024 isaps-global-survey.pdf,procedure_volume,Non-surgical procedures,Country non-surgical procedures,,Germany,677313,procedures,2024,ISAPS,2024 ISAPS International Survey on Aesthetic/Cosmetic Procedures Performed in 2024,https://www.isaps.org/media/30xldsyf/isaps-global-survey-2024.pdf,ISAPS page 19 country procedure table.,official_association_report
E:\shared\行业报告\2024 isaps-global-survey.pdf,procedure_volume,Injectables,Country total injectables,,Germany,610885,procedures,2024,ISAPS,2024 ISAPS International Survey on Aesthetic/Cosmetic Procedures Performed in 2024,https://www.isaps.org/media/30xldsyf/isaps-global-survey-2024.pdf,ISAPS page 19 country procedure table.,official_association_report
E:\shared\行业报告\2024 isaps-global-survey.pdf,procedure_volume,Facial rejuvenation,Country total facial rejuvenation,,Germany,53565,procedures,2024,ISAPS,2024 ISAPS International Survey on Aesthetic/Cosmetic Procedures Performed in 2024,https://www.isaps.org/media/30xldsyf/isaps-global-survey-2024.pdf,ISAPS page 19 country procedure table.,official_association_report
E:\shared\行业报告\2024 isaps-global-survey.pdf,procedure_volume,Other non-surgical,Country total other non-surgical,,Germany,12863,procedures,2024,ISAPS,2024 ISAPS International Survey on Aesthetic/Cosmetic Procedures Performed in 2024,https://www.isaps.org/media/30xldsyf/isaps-global-survey-2024.pdf,ISAPS page 19 country procedure table.,official_association_report
E:\shared\行业报告\2024 isaps-global-survey.pdf,procedure_volume,Injectables,Botulinum Toxin,,Germany,361210,procedures,2024,ISAPS,2024 ISAPS International Survey on Aesthetic/Cosmetic Procedures Performed in 2024,https://www.isaps.org/media/30xldsyf/isaps-global-survey-2024.pdf,ISAPS page 19 country procedure table.,official_association_report
E:\shared\行业报告\2024 isaps-global-survey.pdf,procedure_volume,Injectables,Calcium Hydroxylapatite,,Germany,9162,procedures,2024,ISAPS,2024 ISAPS International Survey on Aesthetic/Cosmetic Procedures Performed in 2024,https://www.isaps.org/media/30xldsyf/isaps-global-survey-2024.pdf,ISAPS page 19 country procedure table.,official_association_report
E:\shared\行业报告\2024 isaps-global-survey.pdf,procedure_volume,Injectables,Hyaluronic Acid,,Germany,221836,procedures,2024,ISAPS,2024 ISAPS International Survey on Aesthetic/Cosmetic Procedures Performed in 2024,https://www.isaps.org/media/30xldsyf/isaps-global-survey-2024.pdf,ISAPS page 19 country procedure table.,official_association_report
E:\shared\行业报告\2024 isaps-global-survey.pdf,procedure_volume,Injectables,Poly-L-Lactic Acid,,Germany,18677,procedures,2024,ISAPS,2024 ISAPS International Survey on Aesthetic/Cosmetic Procedures Performed in 2024,https://www.isaps.org/media/30xldsyf/isaps-global-survey-2024.pdf,ISAPS page 19 country procedure table.,official_association_report
E:\shared\行业报告\2024 isaps-global-survey.pdf,procedure_volume,Facial rejuvenation,Chemical Peel,,Germany,1410,procedures,2024,ISAPS,2024 ISAPS International Survey on Aesthetic/Cosmetic Procedures Performed in 2024,https://www.isaps.org/media/30xldsyf/isaps-global-survey-2024.pdf,ISAPS page 19 country procedure table.,official_association_report
E:\shared\行业报告\2024 isaps-global-survey.pdf,procedure_volume,Facial rejuvenation,Full Field Ablative,,Germany,23963,procedures,2024,ISAPS,2024 ISAPS International Survey on Aesthetic/Cosmetic Procedures Performed in 2024,https://www.isaps.org/media/30xldsyf/isaps-global-survey-2024.pdf,ISAPS page 19 country procedure table.,official_association_report
E:\shared\行业报告\2024 isaps-global-survey.pdf,procedure_volume,Facial rejuvenation,Non-Surgical Skin Tightening,,Germany,28192,procedures,2024,ISAPS,2024 ISAPS International Survey on Aesthetic/Cosmetic Procedures Performed in 2024,https://www.isaps.org/media/30xldsyf/isaps-global-survey-2024.pdf,ISAPS page 19 country procedure table.,official_association_report
E:\shared\行业报告\2024 isaps-global-survey.pdf,procedure_volume,Other non-surgical,Hair Removal,,Germany,3348,procedures,2024,ISAPS,2024 ISAPS International Survey on Aesthetic/Cosmetic Procedures Performed in 2024,https://www.isaps.org/media/30xldsyf/isaps-global-survey-2024.pdf,ISAPS page 19 country procedure table.,official_association_report
E:\shared\行业报告\2024 isaps-global-survey.pdf,procedure_volume,Other non-surgical,Non-Surgical Fat Reduction,,Germany,8810,procedures,2024,ISAPS,2024 ISAPS International Survey on Aesthetic/Cosmetic Procedures Performed in 2024,https://www.isaps.org/media/30xldsyf/isaps-global-survey-2024.pdf,ISAPS page 19 country procedure table.,official_association_report
E:\shared\行业报告\2024 isaps-global-survey.pdf,procedure_volume,Other non-surgical,Tattoo Removal,,Germany,705,procedures,2024,ISAPS,2024 ISAPS International Survey on Aesthetic/Cosmetic Procedures Performed in 2024,https://www.isaps.org/media/30xldsyf/isaps-global-survey-2024.pdf,ISAPS page 19 country procedure table.,official_association_report
E:\shared\行业报告\2024 isaps-global-survey.pdf,procedure_volume,All procedures,Country total procedures,,Mexico,1294946,procedures,2024,ISAPS,2024 ISAPS International Survey on Aesthetic/Cosmetic Procedures Performed in 2024,https://www.isaps.org/media/30xldsyf/isaps-global-survey-2024.pdf,ISAPS page 20 country procedure table.,official_association_report
E:\shared\行业报告\2024 isaps-global-survey.pdf,procedure_volume,Surgical procedures,Country surgical procedures,,Mexico,734082,procedures,2024,ISAPS,2024 ISAPS International Survey on Aesthetic/Cosmetic Procedures Performed in 2024,https://www.isaps.org/media/30xldsyf/isaps-global-survey-2024.pdf,ISAPS page 20 country procedure table.,official_association_report
E:\shared\行业报告\2024 isaps-global-survey.pdf,procedure_volume,Non-surgical procedures,Country non-surgical procedures,,Mexico,560865,procedures,2024,ISAPS,2024 ISAPS International Survey on Aesthetic/Cosmetic Procedures Performed in 2024,https://www.isaps.org/media/30xldsyf/isaps-global-survey-2024.pdf,ISAPS page 20 country procedure table.,official_association_report
E:\shared\行业报告\2024 isaps-global-survey.pdf,procedure_volume,Injectables,Country total injectables,,Mexico,421893,procedures,2024,ISAPS,2024 ISAPS International Survey on Aesthetic/Cosmetic Procedures Performed in 2024,https://www.isaps.org/media/30xldsyf/isaps-global-survey-2024.pdf,ISAPS page 20 country procedure table.,official_association_report
E:\shared\行业报告\2024 isaps-global-survey.pdf,procedure_volume,Facial rejuvenation,Country total facial rejuvenation,,Mexico,70083,procedures,2024,ISAPS,2024 ISAPS International Survey on Aesthetic/Cosmetic Procedures Performed in 2024,https://www.isaps.org/media/30xldsyf/isaps-global-survey-2024.pdf,ISAPS page 20 country procedure table.,official_association_report
E:\shared\行业报告\2024 isaps-global-survey.pdf,procedure_volume,Other non-surgical,Country total other non-surgical,,Mexico,68889,procedures,2024,ISAPS,2024 ISAPS International Survey on Aesthetic/Cosmetic Procedures Performed in 2024,https://www.isaps.org/media/30xldsyf/isaps-global-survey-2024.pdf,ISAPS page 20 country procedure table.,official_association_report
E:\shared\行业报告\2024 isaps-global-survey.pdf,procedure_volume,Injectables,Botulinum Toxin,,Mexico,250468,procedures,2024,ISAPS,2024 ISAPS International Survey on Aesthetic/Cosmetic Procedures Performed in 2024,https://www.isaps.org/media/30xldsyf/isaps-global-survey-2024.pdf,ISAPS page 20 country procedure table.,official_association_report
E:\shared\行业报告\2024 isaps-global-survey.pdf,procedure_volume,Injectables,Calcium Hydroxylapatite,,Mexico,22299,procedures,2024,ISAPS,2024 ISAPS International Survey on Aesthetic/Cosmetic Procedures Performed in 2024,https://www.isaps.org/media/30xldsyf/isaps-global-survey-2024.pdf,ISAPS page 20 country procedure table.,official_association_report
E:\shared\行业报告\2024 isaps-global-survey.pdf,procedure_volume,Injectables,Hyaluronic Acid,,Mexico,137777,procedures,2024,ISAPS,2024 ISAPS International Survey on Aesthetic/Cosmetic Procedures Performed in 2024,https://www.isaps.org/media/30xldsyf/isaps-global-survey-2024.pdf,ISAPS page 20 country procedure table.,official_association_report
E:\shared\行业报告\2024 isaps-global-survey.pdf,procedure_volume,Injectables,Poly-L-Lactic Acid,,Mexico,11349,procedures,2024,ISAPS,2024 ISAPS International Survey on Aesthetic/Cosmetic Procedures Performed in 2024,https://www.isaps.org/media/30xldsyf/isaps-global-survey-2024.pdf,ISAPS page 20 country procedure table.,official_association_report
E:\shared\行业报告\2024 isaps-global-survey.pdf,procedure_volume,Facial rejuvenation,Chemical Peel,,Mexico,19910,procedures,2024,ISAPS,2024 ISAPS International Survey on Aesthetic/Cosmetic Procedures Performed in 2024,https://www.isaps.org/media/30xldsyf/isaps-global-survey-2024.pdf,ISAPS page 20 country procedure table.,official_association_report
E:\shared\行业报告\2024 isaps-global-survey.pdf,procedure_volume,Facial rejuvenation,Full Field Ablative,,Mexico,15530,procedures,2024,ISAPS,2024 ISAPS International Survey on Aesthetic/Cosmetic Procedures Performed in 2024,https://www.isaps.org/media/30xldsyf/isaps-global-survey-2024.pdf,ISAPS page 20 country procedure table.,official_association_report
E:\shared\行业报告\2024 isaps-global-survey.pdf,procedure_volume,Facial rejuvenation,Non-Surgical Skin Tightening,,Mexico,34643,procedures,2024,ISAPS,2024 ISAPS International Survey on Aesthetic/Cosmetic Procedures Performed in 2024,https://www.isaps.org/media/30xldsyf/isaps-global-survey-2024.pdf,ISAPS page 20 country procedure table.,official_association_report
E:\shared\行业报告\2024 isaps-global-survey.pdf,procedure_volume,Other non-surgical,Hair Removal,,Mexico,30462,procedures,2024,ISAPS,2024 ISAPS International Survey on Aesthetic/Cosmetic Procedures Performed in 2024,https://www.isaps.org/media/30xldsyf/isaps-global-survey-2024.pdf,ISAPS page 20 country procedure table.,official_association_report
E:\shared\行业报告\2024 isaps-global-survey.pdf,procedure_volume,Other non-surgical,Non-Surgical Fat Reduction,,Mexico,28870,procedures,2024,ISAPS,2024 ISAPS International Survey on Aesthetic/Cosmetic Procedures Performed in 2024,https://www.isaps.org/media/30xldsyf/isaps-global-survey-2024.pdf,ISAPS page 20 country procedure table.,official_association_report
E:\shared\行业报告\2024 isaps-global-survey.pdf,procedure_volume,Other non-surgical,Tattoo Removal,,Mexico,9557,procedures,2024,ISAPS,2024 ISAPS International Survey on Aesthetic/Cosmetic Procedures Performed in 2024,https://www.isaps.org/media/30xldsyf/isaps-global-survey-2024.pdf,ISAPS page 20 country procedure table.,official_association_report
E:\shared\行业报告\2024 isaps-global-survey.pdf,procedure_volume,All procedures,Country total procedures,,India,1288840,procedures,2024,ISAPS,2024 ISAPS International Survey on Aesthetic/Cosmetic Procedures Performed in 2024,https://www.isaps.org/media/30xldsyf/isaps-global-survey-2024.pdf,ISAPS page 21 country procedure table.,official_association_report
E:\shared\行业报告\2024 isaps-global-survey.pdf,procedure_volume,Surgical procedures,Country surgical procedures,,India,677040,procedures,2024,ISAPS,2024 ISAPS International Survey on Aesthetic/Cosmetic Procedures Performed in 2024,https://www.isaps.org/media/30xldsyf/isaps-global-survey-2024.pdf,ISAPS page 21 country procedure table.,official_association_report
E:\shared\行业报告\2024 isaps-global-survey.pdf,procedure_volume,Non-surgical procedures,Country non-surgical procedures,,India,611800,procedures,2024,ISAPS,2024 ISAPS International Survey on Aesthetic/Cosmetic Procedures Performed in 2024,https://www.isaps.org/media/30xldsyf/isaps-global-survey-2024.pdf,ISAPS page 21 country procedure table.,official_association_report
E:\shared\行业报告\2024 isaps-global-survey.pdf,procedure_volume,Injectables,Country total injectables,,India,179480,procedures,2024,ISAPS,2024 ISAPS International Survey on Aesthetic/Cosmetic Procedures Performed in 2024,https://www.isaps.org/media/30xldsyf/isaps-global-survey-2024.pdf,ISAPS page 21 country procedure table.,official_association_report
E:\shared\行业报告\2024 isaps-global-survey.pdf,procedure_volume,Facial rejuvenation,Country total facial rejuvenation,,India,169960,procedures,2024,ISAPS,2024 ISAPS International Survey on Aesthetic/Cosmetic Procedures Performed in 2024,https://www.isaps.org/media/30xldsyf/isaps-global-survey-2024.pdf,ISAPS page 21 country procedure table.,official_association_report
E:\shared\行业报告\2024 isaps-global-survey.pdf,procedure_volume,Other non-surgical,Country total other non-surgical,,India,262360,procedures,2024,ISAPS,2024 ISAPS International Survey on Aesthetic/Cosmetic Procedures Performed in 2024,https://www.isaps.org/media/30xldsyf/isaps-global-survey-2024.pdf,ISAPS page 21 country procedure table.,official_association_report
E:\shared\行业报告\2024 isaps-global-survey.pdf,procedure_volume,Injectables,Botulinum Toxin,,India,76720,procedures,2024,ISAPS,2024 ISAPS International Survey on Aesthetic/Cosmetic Procedures Performed in 2024,https://www.isaps.org/media/30xldsyf/isaps-global-survey-2024.pdf,ISAPS page 21 country procedure table.,official_association_report
E:\shared\行业报告\2024 isaps-global-survey.pdf,procedure_volume,Injectables,Calcium Hydroxylapatite,,India,280,procedures,2024,ISAPS,2024 ISAPS International Survey on Aesthetic/Cosmetic Procedures Performed in 2024,https://www.isaps.org/media/30xldsyf/isaps-global-survey-2024.pdf,ISAPS page 21 country procedure table.,official_association_report
E:\shared\行业报告\2024 isaps-global-survey.pdf,procedure_volume,Injectables,Hyaluronic Acid,,India,97160,procedures,2024,ISAPS,2024 ISAPS International Survey on Aesthetic/Cosmetic Procedures Performed in 2024,https://www.isaps.org/media/30xldsyf/isaps-global-survey-2024.pdf,ISAPS page 21 country procedure table.,official_association_report
E:\shared\行业报告\2024 isaps-global-survey.pdf,procedure_volume,Injectables,Poly-L-Lactic Acid,,India,5320,procedures,2024,ISAPS,2024 ISAPS International Survey on Aesthetic/Cosmetic Procedures Performed in 2024,https://www.isaps.org/media/30xldsyf/isaps-global-survey-2024.pdf,ISAPS page 21 country procedure table.,official_association_report
E:\shared\行业报告\2024 isaps-global-survey.pdf,procedure_volume,Facial rejuvenation,Chemical Peel,,India,85120,procedures,2024,ISAPS,2024 ISAPS International Survey on Aesthetic/Cosmetic Procedures Performed in 2024,https://www.isaps.org/media/30xldsyf/isaps-global-survey-2024.pdf,ISAPS page 21 country procedure table.,official_association_report
E:\shared\行业报告\2024 isaps-global-survey.pdf,procedure_volume,Facial rejuvenation,Full Field Ablative,,India,49560,procedures,2024,ISAPS,2024 ISAPS International Survey on Aesthetic/Cosmetic Procedures Performed in 2024,https://www.isaps.org/media/30xldsyf/isaps-global-survey-2024.pdf,ISAPS page 21 country procedure table.,official_association_report
E:\shared\行业报告\2024 isaps-global-survey.pdf,procedure_volume,Facial rejuvenation,Non-Surgical Skin Tightening,,India,35280,procedures,2024,ISAPS,2024 ISAPS International Survey on Aesthetic/Cosmetic Procedures Performed in 2024,https://www.isaps.org/media/30xldsyf/isaps-global-survey-2024.pdf,ISAPS page 21 country procedure table.,official_association_report
E:\shared\行业报告\2024 isaps-global-survey.pdf,procedure_volume,Other non-surgical,Hair Removal,,India,208880,procedures,2024,ISAPS,2024 ISAPS International Survey on Aesthetic/Cosmetic Procedures Performed in 2024,https://www.isaps.org/media/30xldsyf/isaps-global-survey-2024.pdf,ISAPS page 21 country procedure table.,official_association_report
E:\shared\行业报告\2024 isaps-global-survey.pdf,procedure_volume,Other non-surgical,Non-Surgical Fat Reduction,,India,21560,procedures,2024,ISAPS,2024 ISAPS International Survey on Aesthetic/Cosmetic Procedures Performed in 2024,https://www.isaps.org/media/30xldsyf/isaps-global-survey-2024.pdf,ISAPS page 21 country procedure table.,official_association_report
E:\shared\行业报告\2024 isaps-global-survey.pdf,procedure_volume,Other non-surgical,Tattoo Removal,,India,31920,procedures,2024,ISAPS,2024 ISAPS International Survey on Aesthetic/Cosmetic Procedures Performed in 2024,https://www.isaps.org/media/30xldsyf/isaps-global-survey-2024.pdf,ISAPS page 21 country procedure table.,official_association_report
E:\shared\行业报告\2024 isaps-global-survey.pdf,procedure_volume,All procedures,Country total procedures,,Turkiye,1110306,procedures,2024,ISAPS,2024 ISAPS International Survey on Aesthetic/Cosmetic Procedures Performed in 2024,https://www.isaps.org/media/30xldsyf/isaps-global-survey-2024.pdf,ISAPS page 22 country procedure table.,official_association_report
E:\shared\行业报告\2024 isaps-global-survey.pdf,procedure_volume,Surgical procedures,Country surgical procedures,,Turkiye,570478,procedures,2024,ISAPS,2024 ISAPS International Survey on Aesthetic/Cosmetic Procedures Performed in 2024,https://www.isaps.org/media/30xldsyf/isaps-global-survey-2024.pdf,ISAPS page 22 country procedure table.,official_association_report
E:\shared\行业报告\2024 isaps-global-survey.pdf,procedure_volume,Non-surgical procedures,Country non-surgical procedures,,Turkiye,539828,procedures,2024,ISAPS,2024 ISAPS International Survey on Aesthetic/Cosmetic Procedures Performed in 2024,https://www.isaps.org/media/30xldsyf/isaps-global-survey-2024.pdf,ISAPS page 22 country procedure table.,official_association_report
E:\shared\行业报告\2024 isaps-global-survey.pdf,procedure_volume,Injectables,Country total injectables,,Turkiye,434978,procedures,2024,ISAPS,2024 ISAPS International Survey on Aesthetic/Cosmetic Procedures Performed in 2024,https://www.isaps.org/media/30xldsyf/isaps-global-survey-2024.pdf,ISAPS page 22 country procedure table.,official_association_report
E:\shared\行业报告\2024 isaps-global-survey.pdf,procedure_volume,Facial rejuvenation,Country total facial rejuvenation,,Turkiye,48169,procedures,2024,ISAPS,2024 ISAPS International Survey on Aesthetic/Cosmetic Procedures Performed in 2024,https://www.isaps.org/media/30xldsyf/isaps-global-survey-2024.pdf,ISAPS page 22 country procedure table.,official_association_report
E:\shared\行业报告\2024 isaps-global-survey.pdf,procedure_volume,Other non-surgical,Country total other non-surgical,,Turkiye,56681,procedures,2024,ISAPS,2024 ISAPS International Survey on Aesthetic/Cosmetic Procedures Performed in 2024,https://www.isaps.org/media/30xldsyf/isaps-global-survey-2024.pdf,ISAPS page 22 country procedure table.,official_association_report
E:\shared\行业报告\2024 isaps-global-survey.pdf,procedure_volume,Injectables,Botulinum Toxin,,Turkiye,260390,procedures,2024,ISAPS,2024 ISAPS International Survey on Aesthetic/Cosmetic Procedures Performed in 2024,https://www.isaps.org/media/30xldsyf/isaps-global-survey-2024.pdf,ISAPS page 22 country procedure table.,official_association_report
E:\shared\行业报告\2024 isaps-global-survey.pdf,procedure_volume,Injectables,Calcium Hydroxylapatite,,Turkiye,10640,procedures,2024,ISAPS,2024 ISAPS International Survey on Aesthetic/Cosmetic Procedures Performed in 2024,https://www.isaps.org/media/30xldsyf/isaps-global-survey-2024.pdf,ISAPS page 22 country procedure table.,official_association_report
E:\shared\行业报告\2024 isaps-global-survey.pdf,procedure_volume,Injectables,Hyaluronic Acid,,Turkiye,160944,procedures,2024,ISAPS,2024 ISAPS International Survey on Aesthetic/Cosmetic Procedures Performed in 2024,https://www.isaps.org/media/30xldsyf/isaps-global-survey-2024.pdf,ISAPS page 22 country procedure table.,official_association_report
E:\shared\行业报告\2024 isaps-global-survey.pdf,procedure_volume,Injectables,Poly-L-Lactic Acid,,Turkiye,3005,procedures,2024,ISAPS,2024 ISAPS International Survey on Aesthetic/Cosmetic Procedures Performed in 2024,https://www.isaps.org/media/30xldsyf/isaps-global-survey-2024.pdf,ISAPS page 22 country procedure table.,official_association_report
E:\shared\行业报告\2024 isaps-global-survey.pdf,procedure_volume,Facial rejuvenation,Chemical Peel,,Turkiye,3410,procedures,2024,ISAPS,2024 ISAPS International Survey on Aesthetic/Cosmetic Procedures Performed in 2024,https://www.isaps.org/media/30xldsyf/isaps-global-survey-2024.pdf,ISAPS page 22 country procedure table.,official_association_report
E:\shared\行业报告\2024 isaps-global-survey.pdf,procedure_volume,Facial rejuvenation,Full Field Ablative,,Turkiye,14879,procedures,2024,ISAPS,2024 ISAPS International Survey on Aesthetic/Cosmetic Procedures Performed in 2024,https://www.isaps.org/media/30xldsyf/isaps-global-survey-2024.pdf,ISAPS page 22 country procedure table.,official_association_report
E:\shared\行业报告\2024 isaps-global-survey.pdf,procedure_volume,Facial rejuvenation,Non-Surgical Skin Tightening,,Turkiye,29881,procedures,2024,ISAPS,2024 ISAPS International Survey on Aesthetic/Cosmetic Procedures Performed in 2024,https://www.isaps.org/media/30xldsyf/isaps-global-survey-2024.pdf,ISAPS page 22 country procedure table.,official_association_report
E:\shared\行业报告\2024 isaps-global-survey.pdf,procedure_volume,Other non-surgical,Hair Removal,,Turkiye,39083,procedures,2024,ISAPS,2024 ISAPS International Survey on Aesthetic/Cosmetic Procedures Performed in 2024,https://www.isaps.org/media/30xldsyf/isaps-global-survey-2024.pdf,ISAPS page 22 country procedure table.,official_association_report
E:\shared\行业报告\2024 isaps-global-survey.pdf,procedure_volume,Other non-surgical,Non-Surgical Fat Reduction,,Turkiye,9558,procedures,2024,ISAPS,2024 ISAPS International Survey on Aesthetic/Cosmetic Procedures Performed in 2024,https://www.isaps.org/media/30xldsyf/isaps-global-survey-2024.pdf,ISAPS page 22 country procedure table.,official_association_report
E:\shared\行业报告\2024 isaps-global-survey.pdf,procedure_volume,Other non-surgical,Tattoo Removal,,Turkiye,8040,procedures,2024,ISAPS,2024 ISAPS International Survey on Aesthetic/Cosmetic Procedures Performed in 2024,https://www.isaps.org/media/30xldsyf/isaps-global-survey-2024.pdf,ISAPS page 22 country procedure table.,official_association_report
E:\shared\行业报告\2024 isaps-global-survey.pdf,procedure_volume,All procedures,Country total procedures,,France,912940,procedures,2024,ISAPS,2024 ISAPS International Survey on Aesthetic/Cosmetic Procedures Performed in 2024,https://www.isaps.org/media/30xldsyf/isaps-global-survey-2024.pdf,ISAPS page 23 country procedure table.,official_association_report
E:\shared\行业报告\2024 isaps-global-survey.pdf,procedure_volume,Surgical procedures,Country surgical procedures,,France,415800,procedures,2024,ISAPS,2024 ISAPS International Survey on Aesthetic/Cosmetic Procedures Performed in 2024,https://www.isaps.org/media/30xldsyf/isaps-global-survey-2024.pdf,ISAPS page 23 country procedure table.,official_association_report
E:\shared\行业报告\2024 isaps-global-survey.pdf,procedure_volume,Non-surgical procedures,Country non-surgical procedures,,France,497140,procedures,2024,ISAPS,2024 ISAPS International Survey on Aesthetic/Cosmetic Procedures Performed in 2024,https://www.isaps.org/media/30xldsyf/isaps-global-survey-2024.pdf,ISAPS page 23 country procedure table.,official_association_report
E:\shared\行业报告\2024 isaps-global-survey.pdf,procedure_volume,Injectables,Country total injectables,,France,418740,procedures,2024,ISAPS,2024 ISAPS International Survey on Aesthetic/Cosmetic Procedures Performed in 2024,https://www.isaps.org/media/30xldsyf/isaps-global-survey-2024.pdf,ISAPS page 23 country procedure table.,official_association_report
E:\shared\行业报告\2024 isaps-global-survey.pdf,procedure_volume,Facial rejuvenation,Country total facial rejuvenation,,France,34020,procedures,2024,ISAPS,2024 ISAPS International Survey on Aesthetic/Cosmetic Procedures Performed in 2024,https://www.isaps.org/media/30xldsyf/isaps-global-survey-2024.pdf,ISAPS page 23 country procedure table.,official_association_report
E:\shared\行业报告\2024 isaps-global-survey.pdf,procedure_volume,Other non-surgical,Country total other non-surgical,,France,44380,procedures,2024,ISAPS,2024 ISAPS International Survey on Aesthetic/Cosmetic Procedures Performed in 2024,https://www.isaps.org/media/30xldsyf/isaps-global-survey-2024.pdf,ISAPS page 23 country procedure table.,official_association_report
E:\shared\行业报告\2024 isaps-global-survey.pdf,procedure_volume,Injectables,Botulinum Toxin,,France,184800,procedures,2024,ISAPS,2024 ISAPS International Survey on Aesthetic/Cosmetic Procedures Performed in 2024,https://www.isaps.org/media/30xldsyf/isaps-global-survey-2024.pdf,ISAPS page 23 country procedure table.,official_association_report
E:\shared\行业报告\2024 isaps-global-survey.pdf,procedure_volume,Injectables,Calcium Hydroxylapatite,,France,11200,procedures,2024,ISAPS,2024 ISAPS International Survey on Aesthetic/Cosmetic Procedures Performed in 2024,https://www.isaps.org/media/30xldsyf/isaps-global-survey-2024.pdf,ISAPS page 23 country procedure table.,official_association_report
E:\shared\行业报告\2024 isaps-global-survey.pdf,procedure_volume,Injectables,Hyaluronic Acid,,France,217140,procedures,2024,ISAPS,2024 ISAPS International Survey on Aesthetic/Cosmetic Procedures Performed in 2024,https://www.isaps.org/media/30xldsyf/isaps-global-survey-2024.pdf,ISAPS page 23 country procedure table.,official_association_report
E:\shared\行业报告\2024 isaps-global-survey.pdf,procedure_volume,Injectables,Poly-L-Lactic Acid,,France,5600,procedures,2024,ISAPS,2024 ISAPS International Survey on Aesthetic/Cosmetic Procedures Performed in 2024,https://www.isaps.org/media/30xldsyf/isaps-global-survey-2024.pdf,ISAPS page 23 country procedure table.,official_association_report
E:\shared\行业报告\2024 isaps-global-survey.pdf,procedure_volume,Facial rejuvenation,Chemical Peel,,France,10080,procedures,2024,ISAPS,2024 ISAPS International Survey on Aesthetic/Cosmetic Procedures Performed in 2024,https://www.isaps.org/media/30xldsyf/isaps-global-survey-2024.pdf,ISAPS page 23 country procedure table.,official_association_report
E:\shared\行业报告\2024 isaps-global-survey.pdf,procedure_volume,Facial rejuvenation,Full Field Ablative,,France,2660,procedures,2024,ISAPS,2024 ISAPS International Survey on Aesthetic/Cosmetic Procedures Performed in 2024,https://www.isaps.org/media/30xldsyf/isaps-global-survey-2024.pdf,ISAPS page 23 country procedure table.,official_association_report
E:\shared\行业报告\2024 isaps-global-survey.pdf,procedure_volume,Facial rejuvenation,Non-Surgical Skin Tightening,,France,21280,procedures,2024,ISAPS,2024 ISAPS International Survey on Aesthetic/Cosmetic Procedures Performed in 2024,https://www.isaps.org/media/30xldsyf/isaps-global-survey-2024.pdf,ISAPS page 23 country procedure table.,official_association_report
E:\shared\行业报告\2024 isaps-global-survey.pdf,procedure_volume,Other non-surgical,Hair Removal,,France,33040,procedures,2024,ISAPS,2024 ISAPS International Survey on Aesthetic/Cosmetic Procedures Performed in 2024,https://www.isaps.org/media/30xldsyf/isaps-global-survey-2024.pdf,ISAPS page 23 country procedure table.,official_association_report
E:\shared\行业报告\2024 isaps-global-survey.pdf,procedure_volume,Other non-surgical,Non-Surgical Fat Reduction,,France,9940,procedures,2024,ISAPS,2024 ISAPS International Survey on Aesthetic/Cosmetic Procedures Performed in 2024,https://www.isaps.org/media/30xldsyf/isaps-global-survey-2024.pdf,ISAPS page 23 country procedure table.,official_association_report
E:\shared\行业报告\2024 isaps-global-survey.pdf,procedure_volume,Other non-surgical,Tattoo Removal,,France,1400,procedures,2024,ISAPS,2024 ISAPS International Survey on Aesthetic/Cosmetic Procedures Performed in 2024,https://www.isaps.org/media/30xldsyf/isaps-global-survey-2024.pdf,ISAPS page 23 country procedure table.,official_association_report
E:\shared\行业报告\2024 isaps-global-survey.pdf,procedure_volume,All procedures,Country total procedures,,Chinese Taipei,658320,procedures,2024,ISAPS,2024 ISAPS International Survey on Aesthetic/Cosmetic Procedures Performed in 2024,https://www.isaps.org/media/30xldsyf/isaps-global-survey-2024.pdf,ISAPS page 24 country procedure table.,official_association_report
E:\shared\行业报告\2024 isaps-global-survey.pdf,procedure_volume,Surgical procedures,Country surgical procedures,,Chinese Taipei,257480,procedures,2024,ISAPS,2024 ISAPS International Survey on Aesthetic/Cosmetic Procedures Performed in 2024,https://www.isaps.org/media/30xldsyf/isaps-global-survey-2024.pdf,ISAPS page 24 country procedure table.,official_association_report
E:\shared\行业报告\2024 isaps-global-survey.pdf,procedure_volume,Non-surgical procedures,Country non-surgical procedures,,Chinese Taipei,400840,procedures,2024,ISAPS,2024 ISAPS International Survey on Aesthetic/Cosmetic Procedures Performed in 2024,https://www.isaps.org/media/30xldsyf/isaps-global-survey-2024.pdf,ISAPS page 24 country procedure table.,official_association_report
E:\shared\行业报告\2024 isaps-global-survey.pdf,procedure_volume,Injectables,Country total injectables,,Chinese Taipei,286136,procedures,2024,ISAPS,2024 ISAPS International Survey on Aesthetic/Cosmetic Procedures Performed in 2024,https://www.isaps.org/media/30xldsyf/isaps-global-survey-2024.pdf,ISAPS page 24 country procedure table.,official_association_report
E:\shared\行业报告\2024 isaps-global-survey.pdf,procedure_volume,Facial rejuvenation,Country total facial rejuvenation,,Chinese Taipei,59310,procedures,2024,ISAPS,2024 ISAPS International Survey on Aesthetic/Cosmetic Procedures Performed in 2024,https://www.isaps.org/media/30xldsyf/isaps-global-survey-2024.pdf,ISAPS page 24 country procedure table.,official_association_report
E:\shared\行业报告\2024 isaps-global-survey.pdf,procedure_volume,Other non-surgical,Country total other non-surgical,,Chinese Taipei,55394,procedures,2024,ISAPS,2024 ISAPS International Survey on Aesthetic/Cosmetic Procedures Performed in 2024,https://www.isaps.org/media/30xldsyf/isaps-global-survey-2024.pdf,ISAPS page 24 country procedure table.,official_association_report
E:\shared\行业报告\2024 isaps-global-survey.pdf,procedure_volume,Injectables,Botulinum Toxin,,Chinese Taipei,177846,procedures,2024,ISAPS,2024 ISAPS International Survey on Aesthetic/Cosmetic Procedures Performed in 2024,https://www.isaps.org/media/30xldsyf/isaps-global-survey-2024.pdf,ISAPS page 24 country procedure table.,official_association_report
E:\shared\行业报告\2024 isaps-global-survey.pdf,procedure_volume,Injectables,Calcium Hydroxylapatite,,Chinese Taipei,916,procedures,2024,ISAPS,2024 ISAPS International Survey on Aesthetic/Cosmetic Procedures Performed in 2024,https://www.isaps.org/media/30xldsyf/isaps-global-survey-2024.pdf,ISAPS page 24 country procedure table.,official_association_report
E:\shared\行业报告\2024 isaps-global-survey.pdf,procedure_volume,Injectables,Hyaluronic Acid,,Chinese Taipei,85882,procedures,2024,ISAPS,2024 ISAPS International Survey on Aesthetic/Cosmetic Procedures Performed in 2024,https://www.isaps.org/media/30xldsyf/isaps-global-survey-2024.pdf,ISAPS page 24 country procedure table.,official_association_report
E:\shared\行业报告\2024 isaps-global-survey.pdf,procedure_volume,Injectables,Poly-L-Lactic Acid,,Chinese Taipei,21491,procedures,2024,ISAPS,2024 ISAPS International Survey on Aesthetic/Cosmetic Procedures Performed in 2024,https://www.isaps.org/media/30xldsyf/isaps-global-survey-2024.pdf,ISAPS page 24 country procedure table.,official_association_report
E:\shared\行业报告\2024 isaps-global-survey.pdf,procedure_volume,Facial rejuvenation,Chemical Peel,,Chinese Taipei,3582,procedures,2024,ISAPS,2024 ISAPS International Survey on Aesthetic/Cosmetic Procedures Performed in 2024,https://www.isaps.org/media/30xldsyf/isaps-global-survey-2024.pdf,ISAPS page 24 country procedure table.,official_association_report
E:\shared\行业报告\2024 isaps-global-survey.pdf,procedure_volume,Facial rejuvenation,Full Field Ablative,,Chinese Taipei,21825,procedures,2024,ISAPS,2024 ISAPS International Survey on Aesthetic/Cosmetic Procedures Performed in 2024,https://www.isaps.org/media/30xldsyf/isaps-global-survey-2024.pdf,ISAPS page 24 country procedure table.,official_association_report
E:\shared\行业报告\2024 isaps-global-survey.pdf,procedure_volume,Facial rejuvenation,Non-Surgical Skin Tightening,,Chinese Taipei,33903,procedures,2024,ISAPS,2024 ISAPS International Survey on Aesthetic/Cosmetic Procedures Performed in 2024,https://www.isaps.org/media/30xldsyf/isaps-global-survey-2024.pdf,ISAPS page 24 country procedure table.,official_association_report
E:\shared\行业报告\2024 isaps-global-survey.pdf,procedure_volume,Other non-surgical,Hair Removal,,Chinese Taipei,37069,procedures,2024,ISAPS,2024 ISAPS International Survey on Aesthetic/Cosmetic Procedures Performed in 2024,https://www.isaps.org/media/30xldsyf/isaps-global-survey-2024.pdf,ISAPS page 24 country procedure table.,official_association_report
E:\shared\行业报告\2024 isaps-global-survey.pdf,procedure_volume,Other non-surgical,Non-Surgical Fat Reduction,,Chinese Taipei,14994,procedures,2024,ISAPS,2024 ISAPS International Survey on Aesthetic/Cosmetic Procedures Performed in 2024,https://www.isaps.org/media/30xldsyf/isaps-global-survey-2024.pdf,ISAPS page 24 country procedure table.,official_association_report
E:\shared\行业报告\2024 isaps-global-survey.pdf,procedure_volume,Other non-surgical,Tattoo Removal,,Chinese Taipei,3332,procedures,2024,ISAPS,2024 ISAPS International Survey on Aesthetic/Cosmetic Procedures Performed in 2024,https://www.isaps.org/media/30xldsyf/isaps-global-survey-2024.pdf,ISAPS page 24 country procedure table.,official_association_report
E:\shared\行业报告\2024 isaps-global-survey.pdf,procedure_volume,All procedures,Country total procedures,,Spain,588859,procedures,2024,ISAPS,2024 ISAPS International Survey on Aesthetic/Cosmetic Procedures Performed in 2024,https://www.isaps.org/media/30xldsyf/isaps-global-survey-2024.pdf,ISAPS page 25 country procedure table.,official_association_report
E:\shared\行业报告\2024 isaps-global-survey.pdf,procedure_volume,Surgical procedures,Country surgical procedures,,Spain,303559,procedures,2024,ISAPS,2024 ISAPS International Survey on Aesthetic/Cosmetic Procedures Performed in 2024,https://www.isaps.org/media/30xldsyf/isaps-global-survey-2024.pdf,ISAPS page 25 country procedure table.,official_association_report
E:\shared\行业报告\2024 isaps-global-survey.pdf,procedure_volume,Non-surgical procedures,Country non-surgical procedures,,Spain,285300,procedures,2024,ISAPS,2024 ISAPS International Survey on Aesthetic/Cosmetic Procedures Performed in 2024,https://www.isaps.org/media/30xldsyf/isaps-global-survey-2024.pdf,ISAPS page 25 country procedure table.,official_association_report
E:\shared\行业报告\2024 isaps-global-survey.pdf,procedure_volume,Injectables,Country total injectables,,Spain,236133,procedures,2024,ISAPS,2024 ISAPS International Survey on Aesthetic/Cosmetic Procedures Performed in 2024,https://www.isaps.org/media/30xldsyf/isaps-global-survey-2024.pdf,ISAPS page 25 country procedure table.,official_association_report
E:\shared\行业报告\2024 isaps-global-survey.pdf,procedure_volume,Facial rejuvenation,Country total facial rejuvenation,,Spain,32144,procedures,2024,ISAPS,2024 ISAPS International Survey on Aesthetic/Cosmetic Procedures Performed in 2024,https://www.isaps.org/media/30xldsyf/isaps-global-survey-2024.pdf,ISAPS page 25 country procedure table.,official_association_report
E:\shared\行业报告\2024 isaps-global-survey.pdf,procedure_volume,Other non-surgical,Country total other non-surgical,,Spain,17023,procedures,2024,ISAPS,2024 ISAPS International Survey on Aesthetic/Cosmetic Procedures Performed in 2024,https://www.isaps.org/media/30xldsyf/isaps-global-survey-2024.pdf,ISAPS page 25 country procedure table.,official_association_report
E:\shared\行业报告\2024 isaps-global-survey.pdf,procedure_volume,Injectables,Botulinum Toxin,,Spain,100996,procedures,2024,ISAPS,2024 ISAPS International Survey on Aesthetic/Cosmetic Procedures Performed in 2024,https://www.isaps.org/media/30xldsyf/isaps-global-survey-2024.pdf,ISAPS page 25 country procedure table.,official_association_report
E:\shared\行业报告\2024 isaps-global-survey.pdf,procedure_volume,Injectables,Calcium Hydroxylapatite,,Spain,7228,procedures,2024,ISAPS,2024 ISAPS International Survey on Aesthetic/Cosmetic Procedures Performed in 2024,https://www.isaps.org/media/30xldsyf/isaps-global-survey-2024.pdf,ISAPS page 25 country procedure table.,official_association_report
E:\shared\行业报告\2024 isaps-global-survey.pdf,procedure_volume,Injectables,Hyaluronic Acid,,Spain,124676,procedures,2024,ISAPS,2024 ISAPS International Survey on Aesthetic/Cosmetic Procedures Performed in 2024,https://www.isaps.org/media/30xldsyf/isaps-global-survey-2024.pdf,ISAPS page 25 country procedure table.,official_association_report
E:\shared\行业报告\2024 isaps-global-survey.pdf,procedure_volume,Injectables,Poly-L-Lactic Acid,,Spain,3233,procedures,2024,ISAPS,2024 ISAPS International Survey on Aesthetic/Cosmetic Procedures Performed in 2024,https://www.isaps.org/media/30xldsyf/isaps-global-survey-2024.pdf,ISAPS page 25 country procedure table.,official_association_report
E:\shared\行业报告\2024 isaps-global-survey.pdf,procedure_volume,Facial rejuvenation,Chemical Peel,,Spain,7893,procedures,2024,ISAPS,2024 ISAPS International Survey on Aesthetic/Cosmetic Procedures Performed in 2024,https://www.isaps.org/media/30xldsyf/isaps-global-survey-2024.pdf,ISAPS page 25 country procedure table.,official_association_report
E:\shared\行业报告\2024 isaps-global-survey.pdf,procedure_volume,Facial rejuvenation,Full Field Ablative,,Spain,18259,procedures,2024,ISAPS,2024 ISAPS International Survey on Aesthetic/Cosmetic Procedures Performed in 2024,https://www.isaps.org/media/30xldsyf/isaps-global-survey-2024.pdf,ISAPS page 25 country procedure table.,official_association_report
E:\shared\行业报告\2024 isaps-global-survey.pdf,procedure_volume,Facial rejuvenation,Non-Surgical Skin Tightening,,Spain,5991,procedures,2024,ISAPS,2024 ISAPS International Survey on Aesthetic/Cosmetic Procedures Performed in 2024,https://www.isaps.org/media/30xldsyf/isaps-global-survey-2024.pdf,ISAPS page 25 country procedure table.,official_association_report
E:\shared\行业报告\2024 isaps-global-survey.pdf,procedure_volume,Other non-surgical,Hair Removal,,Spain,13219,procedures,2024,ISAPS,2024 ISAPS International Survey on Aesthetic/Cosmetic Procedures Performed in 2024,https://www.isaps.org/media/30xldsyf/isaps-global-survey-2024.pdf,ISAPS page 25 country procedure table.,official_association_report
E:\shared\行业报告\2024 isaps-global-survey.pdf,procedure_volume,Other non-surgical,Non-Surgical Fat Reduction,,Spain,3043,procedures,2024,ISAPS,2024 ISAPS International Survey on Aesthetic/Cosmetic Procedures Performed in 2024,https://www.isaps.org/media/30xldsyf/isaps-global-survey-2024.pdf,ISAPS page 25 country procedure table.,official_association_report
E:\shared\行业报告\2024 isaps-global-survey.pdf,procedure_volume,Other non-surgical,Tattoo Removal,,Spain,761,procedures,2024,ISAPS,2024 ISAPS International Survey on Aesthetic/Cosmetic Procedures Performed in 2024,https://www.isaps.org/media/30xldsyf/isaps-global-survey-2024.pdf,ISAPS page 25 country procedure table.,official_association_report
E:\shared\行业报告\2024 isaps-global-survey.pdf,procedure_volume,All procedures,Country total procedures,,Greece,529440,procedures,2024,ISAPS,2024 ISAPS International Survey on Aesthetic/Cosmetic Procedures Performed in 2024,https://www.isaps.org/media/30xldsyf/isaps-global-survey-2024.pdf,ISAPS page 26 country procedure table.,official_association_report
E:\shared\行业报告\2024 isaps-global-survey.pdf,procedure_volume,Surgical procedures,Country surgical procedures,,Greece,118720,procedures,2024,ISAPS,2024 ISAPS International Survey on Aesthetic/Cosmetic Procedures Performed in 2024,https://www.isaps.org/media/30xldsyf/isaps-global-survey-2024.pdf,ISAPS page 26 country procedure table.,official_association_report
E:\shared\行业报告\2024 isaps-global-survey.pdf,procedure_volume,Non-surgical procedures,Country non-surgical procedures,,Greece,410720,procedures,2024,ISAPS,2024 ISAPS International Survey on Aesthetic/Cosmetic Procedures Performed in 2024,https://www.isaps.org/media/30xldsyf/isaps-global-survey-2024.pdf,ISAPS page 26 country procedure table.,official_association_report
E:\shared\行业报告\2024 isaps-global-survey.pdf,procedure_volume,Injectables,Country total injectables,,Greece,271720,procedures,2024,ISAPS,2024 ISAPS International Survey on Aesthetic/Cosmetic Procedures Performed in 2024,https://www.isaps.org/media/30xldsyf/isaps-global-survey-2024.pdf,ISAPS page 26 country procedure table.,official_association_report
E:\shared\行业报告\2024 isaps-global-survey.pdf,procedure_volume,Facial rejuvenation,Country total facial rejuvenation,,Greece,57120,procedures,2024,ISAPS,2024 ISAPS International Survey on Aesthetic/Cosmetic Procedures Performed in 2024,https://www.isaps.org/media/30xldsyf/isaps-global-survey-2024.pdf,ISAPS page 26 country procedure table.,official_association_report
E:\shared\行业报告\2024 isaps-global-survey.pdf,procedure_volume,Other non-surgical,Country total other non-surgical,,Greece,81880,procedures,2024,ISAPS,2024 ISAPS International Survey on Aesthetic/Cosmetic Procedures Performed in 2024,https://www.isaps.org/media/30xldsyf/isaps-global-survey-2024.pdf,ISAPS page 26 country procedure table.,official_association_report
E:\shared\行业报告\2024 isaps-global-survey.pdf,procedure_volume,Injectables,Botulinum Toxin,,Greece,130760,procedures,2024,ISAPS,2024 ISAPS International Survey on Aesthetic/Cosmetic Procedures Performed in 2024,https://www.isaps.org/media/30xldsyf/isaps-global-survey-2024.pdf,ISAPS page 26 country procedure table.,official_association_report
E:\shared\行业报告\2024 isaps-global-survey.pdf,procedure_volume,Injectables,Calcium Hydroxylapatite,,Greece,2560,procedures,2024,ISAPS,2024 ISAPS International Survey on Aesthetic/Cosmetic Procedures Performed in 2024,https://www.isaps.org/media/30xldsyf/isaps-global-survey-2024.pdf,ISAPS page 26 country procedure table.,official_association_report
E:\shared\行业报告\2024 isaps-global-survey.pdf,procedure_volume,Injectables,Hyaluronic Acid,,Greece,133320,procedures,2024,ISAPS,2024 ISAPS International Survey on Aesthetic/Cosmetic Procedures Performed in 2024,https://www.isaps.org/media/30xldsyf/isaps-global-survey-2024.pdf,ISAPS page 26 country procedure table.,official_association_report
E:\shared\行业报告\2024 isaps-global-survey.pdf,procedure_volume,Injectables,Poly-L-Lactic Acid,,Greece,5080,procedures,2024,ISAPS,2024 ISAPS International Survey on Aesthetic/Cosmetic Procedures Performed in 2024,https://www.isaps.org/media/30xldsyf/isaps-global-survey-2024.pdf,ISAPS page 26 country procedure table.,official_association_report
E:\shared\行业报告\2024 isaps-global-survey.pdf,procedure_volume,Facial rejuvenation,Chemical Peel,,Greece,21840,procedures,2024,ISAPS,2024 ISAPS International Survey on Aesthetic/Cosmetic Procedures Performed in 2024,https://www.isaps.org/media/30xldsyf/isaps-global-survey-2024.pdf,ISAPS page 26 country procedure table.,official_association_report
E:\shared\行业报告\2024 isaps-global-survey.pdf,procedure_volume,Facial rejuvenation,Full Field Ablative,,Greece,15720,procedures,2024,ISAPS,2024 ISAPS International Survey on Aesthetic/Cosmetic Procedures Performed in 2024,https://www.isaps.org/media/30xldsyf/isaps-global-survey-2024.pdf,ISAPS page 26 country procedure table.,official_association_report
E:\shared\行业报告\2024 isaps-global-survey.pdf,procedure_volume,Facial rejuvenation,Non-Surgical Skin Tightening,,Greece,19560,procedures,2024,ISAPS,2024 ISAPS International Survey on Aesthetic/Cosmetic Procedures Performed in 2024,https://www.isaps.org/media/30xldsyf/isaps-global-survey-2024.pdf,ISAPS page 26 country procedure table.,official_association_report
E:\shared\行业报告\2024 isaps-global-survey.pdf,procedure_volume,Other non-surgical,Hair Removal,,Greece,68400,procedures,2024,ISAPS,2024 ISAPS International Survey on Aesthetic/Cosmetic Procedures Performed in 2024,https://www.isaps.org/media/30xldsyf/isaps-global-survey-2024.pdf,ISAPS page 26 country procedure table.,official_association_report
E:\shared\行业报告\2024 isaps-global-survey.pdf,procedure_volume,Other non-surgical,Non-Surgical Fat Reduction,,Greece,12640,procedures,2024,ISAPS,2024 ISAPS International Survey on Aesthetic/Cosmetic Procedures Performed in 2024,https://www.isaps.org/media/30xldsyf/isaps-global-survey-2024.pdf,ISAPS page 26 country procedure table.,official_association_report
E:\shared\行业报告\2024 isaps-global-survey.pdf,procedure_volume,Other non-surgical,Tattoo Removal,,Greece,840,procedures,2024,ISAPS,2024 ISAPS International Survey on Aesthetic/Cosmetic Procedures Performed in 2024,https://www.isaps.org/media/30xldsyf/isaps-global-survey-2024.pdf,ISAPS page 26 country procedure table.,official_association_report
E:\shared\行业报告\2024 isaps-global-survey.pdf,procedure_volume,All procedures,Country total procedures,,Colombia,490944,procedures,2024,ISAPS,2024 ISAPS International Survey on Aesthetic/Cosmetic Procedures Performed in 2024,https://www.isaps.org/media/30xldsyf/isaps-global-survey-2024.pdf,ISAPS page 27 country procedure table.,official_association_report
E:\shared\行业报告\2024 isaps-global-survey.pdf,procedure_volume,Surgical procedures,Country surgical procedures,,Colombia,321408,procedures,2024,ISAPS,2024 ISAPS International Survey on Aesthetic/Cosmetic Procedures Performed in 2024,https://www.isaps.org/media/30xldsyf/isaps-global-survey-2024.pdf,ISAPS page 27 country procedure table.,official_association_report
E:\shared\行业报告\2024 isaps-global-survey.pdf,procedure_volume,Non-surgical procedures,Country non-surgical procedures,,Colombia,169536,procedures,2024,ISAPS,2024 ISAPS International Survey on Aesthetic/Cosmetic Procedures Performed in 2024,https://www.isaps.org/media/30xldsyf/isaps-global-survey-2024.pdf,ISAPS page 27 country procedure table.,official_association_report
E:\shared\行业报告\2024 isaps-global-survey.pdf,procedure_volume,Injectables,Country total injectables,,Colombia,124896,procedures,2024,ISAPS,2024 ISAPS International Survey on Aesthetic/Cosmetic Procedures Performed in 2024,https://www.isaps.org/media/30xldsyf/isaps-global-survey-2024.pdf,ISAPS page 27 country procedure table.,official_association_report
E:\shared\行业报告\2024 isaps-global-survey.pdf,procedure_volume,Facial rejuvenation,Country total facial rejuvenation,,Colombia,16512,procedures,2024,ISAPS,2024 ISAPS International Survey on Aesthetic/Cosmetic Procedures Performed in 2024,https://www.isaps.org/media/30xldsyf/isaps-global-survey-2024.pdf,ISAPS page 27 country procedure table.,official_association_report
E:\shared\行业报告\2024 isaps-global-survey.pdf,procedure_volume,Other non-surgical,Country total other non-surgical,,Colombia,28128,procedures,2024,ISAPS,2024 ISAPS International Survey on Aesthetic/Cosmetic Procedures Performed in 2024,https://www.isaps.org/media/30xldsyf/isaps-global-survey-2024.pdf,ISAPS page 27 country procedure table.,official_association_report
E:\shared\行业报告\2024 isaps-global-survey.pdf,procedure_volume,Injectables,Botulinum Toxin,,Colombia,65472,procedures,2024,ISAPS,2024 ISAPS International Survey on Aesthetic/Cosmetic Procedures Performed in 2024,https://www.isaps.org/media/30xldsyf/isaps-global-survey-2024.pdf,ISAPS page 27 country procedure table.,official_association_report
E:\shared\行业报告\2024 isaps-global-survey.pdf,procedure_volume,Injectables,Calcium Hydroxylapatite,,Colombia,6048,procedures,2024,ISAPS,2024 ISAPS International Survey on Aesthetic/Cosmetic Procedures Performed in 2024,https://www.isaps.org/media/30xldsyf/isaps-global-survey-2024.pdf,ISAPS page 27 country procedure table.,official_association_report
E:\shared\行业报告\2024 isaps-global-survey.pdf,procedure_volume,Injectables,Hyaluronic Acid,,Colombia,44448,procedures,2024,ISAPS,2024 ISAPS International Survey on Aesthetic/Cosmetic Procedures Performed in 2024,https://www.isaps.org/media/30xldsyf/isaps-global-survey-2024.pdf,ISAPS page 27 country procedure table.,official_association_report
E:\shared\行业报告\2024 isaps-global-survey.pdf,procedure_volume,Injectables,Poly-L-Lactic Acid,,Colombia,8928,procedures,2024,ISAPS,2024 ISAPS International Survey on Aesthetic/Cosmetic Procedures Performed in 2024,https://www.isaps.org/media/30xldsyf/isaps-global-survey-2024.pdf,ISAPS page 27 country procedure table.,official_association_report
E:\shared\行业报告\2024 isaps-global-survey.pdf,procedure_volume,Facial rejuvenation,Chemical Peel,,Colombia,5760,procedures,2024,ISAPS,2024 ISAPS International Survey on Aesthetic/Cosmetic Procedures Performed in 2024,https://www.isaps.org/media/30xldsyf/isaps-global-survey-2024.pdf,ISAPS page 27 country procedure table.,official_association_report
E:\shared\行业报告\2024 isaps-global-survey.pdf,procedure_volume,Facial rejuvenation,Full Field Ablative,,Colombia,6240,procedures,2024,ISAPS,2024 ISAPS International Survey on Aesthetic/Cosmetic Procedures Performed in 2024,https://www.isaps.org/media/30xldsyf/isaps-global-survey-2024.pdf,ISAPS page 27 country procedure table.,official_association_report
E:\shared\行业报告\2024 isaps-global-survey.pdf,procedure_volume,Facial rejuvenation,Non-Surgical Skin Tightening,,Colombia,4512,procedures,2024,ISAPS,2024 ISAPS International Survey on Aesthetic/Cosmetic Procedures Performed in 2024,https://www.isaps.org/media/30xldsyf/isaps-global-survey-2024.pdf,ISAPS page 27 country procedure table.,official_association_report
E:\shared\行业报告\2024 isaps-global-survey.pdf,procedure_volume,Other non-surgical,Hair Removal,,Colombia,18432,procedures,2024,ISAPS,2024 ISAPS International Survey on Aesthetic/Cosmetic Procedures Performed in 2024,https://www.isaps.org/media/30xldsyf/isaps-global-survey-2024.pdf,ISAPS page 27 country procedure table.,official_association_report
E:\shared\行业报告\2024 isaps-global-survey.pdf,procedure_volume,Other non-surgical,Non-Surgical Fat Reduction,,Colombia,7584,procedures,2024,ISAPS,2024 ISAPS International Survey on Aesthetic/Cosmetic Procedures Performed in 2024,https://www.isaps.org/media/30xldsyf/isaps-global-survey-2024.pdf,ISAPS page 27 country procedure table.,official_association_report
E:\shared\行业报告\2024 isaps-global-survey.pdf,procedure_volume,Other non-surgical,Tattoo Removal,,Colombia,2112,procedures,2024,ISAPS,2024 ISAPS International Survey on Aesthetic/Cosmetic Procedures Performed in 2024,https://www.isaps.org/media/30xldsyf/isaps-global-survey-2024.pdf,ISAPS page 27 country procedure table.,official_association_report
E:\shared\行业报告\2024 isaps-global-survey.pdf,procedure_volume,All procedures,Country total procedures,,UAE,482752,procedures,2024,ISAPS,2024 ISAPS International Survey on Aesthetic/Cosmetic Procedures Performed in 2024,https://www.isaps.org/media/30xldsyf/isaps-global-survey-2024.pdf,ISAPS page 28 country procedure table.,official_association_report
E:\shared\行业报告\2024 isaps-global-survey.pdf,procedure_volume,Surgical procedures,Country surgical procedures,,UAE,272000,procedures,2024,ISAPS,2024 ISAPS International Survey on Aesthetic/Cosmetic Procedures Performed in 2024,https://www.isaps.org/media/30xldsyf/isaps-global-survey-2024.pdf,ISAPS page 28 country procedure table.,official_association_report
E:\shared\行业报告\2024 isaps-global-survey.pdf,procedure_volume,Non-surgical procedures,Country non-surgical procedures,,UAE,210752,procedures,2024,ISAPS,2024 ISAPS International Survey on Aesthetic/Cosmetic Procedures Performed in 2024,https://www.isaps.org/media/30xldsyf/isaps-global-survey-2024.pdf,ISAPS page 28 country procedure table.,official_association_report
E:\shared\行业报告\2024 isaps-global-survey.pdf,procedure_volume,Injectables,Country total injectables,,UAE,154304,procedures,2024,ISAPS,2024 ISAPS International Survey on Aesthetic/Cosmetic Procedures Performed in 2024,https://www.isaps.org/media/30xldsyf/isaps-global-survey-2024.pdf,ISAPS page 28 country procedure table.,official_association_report
E:\shared\行业报告\2024 isaps-global-survey.pdf,procedure_volume,Facial rejuvenation,Country total facial rejuvenation,,UAE,31488,procedures,2024,ISAPS,2024 ISAPS International Survey on Aesthetic/Cosmetic Procedures Performed in 2024,https://www.isaps.org/media/30xldsyf/isaps-global-survey-2024.pdf,ISAPS page 28 country procedure table.,official_association_report
E:\shared\行业报告\2024 isaps-global-survey.pdf,procedure_volume,Other non-surgical,Country total other non-surgical,,UAE,24960,procedures,2024,ISAPS,2024 ISAPS International Survey on Aesthetic/Cosmetic Procedures Performed in 2024,https://www.isaps.org/media/30xldsyf/isaps-global-survey-2024.pdf,ISAPS page 28 country procedure table.,official_association_report
E:\shared\行业报告\2024 isaps-global-survey.pdf,procedure_volume,Injectables,Botulinum Toxin,,UAE,70144,procedures,2024,ISAPS,2024 ISAPS International Survey on Aesthetic/Cosmetic Procedures Performed in 2024,https://www.isaps.org/media/30xldsyf/isaps-global-survey-2024.pdf,ISAPS page 28 country procedure table.,official_association_report
E:\shared\行业报告\2024 isaps-global-survey.pdf,procedure_volume,Injectables,Calcium Hydroxylapatite,,UAE,2240,procedures,2024,ISAPS,2024 ISAPS International Survey on Aesthetic/Cosmetic Procedures Performed in 2024,https://www.isaps.org/media/30xldsyf/isaps-global-survey-2024.pdf,ISAPS page 28 country procedure table.,official_association_report
E:\shared\行业报告\2024 isaps-global-survey.pdf,procedure_volume,Injectables,Hyaluronic Acid,,UAE,78400,procedures,2024,ISAPS,2024 ISAPS International Survey on Aesthetic/Cosmetic Procedures Performed in 2024,https://www.isaps.org/media/30xldsyf/isaps-global-survey-2024.pdf,ISAPS page 28 country procedure table.,official_association_report
E:\shared\行业报告\2024 isaps-global-survey.pdf,procedure_volume,Injectables,Poly-L-Lactic Acid,,UAE,3520,procedures,2024,ISAPS,2024 ISAPS International Survey on Aesthetic/Cosmetic Procedures Performed in 2024,https://www.isaps.org/media/30xldsyf/isaps-global-survey-2024.pdf,ISAPS page 28 country procedure table.,official_association_report
E:\shared\行业报告\2024 isaps-global-survey.pdf,procedure_volume,Facial rejuvenation,Chemical Peel,,UAE,8448,procedures,2024,ISAPS,2024 ISAPS International Survey on Aesthetic/Cosmetic Procedures Performed in 2024,https://www.isaps.org/media/30xldsyf/isaps-global-survey-2024.pdf,ISAPS page 28 country procedure table.,official_association_report
E:\shared\行业报告\2024 isaps-global-survey.pdf,procedure_volume,Facial rejuvenation,Full Field Ablative,,UAE,9216,procedures,2024,ISAPS,2024 ISAPS International Survey on Aesthetic/Cosmetic Procedures Performed in 2024,https://www.isaps.org/media/30xldsyf/isaps-global-survey-2024.pdf,ISAPS page 28 country procedure table.,official_association_report
E:\shared\行业报告\2024 isaps-global-survey.pdf,procedure_volume,Facial rejuvenation,Non-Surgical Skin Tightening,,UAE,13824,procedures,2024,ISAPS,2024 ISAPS International Survey on Aesthetic/Cosmetic Procedures Performed in 2024,https://www.isaps.org/media/30xldsyf/isaps-global-survey-2024.pdf,ISAPS page 28 country procedure table.,official_association_report
E:\shared\行业报告\2024 isaps-global-survey.pdf,procedure_volume,Other non-surgical,Hair Removal,,UAE,18880,procedures,2024,ISAPS,2024 ISAPS International Survey on Aesthetic/Cosmetic Procedures Performed in 2024,https://www.isaps.org/media/30xldsyf/isaps-global-survey-2024.pdf,ISAPS page 28 country procedure table.,official_association_report
E:\shared\行业报告\2024 isaps-global-survey.pdf,procedure_volume,Other non-surgical,Non-Surgical Fat Reduction,,UAE,5248,procedures,2024,ISAPS,2024 ISAPS International Survey on Aesthetic/Cosmetic Procedures Performed in 2024,https://www.isaps.org/media/30xldsyf/isaps-global-survey-2024.pdf,ISAPS page 28 country procedure table.,official_association_report
E:\shared\行业报告\2024 isaps-global-survey.pdf,procedure_volume,Other non-surgical,Tattoo Removal,,UAE,832,procedures,2024,ISAPS,2024 ISAPS International Survey on Aesthetic/Cosmetic Procedures Performed in 2024,https://www.isaps.org/media/30xldsyf/isaps-global-survey-2024.pdf,ISAPS page 28 country procedure table.,official_association_report
E:\shared\行业报告\2024 isaps-global-survey.pdf,procedure_volume,All procedures,Country total procedures,,Argentina,435936,procedures,2024,ISAPS,2024 ISAPS International Survey on Aesthetic/Cosmetic Procedures Performed in 2024,https://www.isaps.org/media/30xldsyf/isaps-global-survey-2024.pdf,ISAPS page 29 country procedure table.,official_association_report
E:\shared\行业报告\2024 isaps-global-survey.pdf,procedure_volume,Surgical procedures,Country surgical procedures,,Argentina,209760,procedures,2024,ISAPS,2024 ISAPS International Survey on Aesthetic/Cosmetic Procedures Performed in 2024,https://www.isaps.org/media/30xldsyf/isaps-global-survey-2024.pdf,ISAPS page 29 country procedure table.,official_association_report
E:\shared\行业报告\2024 isaps-global-survey.pdf,procedure_volume,Non-surgical procedures,Country non-surgical procedures,,Argentina,226176,procedures,2024,ISAPS,2024 ISAPS International Survey on Aesthetic/Cosmetic Procedures Performed in 2024,https://www.isaps.org/media/30xldsyf/isaps-global-survey-2024.pdf,ISAPS page 29 country procedure table.,official_association_report
E:\shared\行业报告\2024 isaps-global-survey.pdf,procedure_volume,Injectables,Country total injectables,,Argentina,148382,procedures,2024,ISAPS,2024 ISAPS International Survey on Aesthetic/Cosmetic Procedures Performed in 2024,https://www.isaps.org/media/30xldsyf/isaps-global-survey-2024.pdf,ISAPS page 29 country procedure table.,official_association_report
E:\shared\行业报告\2024 isaps-global-survey.pdf,procedure_volume,Facial rejuvenation,Country total facial rejuvenation,,Argentina,23347,procedures,2024,ISAPS,2024 ISAPS International Survey on Aesthetic/Cosmetic Procedures Performed in 2024,https://www.isaps.org/media/30xldsyf/isaps-global-survey-2024.pdf,ISAPS page 29 country procedure table.,official_association_report
E:\shared\行业报告\2024 isaps-global-survey.pdf,procedure_volume,Other non-surgical,Country total other non-surgical,,Argentina,54446,procedures,2024,ISAPS,2024 ISAPS International Survey on Aesthetic/Cosmetic Procedures Performed in 2024,https://www.isaps.org/media/30xldsyf/isaps-global-survey-2024.pdf,ISAPS page 29 country procedure table.,official_association_report
E:\shared\行业报告\2024 isaps-global-survey.pdf,procedure_volume,Injectables,Botulinum Toxin,,Argentina,59006,procedures,2024,ISAPS,2024 ISAPS International Survey on Aesthetic/Cosmetic Procedures Performed in 2024,https://www.isaps.org/media/30xldsyf/isaps-global-survey-2024.pdf,ISAPS page 29 country procedure table.,official_association_report
E:\shared\行业报告\2024 isaps-global-survey.pdf,procedure_volume,Injectables,Calcium Hydroxylapatite,,Argentina,4834,procedures,2024,ISAPS,2024 ISAPS International Survey on Aesthetic/Cosmetic Procedures Performed in 2024,https://www.isaps.org/media/30xldsyf/isaps-global-survey-2024.pdf,ISAPS page 29 country procedure table.,official_association_report
E:\shared\行业报告\2024 isaps-global-survey.pdf,procedure_volume,Injectables,Hyaluronic Acid,,Argentina,80165,procedures,2024,ISAPS,2024 ISAPS International Survey on Aesthetic/Cosmetic Procedures Performed in 2024,https://www.isaps.org/media/30xldsyf/isaps-global-survey-2024.pdf,ISAPS page 29 country procedure table.,official_association_report
E:\shared\行业报告\2024 isaps-global-survey.pdf,procedure_volume,Injectables,Poly-L-Lactic Acid,,Argentina,4378,procedures,2024,ISAPS,2024 ISAPS International Survey on Aesthetic/Cosmetic Procedures Performed in 2024,https://www.isaps.org/media/30xldsyf/isaps-global-survey-2024.pdf,ISAPS page 29 country procedure table.,official_association_report
E:\shared\行业报告\2024 isaps-global-survey.pdf,procedure_volume,Facial rejuvenation,Chemical Peel,,Argentina,8755,procedures,2024,ISAPS,2024 ISAPS International Survey on Aesthetic/Cosmetic Procedures Performed in 2024,https://www.isaps.org/media/30xldsyf/isaps-global-survey-2024.pdf,ISAPS page 29 country procedure table.,official_association_report
E:\shared\行业报告\2024 isaps-global-survey.pdf,procedure_volume,Facial rejuvenation,Full Field Ablative,,Argentina,5654,procedures,2024,ISAPS,2024 ISAPS International Survey on Aesthetic/Cosmetic Procedures Performed in 2024,https://www.isaps.org/media/30xldsyf/isaps-global-survey-2024.pdf,ISAPS page 29 country procedure table.,official_association_report
E:\shared\行业报告\2024 isaps-global-survey.pdf,procedure_volume,Facial rejuvenation,Non-Surgical Skin Tightening,,Argentina,8938,procedures,2024,ISAPS,2024 ISAPS International Survey on Aesthetic/Cosmetic Procedures Performed in 2024,https://www.isaps.org/media/30xldsyf/isaps-global-survey-2024.pdf,ISAPS page 29 country procedure table.,official_association_report
E:\shared\行业报告\2024 isaps-global-survey.pdf,procedure_volume,Other non-surgical,Hair Removal,,Argentina,29275,procedures,2024,ISAPS,2024 ISAPS International Survey on Aesthetic/Cosmetic Procedures Performed in 2024,https://www.isaps.org/media/30xldsyf/isaps-global-survey-2024.pdf,ISAPS page 29 country procedure table.,official_association_report
E:\shared\行业报告\2024 isaps-global-survey.pdf,procedure_volume,Other non-surgical,Non-Surgical Fat Reduction,,Argentina,16690,procedures,2024,ISAPS,2024 ISAPS International Survey on Aesthetic/Cosmetic Procedures Performed in 2024,https://www.isaps.org/media/30xldsyf/isaps-global-survey-2024.pdf,ISAPS page 29 country procedure table.,official_association_report
E:\shared\行业报告\2024 isaps-global-survey.pdf,procedure_volume,Other non-surgical,Tattoo Removal,,Argentina,8482,procedures,2024,ISAPS,2024 ISAPS International Survey on Aesthetic/Cosmetic Procedures Performed in 2024,https://www.isaps.org/media/30xldsyf/isaps-global-survey-2024.pdf,ISAPS page 29 country procedure table.,official_association_report
E:\shared\行业报告\2024 isaps-global-survey.pdf,procedure_volume,All procedures,Country total procedures,,Iran,420321,procedures,2024,ISAPS,2024 ISAPS International Survey on Aesthetic/Cosmetic Procedures Performed in 2024,https://www.isaps.org/media/30xldsyf/isaps-global-survey-2024.pdf,ISAPS page 30 country procedure table.,official_association_report
E:\shared\行业报告\2024 isaps-global-survey.pdf,procedure_volume,Surgical procedures,Country surgical procedures,,Iran,266443,procedures,2024,ISAPS,2024 ISAPS International Survey on Aesthetic/Cosmetic Procedures Performed in 2024,https://www.isaps.org/media/30xldsyf/isaps-global-survey-2024.pdf,ISAPS page 30 country procedure table.,official_association_report
E:\shared\行业报告\2024 isaps-global-survey.pdf,procedure_volume,Non-surgical procedures,Country non-surgical procedures,,Iran,153878,procedures,2024,ISAPS,2024 ISAPS International Survey on Aesthetic/Cosmetic Procedures Performed in 2024,https://www.isaps.org/media/30xldsyf/isaps-global-survey-2024.pdf,ISAPS page 30 country procedure table.,official_association_report
E:\shared\行业报告\2024 isaps-global-survey.pdf,procedure_volume,Injectables,Country total injectables,,Iran,126900,procedures,2024,ISAPS,2024 ISAPS International Survey on Aesthetic/Cosmetic Procedures Performed in 2024,https://www.isaps.org/media/30xldsyf/isaps-global-survey-2024.pdf,ISAPS page 30 country procedure table.,official_association_report
E:\shared\行业报告\2024 isaps-global-survey.pdf,procedure_volume,Facial rejuvenation,Country total facial rejuvenation,,Iran,9917,procedures,2024,ISAPS,2024 ISAPS International Survey on Aesthetic/Cosmetic Procedures Performed in 2024,https://www.isaps.org/media/30xldsyf/isaps-global-survey-2024.pdf,ISAPS page 30 country procedure table.,official_association_report
E:\shared\行业报告\2024 isaps-global-survey.pdf,procedure_volume,Other non-surgical,Country total other non-surgical,,Iran,17061,procedures,2024,ISAPS,2024 ISAPS International Survey on Aesthetic/Cosmetic Procedures Performed in 2024,https://www.isaps.org/media/30xldsyf/isaps-global-survey-2024.pdf,ISAPS page 30 country procedure table.,official_association_report
E:\shared\行业报告\2024 isaps-global-survey.pdf,procedure_volume,Injectables,Botulinum Toxin,,Iran,81733,procedures,2024,ISAPS,2024 ISAPS International Survey on Aesthetic/Cosmetic Procedures Performed in 2024,https://www.isaps.org/media/30xldsyf/isaps-global-survey-2024.pdf,ISAPS page 30 country procedure table.,official_association_report
E:\shared\行业报告\2024 isaps-global-survey.pdf,procedure_volume,Injectables,Calcium Hydroxylapatite,,Iran,564,procedures,2024,ISAPS,2024 ISAPS International Survey on Aesthetic/Cosmetic Procedures Performed in 2024,https://www.isaps.org/media/30xldsyf/isaps-global-survey-2024.pdf,ISAPS page 30 country procedure table.,official_association_report
E:\shared\行业报告\2024 isaps-global-survey.pdf,procedure_volume,Injectables,Hyaluronic Acid,,Iran,44556,procedures,2024,ISAPS,2024 ISAPS International Survey on Aesthetic/Cosmetic Procedures Performed in 2024,https://www.isaps.org/media/30xldsyf/isaps-global-survey-2024.pdf,ISAPS page 30 country procedure table.,official_association_report
E:\shared\行业报告\2024 isaps-global-survey.pdf,procedure_volume,Injectables,Poly-L-Lactic Acid,,Iran,47,procedures,2024,ISAPS,2024 ISAPS International Survey on Aesthetic/Cosmetic Procedures Performed in 2024,https://www.isaps.org/media/30xldsyf/isaps-global-survey-2024.pdf,ISAPS page 30 country procedure table.,official_association_report
E:\shared\行业报告\2024 isaps-global-survey.pdf,procedure_volume,Facial rejuvenation,Chemical Peel,,Iran,329,procedures,2024,ISAPS,2024 ISAPS International Survey on Aesthetic/Cosmetic Procedures Performed in 2024,https://www.isaps.org/media/30xldsyf/isaps-global-survey-2024.pdf,ISAPS page 30 country procedure table.,official_association_report
E:\shared\行业报告\2024 isaps-global-survey.pdf,procedure_volume,Facial rejuvenation,Full Field Ablative,,Iran,5170,procedures,2024,ISAPS,2024 ISAPS International Survey on Aesthetic/Cosmetic Procedures Performed in 2024,https://www.isaps.org/media/30xldsyf/isaps-global-survey-2024.pdf,ISAPS page 30 country procedure table.,official_association_report
E:\shared\行业报告\2024 isaps-global-survey.pdf,procedure_volume,Facial rejuvenation,Non-Surgical Skin Tightening,,Iran,4418,procedures,2024,ISAPS,2024 ISAPS International Survey on Aesthetic/Cosmetic Procedures Performed in 2024,https://www.isaps.org/media/30xldsyf/isaps-global-survey-2024.pdf,ISAPS page 30 country procedure table.,official_association_report
E:\shared\行业报告\2024 isaps-global-survey.pdf,procedure_volume,Other non-surgical,Hair Removal,,Iran,15463,procedures,2024,ISAPS,2024 ISAPS International Survey on Aesthetic/Cosmetic Procedures Performed in 2024,https://www.isaps.org/media/30xldsyf/isaps-global-survey-2024.pdf,ISAPS page 30 country procedure table.,official_association_report
E:\shared\行业报告\2024 isaps-global-survey.pdf,procedure_volume,Other non-surgical,Non-Surgical Fat Reduction,,Iran,1410,procedures,2024,ISAPS,2024 ISAPS International Survey on Aesthetic/Cosmetic Procedures Performed in 2024,https://www.isaps.org/media/30xldsyf/isaps-global-survey-2024.pdf,ISAPS page 30 country procedure table.,official_association_report
E:\shared\行业报告\2024 isaps-global-survey.pdf,procedure_volume,Other non-surgical,Tattoo Removal,,Iran,188,procedures,2024,ISAPS,2024 ISAPS International Survey on Aesthetic/Cosmetic Procedures Performed in 2024,https://www.isaps.org/media/30xldsyf/isaps-global-survey-2024.pdf,ISAPS page 30 country procedure table.,official_association_report
E:\shared\行业报告\2024 isaps-global-survey.pdf,procedure_volume,All procedures,Country total procedures,,Vietnam,262620,procedures,2024,ISAPS,2024 ISAPS International Survey on Aesthetic/Cosmetic Procedures Performed in 2024,https://www.isaps.org/media/30xldsyf/isaps-global-survey-2024.pdf,ISAPS page 31 country procedure table.,official_association_report
E:\shared\行业报告\2024 isaps-global-survey.pdf,procedure_volume,Surgical procedures,Country surgical procedures,,Vietnam,200280,procedures,2024,ISAPS,2024 ISAPS International Survey on Aesthetic/Cosmetic Procedures Performed in 2024,https://www.isaps.org/media/30xldsyf/isaps-global-survey-2024.pdf,ISAPS page 31 country procedure table.,official_association_report
E:\shared\行业报告\2024 isaps-global-survey.pdf,procedure_volume,Non-surgical procedures,Country non-surgical procedures,,Vietnam,62340,procedures,2024,ISAPS,2024 ISAPS International Survey on Aesthetic/Cosmetic Procedures Performed in 2024,https://www.isaps.org/media/30xldsyf/isaps-global-survey-2024.pdf,ISAPS page 31 country procedure table.,official_association_report
E:\shared\行业报告\2024 isaps-global-survey.pdf,procedure_volume,Injectables,Country total injectables,,Vietnam,54060,procedures,2024,ISAPS,2024 ISAPS International Survey on Aesthetic/Cosmetic Procedures Performed in 2024,https://www.isaps.org/media/30xldsyf/isaps-global-survey-2024.pdf,ISAPS page 31 country procedure table.,official_association_report
E:\shared\行业报告\2024 isaps-global-survey.pdf,procedure_volume,Facial rejuvenation,Country total facial rejuvenation,,Vietnam,6540,procedures,2024,ISAPS,2024 ISAPS International Survey on Aesthetic/Cosmetic Procedures Performed in 2024,https://www.isaps.org/media/30xldsyf/isaps-global-survey-2024.pdf,ISAPS page 31 country procedure table.,official_association_report
E:\shared\行业报告\2024 isaps-global-survey.pdf,procedure_volume,Other non-surgical,Country total other non-surgical,,Vietnam,1740,procedures,2024,ISAPS,2024 ISAPS International Survey on Aesthetic/Cosmetic Procedures Performed in 2024,https://www.isaps.org/media/30xldsyf/isaps-global-survey-2024.pdf,ISAPS page 31 country procedure table.,official_association_report
E:\shared\行业报告\2024 isaps-global-survey.pdf,procedure_volume,Injectables,Botulinum Toxin,,Vietnam,29220,procedures,2024,ISAPS,2024 ISAPS International Survey on Aesthetic/Cosmetic Procedures Performed in 2024,https://www.isaps.org/media/30xldsyf/isaps-global-survey-2024.pdf,ISAPS page 31 country procedure table.,official_association_report
E:\shared\行业报告\2024 isaps-global-survey.pdf,procedure_volume,Injectables,Calcium Hydroxylapatite,,Vietnam,0,procedures,2024,ISAPS,2024 ISAPS International Survey on Aesthetic/Cosmetic Procedures Performed in 2024,https://www.isaps.org/media/30xldsyf/isaps-global-survey-2024.pdf,ISAPS page 31 country procedure table.,official_association_report
E:\shared\行业报告\2024 isaps-global-survey.pdf,procedure_volume,Injectables,Hyaluronic Acid,,Vietnam,24720,procedures,2024,ISAPS,2024 ISAPS International Survey on Aesthetic/Cosmetic Procedures Performed in 2024,https://www.isaps.org/media/30xldsyf/isaps-global-survey-2024.pdf,ISAPS page 31 country procedure table.,official_association_report
E:\shared\行业报告\2024 isaps-global-survey.pdf,procedure_volume,Injectables,Poly-L-Lactic Acid,,Vietnam,120,procedures,2024,ISAPS,2024 ISAPS International Survey on Aesthetic/Cosmetic Procedures Performed in 2024,https://www.isaps.org/media/30xldsyf/isaps-global-survey-2024.pdf,ISAPS page 31 country procedure table.,official_association_report
E:\shared\行业报告\2024 isaps-global-survey.pdf,procedure_volume,Facial rejuvenation,Chemical Peel,,Vietnam,4860,procedures,2024,ISAPS,2024 ISAPS International Survey on Aesthetic/Cosmetic Procedures Performed in 2024,https://www.isaps.org/media/30xldsyf/isaps-global-survey-2024.pdf,ISAPS page 31 country procedure table.,official_association_report
E:\shared\行业报告\2024 isaps-global-survey.pdf,procedure_volume,Facial rejuvenation,Full Field Ablative,,Vietnam,1320,procedures,2024,ISAPS,2024 ISAPS International Survey on Aesthetic/Cosmetic Procedures Performed in 2024,https://www.isaps.org/media/30xldsyf/isaps-global-survey-2024.pdf,ISAPS page 31 country procedure table.,official_association_report
E:\shared\行业报告\2024 isaps-global-survey.pdf,procedure_volume,Facial rejuvenation,Non-Surgical Skin Tightening,,Vietnam,360,procedures,2024,ISAPS,2024 ISAPS International Survey on Aesthetic/Cosmetic Procedures Performed in 2024,https://www.isaps.org/media/30xldsyf/isaps-global-survey-2024.pdf,ISAPS page 31 country procedure table.,official_association_report
E:\shared\行业报告\2024 isaps-global-survey.pdf,procedure_volume,Other non-surgical,Hair Removal,,Vietnam,0,procedures,2024,ISAPS,2024 ISAPS International Survey on Aesthetic/Cosmetic Procedures Performed in 2024,https://www.isaps.org/media/30xldsyf/isaps-global-survey-2024.pdf,ISAPS page 31 country procedure table.,official_association_report
E:\shared\行业报告\2024 isaps-global-survey.pdf,procedure_volume,Other non-surgical,Non-Surgical Fat Reduction,,Vietnam,1020,procedures,2024,ISAPS,2024 ISAPS International Survey on Aesthetic/Cosmetic Procedures Performed in 2024,https://www.isaps.org/media/30xldsyf/isaps-global-survey-2024.pdf,ISAPS page 31 country procedure table.,official_association_report
E:\shared\行业报告\2024 isaps-global-survey.pdf,procedure_volume,Other non-surgical,Tattoo Removal,,Vietnam,720,procedures,2024,ISAPS,2024 ISAPS International Survey on Aesthetic/Cosmetic Procedures Performed in 2024,https://www.isaps.org/media/30xldsyf/isaps-global-survey-2024.pdf,ISAPS page 31 country procedure table.,official_association_report
E:\shared\行业报告\2024 isaps-global-survey.pdf,procedure_volume,All procedures,Country total procedures,,Thailand,197505,procedures,2024,ISAPS,2024 ISAPS International Survey on Aesthetic/Cosmetic Procedures Performed in 2024,https://www.isaps.org/media/30xldsyf/isaps-global-survey-2024.pdf,ISAPS page 32 country procedure table.,official_association_report
E:\shared\行业报告\2024 isaps-global-survey.pdf,procedure_volume,Surgical procedures,Country surgical procedures,,Thailand,146585,procedures,2024,ISAPS,2024 ISAPS International Survey on Aesthetic/Cosmetic Procedures Performed in 2024,https://www.isaps.org/media/30xldsyf/isaps-global-survey-2024.pdf,ISAPS page 32 country procedure table.,official_association_report
E:\shared\行业报告\2024 isaps-global-survey.pdf,procedure_volume,Non-surgical procedures,Country non-surgical procedures,,Thailand,50920,procedures,2024,ISAPS,2024 ISAPS International Survey on Aesthetic/Cosmetic Procedures Performed in 2024,https://www.isaps.org/media/30xldsyf/isaps-global-survey-2024.pdf,ISAPS page 32 country procedure table.,official_association_report
E:\shared\行业报告\2024 isaps-global-survey.pdf,procedure_volume,Injectables,Country total injectables,,Thailand,41610,procedures,2024,ISAPS,2024 ISAPS International Survey on Aesthetic/Cosmetic Procedures Performed in 2024,https://www.isaps.org/media/30xldsyf/isaps-global-survey-2024.pdf,ISAPS page 32 country procedure table.,official_association_report
E:\shared\行业报告\2024 isaps-global-survey.pdf,procedure_volume,Facial rejuvenation,Country total facial rejuvenation,,Thailand,4038,procedures,2024,ISAPS,2024 ISAPS International Survey on Aesthetic/Cosmetic Procedures Performed in 2024,https://www.isaps.org/media/30xldsyf/isaps-global-survey-2024.pdf,ISAPS page 32 country procedure table.,official_association_report
E:\shared\行业报告\2024 isaps-global-survey.pdf,procedure_volume,Other non-surgical,Country total other non-surgical,,Thailand,5272,procedures,2024,ISAPS,2024 ISAPS International Survey on Aesthetic/Cosmetic Procedures Performed in 2024,https://www.isaps.org/media/30xldsyf/isaps-global-survey-2024.pdf,ISAPS page 32 country procedure table.,official_association_report
E:\shared\行业报告\2024 isaps-global-survey.pdf,procedure_volume,Injectables,Botulinum Toxin,,Thailand,29925,procedures,2024,ISAPS,2024 ISAPS International Survey on Aesthetic/Cosmetic Procedures Performed in 2024,https://www.isaps.org/media/30xldsyf/isaps-global-survey-2024.pdf,ISAPS page 32 country procedure table.,official_association_report
E:\shared\行业报告\2024 isaps-global-survey.pdf,procedure_volume,Injectables,Calcium Hydroxylapatite,,Thailand,713,procedures,2024,ISAPS,2024 ISAPS International Survey on Aesthetic/Cosmetic Procedures Performed in 2024,https://www.isaps.org/media/30xldsyf/isaps-global-survey-2024.pdf,ISAPS page 32 country procedure table.,official_association_report
E:\shared\行业报告\2024 isaps-global-survey.pdf,procedure_volume,Injectables,Hyaluronic Acid,,Thailand,10450,procedures,2024,ISAPS,2024 ISAPS International Survey on Aesthetic/Cosmetic Procedures Performed in 2024,https://www.isaps.org/media/30xldsyf/isaps-global-survey-2024.pdf,ISAPS page 32 country procedure table.,official_association_report
E:\shared\行业报告\2024 isaps-global-survey.pdf,procedure_volume,Injectables,Poly-L-Lactic Acid,,Thailand,523,procedures,2024,ISAPS,2024 ISAPS International Survey on Aesthetic/Cosmetic Procedures Performed in 2024,https://www.isaps.org/media/30xldsyf/isaps-global-survey-2024.pdf,ISAPS page 32 country procedure table.,official_association_report
E:\shared\行业报告\2024 isaps-global-survey.pdf,procedure_volume,Facial rejuvenation,Chemical Peel,,Thailand,190,procedures,2024,ISAPS,2024 ISAPS International Survey on Aesthetic/Cosmetic Procedures Performed in 2024,https://www.isaps.org/media/30xldsyf/isaps-global-survey-2024.pdf,ISAPS page 32 country procedure table.,official_association_report
E:\shared\行业报告\2024 isaps-global-survey.pdf,procedure_volume,Facial rejuvenation,Full Field Ablative,,Thailand,570,procedures,2024,ISAPS,2024 ISAPS International Survey on Aesthetic/Cosmetic Procedures Performed in 2024,https://www.isaps.org/media/30xldsyf/isaps-global-survey-2024.pdf,ISAPS page 32 country procedure table.,official_association_report
E:\shared\行业报告\2024 isaps-global-survey.pdf,procedure_volume,Facial rejuvenation,Non-Surgical Skin Tightening,,Thailand,3278,procedures,2024,ISAPS,2024 ISAPS International Survey on Aesthetic/Cosmetic Procedures Performed in 2024,https://www.isaps.org/media/30xldsyf/isaps-global-survey-2024.pdf,ISAPS page 32 country procedure table.,official_association_report
E:\shared\行业报告\2024 isaps-global-survey.pdf,procedure_volume,Other non-surgical,Hair Removal,,Thailand,2708,procedures,2024,ISAPS,2024 ISAPS International Survey on Aesthetic/Cosmetic Procedures Performed in 2024,https://www.isaps.org/media/30xldsyf/isaps-global-survey-2024.pdf,ISAPS page 32 country procedure table.,official_association_report
E:\shared\行业报告\2024 isaps-global-survey.pdf,procedure_volume,Other non-surgical,Non-Surgical Fat Reduction,,Thailand,2375,procedures,2024,ISAPS,2024 ISAPS International Survey on Aesthetic/Cosmetic Procedures Performed in 2024,https://www.isaps.org/media/30xldsyf/isaps-global-survey-2024.pdf,ISAPS page 32 country procedure table.,official_association_report
E:\shared\行业报告\2024 isaps-global-survey.pdf,procedure_volume,Other non-surgical,Tattoo Removal,,Thailand,190,procedures,2024,ISAPS,2024 ISAPS International Survey on Aesthetic/Cosmetic Procedures Performed in 2024,https://www.isaps.org/media/30xldsyf/isaps-global-survey-2024.pdf,ISAPS page 32 country procedure table.,official_association_report
E:\shared\行业报告\2024 isaps-global-survey.pdf,procedure_volume,All procedures,Country total procedures,,Australia,177502,procedures,2024,ISAPS,2024 ISAPS International Survey on Aesthetic/Cosmetic Procedures Performed in 2024,https://www.isaps.org/media/30xldsyf/isaps-global-survey-2024.pdf,ISAPS page 33 country procedure table.,official_association_report
E:\shared\行业报告\2024 isaps-global-survey.pdf,procedure_volume,Surgical procedures,Country surgical procedures,,Australia,114188,procedures,2024,ISAPS,2024 ISAPS International Survey on Aesthetic/Cosmetic Procedures Performed in 2024,https://www.isaps.org/media/30xldsyf/isaps-global-survey-2024.pdf,ISAPS page 33 country procedure table.,official_association_report
E:\shared\行业报告\2024 isaps-global-survey.pdf,procedure_volume,Non-surgical procedures,Country non-surgical procedures,,Australia,63315,procedures,2024,ISAPS,2024 ISAPS International Survey on Aesthetic/Cosmetic Procedures Performed in 2024,https://www.isaps.org/media/30xldsyf/isaps-global-survey-2024.pdf,ISAPS page 33 country procedure table.,official_association_report
E:\shared\行业报告\2024 isaps-global-survey.pdf,procedure_volume,Injectables,Country total injectables,,Australia,52868,procedures,2024,ISAPS,2024 ISAPS International Survey on Aesthetic/Cosmetic Procedures Performed in 2024,https://www.isaps.org/media/30xldsyf/isaps-global-survey-2024.pdf,ISAPS page 33 country procedure table.,official_association_report
E:\shared\行业报告\2024 isaps-global-survey.pdf,procedure_volume,Facial rejuvenation,Country total facial rejuvenation,,Australia,5512,procedures,2024,ISAPS,2024 ISAPS International Survey on Aesthetic/Cosmetic Procedures Performed in 2024,https://www.isaps.org/media/30xldsyf/isaps-global-survey-2024.pdf,ISAPS page 33 country procedure table.,official_association_report
E:\shared\行业报告\2024 isaps-global-survey.pdf,procedure_volume,Other non-surgical,Country total other non-surgical,,Australia,4935,procedures,2024,ISAPS,2024 ISAPS International Survey on Aesthetic/Cosmetic Procedures Performed in 2024,https://www.isaps.org/media/30xldsyf/isaps-global-survey-2024.pdf,ISAPS page 33 country procedure table.,official_association_report
E:\shared\行业报告\2024 isaps-global-survey.pdf,procedure_volume,Injectables,Botulinum Toxin,,Australia,26775,procedures,2024,ISAPS,2024 ISAPS International Survey on Aesthetic/Cosmetic Procedures Performed in 2024,https://www.isaps.org/media/30xldsyf/isaps-global-survey-2024.pdf,ISAPS page 33 country procedure table.,official_association_report
E:\shared\行业报告\2024 isaps-global-survey.pdf,procedure_volume,Injectables,Calcium Hydroxylapatite,,Australia,105,procedures,2024,ISAPS,2024 ISAPS International Survey on Aesthetic/Cosmetic Procedures Performed in 2024,https://www.isaps.org/media/30xldsyf/isaps-global-survey-2024.pdf,ISAPS page 33 country procedure table.,official_association_report
E:\shared\行业报告\2024 isaps-global-survey.pdf,procedure_volume,Injectables,Hyaluronic Acid,,Australia,25148,procedures,2024,ISAPS,2024 ISAPS International Survey on Aesthetic/Cosmetic Procedures Performed in 2024,https://www.isaps.org/media/30xldsyf/isaps-global-survey-2024.pdf,ISAPS page 33 country procedure table.,official_association_report
E:\shared\行业报告\2024 isaps-global-survey.pdf,procedure_volume,Injectables,Poly-L-Lactic Acid,,Australia,840,procedures,2024,ISAPS,2024 ISAPS International Survey on Aesthetic/Cosmetic Procedures Performed in 2024,https://www.isaps.org/media/30xldsyf/isaps-global-survey-2024.pdf,ISAPS page 33 country procedure table.,official_association_report
E:\shared\行业报告\2024 isaps-global-survey.pdf,procedure_volume,Facial rejuvenation,Chemical Peel,,Australia,525,procedures,2024,ISAPS,2024 ISAPS International Survey on Aesthetic/Cosmetic Procedures Performed in 2024,https://www.isaps.org/media/30xldsyf/isaps-global-survey-2024.pdf,ISAPS page 33 country procedure table.,official_association_report
E:\shared\行业报告\2024 isaps-global-survey.pdf,procedure_volume,Facial rejuvenation,Full Field Ablative,,Australia,1995,procedures,2024,ISAPS,2024 ISAPS International Survey on Aesthetic/Cosmetic Procedures Performed in 2024,https://www.isaps.org/media/30xldsyf/isaps-global-survey-2024.pdf,ISAPS page 33 country procedure table.,official_association_report
E:\shared\行业报告\2024 isaps-global-survey.pdf,procedure_volume,Facial rejuvenation,Non-Surgical Skin Tightening,,Australia,2993,procedures,2024,ISAPS,2024 ISAPS International Survey on Aesthetic/Cosmetic Procedures Performed in 2024,https://www.isaps.org/media/30xldsyf/isaps-global-survey-2024.pdf,ISAPS page 33 country procedure table.,official_association_report
E:\shared\行业报告\2024 isaps-global-survey.pdf,procedure_volume,Other non-surgical,Hair Removal,,Australia,4095,procedures,2024,ISAPS,2024 ISAPS International Survey on Aesthetic/Cosmetic Procedures Performed in 2024,https://www.isaps.org/media/30xldsyf/isaps-global-survey-2024.pdf,ISAPS page 33 country procedure table.,official_association_report
E:\shared\行业报告\2024 isaps-global-survey.pdf,procedure_volume,Other non-surgical,Non-Surgical Fat Reduction,,Australia,525,procedures,2024,ISAPS,2024 ISAPS International Survey on Aesthetic/Cosmetic Procedures Performed in 2024,https://www.isaps.org/media/30xldsyf/isaps-global-survey-2024.pdf,ISAPS page 33 country procedure table.,official_association_report
E:\shared\行业报告\2024 isaps-global-survey.pdf,procedure_volume,Other non-surgical,Tattoo Removal,,Australia,315,procedures,2024,ISAPS,2024 ISAPS International Survey on Aesthetic/Cosmetic Procedures Performed in 2024,https://www.isaps.org/media/30xldsyf/isaps-global-survey-2024.pdf,ISAPS page 33 country procedure table.,official_association_report
E:\shared\行业报告\2024 isaps-global-survey.pdf,procedure_volume,All procedures,Country total procedures,,Saudi Arabia,154330,procedures,2024,ISAPS,2024 ISAPS International Survey on Aesthetic/Cosmetic Procedures Performed in 2024,https://www.isaps.org/media/30xldsyf/isaps-global-survey-2024.pdf,ISAPS page 34 country procedure table.,official_association_report
E:\shared\行业报告\2024 isaps-global-survey.pdf,procedure_volume,Surgical procedures,Country surgical procedures,,Saudi Arabia,84590,procedures,2024,ISAPS,2024 ISAPS International Survey on Aesthetic/Cosmetic Procedures Performed in 2024,https://www.isaps.org/media/30xldsyf/isaps-global-survey-2024.pdf,ISAPS page 34 country procedure table.,official_association_report
E:\shared\行业报告\2024 isaps-global-survey.pdf,procedure_volume,Non-surgical procedures,Country non-surgical procedures,,Saudi Arabia,69740,procedures,2024,ISAPS,2024 ISAPS International Survey on Aesthetic/Cosmetic Procedures Performed in 2024,https://www.isaps.org/media/30xldsyf/isaps-global-survey-2024.pdf,ISAPS page 34 country procedure table.,official_association_report
E:\shared\行业报告\2024 isaps-global-survey.pdf,procedure_volume,Injectables,Country total injectables,,Saudi Arabia,50732,procedures,2024,ISAPS,2024 ISAPS International Survey on Aesthetic/Cosmetic Procedures Performed in 2024,https://www.isaps.org/media/30xldsyf/isaps-global-survey-2024.pdf,ISAPS page 34 country procedure table.,official_association_report
E:\shared\行业报告\2024 isaps-global-survey.pdf,procedure_volume,Facial rejuvenation,Country total facial rejuvenation,,Saudi Arabia,5192,procedures,2024,ISAPS,2024 ISAPS International Survey on Aesthetic/Cosmetic Procedures Performed in 2024,https://www.isaps.org/media/30xldsyf/isaps-global-survey-2024.pdf,ISAPS page 34 country procedure table.,official_association_report
E:\shared\行业报告\2024 isaps-global-survey.pdf,procedure_volume,Other non-surgical,Country total other non-surgical,,Saudi Arabia,13816,procedures,2024,ISAPS,2024 ISAPS International Survey on Aesthetic/Cosmetic Procedures Performed in 2024,https://www.isaps.org/media/30xldsyf/isaps-global-survey-2024.pdf,ISAPS page 34 country procedure table.,official_association_report
E:\shared\行业报告\2024 isaps-global-survey.pdf,procedure_volume,Injectables,Botulinum Toxin,,Saudi Arabia,21868,procedures,2024,ISAPS,2024 ISAPS International Survey on Aesthetic/Cosmetic Procedures Performed in 2024,https://www.isaps.org/media/30xldsyf/isaps-global-survey-2024.pdf,ISAPS page 34 country procedure table.,official_association_report
E:\shared\行业报告\2024 isaps-global-survey.pdf,procedure_volume,Injectables,Calcium Hydroxylapatite,,Saudi Arabia,1078,procedures,2024,ISAPS,2024 ISAPS International Survey on Aesthetic/Cosmetic Procedures Performed in 2024,https://www.isaps.org/media/30xldsyf/isaps-global-survey-2024.pdf,ISAPS page 34 country procedure table.,official_association_report
E:\shared\行业报告\2024 isaps-global-survey.pdf,procedure_volume,Injectables,Hyaluronic Acid,,Saudi Arabia,26774,procedures,2024,ISAPS,2024 ISAPS International Survey on Aesthetic/Cosmetic Procedures Performed in 2024,https://www.isaps.org/media/30xldsyf/isaps-global-survey-2024.pdf,ISAPS page 34 country procedure table.,official_association_report
E:\shared\行业报告\2024 isaps-global-survey.pdf,procedure_volume,Injectables,Poly-L-Lactic Acid,,Saudi Arabia,1012,procedures,2024,ISAPS,2024 ISAPS International Survey on Aesthetic/Cosmetic Procedures Performed in 2024,https://www.isaps.org/media/30xldsyf/isaps-global-survey-2024.pdf,ISAPS page 34 country procedure table.,official_association_report
E:\shared\行业报告\2024 isaps-global-survey.pdf,procedure_volume,Facial rejuvenation,Chemical Peel,,Saudi Arabia,1320,procedures,2024,ISAPS,2024 ISAPS International Survey on Aesthetic/Cosmetic Procedures Performed in 2024,https://www.isaps.org/media/30xldsyf/isaps-global-survey-2024.pdf,ISAPS page 34 country procedure table.,official_association_report
E:\shared\行业报告\2024 isaps-global-survey.pdf,procedure_volume,Facial rejuvenation,Full Field Ablative,,Saudi Arabia,1210,procedures,2024,ISAPS,2024 ISAPS International Survey on Aesthetic/Cosmetic Procedures Performed in 2024,https://www.isaps.org/media/30xldsyf/isaps-global-survey-2024.pdf,ISAPS page 34 country procedure table.,official_association_report
E:\shared\行业报告\2024 isaps-global-survey.pdf,procedure_volume,Facial rejuvenation,Non-Surgical Skin Tightening,,Saudi Arabia,2662,procedures,2024,ISAPS,2024 ISAPS International Survey on Aesthetic/Cosmetic Procedures Performed in 2024,https://www.isaps.org/media/30xldsyf/isaps-global-survey-2024.pdf,ISAPS page 34 country procedure table.,official_association_report
E:\shared\行业报告\2024 isaps-global-survey.pdf,procedure_volume,Other non-surgical,Hair Removal,,Saudi Arabia,12562,procedures,2024,ISAPS,2024 ISAPS International Survey on Aesthetic/Cosmetic Procedures Performed in 2024,https://www.isaps.org/media/30xldsyf/isaps-global-survey-2024.pdf,ISAPS page 34 country procedure table.,official_association_report
E:\shared\行业报告\2024 isaps-global-survey.pdf,procedure_volume,Other non-surgical,Non-Surgical Fat Reduction,,Saudi Arabia,968,procedures,2024,ISAPS,2024 ISAPS International Survey on Aesthetic/Cosmetic Procedures Performed in 2024,https://www.isaps.org/media/30xldsyf/isaps-global-survey-2024.pdf,ISAPS page 34 country procedure table.,official_association_report
E:\shared\行业报告\2024 isaps-global-survey.pdf,procedure_volume,Other non-surgical,Tattoo Removal,,Saudi Arabia,286,procedures,2024,ISAPS,2024 ISAPS International Survey on Aesthetic/Cosmetic Procedures Performed in 2024,https://www.isaps.org/media/30xldsyf/isaps-global-survey-2024.pdf,ISAPS page 34 country procedure table.,official_association_report
E:\shared\行业报告\2024 isaps-global-survey.pdf,procedure_volume,All procedures,Country total procedures,,UK,141134,procedures,2024,ISAPS,2024 ISAPS International Survey on Aesthetic/Cosmetic Procedures Performed in 2024,https://www.isaps.org/media/30xldsyf/isaps-global-survey-2024.pdf,ISAPS page 35 country procedure table.,official_association_report
E:\shared\行业报告\2024 isaps-global-survey.pdf,procedure_volume,Surgical procedures,Country surgical procedures,,UK,118608,procedures,2024,ISAPS,2024 ISAPS International Survey on Aesthetic/Cosmetic Procedures Performed in 2024,https://www.isaps.org/media/30xldsyf/isaps-global-survey-2024.pdf,ISAPS page 35 country procedure table.,official_association_report
E:\shared\行业报告\2024 isaps-global-survey.pdf,procedure_volume,Non-surgical procedures,Country non-surgical procedures,,UK,22526,procedures,2024,ISAPS,2024 ISAPS International Survey on Aesthetic/Cosmetic Procedures Performed in 2024,https://www.isaps.org/media/30xldsyf/isaps-global-survey-2024.pdf,ISAPS page 35 country procedure table.,official_association_report
E:\shared\行业报告\2024 isaps-global-survey.pdf,procedure_volume,Injectables,Country total injectables,,UK,18735,procedures,2024,ISAPS,2024 ISAPS International Survey on Aesthetic/Cosmetic Procedures Performed in 2024,https://www.isaps.org/media/30xldsyf/isaps-global-survey-2024.pdf,ISAPS page 35 country procedure table.,official_association_report
E:\shared\行业报告\2024 isaps-global-survey.pdf,procedure_volume,Facial rejuvenation,Country total facial rejuvenation,,UK,2479,procedures,2024,ISAPS,2024 ISAPS International Survey on Aesthetic/Cosmetic Procedures Performed in 2024,https://www.isaps.org/media/30xldsyf/isaps-global-survey-2024.pdf,ISAPS page 35 country procedure table.,official_association_report
E:\shared\行业报告\2024 isaps-global-survey.pdf,procedure_volume,Other non-surgical,Country total other non-surgical,,UK,1312,procedures,2024,ISAPS,2024 ISAPS International Survey on Aesthetic/Cosmetic Procedures Performed in 2024,https://www.isaps.org/media/30xldsyf/isaps-global-survey-2024.pdf,ISAPS page 35 country procedure table.,official_association_report
E:\shared\行业报告\2024 isaps-global-survey.pdf,procedure_volume,Injectables,Botulinum Toxin,,UK,11081,procedures,2024,ISAPS,2024 ISAPS International Survey on Aesthetic/Cosmetic Procedures Performed in 2024,https://www.isaps.org/media/30xldsyf/isaps-global-survey-2024.pdf,ISAPS page 35 country procedure table.,official_association_report
E:\shared\行业报告\2024 isaps-global-survey.pdf,procedure_volume,Injectables,Calcium Hydroxylapatite,,UK,365,procedures,2024,ISAPS,2024 ISAPS International Survey on Aesthetic/Cosmetic Procedures Performed in 2024,https://www.isaps.org/media/30xldsyf/isaps-global-survey-2024.pdf,ISAPS page 35 country procedure table.,official_association_report
E:\shared\行业报告\2024 isaps-global-survey.pdf,procedure_volume,Injectables,Hyaluronic Acid,,UK,6415,procedures,2024,ISAPS,2024 ISAPS International Survey on Aesthetic/Cosmetic Procedures Performed in 2024,https://www.isaps.org/media/30xldsyf/isaps-global-survey-2024.pdf,ISAPS page 35 country procedure table.,official_association_report
E:\shared\行业报告\2024 isaps-global-survey.pdf,procedure_volume,Injectables,Poly-L-Lactic Acid,,UK,875,procedures,2024,ISAPS,2024 ISAPS International Survey on Aesthetic/Cosmetic Procedures Performed in 2024,https://www.isaps.org/media/30xldsyf/isaps-global-survey-2024.pdf,ISAPS page 35 country procedure table.,official_association_report
E:\shared\行业报告\2024 isaps-global-survey.pdf,procedure_volume,Facial rejuvenation,Chemical Peel,,UK,1094,procedures,2024,ISAPS,2024 ISAPS International Survey on Aesthetic/Cosmetic Procedures Performed in 2024,https://www.isaps.org/media/30xldsyf/isaps-global-survey-2024.pdf,ISAPS page 35 country procedure table.,official_association_report
E:\shared\行业报告\2024 isaps-global-survey.pdf,procedure_volume,Facial rejuvenation,Full Field Ablative,,UK,583,procedures,2024,ISAPS,2024 ISAPS International Survey on Aesthetic/Cosmetic Procedures Performed in 2024,https://www.isaps.org/media/30xldsyf/isaps-global-survey-2024.pdf,ISAPS page 35 country procedure table.,official_association_report
E:\shared\行业报告\2024 isaps-global-survey.pdf,procedure_volume,Facial rejuvenation,Non-Surgical Skin Tightening,,UK,802,procedures,2024,ISAPS,2024 ISAPS International Survey on Aesthetic/Cosmetic Procedures Performed in 2024,https://www.isaps.org/media/30xldsyf/isaps-global-survey-2024.pdf,ISAPS page 35 country procedure table.,official_association_report
E:\shared\行业报告\2024 isaps-global-survey.pdf,procedure_volume,Other non-surgical,Hair Removal,,UK,802,procedures,2024,ISAPS,2024 ISAPS International Survey on Aesthetic/Cosmetic Procedures Performed in 2024,https://www.isaps.org/media/30xldsyf/isaps-global-survey-2024.pdf,ISAPS page 35 country procedure table.,official_association_report
E:\shared\行业报告\2024 isaps-global-survey.pdf,procedure_volume,Other non-surgical,Non-Surgical Fat Reduction,,UK,292,procedures,2024,ISAPS,2024 ISAPS International Survey on Aesthetic/Cosmetic Procedures Performed in 2024,https://www.isaps.org/media/30xldsyf/isaps-global-survey-2024.pdf,ISAPS page 35 country procedure table.,official_association_report
E:\shared\行业报告\2024 isaps-global-survey.pdf,procedure_volume,Other non-surgical,Tattoo Removal,,UK,219,procedures,2024,ISAPS,2024 ISAPS International Survey on Aesthetic/Cosmetic Procedures Performed in 2024,https://www.isaps.org/media/30xldsyf/isaps-global-survey-2024.pdf,ISAPS page 35 country procedure table.,official_association_report
E:\shared\行业报告\2024 isaps-global-survey.pdf,procedure_volume,All procedures,Country total procedures,,Tunisia,114376,procedures,2024,ISAPS,2024 ISAPS International Survey on Aesthetic/Cosmetic Procedures Performed in 2024,https://www.isaps.org/media/30xldsyf/isaps-global-survey-2024.pdf,ISAPS page 36 country procedure table.,official_association_report
E:\shared\行业报告\2024 isaps-global-survey.pdf,procedure_volume,Surgical procedures,Country surgical procedures,,Tunisia,69382,procedures,2024,ISAPS,2024 ISAPS International Survey on Aesthetic/Cosmetic Procedures Performed in 2024,https://www.isaps.org/media/30xldsyf/isaps-global-survey-2024.pdf,ISAPS page 36 country procedure table.,official_association_report
E:\shared\行业报告\2024 isaps-global-survey.pdf,procedure_volume,Non-surgical procedures,Country non-surgical procedures,,Tunisia,44994,procedures,2024,ISAPS,2024 ISAPS International Survey on Aesthetic/Cosmetic Procedures Performed in 2024,https://www.isaps.org/media/30xldsyf/isaps-global-survey-2024.pdf,ISAPS page 36 country procedure table.,official_association_report
E:\shared\行业报告\2024 isaps-global-survey.pdf,procedure_volume,Injectables,Country total injectables,,Tunisia,31639,procedures,2024,ISAPS,2024 ISAPS International Survey on Aesthetic/Cosmetic Procedures Performed in 2024,https://www.isaps.org/media/30xldsyf/isaps-global-survey-2024.pdf,ISAPS page 36 country procedure table.,official_association_report
E:\shared\行业报告\2024 isaps-global-survey.pdf,procedure_volume,Facial rejuvenation,Country total facial rejuvenation,,Tunisia,5655,procedures,2024,ISAPS,2024 ISAPS International Survey on Aesthetic/Cosmetic Procedures Performed in 2024,https://www.isaps.org/media/30xldsyf/isaps-global-survey-2024.pdf,ISAPS page 36 country procedure table.,official_association_report
E:\shared\行业报告\2024 isaps-global-survey.pdf,procedure_volume,Other non-surgical,Country total other non-surgical,,Tunisia,7700,procedures,2024,ISAPS,2024 ISAPS International Survey on Aesthetic/Cosmetic Procedures Performed in 2024,https://www.isaps.org/media/30xldsyf/isaps-global-survey-2024.pdf,ISAPS page 36 country procedure table.,official_association_report
E:\shared\行业报告\2024 isaps-global-survey.pdf,procedure_volume,Injectables,Botulinum Toxin,,Tunisia,13311,procedures,2024,ISAPS,2024 ISAPS International Survey on Aesthetic/Cosmetic Procedures Performed in 2024,https://www.isaps.org/media/30xldsyf/isaps-global-survey-2024.pdf,ISAPS page 36 country procedure table.,official_association_report
E:\shared\行业报告\2024 isaps-global-survey.pdf,procedure_volume,Injectables,Calcium Hydroxylapatite,,Tunisia,2117,procedures,2024,ISAPS,2024 ISAPS International Survey on Aesthetic/Cosmetic Procedures Performed in 2024,https://www.isaps.org/media/30xldsyf/isaps-global-survey-2024.pdf,ISAPS page 36 country procedure table.,official_association_report
E:\shared\行业报告\2024 isaps-global-survey.pdf,procedure_volume,Injectables,Hyaluronic Acid,,Tunisia,15385,procedures,2024,ISAPS,2024 ISAPS International Survey on Aesthetic/Cosmetic Procedures Performed in 2024,https://www.isaps.org/media/30xldsyf/isaps-global-survey-2024.pdf,ISAPS page 36 country procedure table.,official_association_report
E:\shared\行业报告\2024 isaps-global-survey.pdf,procedure_volume,Injectables,Poly-L-Lactic Acid,,Tunisia,827,procedures,2024,ISAPS,2024 ISAPS International Survey on Aesthetic/Cosmetic Procedures Performed in 2024,https://www.isaps.org/media/30xldsyf/isaps-global-survey-2024.pdf,ISAPS page 36 country procedure table.,official_association_report
E:\shared\行业报告\2024 isaps-global-survey.pdf,procedure_volume,Facial rejuvenation,Chemical Peel,,Tunisia,1566,procedures,2024,ISAPS,2024 ISAPS International Survey on Aesthetic/Cosmetic Procedures Performed in 2024,https://www.isaps.org/media/30xldsyf/isaps-global-survey-2024.pdf,ISAPS page 36 country procedure table.,official_association_report
E:\shared\行业报告\2024 isaps-global-survey.pdf,procedure_volume,Facial rejuvenation,Full Field Ablative,,Tunisia,1740,procedures,2024,ISAPS,2024 ISAPS International Survey on Aesthetic/Cosmetic Procedures Performed in 2024,https://www.isaps.org/media/30xldsyf/isaps-global-survey-2024.pdf,ISAPS page 36 country procedure table.,official_association_report
E:\shared\行业报告\2024 isaps-global-survey.pdf,procedure_volume,Facial rejuvenation,Non-Surgical Skin Tightening,,Tunisia,2349,procedures,2024,ISAPS,2024 ISAPS International Survey on Aesthetic/Cosmetic Procedures Performed in 2024,https://www.isaps.org/media/30xldsyf/isaps-global-survey-2024.pdf,ISAPS page 36 country procedure table.,official_association_report
E:\shared\行业报告\2024 isaps-global-survey.pdf,procedure_volume,Other non-surgical,Hair Removal,,Tunisia,6279,procedures,2024,ISAPS,2024 ISAPS International Survey on Aesthetic/Cosmetic Procedures Performed in 2024,https://www.isaps.org/media/30xldsyf/isaps-global-survey-2024.pdf,ISAPS page 36 country procedure table.,official_association_report
E:\shared\行业报告\2024 isaps-global-survey.pdf,procedure_volume,Other non-surgical,Non-Surgical Fat Reduction,,Tunisia,957,procedures,2024,ISAPS,2024 ISAPS International Survey on Aesthetic/Cosmetic Procedures Performed in 2024,https://www.isaps.org/media/30xldsyf/isaps-global-survey-2024.pdf,ISAPS page 36 country procedure table.,official_association_report
E:\shared\行业报告\2024 isaps-global-survey.pdf,procedure_volume,Other non-surgical,Tattoo Removal,,Tunisia,464,procedures,2024,ISAPS,2024 ISAPS International Survey on Aesthetic/Cosmetic Procedures Performed in 2024,https://www.isaps.org/media/30xldsyf/isaps-global-survey-2024.pdf,ISAPS page 36 country procedure table.,official_association_report
E:\shared\行业报告\2024 isaps-global-survey.pdf,procedure_volume,All procedures,Country total procedures,,Morocco,99636,procedures,2024,ISAPS,2024 ISAPS International Survey on Aesthetic/Cosmetic Procedures Performed in 2024,https://www.isaps.org/media/30xldsyf/isaps-global-survey-2024.pdf,ISAPS page 37 country procedure table.,official_association_report
E:\shared\行业报告\2024 isaps-global-survey.pdf,procedure_volume,Surgical procedures,Country surgical procedures,,Morocco,38904,procedures,2024,ISAPS,2024 ISAPS International Survey on Aesthetic/Cosmetic Procedures Performed in 2024,https://www.isaps.org/media/30xldsyf/isaps-global-survey-2024.pdf,ISAPS page 37 country procedure table.,official_association_report
E:\shared\行业报告\2024 isaps-global-survey.pdf,procedure_volume,Non-surgical procedures,Country non-surgical procedures,,Morocco,60732,procedures,2024,ISAPS,2024 ISAPS International Survey on Aesthetic/Cosmetic Procedures Performed in 2024,https://www.isaps.org/media/30xldsyf/isaps-global-survey-2024.pdf,ISAPS page 37 country procedure table.,official_association_report
E:\shared\行业报告\2024 isaps-global-survey.pdf,procedure_volume,Injectables,Country total injectables,,Morocco,49344,procedures,2024,ISAPS,2024 ISAPS International Survey on Aesthetic/Cosmetic Procedures Performed in 2024,https://www.isaps.org/media/30xldsyf/isaps-global-survey-2024.pdf,ISAPS page 37 country procedure table.,official_association_report
E:\shared\行业报告\2024 isaps-global-survey.pdf,procedure_volume,Facial rejuvenation,Country total facial rejuvenation,,Morocco,4260,procedures,2024,ISAPS,2024 ISAPS International Survey on Aesthetic/Cosmetic Procedures Performed in 2024,https://www.isaps.org/media/30xldsyf/isaps-global-survey-2024.pdf,ISAPS page 37 country procedure table.,official_association_report
E:\shared\行业报告\2024 isaps-global-survey.pdf,procedure_volume,Other non-surgical,Country total other non-surgical,,Morocco,7128,procedures,2024,ISAPS,2024 ISAPS International Survey on Aesthetic/Cosmetic Procedures Performed in 2024,https://www.isaps.org/media/30xldsyf/isaps-global-survey-2024.pdf,ISAPS page 37 country procedure table.,official_association_report
E:\shared\行业报告\2024 isaps-global-survey.pdf,procedure_volume,Injectables,Botulinum Toxin,,Morocco,22272,procedures,2024,ISAPS,2024 ISAPS International Survey on Aesthetic/Cosmetic Procedures Performed in 2024,https://www.isaps.org/media/30xldsyf/isaps-global-survey-2024.pdf,ISAPS page 37 country procedure table.,official_association_report
E:\shared\行业报告\2024 isaps-global-survey.pdf,procedure_volume,Injectables,Calcium Hydroxylapatite,,Morocco,2940,procedures,2024,ISAPS,2024 ISAPS International Survey on Aesthetic/Cosmetic Procedures Performed in 2024,https://www.isaps.org/media/30xldsyf/isaps-global-survey-2024.pdf,ISAPS page 37 country procedure table.,official_association_report
E:\shared\行业报告\2024 isaps-global-survey.pdf,procedure_volume,Injectables,Hyaluronic Acid,,Morocco,23892,procedures,2024,ISAPS,2024 ISAPS International Survey on Aesthetic/Cosmetic Procedures Performed in 2024,https://www.isaps.org/media/30xldsyf/isaps-global-survey-2024.pdf,ISAPS page 37 country procedure table.,official_association_report
E:\shared\行业报告\2024 isaps-global-survey.pdf,procedure_volume,Injectables,Poly-L-Lactic Acid,,Morocco,240,procedures,2024,ISAPS,2024 ISAPS International Survey on Aesthetic/Cosmetic Procedures Performed in 2024,https://www.isaps.org/media/30xldsyf/isaps-global-survey-2024.pdf,ISAPS page 37 country procedure table.,official_association_report
E:\shared\行业报告\2024 isaps-global-survey.pdf,procedure_volume,Facial rejuvenation,Chemical Peel,,Morocco,1236,procedures,2024,ISAPS,2024 ISAPS International Survey on Aesthetic/Cosmetic Procedures Performed in 2024,https://www.isaps.org/media/30xldsyf/isaps-global-survey-2024.pdf,ISAPS page 37 country procedure table.,official_association_report
E:\shared\行业报告\2024 isaps-global-survey.pdf,procedure_volume,Facial rejuvenation,Full Field Ablative,,Morocco,1704,procedures,2024,ISAPS,2024 ISAPS International Survey on Aesthetic/Cosmetic Procedures Performed in 2024,https://www.isaps.org/media/30xldsyf/isaps-global-survey-2024.pdf,ISAPS page 37 country procedure table.,official_association_report
E:\shared\行业报告\2024 isaps-global-survey.pdf,procedure_volume,Facial rejuvenation,Non-Surgical Skin Tightening,,Morocco,1320,procedures,2024,ISAPS,2024 ISAPS International Survey on Aesthetic/Cosmetic Procedures Performed in 2024,https://www.isaps.org/media/30xldsyf/isaps-global-survey-2024.pdf,ISAPS page 37 country procedure table.,official_association_report
E:\shared\行业报告\2024 isaps-global-survey.pdf,procedure_volume,Other non-surgical,Hair Removal,,Morocco,6024,procedures,2024,ISAPS,2024 ISAPS International Survey on Aesthetic/Cosmetic Procedures Performed in 2024,https://www.isaps.org/media/30xldsyf/isaps-global-survey-2024.pdf,ISAPS page 37 country procedure table.,official_association_report
E:\shared\行业报告\2024 isaps-global-survey.pdf,procedure_volume,Other non-surgical,Non-Surgical Fat Reduction,,Morocco,336,procedures,2024,ISAPS,2024 ISAPS International Survey on Aesthetic/Cosmetic Procedures Performed in 2024,https://www.isaps.org/media/30xldsyf/isaps-global-survey-2024.pdf,ISAPS page 37 country procedure table.,official_association_report
E:\shared\行业报告\2024 isaps-global-survey.pdf,procedure_volume,Other non-surgical,Tattoo Removal,,Morocco,768,procedures,2024,ISAPS,2024 ISAPS International Survey on Aesthetic/Cosmetic Procedures Performed in 2024,https://www.isaps.org/media/30xldsyf/isaps-global-survey-2024.pdf,ISAPS page 37 country procedure table.,official_association_report
E:\shared\行业报告\2024 isaps-global-survey.pdf,procedure_volume,All procedures,Country total procedures,,South Africa,99184,procedures,2024,ISAPS,2024 ISAPS International Survey on Aesthetic/Cosmetic Procedures Performed in 2024,https://www.isaps.org/media/30xldsyf/isaps-global-survey-2024.pdf,ISAPS page 38 country procedure table.,official_association_report
E:\shared\行业报告\2024 isaps-global-survey.pdf,procedure_volume,Surgical procedures,Country surgical procedures,,South Africa,44750,procedures,2024,ISAPS,2024 ISAPS International Survey on Aesthetic/Cosmetic Procedures Performed in 2024,https://www.isaps.org/media/30xldsyf/isaps-global-survey-2024.pdf,ISAPS page 38 country procedure table.,official_association_report
E:\shared\行业报告\2024 isaps-global-survey.pdf,procedure_volume,Non-surgical procedures,Country non-surgical procedures,,South Africa,54434,procedures,2024,ISAPS,2024 ISAPS International Survey on Aesthetic/Cosmetic Procedures Performed in 2024,https://www.isaps.org/media/30xldsyf/isaps-global-survey-2024.pdf,ISAPS page 38 country procedure table.,official_association_report
E:\shared\行业报告\2024 isaps-global-survey.pdf,procedure_volume,Injectables,Country total injectables,,South Africa,45717,procedures,2024,ISAPS,2024 ISAPS International Survey on Aesthetic/Cosmetic Procedures Performed in 2024,https://www.isaps.org/media/30xldsyf/isaps-global-survey-2024.pdf,ISAPS page 38 country procedure table.,official_association_report
E:\shared\行业报告\2024 isaps-global-survey.pdf,procedure_volume,Facial rejuvenation,Country total facial rejuvenation,,South Africa,8234,procedures,2024,ISAPS,2024 ISAPS International Survey on Aesthetic/Cosmetic Procedures Performed in 2024,https://www.isaps.org/media/30xldsyf/isaps-global-survey-2024.pdf,ISAPS page 38 country procedure table.,official_association_report
E:\shared\行业报告\2024 isaps-global-survey.pdf,procedure_volume,Other non-surgical,Country total other non-surgical,,South Africa,483,procedures,2024,ISAPS,2024 ISAPS International Survey on Aesthetic/Cosmetic Procedures Performed in 2024,https://www.isaps.org/media/30xldsyf/isaps-global-survey-2024.pdf,ISAPS page 38 country procedure table.,official_association_report
E:\shared\行业报告\2024 isaps-global-survey.pdf,procedure_volume,Injectables,Botulinum Toxin,,South Africa,33491,procedures,2024,ISAPS,2024 ISAPS International Survey on Aesthetic/Cosmetic Procedures Performed in 2024,https://www.isaps.org/media/30xldsyf/isaps-global-survey-2024.pdf,ISAPS page 38 country procedure table.,official_association_report
E:\shared\行业报告\2024 isaps-global-survey.pdf,procedure_volume,Injectables,Calcium Hydroxylapatite,,South Africa,465,procedures,2024,ISAPS,2024 ISAPS International Survey on Aesthetic/Cosmetic Procedures Performed in 2024,https://www.isaps.org/media/30xldsyf/isaps-global-survey-2024.pdf,ISAPS page 38 country procedure table.,official_association_report
E:\shared\行业报告\2024 isaps-global-survey.pdf,procedure_volume,Injectables,Hyaluronic Acid,,South Africa,10668,procedures,2024,ISAPS,2024 ISAPS International Survey on Aesthetic/Cosmetic Procedures Performed in 2024,https://www.isaps.org/media/30xldsyf/isaps-global-survey-2024.pdf,ISAPS page 38 country procedure table.,official_association_report
E:\shared\行业报告\2024 isaps-global-survey.pdf,procedure_volume,Injectables,Poly-L-Lactic Acid,,South Africa,1092,procedures,2024,ISAPS,2024 ISAPS International Survey on Aesthetic/Cosmetic Procedures Performed in 2024,https://www.isaps.org/media/30xldsyf/isaps-global-survey-2024.pdf,ISAPS page 38 country procedure table.,official_association_report
E:\shared\行业报告\2024 isaps-global-survey.pdf,procedure_volume,Facial rejuvenation,Chemical Peel,,South Africa,5764,procedures,2024,ISAPS,2024 ISAPS International Survey on Aesthetic/Cosmetic Procedures Performed in 2024,https://www.isaps.org/media/30xldsyf/isaps-global-survey-2024.pdf,ISAPS page 38 country procedure table.,official_association_report
E:\shared\行业报告\2024 isaps-global-survey.pdf,procedure_volume,Facial rejuvenation,Full Field Ablative,,South Africa,322,procedures,2024,ISAPS,2024 ISAPS International Survey on Aesthetic/Cosmetic Procedures Performed in 2024,https://www.isaps.org/media/30xldsyf/isaps-global-survey-2024.pdf,ISAPS page 38 country procedure table.,official_association_report
E:\shared\行业报告\2024 isaps-global-survey.pdf,procedure_volume,Facial rejuvenation,Non-Surgical Skin Tightening,,South Africa,2148,procedures,2024,ISAPS,2024 ISAPS International Survey on Aesthetic/Cosmetic Procedures Performed in 2024,https://www.isaps.org/media/30xldsyf/isaps-global-survey-2024.pdf,ISAPS page 38 country procedure table.,official_association_report
E:\shared\行业报告\2024 isaps-global-survey.pdf,procedure_volume,Other non-surgical,Hair Removal,,South Africa,0,procedures,2024,ISAPS,2024 ISAPS International Survey on Aesthetic/Cosmetic Procedures Performed in 2024,https://www.isaps.org/media/30xldsyf/isaps-global-survey-2024.pdf,ISAPS page 38 country procedure table.,official_association_report
E:\shared\行业报告\2024 isaps-global-survey.pdf,procedure_volume,Other non-surgical,Non-Surgical Fat Reduction,,South Africa,376,procedures,2024,ISAPS,2024 ISAPS International Survey on Aesthetic/Cosmetic Procedures Performed in 2024,https://www.isaps.org/media/30xldsyf/isaps-global-survey-2024.pdf,ISAPS page 38 country procedure table.,official_association_report
E:\shared\行业报告\2024 isaps-global-survey.pdf,procedure_volume,Other non-surgical,Tattoo Removal,,South Africa,107,procedures,2024,ISAPS,2024 ISAPS International Survey on Aesthetic/Cosmetic Procedures Performed in 2024,https://www.isaps.org/media/30xldsyf/isaps-global-survey-2024.pdf,ISAPS page 38 country procedure table.,official_association_report
E:\shared\行业报告\2024 isaps-global-survey.pdf,procedure_volume,All procedures,Country total procedures,,Czechia,87236,procedures,2024,ISAPS,2024 ISAPS International Survey on Aesthetic/Cosmetic Procedures Performed in 2024,https://www.isaps.org/media/30xldsyf/isaps-global-survey-2024.pdf,ISAPS page 39 country procedure table.,official_association_report
E:\shared\行业报告\2024 isaps-global-survey.pdf,procedure_volume,Surgical procedures,Country surgical procedures,,Czechia,59400,procedures,2024,ISAPS,2024 ISAPS International Survey on Aesthetic/Cosmetic Procedures Performed in 2024,https://www.isaps.org/media/30xldsyf/isaps-global-survey-2024.pdf,ISAPS page 39 country procedure table.,official_association_report
E:\shared\行业报告\2024 isaps-global-survey.pdf,procedure_volume,Non-surgical procedures,Country non-surgical procedures,,Czechia,27836,procedures,2024,ISAPS,2024 ISAPS International Survey on Aesthetic/Cosmetic Procedures Performed in 2024,https://www.isaps.org/media/30xldsyf/isaps-global-survey-2024.pdf,ISAPS page 39 country procedure table.,official_association_report
E:\shared\行业报告\2024 isaps-global-survey.pdf,procedure_volume,Injectables,Country total injectables,,Czechia,25328,procedures,2024,ISAPS,2024 ISAPS International Survey on Aesthetic/Cosmetic Procedures Performed in 2024,https://www.isaps.org/media/30xldsyf/isaps-global-survey-2024.pdf,ISAPS page 39 country procedure table.,official_association_report
E:\shared\行业报告\2024 isaps-global-survey.pdf,procedure_volume,Facial rejuvenation,Country total facial rejuvenation,,Czechia,2475,procedures,2024,ISAPS,2024 ISAPS International Survey on Aesthetic/Cosmetic Procedures Performed in 2024,https://www.isaps.org/media/30xldsyf/isaps-global-survey-2024.pdf,ISAPS page 39 country procedure table.,official_association_report
E:\shared\行业报告\2024 isaps-global-survey.pdf,procedure_volume,Other non-surgical,Country total other non-surgical,,Czechia,33,procedures,2024,ISAPS,2024 ISAPS International Survey on Aesthetic/Cosmetic Procedures Performed in 2024,https://www.isaps.org/media/30xldsyf/isaps-global-survey-2024.pdf,ISAPS page 39 country procedure table.,official_association_report
E:\shared\行业报告\2024 isaps-global-survey.pdf,procedure_volume,Injectables,Botulinum Toxin,,Czechia,16913,procedures,2024,ISAPS,2024 ISAPS International Survey on Aesthetic/Cosmetic Procedures Performed in 2024,https://www.isaps.org/media/30xldsyf/isaps-global-survey-2024.pdf,ISAPS page 39 country procedure table.,official_association_report
E:\shared\行业报告\2024 isaps-global-survey.pdf,procedure_volume,Injectables,Calcium Hydroxylapatite,,Czechia,165,procedures,2024,ISAPS,2024 ISAPS International Survey on Aesthetic/Cosmetic Procedures Performed in 2024,https://www.isaps.org/media/30xldsyf/isaps-global-survey-2024.pdf,ISAPS page 39 country procedure table.,official_association_report
E:\shared\行业报告\2024 isaps-global-survey.pdf,procedure_volume,Injectables,Hyaluronic Acid,,Czechia,8250,procedures,2024,ISAPS,2024 ISAPS International Survey on Aesthetic/Cosmetic Procedures Performed in 2024,https://www.isaps.org/media/30xldsyf/isaps-global-survey-2024.pdf,ISAPS page 39 country procedure table.,official_association_report
E:\shared\行业报告\2024 isaps-global-survey.pdf,procedure_volume,Injectables,Poly-L-Lactic Acid,,Czechia,0,procedures,2024,ISAPS,2024 ISAPS International Survey on Aesthetic/Cosmetic Procedures Performed in 2024,https://www.isaps.org/media/30xldsyf/isaps-global-survey-2024.pdf,ISAPS page 39 country procedure table.,official_association_report
E:\shared\行业报告\2024 isaps-global-survey.pdf,procedure_volume,Facial rejuvenation,Chemical Peel,,Czechia,0,procedures,2024,ISAPS,2024 ISAPS International Survey on Aesthetic/Cosmetic Procedures Performed in 2024,https://www.isaps.org/media/30xldsyf/isaps-global-survey-2024.pdf,ISAPS page 39 country procedure table.,official_association_report
E:\shared\行业报告\2024 isaps-global-survey.pdf,procedure_volume,Facial rejuvenation,Full Field Ablative,,Czechia,990,procedures,2024,ISAPS,2024 ISAPS International Survey on Aesthetic/Cosmetic Procedures Performed in 2024,https://www.isaps.org/media/30xldsyf/isaps-global-survey-2024.pdf,ISAPS page 39 country procedure table.,official_association_report
E:\shared\行业报告\2024 isaps-global-survey.pdf,procedure_volume,Facial rejuvenation,Non-Surgical Skin Tightening,,Czechia,1485,procedures,2024,ISAPS,2024 ISAPS International Survey on Aesthetic/Cosmetic Procedures Performed in 2024,https://www.isaps.org/media/30xldsyf/isaps-global-survey-2024.pdf,ISAPS page 39 country procedure table.,official_association_report
E:\shared\行业报告\2024 isaps-global-survey.pdf,procedure_volume,Other non-surgical,Hair Removal,,Czechia,0,procedures,2024,ISAPS,2024 ISAPS International Survey on Aesthetic/Cosmetic Procedures Performed in 2024,https://www.isaps.org/media/30xldsyf/isaps-global-survey-2024.pdf,ISAPS page 39 country procedure table.,official_association_report
E:\shared\行业报告\2024 isaps-global-survey.pdf,procedure_volume,Other non-surgical,Non-Surgical Fat Reduction,,Czechia,0,procedures,2024,ISAPS,2024 ISAPS International Survey on Aesthetic/Cosmetic Procedures Performed in 2024,https://www.isaps.org/media/30xldsyf/isaps-global-survey-2024.pdf,ISAPS page 39 country procedure table.,official_association_report
E:\shared\行业报告\2024 isaps-global-survey.pdf,procedure_volume,Other non-surgical,Tattoo Removal,,Czechia,33,procedures,2024,ISAPS,2024 ISAPS International Survey on Aesthetic/Cosmetic Procedures Performed in 2024,https://www.isaps.org/media/30xldsyf/isaps-global-survey-2024.pdf,ISAPS page 39 country procedure table.,official_association_report
E:\shared\行业报告\2024 isaps-global-survey.pdf,procedure_volume,All procedures,Country total procedures,,Chile,70570,procedures,2024,ISAPS,2024 ISAPS International Survey on Aesthetic/Cosmetic Procedures Performed in 2024,https://www.isaps.org/media/30xldsyf/isaps-global-survey-2024.pdf,ISAPS page 40 country procedure table.,official_association_report
E:\shared\行业报告\2024 isaps-global-survey.pdf,procedure_volume,Surgical procedures,Country surgical procedures,,Chile,43576,procedures,2024,ISAPS,2024 ISAPS International Survey on Aesthetic/Cosmetic Procedures Performed in 2024,https://www.isaps.org/media/30xldsyf/isaps-global-survey-2024.pdf,ISAPS page 40 country procedure table.,official_association_report
E:\shared\行业报告\2024 isaps-global-survey.pdf,procedure_volume,Non-surgical procedures,Country non-surgical procedures,,Chile,26994,procedures,2024,ISAPS,2024 ISAPS International Survey on Aesthetic/Cosmetic Procedures Performed in 2024,https://www.isaps.org/media/30xldsyf/isaps-global-survey-2024.pdf,ISAPS page 40 country procedure table.,official_association_report
E:\shared\行业报告\2024 isaps-global-survey.pdf,procedure_volume,Injectables,Country total injectables,,Chile,17144,procedures,2024,ISAPS,2024 ISAPS International Survey on Aesthetic/Cosmetic Procedures Performed in 2024,https://www.isaps.org/media/30xldsyf/isaps-global-survey-2024.pdf,ISAPS page 40 country procedure table.,official_association_report
E:\shared\行业报告\2024 isaps-global-survey.pdf,procedure_volume,Facial rejuvenation,Country total facial rejuvenation,,Chile,1782,procedures,2024,ISAPS,2024 ISAPS International Survey on Aesthetic/Cosmetic Procedures Performed in 2024,https://www.isaps.org/media/30xldsyf/isaps-global-survey-2024.pdf,ISAPS page 40 country procedure table.,official_association_report
E:\shared\行业报告\2024 isaps-global-survey.pdf,procedure_volume,Other non-surgical,Country total other non-surgical,,Chile,8068,procedures,2024,ISAPS,2024 ISAPS International Survey on Aesthetic/Cosmetic Procedures Performed in 2024,https://www.isaps.org/media/30xldsyf/isaps-global-survey-2024.pdf,ISAPS page 40 country procedure table.,official_association_report
E:\shared\行业报告\2024 isaps-global-survey.pdf,procedure_volume,Injectables,Botulinum Toxin,,Chile,10626,procedures,2024,ISAPS,2024 ISAPS International Survey on Aesthetic/Cosmetic Procedures Performed in 2024,https://www.isaps.org/media/30xldsyf/isaps-global-survey-2024.pdf,ISAPS page 40 country procedure table.,official_association_report
E:\shared\行业报告\2024 isaps-global-survey.pdf,procedure_volume,Injectables,Calcium Hydroxylapatite,,Chile,429,procedures,2024,ISAPS,2024 ISAPS International Survey on Aesthetic/Cosmetic Procedures Performed in 2024,https://www.isaps.org/media/30xldsyf/isaps-global-survey-2024.pdf,ISAPS page 40 country procedure table.,official_association_report
E:\shared\行业报告\2024 isaps-global-survey.pdf,procedure_volume,Injectables,Hyaluronic Acid,,Chile,5231,procedures,2024,ISAPS,2024 ISAPS International Survey on Aesthetic/Cosmetic Procedures Performed in 2024,https://www.isaps.org/media/30xldsyf/isaps-global-survey-2024.pdf,ISAPS page 40 country procedure table.,official_association_report
E:\shared\行业报告\2024 isaps-global-survey.pdf,procedure_volume,Injectables,Poly-L-Lactic Acid,,Chile,858,procedures,2024,ISAPS,2024 ISAPS International Survey on Aesthetic/Cosmetic Procedures Performed in 2024,https://www.isaps.org/media/30xldsyf/isaps-global-survey-2024.pdf,ISAPS page 40 country procedure table.,official_association_report
E:\shared\行业报告\2024 isaps-global-survey.pdf,procedure_volume,Facial rejuvenation,Chemical Peel,,Chile,462,procedures,2024,ISAPS,2024 ISAPS International Survey on Aesthetic/Cosmetic Procedures Performed in 2024,https://www.isaps.org/media/30xldsyf/isaps-global-survey-2024.pdf,ISAPS page 40 country procedure table.,official_association_report
E:\shared\行业报告\2024 isaps-global-survey.pdf,procedure_volume,Facial rejuvenation,Full Field Ablative,,Chile,1089,procedures,2024,ISAPS,2024 ISAPS International Survey on Aesthetic/Cosmetic Procedures Performed in 2024,https://www.isaps.org/media/30xldsyf/isaps-global-survey-2024.pdf,ISAPS page 40 country procedure table.,official_association_report
E:\shared\行业报告\2024 isaps-global-survey.pdf,procedure_volume,Facial rejuvenation,Non-Surgical Skin Tightening,,Chile,231,procedures,2024,ISAPS,2024 ISAPS International Survey on Aesthetic/Cosmetic Procedures Performed in 2024,https://www.isaps.org/media/30xldsyf/isaps-global-survey-2024.pdf,ISAPS page 40 country procedure table.,official_association_report
E:\shared\行业报告\2024 isaps-global-survey.pdf,procedure_volume,Other non-surgical,Hair Removal,,Chile,4637,procedures,2024,ISAPS,2024 ISAPS International Survey on Aesthetic/Cosmetic Procedures Performed in 2024,https://www.isaps.org/media/30xldsyf/isaps-global-survey-2024.pdf,ISAPS page 40 country procedure table.,official_association_report
E:\shared\行业报告\2024 isaps-global-survey.pdf,procedure_volume,Other non-surgical,Non-Surgical Fat Reduction,,Chile,3432,procedures,2024,ISAPS,2024 ISAPS International Survey on Aesthetic/Cosmetic Procedures Performed in 2024,https://www.isaps.org/media/30xldsyf/isaps-global-survey-2024.pdf,ISAPS page 40 country procedure table.,official_association_report
E:\shared\行业报告\2024 isaps-global-survey.pdf,procedure_volume,Other non-surgical,Tattoo Removal,,Chile,0,procedures,2024,ISAPS,2024 ISAPS International Survey on Aesthetic/Cosmetic Procedures Performed in 2024,https://www.isaps.org/media/30xldsyf/isaps-global-survey-2024.pdf,ISAPS page 40 country procedure table.,official_association_report
E:\shared\行业报告\2024 isaps-global-survey.pdf,procedure_volume,All procedures,Country total procedures,,Norway,49788,procedures,2024,ISAPS,2024 ISAPS International Survey on Aesthetic/Cosmetic Procedures Performed in 2024,https://www.isaps.org/media/30xldsyf/isaps-global-survey-2024.pdf,ISAPS page 41 country procedure table.,official_association_report
E:\shared\行业报告\2024 isaps-global-survey.pdf,procedure_volume,Surgical procedures,Country surgical procedures,,Norway,40164,procedures,2024,ISAPS,2024 ISAPS International Survey on Aesthetic/Cosmetic Procedures Performed in 2024,https://www.isaps.org/media/30xldsyf/isaps-global-survey-2024.pdf,ISAPS page 41 country procedure table.,official_association_report
E:\shared\行业报告\2024 isaps-global-survey.pdf,procedure_volume,Non-surgical procedures,Country non-surgical procedures,,Norway,9624,procedures,2024,ISAPS,2024 ISAPS International Survey on Aesthetic/Cosmetic Procedures Performed in 2024,https://www.isaps.org/media/30xldsyf/isaps-global-survey-2024.pdf,ISAPS page 41 country procedure table.,official_association_report
E:\shared\行业报告\2024 isaps-global-survey.pdf,procedure_volume,Injectables,Country total injectables,,Norway,8148,procedures,2024,ISAPS,2024 ISAPS International Survey on Aesthetic/Cosmetic Procedures Performed in 2024,https://www.isaps.org/media/30xldsyf/isaps-global-survey-2024.pdf,ISAPS page 41 country procedure table.,official_association_report
E:\shared\行业报告\2024 isaps-global-survey.pdf,procedure_volume,Facial rejuvenation,Country total facial rejuvenation,,Norway,1404,procedures,2024,ISAPS,2024 ISAPS International Survey on Aesthetic/Cosmetic Procedures Performed in 2024,https://www.isaps.org/media/30xldsyf/isaps-global-survey-2024.pdf,ISAPS page 41 country procedure table.,official_association_report
E:\shared\行业报告\2024 isaps-global-survey.pdf,procedure_volume,Other non-surgical,Country total other non-surgical,,Norway,72,procedures,2024,ISAPS,2024 ISAPS International Survey on Aesthetic/Cosmetic Procedures Performed in 2024,https://www.isaps.org/media/30xldsyf/isaps-global-survey-2024.pdf,ISAPS page 41 country procedure table.,official_association_report
E:\shared\行业报告\2024 isaps-global-survey.pdf,procedure_volume,Injectables,Botulinum Toxin,,Norway,5340,procedures,2024,ISAPS,2024 ISAPS International Survey on Aesthetic/Cosmetic Procedures Performed in 2024,https://www.isaps.org/media/30xldsyf/isaps-global-survey-2024.pdf,ISAPS page 41 country procedure table.,official_association_report
E:\shared\行业报告\2024 isaps-global-survey.pdf,procedure_volume,Injectables,Calcium Hydroxylapatite,,Norway,108,procedures,2024,ISAPS,2024 ISAPS International Survey on Aesthetic/Cosmetic Procedures Performed in 2024,https://www.isaps.org/media/30xldsyf/isaps-global-survey-2024.pdf,ISAPS page 41 country procedure table.,official_association_report
E:\shared\行业报告\2024 isaps-global-survey.pdf,procedure_volume,Injectables,Hyaluronic Acid,,Norway,2700,procedures,2024,ISAPS,2024 ISAPS International Survey on Aesthetic/Cosmetic Procedures Performed in 2024,https://www.isaps.org/media/30xldsyf/isaps-global-survey-2024.pdf,ISAPS page 41 country procedure table.,official_association_report
E:\shared\行业报告\2024 isaps-global-survey.pdf,procedure_volume,Injectables,Poly-L-Lactic Acid,,Norway,0,procedures,2024,ISAPS,2024 ISAPS International Survey on Aesthetic/Cosmetic Procedures Performed in 2024,https://www.isaps.org/media/30xldsyf/isaps-global-survey-2024.pdf,ISAPS page 41 country procedure table.,official_association_report
E:\shared\行业报告\2024 isaps-global-survey.pdf,procedure_volume,Facial rejuvenation,Chemical Peel,,Norway,432,procedures,2024,ISAPS,2024 ISAPS International Survey on Aesthetic/Cosmetic Procedures Performed in 2024,https://www.isaps.org/media/30xldsyf/isaps-global-survey-2024.pdf,ISAPS page 41 country procedure table.,official_association_report
E:\shared\行业报告\2024 isaps-global-survey.pdf,procedure_volume,Facial rejuvenation,Full Field Ablative,,Norway,408,procedures,2024,ISAPS,2024 ISAPS International Survey on Aesthetic/Cosmetic Procedures Performed in 2024,https://www.isaps.org/media/30xldsyf/isaps-global-survey-2024.pdf,ISAPS page 41 country procedure table.,official_association_report
E:\shared\行业报告\2024 isaps-global-survey.pdf,procedure_volume,Facial rejuvenation,Non-Surgical Skin Tightening,,Norway,564,procedures,2024,ISAPS,2024 ISAPS International Survey on Aesthetic/Cosmetic Procedures Performed in 2024,https://www.isaps.org/media/30xldsyf/isaps-global-survey-2024.pdf,ISAPS page 41 country procedure table.,official_association_report
E:\shared\行业报告\2024 isaps-global-survey.pdf,procedure_volume,Other non-surgical,Hair Removal,,Norway,0,procedures,2024,ISAPS,2024 ISAPS International Survey on Aesthetic/Cosmetic Procedures Performed in 2024,https://www.isaps.org/media/30xldsyf/isaps-global-survey-2024.pdf,ISAPS page 41 country procedure table.,official_association_report
E:\shared\行业报告\2024 isaps-global-survey.pdf,procedure_volume,Other non-surgical,Non-Surgical Fat Reduction,,Norway,0,procedures,2024,ISAPS,2024 ISAPS International Survey on Aesthetic/Cosmetic Procedures Performed in 2024,https://www.isaps.org/media/30xldsyf/isaps-global-survey-2024.pdf,ISAPS page 41 country procedure table.,official_association_report
E:\shared\行业报告\2024 isaps-global-survey.pdf,procedure_volume,Other non-surgical,Tattoo Removal,,Norway,72,procedures,2024,ISAPS,2024 ISAPS International Survey on Aesthetic/Cosmetic Procedures Performed in 2024,https://www.isaps.org/media/30xldsyf/isaps-global-survey-2024.pdf,ISAPS page 41 country procedure table.,official_association_report
E:\shared\行业报告\2024 isaps-global-survey.pdf,procedure_volume,All procedures,Country total procedures,,Malaysia,30885,procedures,2024,ISAPS,2024 ISAPS International Survey on Aesthetic/Cosmetic Procedures Performed in 2024,https://www.isaps.org/media/30xldsyf/isaps-global-survey-2024.pdf,ISAPS page 42 country procedure table.,official_association_report
E:\shared\行业报告\2024 isaps-global-survey.pdf,procedure_volume,Surgical procedures,Country surgical procedures,,Malaysia,19676,procedures,2024,ISAPS,2024 ISAPS International Survey on Aesthetic/Cosmetic Procedures Performed in 2024,https://www.isaps.org/media/30xldsyf/isaps-global-survey-2024.pdf,ISAPS page 42 country procedure table.,official_association_report
E:\shared\行业报告\2024 isaps-global-survey.pdf,procedure_volume,Non-surgical procedures,Country non-surgical procedures,,Malaysia,11208,procedures,2024,ISAPS,2024 ISAPS International Survey on Aesthetic/Cosmetic Procedures Performed in 2024,https://www.isaps.org/media/30xldsyf/isaps-global-survey-2024.pdf,ISAPS page 42 country procedure table.,official_association_report
E:\shared\行业报告\2024 isaps-global-survey.pdf,procedure_volume,Injectables,Country total injectables,,Malaysia,6467,procedures,2024,ISAPS,2024 ISAPS International Survey on Aesthetic/Cosmetic Procedures Performed in 2024,https://www.isaps.org/media/30xldsyf/isaps-global-survey-2024.pdf,ISAPS page 42 country procedure table.,official_association_report
E:\shared\行业报告\2024 isaps-global-survey.pdf,procedure_volume,Facial rejuvenation,Country total facial rejuvenation,,Malaysia,3277,procedures,2024,ISAPS,2024 ISAPS International Survey on Aesthetic/Cosmetic Procedures Performed in 2024,https://www.isaps.org/media/30xldsyf/isaps-global-survey-2024.pdf,ISAPS page 42 country procedure table.,official_association_report
E:\shared\行业报告\2024 isaps-global-survey.pdf,procedure_volume,Other non-surgical,Country total other non-surgical,,Malaysia,1464,procedures,2024,ISAPS,2024 ISAPS International Survey on Aesthetic/Cosmetic Procedures Performed in 2024,https://www.isaps.org/media/30xldsyf/isaps-global-survey-2024.pdf,ISAPS page 42 country procedure table.,official_association_report
E:\shared\行业报告\2024 isaps-global-survey.pdf,procedure_volume,Injectables,Botulinum Toxin,,Malaysia,4089,procedures,2024,ISAPS,2024 ISAPS International Survey on Aesthetic/Cosmetic Procedures Performed in 2024,https://www.isaps.org/media/30xldsyf/isaps-global-survey-2024.pdf,ISAPS page 42 country procedure table.,official_association_report
E:\shared\行业报告\2024 isaps-global-survey.pdf,procedure_volume,Injectables,Calcium Hydroxylapatite,,Malaysia,44,procedures,2024,ISAPS,2024 ISAPS International Survey on Aesthetic/Cosmetic Procedures Performed in 2024,https://www.isaps.org/media/30xldsyf/isaps-global-survey-2024.pdf,ISAPS page 42 country procedure table.,official_association_report
E:\shared\行业报告\2024 isaps-global-survey.pdf,procedure_volume,Injectables,Hyaluronic Acid,,Malaysia,1929,procedures,2024,ISAPS,2024 ISAPS International Survey on Aesthetic/Cosmetic Procedures Performed in 2024,https://www.isaps.org/media/30xldsyf/isaps-global-survey-2024.pdf,ISAPS page 42 country procedure table.,official_association_report
E:\shared\行业报告\2024 isaps-global-survey.pdf,procedure_volume,Injectables,Poly-L-Lactic Acid,,Malaysia,406,procedures,2024,ISAPS,2024 ISAPS International Survey on Aesthetic/Cosmetic Procedures Performed in 2024,https://www.isaps.org/media/30xldsyf/isaps-global-survey-2024.pdf,ISAPS page 42 country procedure table.,official_association_report
E:\shared\行业报告\2024 isaps-global-survey.pdf,procedure_volume,Facial rejuvenation,Chemical Peel,,Malaysia,696,procedures,2024,ISAPS,2024 ISAPS International Survey on Aesthetic/Cosmetic Procedures Performed in 2024,https://www.isaps.org/media/30xldsyf/isaps-global-survey-2024.pdf,ISAPS page 42 country procedure table.,official_association_report
E:\shared\行业报告\2024 isaps-global-survey.pdf,procedure_volume,Facial rejuvenation,Full Field Ablative,,Malaysia,1740,procedures,2024,ISAPS,2024 ISAPS International Survey on Aesthetic/Cosmetic Procedures Performed in 2024,https://www.isaps.org/media/30xldsyf/isaps-global-survey-2024.pdf,ISAPS page 42 country procedure table.,official_association_report
E:\shared\行业报告\2024 isaps-global-survey.pdf,procedure_volume,Facial rejuvenation,Non-Surgical Skin Tightening,,Malaysia,841,procedures,2024,ISAPS,2024 ISAPS International Survey on Aesthetic/Cosmetic Procedures Performed in 2024,https://www.isaps.org/media/30xldsyf/isaps-global-survey-2024.pdf,ISAPS page 42 country procedure table.,official_association_report
E:\shared\行业报告\2024 isaps-global-survey.pdf,procedure_volume,Other non-surgical,Hair Removal,,Malaysia,725,procedures,2024,ISAPS,2024 ISAPS International Survey on Aesthetic/Cosmetic Procedures Performed in 2024,https://www.isaps.org/media/30xldsyf/isaps-global-survey-2024.pdf,ISAPS page 42 country procedure table.,official_association_report
E:\shared\行业报告\2024 isaps-global-survey.pdf,procedure_volume,Other non-surgical,Non-Surgical Fat Reduction,,Malaysia,348,procedures,2024,ISAPS,2024 ISAPS International Survey on Aesthetic/Cosmetic Procedures Performed in 2024,https://www.isaps.org/media/30xldsyf/isaps-global-survey-2024.pdf,ISAPS page 42 country procedure table.,official_association_report
E:\shared\行业报告\2024 isaps-global-survey.pdf,procedure_volume,Other non-surgical,Tattoo Removal,,Malaysia,392,procedures,2024,ISAPS,2024 ISAPS International Survey on Aesthetic/Cosmetic Procedures Performed in 2024,https://www.isaps.org/media/30xldsyf/isaps-global-survey-2024.pdf,ISAPS page 42 country procedure table.,official_association_report
E:\shared\行业报告\2024 isaps-global-survey.pdf,procedure_volume,All procedures,Country total procedures,,Philippines,27920,procedures,2024,ISAPS,2024 ISAPS International Survey on Aesthetic/Cosmetic Procedures Performed in 2024,https://www.isaps.org/media/30xldsyf/isaps-global-survey-2024.pdf,ISAPS page 43 country procedure table.,official_association_report
E:\shared\行业报告\2024 isaps-global-survey.pdf,procedure_volume,Surgical procedures,Country surgical procedures,,Philippines,16340,procedures,2024,ISAPS,2024 ISAPS International Survey on Aesthetic/Cosmetic Procedures Performed in 2024,https://www.isaps.org/media/30xldsyf/isaps-global-survey-2024.pdf,ISAPS page 43 country procedure table.,official_association_report
E:\shared\行业报告\2024 isaps-global-survey.pdf,procedure_volume,Non-surgical procedures,Country non-surgical procedures,,Philippines,11580,procedures,2024,ISAPS,2024 ISAPS International Survey on Aesthetic/Cosmetic Procedures Performed in 2024,https://www.isaps.org/media/30xldsyf/isaps-global-survey-2024.pdf,ISAPS page 43 country procedure table.,official_association_report
E:\shared\行业报告\2024 isaps-global-survey.pdf,procedure_volume,Injectables,Country total injectables,,Philippines,9460,procedures,2024,ISAPS,2024 ISAPS International Survey on Aesthetic/Cosmetic Procedures Performed in 2024,https://www.isaps.org/media/30xldsyf/isaps-global-survey-2024.pdf,ISAPS page 43 country procedure table.,official_association_report
E:\shared\行业报告\2024 isaps-global-survey.pdf,procedure_volume,Facial rejuvenation,Country total facial rejuvenation,,Philippines,80,procedures,2024,ISAPS,2024 ISAPS International Survey on Aesthetic/Cosmetic Procedures Performed in 2024,https://www.isaps.org/media/30xldsyf/isaps-global-survey-2024.pdf,ISAPS page 43 country procedure table.,official_association_report
E:\shared\行业报告\2024 isaps-global-survey.pdf,procedure_volume,Other non-surgical,Country total other non-surgical,,Philippines,2040,procedures,2024,ISAPS,2024 ISAPS International Survey on Aesthetic/Cosmetic Procedures Performed in 2024,https://www.isaps.org/media/30xldsyf/isaps-global-survey-2024.pdf,ISAPS page 43 country procedure table.,official_association_report
E:\shared\行业报告\2024 isaps-global-survey.pdf,procedure_volume,Injectables,Botulinum Toxin,,Philippines,5940,procedures,2024,ISAPS,2024 ISAPS International Survey on Aesthetic/Cosmetic Procedures Performed in 2024,https://www.isaps.org/media/30xldsyf/isaps-global-survey-2024.pdf,ISAPS page 43 country procedure table.,official_association_report
E:\shared\行业报告\2024 isaps-global-survey.pdf,procedure_volume,Injectables,Calcium Hydroxylapatite,,Philippines,0,procedures,2024,ISAPS,2024 ISAPS International Survey on Aesthetic/Cosmetic Procedures Performed in 2024,https://www.isaps.org/media/30xldsyf/isaps-global-survey-2024.pdf,ISAPS page 43 country procedure table.,official_association_report
E:\shared\行业报告\2024 isaps-global-survey.pdf,procedure_volume,Injectables,Hyaluronic Acid,,Philippines,3520,procedures,2024,ISAPS,2024 ISAPS International Survey on Aesthetic/Cosmetic Procedures Performed in 2024,https://www.isaps.org/media/30xldsyf/isaps-global-survey-2024.pdf,ISAPS page 43 country procedure table.,official_association_report
E:\shared\行业报告\2024 isaps-global-survey.pdf,procedure_volume,Injectables,Poly-L-Lactic Acid,,Philippines,0,procedures,2024,ISAPS,2024 ISAPS International Survey on Aesthetic/Cosmetic Procedures Performed in 2024,https://www.isaps.org/media/30xldsyf/isaps-global-survey-2024.pdf,ISAPS page 43 country procedure table.,official_association_report
E:\shared\行业报告\2024 isaps-global-survey.pdf,procedure_volume,Facial rejuvenation,Chemical Peel,,Philippines,0,procedures,2024,ISAPS,2024 ISAPS International Survey on Aesthetic/Cosmetic Procedures Performed in 2024,https://www.isaps.org/media/30xldsyf/isaps-global-survey-2024.pdf,ISAPS page 43 country procedure table.,official_association_report
E:\shared\行业报告\2024 isaps-global-survey.pdf,procedure_volume,Facial rejuvenation,Full Field Ablative,,Philippines,0,procedures,2024,ISAPS,2024 ISAPS International Survey on Aesthetic/Cosmetic Procedures Performed in 2024,https://www.isaps.org/media/30xldsyf/isaps-global-survey-2024.pdf,ISAPS page 43 country procedure table.,official_association_report
E:\shared\行业报告\2024 isaps-global-survey.pdf,procedure_volume,Facial rejuvenation,Non-Surgical Skin Tightening,,Philippines,80,procedures,2024,ISAPS,2024 ISAPS International Survey on Aesthetic/Cosmetic Procedures Performed in 2024,https://www.isaps.org/media/30xldsyf/isaps-global-survey-2024.pdf,ISAPS page 43 country procedure table.,official_association_report
E:\shared\行业报告\2024 isaps-global-survey.pdf,procedure_volume,Other non-surgical,Hair Removal,,Philippines,0,procedures,2024,ISAPS,2024 ISAPS International Survey on Aesthetic/Cosmetic Procedures Performed in 2024,https://www.isaps.org/media/30xldsyf/isaps-global-survey-2024.pdf,ISAPS page 43 country procedure table.,official_association_report
E:\shared\行业报告\2024 isaps-global-survey.pdf,procedure_volume,Other non-surgical,Non-Surgical Fat Reduction,,Philippines,2000,procedures,2024,ISAPS,2024 ISAPS International Survey on Aesthetic/Cosmetic Procedures Performed in 2024,https://www.isaps.org/media/30xldsyf/isaps-global-survey-2024.pdf,ISAPS page 43 country procedure table.,official_association_report
E:\shared\行业报告\2024 isaps-global-survey.pdf,procedure_volume,Other non-surgical,Tattoo Removal,,Philippines,40,procedures,2024,ISAPS,2024 ISAPS International Survey on Aesthetic/Cosmetic Procedures Performed in 2024,https://www.isaps.org/media/30xldsyf/isaps-global-survey-2024.pdf,ISAPS page 43 country procedure table.,official_association_report
E:\shared\行业报告\2024 isaps-global-survey.pdf,procedure_volume,All procedures,Country total procedures,,Singapore,25739,procedures,2024,ISAPS,2024 ISAPS International Survey on Aesthetic/Cosmetic Procedures Performed in 2024,https://www.isaps.org/media/30xldsyf/isaps-global-survey-2024.pdf,ISAPS page 44 country procedure table.,official_association_report
E:\shared\行业报告\2024 isaps-global-survey.pdf,procedure_volume,Surgical procedures,Country surgical procedures,,Singapore,15512,procedures,2024,ISAPS,2024 ISAPS International Survey on Aesthetic/Cosmetic Procedures Performed in 2024,https://www.isaps.org/media/30xldsyf/isaps-global-survey-2024.pdf,ISAPS page 44 country procedure table.,official_association_report
E:\shared\行业报告\2024 isaps-global-survey.pdf,procedure_volume,Non-surgical procedures,Country non-surgical procedures,,Singapore,10227,procedures,2024,ISAPS,2024 ISAPS International Survey on Aesthetic/Cosmetic Procedures Performed in 2024,https://www.isaps.org/media/30xldsyf/isaps-global-survey-2024.pdf,ISAPS page 44 country procedure table.,official_association_report
E:\shared\行业报告\2024 isaps-global-survey.pdf,procedure_volume,Injectables,Country total injectables,,Singapore,8232,procedures,2024,ISAPS,2024 ISAPS International Survey on Aesthetic/Cosmetic Procedures Performed in 2024,https://www.isaps.org/media/30xldsyf/isaps-global-survey-2024.pdf,ISAPS page 44 country procedure table.,official_association_report
E:\shared\行业报告\2024 isaps-global-survey.pdf,procedure_volume,Facial rejuvenation,Country total facial rejuvenation,,Singapore,1806,procedures,2024,ISAPS,2024 ISAPS International Survey on Aesthetic/Cosmetic Procedures Performed in 2024,https://www.isaps.org/media/30xldsyf/isaps-global-survey-2024.pdf,ISAPS page 44 country procedure table.,official_association_report
E:\shared\行业报告\2024 isaps-global-survey.pdf,procedure_volume,Other non-surgical,Country total other non-surgical,,Singapore,189,procedures,2024,ISAPS,2024 ISAPS International Survey on Aesthetic/Cosmetic Procedures Performed in 2024,https://www.isaps.org/media/30xldsyf/isaps-global-survey-2024.pdf,ISAPS page 44 country procedure table.,official_association_report
E:\shared\行业报告\2024 isaps-global-survey.pdf,procedure_volume,Injectables,Botulinum Toxin,,Singapore,4718,procedures,2024,ISAPS,2024 ISAPS International Survey on Aesthetic/Cosmetic Procedures Performed in 2024,https://www.isaps.org/media/30xldsyf/isaps-global-survey-2024.pdf,ISAPS page 44 country procedure table.,official_association_report
E:\shared\行业报告\2024 isaps-global-survey.pdf,procedure_volume,Injectables,Calcium Hydroxylapatite,,Singapore,0,procedures,2024,ISAPS,2024 ISAPS International Survey on Aesthetic/Cosmetic Procedures Performed in 2024,https://www.isaps.org/media/30xldsyf/isaps-global-survey-2024.pdf,ISAPS page 44 country procedure table.,official_association_report
E:\shared\行业报告\2024 isaps-global-survey.pdf,procedure_volume,Injectables,Hyaluronic Acid,,Singapore,3514,procedures,2024,ISAPS,2024 ISAPS International Survey on Aesthetic/Cosmetic Procedures Performed in 2024,https://www.isaps.org/media/30xldsyf/isaps-global-survey-2024.pdf,ISAPS page 44 country procedure table.,official_association_report
E:\shared\行业报告\2024 isaps-global-survey.pdf,procedure_volume,Injectables,Poly-L-Lactic Acid,,Singapore,0,procedures,2024,ISAPS,2024 ISAPS International Survey on Aesthetic/Cosmetic Procedures Performed in 2024,https://www.isaps.org/media/30xldsyf/isaps-global-survey-2024.pdf,ISAPS page 44 country procedure table.,official_association_report
E:\shared\行业报告\2024 isaps-global-survey.pdf,procedure_volume,Facial rejuvenation,Chemical Peel,,Singapore,0,procedures,2024,ISAPS,2024 ISAPS International Survey on Aesthetic/Cosmetic Procedures Performed in 2024,https://www.isaps.org/media/30xldsyf/isaps-global-survey-2024.pdf,ISAPS page 44 country procedure table.,official_association_report
E:\shared\行业报告\2024 isaps-global-survey.pdf,procedure_volume,Facial rejuvenation,Full Field Ablative,,Singapore,1260,procedures,2024,ISAPS,2024 ISAPS International Survey on Aesthetic/Cosmetic Procedures Performed in 2024,https://www.isaps.org/media/30xldsyf/isaps-global-survey-2024.pdf,ISAPS page 44 country procedure table.,official_association_report
E:\shared\行业报告\2024 isaps-global-survey.pdf,procedure_volume,Facial rejuvenation,Non-Surgical Skin Tightening,,Singapore,546,procedures,2024,ISAPS,2024 ISAPS International Survey on Aesthetic/Cosmetic Procedures Performed in 2024,https://www.isaps.org/media/30xldsyf/isaps-global-survey-2024.pdf,ISAPS page 44 country procedure table.,official_association_report
E:\shared\行业报告\2024 isaps-global-survey.pdf,procedure_volume,Other non-surgical,Hair Removal,,Singapore,21,procedures,2024,ISAPS,2024 ISAPS International Survey on Aesthetic/Cosmetic Procedures Performed in 2024,https://www.isaps.org/media/30xldsyf/isaps-global-survey-2024.pdf,ISAPS page 44 country procedure table.,official_association_report
E:\shared\行业报告\2024 isaps-global-survey.pdf,procedure_volume,Other non-surgical,Non-Surgical Fat Reduction,,Singapore,91,procedures,2024,ISAPS,2024 ISAPS International Survey on Aesthetic/Cosmetic Procedures Performed in 2024,https://www.isaps.org/media/30xldsyf/isaps-global-survey-2024.pdf,ISAPS page 44 country procedure table.,official_association_report
E:\shared\行业报告\2024 isaps-global-survey.pdf,procedure_volume,Other non-surgical,Tattoo Removal,,Singapore,77,procedures,2024,ISAPS,2024 ISAPS International Survey on Aesthetic/Cosmetic Procedures Performed in 2024,https://www.isaps.org/media/30xldsyf/isaps-global-survey-2024.pdf,ISAPS page 44 country procedure table.,official_association_report
E:\shared\行业报告\2024 isaps-global-survey.pdf,procedure_volume,All procedures,Country total procedures,,Panama,21254,procedures,2024,ISAPS,2024 ISAPS International Survey on Aesthetic/Cosmetic Procedures Performed in 2024,https://www.isaps.org/media/30xldsyf/isaps-global-survey-2024.pdf,ISAPS page 45 country procedure table.,official_association_report
E:\shared\行业报告\2024 isaps-global-survey.pdf,procedure_volume,Surgical procedures,Country surgical procedures,,Panama,13579,procedures,2024,ISAPS,2024 ISAPS International Survey on Aesthetic/Cosmetic Procedures Performed in 2024,https://www.isaps.org/media/30xldsyf/isaps-global-survey-2024.pdf,ISAPS page 45 country procedure table.,official_association_report
E:\shared\行业报告\2024 isaps-global-survey.pdf,procedure_volume,Non-surgical procedures,Country non-surgical procedures,,Panama,7675,procedures,2024,ISAPS,2024 ISAPS International Survey on Aesthetic/Cosmetic Procedures Performed in 2024,https://www.isaps.org/media/30xldsyf/isaps-global-survey-2024.pdf,ISAPS page 45 country procedure table.,official_association_report
E:\shared\行业报告\2024 isaps-global-survey.pdf,procedure_volume,Injectables,Country total injectables,,Panama,6730,procedures,2024,ISAPS,2024 ISAPS International Survey on Aesthetic/Cosmetic Procedures Performed in 2024,https://www.isaps.org/media/30xldsyf/isaps-global-survey-2024.pdf,ISAPS page 45 country procedure table.,official_association_report
E:\shared\行业报告\2024 isaps-global-survey.pdf,procedure_volume,Facial rejuvenation,Country total facial rejuvenation,,Panama,312,procedures,2024,ISAPS,2024 ISAPS International Survey on Aesthetic/Cosmetic Procedures Performed in 2024,https://www.isaps.org/media/30xldsyf/isaps-global-survey-2024.pdf,ISAPS page 45 country procedure table.,official_association_report
E:\shared\行业报告\2024 isaps-global-survey.pdf,procedure_volume,Other non-surgical,Country total other non-surgical,,Panama,634,procedures,2024,ISAPS,2024 ISAPS International Survey on Aesthetic/Cosmetic Procedures Performed in 2024,https://www.isaps.org/media/30xldsyf/isaps-global-survey-2024.pdf,ISAPS page 45 country procedure table.,official_association_report
E:\shared\行业报告\2024 isaps-global-survey.pdf,procedure_volume,Injectables,Botulinum Toxin,,Panama,4214,procedures,2024,ISAPS,2024 ISAPS International Survey on Aesthetic/Cosmetic Procedures Performed in 2024,https://www.isaps.org/media/30xldsyf/isaps-global-survey-2024.pdf,ISAPS page 45 country procedure table.,official_association_report
E:\shared\行业报告\2024 isaps-global-survey.pdf,procedure_volume,Injectables,Calcium Hydroxylapatite,,Panama,307,procedures,2024,ISAPS,2024 ISAPS International Survey on Aesthetic/Cosmetic Procedures Performed in 2024,https://www.isaps.org/media/30xldsyf/isaps-global-survey-2024.pdf,ISAPS page 45 country procedure table.,official_association_report
E:\shared\行业报告\2024 isaps-global-survey.pdf,procedure_volume,Injectables,Hyaluronic Acid,,Panama,2194,procedures,2024,ISAPS,2024 ISAPS International Survey on Aesthetic/Cosmetic Procedures Performed in 2024,https://www.isaps.org/media/30xldsyf/isaps-global-survey-2024.pdf,ISAPS page 45 country procedure table.,official_association_report
E:\shared\行业报告\2024 isaps-global-survey.pdf,procedure_volume,Injectables,Poly-L-Lactic Acid,,Panama,14,procedures,2024,ISAPS,2024 ISAPS International Survey on Aesthetic/Cosmetic Procedures Performed in 2024,https://www.isaps.org/media/30xldsyf/isaps-global-survey-2024.pdf,ISAPS page 45 country procedure table.,official_association_report
E:\shared\行业报告\2024 isaps-global-survey.pdf,procedure_volume,Facial rejuvenation,Chemical Peel,,Panama,106,procedures,2024,ISAPS,2024 ISAPS International Survey on Aesthetic/Cosmetic Procedures Performed in 2024,https://www.isaps.org/media/30xldsyf/isaps-global-survey-2024.pdf,ISAPS page 45 country procedure table.,official_association_report
E:\shared\行业报告\2024 isaps-global-survey.pdf,procedure_volume,Facial rejuvenation,Full Field Ablative,,Panama,96,procedures,2024,ISAPS,2024 ISAPS International Survey on Aesthetic/Cosmetic Procedures Performed in 2024,https://www.isaps.org/media/30xldsyf/isaps-global-survey-2024.pdf,ISAPS page 45 country procedure table.,official_association_report
E:\shared\行业报告\2024 isaps-global-survey.pdf,procedure_volume,Facial rejuvenation,Non-Surgical Skin Tightening,,Panama,110,procedures,2024,ISAPS,2024 ISAPS International Survey on Aesthetic/Cosmetic Procedures Performed in 2024,https://www.isaps.org/media/30xldsyf/isaps-global-survey-2024.pdf,ISAPS page 45 country procedure table.,official_association_report
E:\shared\行业报告\2024 isaps-global-survey.pdf,procedure_volume,Other non-surgical,Hair Removal,,Panama,533,procedures,2024,ISAPS,2024 ISAPS International Survey on Aesthetic/Cosmetic Procedures Performed in 2024,https://www.isaps.org/media/30xldsyf/isaps-global-survey-2024.pdf,ISAPS page 45 country procedure table.,official_association_report
E:\shared\行业报告\2024 isaps-global-survey.pdf,procedure_volume,Other non-surgical,Non-Surgical Fat Reduction,,Panama,82,procedures,2024,ISAPS,2024 ISAPS International Survey on Aesthetic/Cosmetic Procedures Performed in 2024,https://www.isaps.org/media/30xldsyf/isaps-global-survey-2024.pdf,ISAPS page 45 country procedure table.,official_association_report
E:\shared\行业报告\2024 isaps-global-survey.pdf,procedure_volume,Other non-surgical,Tattoo Removal,,Panama,19,procedures,2024,ISAPS,2024 ISAPS International Survey on Aesthetic/Cosmetic Procedures Performed in 2024,https://www.isaps.org/media/30xldsyf/isaps-global-survey-2024.pdf,ISAPS page 45 country procedure table.,official_association_report
E:\shared\行业报告\2024 isaps-global-survey.pdf,procedure_volume,All procedures,Country total procedures,,Bangladesh,19460,procedures,2024,ISAPS,2024 ISAPS International Survey on Aesthetic/Cosmetic Procedures Performed in 2024,https://www.isaps.org/media/30xldsyf/isaps-global-survey-2024.pdf,ISAPS page 46 country procedure table.,official_association_report
E:\shared\行业报告\2024 isaps-global-survey.pdf,procedure_volume,Surgical procedures,Country surgical procedures,,Bangladesh,14300,procedures,2024,ISAPS,2024 ISAPS International Survey on Aesthetic/Cosmetic Procedures Performed in 2024,https://www.isaps.org/media/30xldsyf/isaps-global-survey-2024.pdf,ISAPS page 46 country procedure table.,official_association_report
E:\shared\行业报告\2024 isaps-global-survey.pdf,procedure_volume,Non-surgical procedures,Country non-surgical procedures,,Bangladesh,5160,procedures,2024,ISAPS,2024 ISAPS International Survey on Aesthetic/Cosmetic Procedures Performed in 2024,https://www.isaps.org/media/30xldsyf/isaps-global-survey-2024.pdf,ISAPS page 46 country procedure table.,official_association_report
E:\shared\行业报告\2024 isaps-global-survey.pdf,procedure_volume,Injectables,Country total injectables,,Bangladesh,1100,procedures,2024,ISAPS,2024 ISAPS International Survey on Aesthetic/Cosmetic Procedures Performed in 2024,https://www.isaps.org/media/30xldsyf/isaps-global-survey-2024.pdf,ISAPS page 46 country procedure table.,official_association_report
E:\shared\行业报告\2024 isaps-global-survey.pdf,procedure_volume,Facial rejuvenation,Country total facial rejuvenation,,Bangladesh,2050,procedures,2024,ISAPS,2024 ISAPS International Survey on Aesthetic/Cosmetic Procedures Performed in 2024,https://www.isaps.org/media/30xldsyf/isaps-global-survey-2024.pdf,ISAPS page 46 country procedure table.,official_association_report
E:\shared\行业报告\2024 isaps-global-survey.pdf,procedure_volume,Other non-surgical,Country total other non-surgical,,Bangladesh,2010,procedures,2024,ISAPS,2024 ISAPS International Survey on Aesthetic/Cosmetic Procedures Performed in 2024,https://www.isaps.org/media/30xldsyf/isaps-global-survey-2024.pdf,ISAPS page 46 country procedure table.,official_association_report
E:\shared\行业报告\2024 isaps-global-survey.pdf,procedure_volume,Injectables,Botulinum Toxin,,Bangladesh,590,procedures,2024,ISAPS,2024 ISAPS International Survey on Aesthetic/Cosmetic Procedures Performed in 2024,https://www.isaps.org/media/30xldsyf/isaps-global-survey-2024.pdf,ISAPS page 46 country procedure table.,official_association_report
E:\shared\行业报告\2024 isaps-global-survey.pdf,procedure_volume,Injectables,Calcium Hydroxylapatite,,Bangladesh,0,procedures,2024,ISAPS,2024 ISAPS International Survey on Aesthetic/Cosmetic Procedures Performed in 2024,https://www.isaps.org/media/30xldsyf/isaps-global-survey-2024.pdf,ISAPS page 46 country procedure table.,official_association_report
E:\shared\行业报告\2024 isaps-global-survey.pdf,procedure_volume,Injectables,Hyaluronic Acid,,Bangladesh,490,procedures,2024,ISAPS,2024 ISAPS International Survey on Aesthetic/Cosmetic Procedures Performed in 2024,https://www.isaps.org/media/30xldsyf/isaps-global-survey-2024.pdf,ISAPS page 46 country procedure table.,official_association_report
E:\shared\行业报告\2024 isaps-global-survey.pdf,procedure_volume,Injectables,Poly-L-Lactic Acid,,Bangladesh,20,procedures,2024,ISAPS,2024 ISAPS International Survey on Aesthetic/Cosmetic Procedures Performed in 2024,https://www.isaps.org/media/30xldsyf/isaps-global-survey-2024.pdf,ISAPS page 46 country procedure table.,official_association_report
E:\shared\行业报告\2024 isaps-global-survey.pdf,procedure_volume,Facial rejuvenation,Chemical Peel,,Bangladesh,570,procedures,2024,ISAPS,2024 ISAPS International Survey on Aesthetic/Cosmetic Procedures Performed in 2024,https://www.isaps.org/media/30xldsyf/isaps-global-survey-2024.pdf,ISAPS page 46 country procedure table.,official_association_report
E:\shared\行业报告\2024 isaps-global-survey.pdf,procedure_volume,Facial rejuvenation,Full Field Ablative,,Bangladesh,900,procedures,2024,ISAPS,2024 ISAPS International Survey on Aesthetic/Cosmetic Procedures Performed in 2024,https://www.isaps.org/media/30xldsyf/isaps-global-survey-2024.pdf,ISAPS page 46 country procedure table.,official_association_report
E:\shared\行业报告\2024 isaps-global-survey.pdf,procedure_volume,Facial rejuvenation,Non-Surgical Skin Tightening,,Bangladesh,580,procedures,2024,ISAPS,2024 ISAPS International Survey on Aesthetic/Cosmetic Procedures Performed in 2024,https://www.isaps.org/media/30xldsyf/isaps-global-survey-2024.pdf,ISAPS page 46 country procedure table.,official_association_report
E:\shared\行业报告\2024 isaps-global-survey.pdf,procedure_volume,Other non-surgical,Hair Removal,,Bangladesh,1500,procedures,2024,ISAPS,2024 ISAPS International Survey on Aesthetic/Cosmetic Procedures Performed in 2024,https://www.isaps.org/media/30xldsyf/isaps-global-survey-2024.pdf,ISAPS page 46 country procedure table.,official_association_report
E:\shared\行业报告\2024 isaps-global-survey.pdf,procedure_volume,Other non-surgical,Non-Surgical Fat Reduction,,Bangladesh,60,procedures,2024,ISAPS,2024 ISAPS International Survey on Aesthetic/Cosmetic Procedures Performed in 2024,https://www.isaps.org/media/30xldsyf/isaps-global-survey-2024.pdf,ISAPS page 46 country procedure table.,official_association_report
E:\shared\行业报告\2024 isaps-global-survey.pdf,procedure_volume,Other non-surgical,Tattoo Removal,,Bangladesh,450,procedures,2024,ISAPS,2024 ISAPS International Survey on Aesthetic/Cosmetic Procedures Performed in 2024,https://www.isaps.org/media/30xldsyf/isaps-global-survey-2024.pdf,ISAPS page 46 country procedure table.,official_association_report
E:\shared\行业报告\2024 isaps-global-survey.pdf,estimated_plastic_surgeons,Workforce,Estimated plastic surgeons,,United States,7752,surgeons,2024,ISAPS,2024 ISAPS International Survey on Aesthetic/Cosmetic Procedures Performed in 2024,https://www.isaps.org/media/30xldsyf/isaps-global-survey-2024.pdf,ISAPS page 60 ranked estimated number of plastic surgeons.,official_association_report
E:\shared\行业报告\2024 isaps-global-survey.pdf,estimated_plastic_surgeons,Workforce,Estimated plastic surgeons,,Brazil,6497,surgeons,2024,ISAPS,2024 ISAPS International Survey on Aesthetic/Cosmetic Procedures Performed in 2024,https://www.isaps.org/media/30xldsyf/isaps-global-survey-2024.pdf,ISAPS page 60 ranked estimated number of plastic surgeons.,official_association_report
E:\shared\行业报告\2024 isaps-global-survey.pdf,estimated_plastic_surgeons,Workforce,Estimated plastic surgeons,,China,5000,surgeons,2024,ISAPS,2024 ISAPS International Survey on Aesthetic/Cosmetic Procedures Performed in 2024,https://www.isaps.org/media/30xldsyf/isaps-global-survey-2024.pdf,ISAPS page 60 ranked estimated number of plastic surgeons.,official_association_report
E:\shared\行业报告\2024 isaps-global-survey.pdf,estimated_plastic_surgeons,Workforce,Estimated plastic surgeons,,Japan,4000,surgeons,2024,ISAPS,2024 ISAPS International Survey on Aesthetic/Cosmetic Procedures Performed in 2024,https://www.isaps.org/media/30xldsyf/isaps-global-survey-2024.pdf,ISAPS page 60 ranked estimated number of plastic surgeons.,official_association_report
E:\shared\行业报告\2024 isaps-global-survey.pdf,estimated_plastic_surgeons,Workforce,Estimated plastic surgeons,,South Korea,2808,surgeons,2024,ISAPS,2024 ISAPS International Survey on Aesthetic/Cosmetic Procedures Performed in 2024,https://www.isaps.org/media/30xldsyf/isaps-global-survey-2024.pdf,ISAPS page 60 ranked estimated number of plastic surgeons.,official_association_report
E:\shared\行业报告\2024 isaps-global-survey.pdf,estimated_plastic_surgeons,Workforce,Estimated plastic surgeons,,India,2800,surgeons,2024,ISAPS,2024 ISAPS International Survey on Aesthetic/Cosmetic Procedures Performed in 2024,https://www.isaps.org/media/30xldsyf/isaps-global-survey-2024.pdf,ISAPS page 60 ranked estimated number of plastic surgeons.,official_association_report
E:\shared\行业报告\2024 isaps-global-survey.pdf,estimated_plastic_surgeons,Workforce,Estimated plastic surgeons,,Italy,2188,surgeons,2024,ISAPS,2024 ISAPS International Survey on Aesthetic/Cosmetic Procedures Performed in 2024,https://www.isaps.org/media/30xldsyf/isaps-global-survey-2024.pdf,ISAPS page 60 ranked estimated number of plastic surgeons.,official_association_report
E:\shared\行业报告\2024 isaps-global-survey.pdf,estimated_plastic_surgeons,Workforce,Estimated plastic surgeons,,Russia,2000,surgeons,2024,ISAPS,2024 ISAPS International Survey on Aesthetic/Cosmetic Procedures Performed in 2024,https://www.isaps.org/media/30xldsyf/isaps-global-survey-2024.pdf,ISAPS page 60 ranked estimated number of plastic surgeons.,official_association_report
E:\shared\行业报告\2024 isaps-global-survey.pdf,estimated_plastic_surgeons,Workforce,Estimated plastic surgeons,,Mexico,1991,surgeons,2024,ISAPS,2024 ISAPS International Survey on Aesthetic/Cosmetic Procedures Performed in 2024,https://www.isaps.org/media/30xldsyf/isaps-global-survey-2024.pdf,ISAPS page 60 ranked estimated number of plastic surgeons.,official_association_report
E:\shared\行业报告\2024 isaps-global-survey.pdf,estimated_plastic_surgeons,Workforce,Estimated plastic surgeons,,Germany,1762,surgeons,2024,ISAPS,2024 ISAPS International Survey on Aesthetic/Cosmetic Procedures Performed in 2024,https://www.isaps.org/media/30xldsyf/isaps-global-survey-2024.pdf,ISAPS page 60 ranked estimated number of plastic surgeons.,official_association_report
E:\shared\行业报告\2024 isaps-global-survey.pdf,estimated_plastic_surgeons,Workforce,Estimated plastic surgeons,,France,1400,surgeons,2024,ISAPS,2024 ISAPS International Survey on Aesthetic/Cosmetic Procedures Performed in 2024,https://www.isaps.org/media/30xldsyf/isaps-global-survey-2024.pdf,ISAPS page 60 ranked estimated number of plastic surgeons.,official_association_report
E:\shared\行业报告\2024 isaps-global-survey.pdf,estimated_plastic_surgeons,Workforce,Estimated plastic surgeons,,Turkiye,1200,surgeons,2024,ISAPS,2024 ISAPS International Survey on Aesthetic/Cosmetic Procedures Performed in 2024,https://www.isaps.org/media/30xldsyf/isaps-global-survey-2024.pdf,ISAPS page 60 ranked estimated number of plastic surgeons.,official_association_report
E:\shared\行业报告\2024 isaps-global-survey.pdf,estimated_plastic_surgeons,Workforce,Estimated plastic surgeons,,Colombia,960,surgeons,2024,ISAPS,2024 ISAPS International Survey on Aesthetic/Cosmetic Procedures Performed in 2024,https://www.isaps.org/media/30xldsyf/isaps-global-survey-2024.pdf,ISAPS page 60 ranked estimated number of plastic surgeons.,official_association_report
E:\shared\行业报告\2024 isaps-global-survey.pdf,estimated_plastic_surgeons,Workforce,Estimated plastic surgeons,,Spain,951,surgeons,2024,ISAPS,2024 ISAPS International Survey on Aesthetic/Cosmetic Procedures Performed in 2024,https://www.isaps.org/media/30xldsyf/isaps-global-survey-2024.pdf,ISAPS page 60 ranked estimated number of plastic surgeons.,official_association_report
E:\shared\行业报告\2024 isaps-global-survey.pdf,estimated_plastic_surgeons,Workforce,Estimated plastic surgeons,,Argentina,912,surgeons,2024,ISAPS,2024 ISAPS International Survey on Aesthetic/Cosmetic Procedures Performed in 2024,https://www.isaps.org/media/30xldsyf/isaps-global-survey-2024.pdf,ISAPS page 60 ranked estimated number of plastic surgeons.,official_association_report
E:\shared\行业报告\2024 isaps-global-survey.pdf,estimated_plastic_surgeons,Workforce,Estimated plastic surgeons,,Chinese Taipei,833,surgeons,2024,ISAPS,2024 ISAPS International Survey on Aesthetic/Cosmetic Procedures Performed in 2024,https://www.isaps.org/media/30xldsyf/isaps-global-survey-2024.pdf,ISAPS page 60 ranked estimated number of plastic surgeons.,official_association_report
E:\shared\行业报告\2024 isaps-global-survey.pdf,estimated_plastic_surgeons,Workforce,Estimated plastic surgeons,,UK,729,surgeons,2024,ISAPS,2024 ISAPS International Survey on Aesthetic/Cosmetic Procedures Performed in 2024,https://www.isaps.org/media/30xldsyf/isaps-global-survey-2024.pdf,ISAPS page 60 ranked estimated number of plastic surgeons.,official_association_report
E:\shared\行业报告\2024 isaps-global-survey.pdf,estimated_plastic_surgeons,Workforce,Estimated plastic surgeons,,Venezuela,725,surgeons,2024,ISAPS,2024 ISAPS International Survey on Aesthetic/Cosmetic Procedures Performed in 2024,https://www.isaps.org/media/30xldsyf/isaps-global-survey-2024.pdf,ISAPS page 60 ranked estimated number of plastic surgeons.,official_association_report
E:\shared\行业报告\2024 isaps-global-survey.pdf,estimated_plastic_surgeons,Workforce,Estimated plastic surgeons,,UAE,640,surgeons,2024,ISAPS,2024 ISAPS International Survey on Aesthetic/Cosmetic Procedures Performed in 2024,https://www.isaps.org/media/30xldsyf/isaps-global-survey-2024.pdf,ISAPS page 60 ranked estimated number of plastic surgeons.,official_association_report
E:\shared\行业报告\2024 isaps-global-survey.pdf,estimated_plastic_surgeons,Workforce,Estimated plastic surgeons,,Vietnam,600,surgeons,2024,ISAPS,2024 ISAPS International Survey on Aesthetic/Cosmetic Procedures Performed in 2024,https://www.isaps.org/media/30xldsyf/isaps-global-survey-2024.pdf,ISAPS page 60 ranked estimated number of plastic surgeons.,official_association_report
E:\shared\行业报告\2024 isaps-global-survey.pdf,estimated_plastic_surgeons,Workforce,Estimated plastic surgeons,,Egypt,580,surgeons,2024,ISAPS,2024 ISAPS International Survey on Aesthetic/Cosmetic Procedures Performed in 2024,https://www.isaps.org/media/30xldsyf/isaps-global-survey-2024.pdf,ISAPS page 60 ranked estimated number of plastic surgeons.,official_association_report
E:\shared\行业报告\2024 isaps-global-survey.pdf,estimated_plastic_surgeons,Workforce,Estimated plastic surgeons,,Peru,575,surgeons,2024,ISAPS,2024 ISAPS International Survey on Aesthetic/Cosmetic Procedures Performed in 2024,https://www.isaps.org/media/30xldsyf/isaps-global-survey-2024.pdf,ISAPS page 60 ranked estimated number of plastic surgeons.,official_association_report
E:\shared\行业报告\2024 isaps-global-survey.pdf,estimated_plastic_surgeons,Workforce,Estimated plastic surgeons,,Australia,525,surgeons,2024,ISAPS,2024 ISAPS International Survey on Aesthetic/Cosmetic Procedures Performed in 2024,https://www.isaps.org/media/30xldsyf/isaps-global-survey-2024.pdf,ISAPS page 60 ranked estimated number of plastic surgeons.,official_association_report
E:\shared\行业报告\2024 isaps-global-survey.pdf,estimated_plastic_surgeons,Workforce,Estimated plastic surgeons,,Thailand,475,surgeons,2024,ISAPS,2024 ISAPS International Survey on Aesthetic/Cosmetic Procedures Performed in 2024,https://www.isaps.org/media/30xldsyf/isaps-global-survey-2024.pdf,ISAPS page 60 ranked estimated number of plastic surgeons.,official_association_report
E:\shared\行业报告\2024 isaps-global-survey.pdf,estimated_plastic_surgeons,Workforce,Estimated plastic surgeons,,Iran,470,surgeons,2024,ISAPS,2024 ISAPS International Survey on Aesthetic/Cosmetic Procedures Performed in 2024,https://www.isaps.org/media/30xldsyf/isaps-global-survey-2024.pdf,ISAPS page 60 ranked estimated number of plastic surgeons.,official_association_report
E:\shared\行业报告\2024 isaps-global-survey.pdf,estimated_plastic_surgeons,Workforce,Estimated plastic surgeons,,Canada,450,surgeons,2024,ISAPS,2024 ISAPS International Survey on Aesthetic/Cosmetic Procedures Performed in 2024,https://www.isaps.org/media/30xldsyf/isaps-global-survey-2024.pdf,ISAPS page 60 ranked estimated number of plastic surgeons.,official_association_report
E:\shared\行业报告\2024 isaps-global-survey.pdf,estimated_plastic_surgeons,Workforce,Estimated plastic surgeons,,Netherlands,431,surgeons,2024,ISAPS,2024 ISAPS International Survey on Aesthetic/Cosmetic Procedures Performed in 2024,https://www.isaps.org/media/30xldsyf/isaps-global-survey-2024.pdf,ISAPS page 60 ranked estimated number of plastic surgeons.,official_association_report
E:\shared\行业报告\2024 isaps-global-survey.pdf,estimated_plastic_surgeons,Workforce,Estimated plastic surgeons,,Greece,400,surgeons,2024,ISAPS,2024 ISAPS International Survey on Aesthetic/Cosmetic Procedures Performed in 2024,https://www.isaps.org/media/30xldsyf/isaps-global-survey-2024.pdf,ISAPS page 60 ranked estimated number of plastic surgeons.,official_association_report
E:\shared\行业报告\2024 isaps-global-survey.pdf,estimated_plastic_surgeons,Workforce,Estimated plastic surgeons,,Romania,400,surgeons,2024,ISAPS,2024 ISAPS International Survey on Aesthetic/Cosmetic Procedures Performed in 2024,https://www.isaps.org/media/30xldsyf/isaps-global-survey-2024.pdf,ISAPS page 60 ranked estimated number of plastic surgeons.,official_association_report
E:\shared\行业报告\2024 isaps-global-survey.pdf,estimated_plastic_surgeons,Workforce,Estimated plastic surgeons,,Ukraine,350,surgeons,2024,ISAPS,2024 ISAPS International Survey on Aesthetic/Cosmetic Procedures Performed in 2024,https://www.isaps.org/media/30xldsyf/isaps-global-survey-2024.pdf,ISAPS page 60 ranked estimated number of plastic surgeons.,official_association_report
E:\shared\行业报告\2023isaps-global-survey.pdf,procedure_volume,All procedures,Total surgical and non-surgical,,Global,34995494,procedures,2023,ISAPS,2023 ISAPS International Survey on Aesthetic/Cosmetic Procedures Performed in 2023,https://www.isaps.org/media/rxnfqibn/isaps-global-survey_2023.pdf,ISAPS page 12 total procedures.,official_association_report
E:\shared\行业报告\2023isaps-global-survey.pdf,procedure_volume,Surgical procedures,Total surgical procedures,,Global,15813353,procedures,2023,ISAPS,2023 ISAPS International Survey on Aesthetic/Cosmetic Procedures Performed in 2023,https://www.isaps.org/media/rxnfqibn/isaps-global-survey_2023.pdf,ISAPS page 9 global surgical total.,official_association_report
E:\shared\行业报告\2023isaps-global-survey.pdf,procedure_volume,Non-surgical procedures,Total non-surgical procedures,,Global,19182141,procedures,2023,ISAPS,2023 ISAPS International Survey on Aesthetic/Cosmetic Procedures Performed in 2023,https://www.isaps.org/media/rxnfqibn/isaps-global-survey_2023.pdf,ISAPS page 10/page 12 global non-surgical total.,official_association_report
E:\shared\行业报告\2023isaps-global-survey.pdf,procedure_volume,Injectables,Total injectable procedures,,Global,14787481,procedures,2023,ISAPS,2023 ISAPS International Survey on Aesthetic/Cosmetic Procedures Performed in 2023,https://www.isaps.org/media/rxnfqibn/isaps-global-survey_2023.pdf,ISAPS page 12 injectable procedure group.,official_association_report
E:\shared\行业报告\2023isaps-global-survey.pdf,procedure_volume,Facial rejuvenation,Total facial rejuvenation procedures,,Global,1823020,procedures,2023,ISAPS,2023 ISAPS International Survey on Aesthetic/Cosmetic Procedures Performed in 2023,https://www.isaps.org/media/rxnfqibn/isaps-global-survey_2023.pdf,ISAPS page 12 non-surgical facial rejuvenation group.,official_association_report
E:\shared\行业报告\2023isaps-global-survey.pdf,procedure_volume,Other non-surgical,Total other procedures,,Global,2571640,procedures,2023,ISAPS,2023 ISAPS International Survey on Aesthetic/Cosmetic Procedures Performed in 2023,https://www.isaps.org/media/rxnfqibn/isaps-global-survey_2023.pdf,ISAPS page 12 other non-surgical group.,official_association_report
E:\shared\行业报告\2023isaps-global-survey.pdf,procedure_volume,Injectables,Botulinum Toxin,,Global,8877991,procedures,2023,ISAPS,2023 ISAPS International Survey on Aesthetic/Cosmetic Procedures Performed in 2023,https://www.isaps.org/media/rxnfqibn/isaps-global-survey_2023.pdf,ISAPS page 10 worldwide non-surgical procedure table.,official_association_report
E:\shared\行业报告\2023isaps-global-survey.pdf,procedure_volume,Injectables,Hyaluronic Acid,,Global,5564866,procedures,2023,ISAPS,2023 ISAPS International Survey on Aesthetic/Cosmetic Procedures Performed in 2023,https://www.isaps.org/media/rxnfqibn/isaps-global-survey_2023.pdf,ISAPS page 10 worldwide non-surgical procedure table.,official_association_report
E:\shared\行业报告\2023isaps-global-survey.pdf,procedure_volume,Other non-surgical,Hair Removal,,Global,1608447,procedures,2023,ISAPS,2023 ISAPS International Survey on Aesthetic/Cosmetic Procedures Performed in 2023,https://www.isaps.org/media/rxnfqibn/isaps-global-survey_2023.pdf,ISAPS page 10 worldwide non-surgical procedure table.,official_association_report
E:\shared\行业报告\2023isaps-global-survey.pdf,procedure_volume,Facial rejuvenation,Non-Surgical Skin Tightening,,Global,831583,procedures,2023,ISAPS,2023 ISAPS International Survey on Aesthetic/Cosmetic Procedures Performed in 2023,https://www.isaps.org/media/rxnfqibn/isaps-global-survey_2023.pdf,ISAPS page 10 worldwide non-surgical procedure table.,official_association_report
E:\shared\行业报告\2023isaps-global-survey.pdf,procedure_volume,Other non-surgical,Non-Surgical Fat Reduction,,Global,631212,procedures,2023,ISAPS,2023 ISAPS International Survey on Aesthetic/Cosmetic Procedures Performed in 2023,https://www.isaps.org/media/rxnfqibn/isaps-global-survey_2023.pdf,ISAPS page 10 worldwide non-surgical procedure table.,official_association_report
E:\shared\行业报告\2023isaps-global-survey.pdf,procedure_volume,Facial rejuvenation,Chemical Peel,,Global,553785,procedures,2023,ISAPS,2023 ISAPS International Survey on Aesthetic/Cosmetic Procedures Performed in 2023,https://www.isaps.org/media/rxnfqibn/isaps-global-survey_2023.pdf,ISAPS page 10 worldwide non-surgical procedure table.,official_association_report
E:\shared\行业报告\2023isaps-global-survey.pdf,procedure_volume,Facial rejuvenation,Full Field Ablative,,Global,437652,procedures,2023,ISAPS,2023 ISAPS International Survey on Aesthetic/Cosmetic Procedures Performed in 2023,https://www.isaps.org/media/rxnfqibn/isaps-global-survey_2023.pdf,ISAPS page 10 worldwide non-surgical procedure table.,official_association_report
E:\shared\行业报告\2023isaps-global-survey.pdf,procedure_volume,Injectables,Calcium Hydroxylapatite,,Global,344624,procedures,2023,ISAPS,2023 ISAPS International Survey on Aesthetic/Cosmetic Procedures Performed in 2023,https://www.isaps.org/media/rxnfqibn/isaps-global-survey_2023.pdf,ISAPS page 10 worldwide non-surgical procedure table.,official_association_report
E:\shared\行业报告\2023isaps-global-survey.pdf,procedure_volume,Other non-surgical,Cellulite Treatment,,Global,331981,procedures,2023,ISAPS,2023 ISAPS International Survey on Aesthetic/Cosmetic Procedures Performed in 2023,https://www.isaps.org/media/rxnfqibn/isaps-global-survey_2023.pdf,ISAPS page 10 worldwide non-surgical procedure table.,official_association_report
E:\shared\行业报告\2023isaps-global-survey.pdf,procedure_volume,All procedures,Country total procedures,,United States,6196701,procedures,2023,ISAPS,2023 ISAPS International Survey on Aesthetic/Cosmetic Procedures Performed in 2023,https://www.isaps.org/media/rxnfqibn/isaps-global-survey_2023.pdf,ISAPS page 15 country procedure table.,official_association_report
E:\shared\行业报告\2023isaps-global-survey.pdf,procedure_volume,Surgical procedures,Country surgical procedures,,United States,1791102,procedures,2023,ISAPS,2023 ISAPS International Survey on Aesthetic/Cosmetic Procedures Performed in 2023,https://www.isaps.org/media/rxnfqibn/isaps-global-survey_2023.pdf,ISAPS page 15 country procedure table.,official_association_report
E:\shared\行业报告\2023isaps-global-survey.pdf,procedure_volume,Non-surgical procedures,Country non-surgical procedures,,United States,4405599,procedures,2023,ISAPS,2023 ISAPS International Survey on Aesthetic/Cosmetic Procedures Performed in 2023,https://www.isaps.org/media/rxnfqibn/isaps-global-survey_2023.pdf,ISAPS page 15 country procedure table.,official_association_report
E:\shared\行业报告\2023isaps-global-survey.pdf,procedure_volume,Injectables,Country total injectables,,United States,3296901,procedures,2023,ISAPS,2023 ISAPS International Survey on Aesthetic/Cosmetic Procedures Performed in 2023,https://www.isaps.org/media/rxnfqibn/isaps-global-survey_2023.pdf,ISAPS page 15 country procedure table.,official_association_report
E:\shared\行业报告\2023isaps-global-survey.pdf,procedure_volume,Facial rejuvenation,Country total facial rejuvenation,,United States,612651,procedures,2023,ISAPS,2023 ISAPS International Survey on Aesthetic/Cosmetic Procedures Performed in 2023,https://www.isaps.org/media/rxnfqibn/isaps-global-survey_2023.pdf,ISAPS page 15 country procedure table.,official_association_report
E:\shared\行业报告\2023isaps-global-survey.pdf,procedure_volume,Other non-surgical,Country total other non-surgical,,United States,496047,procedures,2023,ISAPS,2023 ISAPS International Survey on Aesthetic/Cosmetic Procedures Performed in 2023,https://www.isaps.org/media/rxnfqibn/isaps-global-survey_2023.pdf,ISAPS page 15 country procedure table.,official_association_report
E:\shared\行业报告\2023isaps-global-survey.pdf,procedure_volume,Injectables,Botulinum Toxin,,United States,2499859,procedures,2023,ISAPS,2023 ISAPS International Survey on Aesthetic/Cosmetic Procedures Performed in 2023,https://www.isaps.org/media/rxnfqibn/isaps-global-survey_2023.pdf,ISAPS page 15 country procedure table.,official_association_report
E:\shared\行业报告\2023isaps-global-survey.pdf,procedure_volume,Injectables,Calcium Hydroxylapatite,,United States,84817,procedures,2023,ISAPS,2023 ISAPS International Survey on Aesthetic/Cosmetic Procedures Performed in 2023,https://www.isaps.org/media/rxnfqibn/isaps-global-survey_2023.pdf,ISAPS page 15 country procedure table.,official_association_report
E:\shared\行业报告\2023isaps-global-survey.pdf,procedure_volume,Injectables,Hyaluronic Acid,,United States,712225,procedures,2023,ISAPS,2023 ISAPS International Survey on Aesthetic/Cosmetic Procedures Performed in 2023,https://www.isaps.org/media/rxnfqibn/isaps-global-survey_2023.pdf,ISAPS page 15 country procedure table.,official_association_report
E:\shared\行业报告\2023isaps-global-survey.pdf,procedure_volume,Facial rejuvenation,Chemical Peel,,United States,232902,procedures,2023,ISAPS,2023 ISAPS International Survey on Aesthetic/Cosmetic Procedures Performed in 2023,https://www.isaps.org/media/rxnfqibn/isaps-global-survey_2023.pdf,ISAPS page 15 country procedure table.,official_association_report
E:\shared\行业报告\2023isaps-global-survey.pdf,procedure_volume,Facial rejuvenation,Full Field Ablative,,United States,118661,procedures,2023,ISAPS,2023 ISAPS International Survey on Aesthetic/Cosmetic Procedures Performed in 2023,https://www.isaps.org/media/rxnfqibn/isaps-global-survey_2023.pdf,ISAPS page 15 country procedure table.,official_association_report
E:\shared\行业报告\2023isaps-global-survey.pdf,procedure_volume,Facial rejuvenation,Non-Surgical Skin Tightening,,United States,261088,procedures,2023,ISAPS,2023 ISAPS International Survey on Aesthetic/Cosmetic Procedures Performed in 2023,https://www.isaps.org/media/rxnfqibn/isaps-global-survey_2023.pdf,ISAPS page 15 country procedure table.,official_association_report
E:\shared\行业报告\2023isaps-global-survey.pdf,procedure_volume,Other non-surgical,Cellulite Treatment,,United States,22217,procedures,2023,ISAPS,2023 ISAPS International Survey on Aesthetic/Cosmetic Procedures Performed in 2023,https://www.isaps.org/media/rxnfqibn/isaps-global-survey_2023.pdf,ISAPS page 15 country procedure table.,official_association_report
E:\shared\行业报告\2023isaps-global-survey.pdf,procedure_volume,Other non-surgical,Hair Removal,,United States,240373,procedures,2023,ISAPS,2023 ISAPS International Survey on Aesthetic/Cosmetic Procedures Performed in 2023,https://www.isaps.org/media/rxnfqibn/isaps-global-survey_2023.pdf,ISAPS page 15 country procedure table.,official_association_report
E:\shared\行业报告\2023isaps-global-survey.pdf,procedure_volume,Other non-surgical,Non-Surgical Fat Reduction,,United States,233458,procedures,2023,ISAPS,2023 ISAPS International Survey on Aesthetic/Cosmetic Procedures Performed in 2023,https://www.isaps.org/media/rxnfqibn/isaps-global-survey_2023.pdf,ISAPS page 15 country procedure table.,official_association_report
E:\shared\行业报告\2023isaps-global-survey.pdf,procedure_volume,All procedures,Country total procedures,,Brazil,3381551,procedures,2023,ISAPS,2023 ISAPS International Survey on Aesthetic/Cosmetic Procedures Performed in 2023,https://www.isaps.org/media/rxnfqibn/isaps-global-survey_2023.pdf,ISAPS page 16 country procedure table.,official_association_report
E:\shared\行业报告\2023isaps-global-survey.pdf,procedure_volume,Surgical procedures,Country surgical procedures,,Brazil,2185038,procedures,2023,ISAPS,2023 ISAPS International Survey on Aesthetic/Cosmetic Procedures Performed in 2023,https://www.isaps.org/media/rxnfqibn/isaps-global-survey_2023.pdf,ISAPS page 16 country procedure table.,official_association_report
E:\shared\行业报告\2023isaps-global-survey.pdf,procedure_volume,Non-surgical procedures,Country non-surgical procedures,,Brazil,1196513,procedures,2023,ISAPS,2023 ISAPS International Survey on Aesthetic/Cosmetic Procedures Performed in 2023,https://www.isaps.org/media/rxnfqibn/isaps-global-survey_2023.pdf,ISAPS page 16 country procedure table.,official_association_report
E:\shared\行业报告\2023isaps-global-survey.pdf,procedure_volume,Injectables,Country total injectables,,Brazil,1048391,procedures,2023,ISAPS,2023 ISAPS International Survey on Aesthetic/Cosmetic Procedures Performed in 2023,https://www.isaps.org/media/rxnfqibn/isaps-global-survey_2023.pdf,ISAPS page 16 country procedure table.,official_association_report
E:\shared\行业报告\2023isaps-global-survey.pdf,procedure_volume,Facial rejuvenation,Country total facial rejuvenation,,Brazil,74973,procedures,2023,ISAPS,2023 ISAPS International Survey on Aesthetic/Cosmetic Procedures Performed in 2023,https://www.isaps.org/media/rxnfqibn/isaps-global-survey_2023.pdf,ISAPS page 16 country procedure table.,official_association_report
E:\shared\行业报告\2023isaps-global-survey.pdf,procedure_volume,Other non-surgical,Country total other non-surgical,,Brazil,73149,procedures,2023,ISAPS,2023 ISAPS International Survey on Aesthetic/Cosmetic Procedures Performed in 2023,https://www.isaps.org/media/rxnfqibn/isaps-global-survey_2023.pdf,ISAPS page 16 country procedure table.,official_association_report
E:\shared\行业报告\2023isaps-global-survey.pdf,procedure_volume,Injectables,Botulinum Toxin,,Brazil,571117,procedures,2023,ISAPS,2023 ISAPS International Survey on Aesthetic/Cosmetic Procedures Performed in 2023,https://www.isaps.org/media/rxnfqibn/isaps-global-survey_2023.pdf,ISAPS page 16 country procedure table.,official_association_report
E:\shared\行业报告\2023isaps-global-survey.pdf,procedure_volume,Injectables,Calcium Hydroxylapatite,,Brazil,47883,procedures,2023,ISAPS,2023 ISAPS International Survey on Aesthetic/Cosmetic Procedures Performed in 2023,https://www.isaps.org/media/rxnfqibn/isaps-global-survey_2023.pdf,ISAPS page 16 country procedure table.,official_association_report
E:\shared\行业报告\2023isaps-global-survey.pdf,procedure_volume,Injectables,Hyaluronic Acid,,Brazil,429391,procedures,2023,ISAPS,2023 ISAPS International Survey on Aesthetic/Cosmetic Procedures Performed in 2023,https://www.isaps.org/media/rxnfqibn/isaps-global-survey_2023.pdf,ISAPS page 16 country procedure table.,official_association_report
E:\shared\行业报告\2023isaps-global-survey.pdf,procedure_volume,Facial rejuvenation,Chemical Peel,,Brazil,18832,procedures,2023,ISAPS,2023 ISAPS International Survey on Aesthetic/Cosmetic Procedures Performed in 2023,https://www.isaps.org/media/rxnfqibn/isaps-global-survey_2023.pdf,ISAPS page 16 country procedure table.,official_association_report
E:\shared\行业报告\2023isaps-global-survey.pdf,procedure_volume,Facial rejuvenation,Full Field Ablative,,Brazil,31001,procedures,2023,ISAPS,2023 ISAPS International Survey on Aesthetic/Cosmetic Procedures Performed in 2023,https://www.isaps.org/media/rxnfqibn/isaps-global-survey_2023.pdf,ISAPS page 16 country procedure table.,official_association_report
E:\shared\行业报告\2023isaps-global-survey.pdf,procedure_volume,Facial rejuvenation,Non-Surgical Skin Tightening,,Brazil,25140,procedures,2023,ISAPS,2023 ISAPS International Survey on Aesthetic/Cosmetic Procedures Performed in 2023,https://www.isaps.org/media/rxnfqibn/isaps-global-survey_2023.pdf,ISAPS page 16 country procedure table.,official_association_report
E:\shared\行业报告\2023isaps-global-survey.pdf,procedure_volume,Other non-surgical,Cellulite Treatment,,Brazil,41770,procedures,2023,ISAPS,2023 ISAPS International Survey on Aesthetic/Cosmetic Procedures Performed in 2023,https://www.isaps.org/media/rxnfqibn/isaps-global-survey_2023.pdf,ISAPS page 16 country procedure table.,official_association_report
E:\shared\行业报告\2023isaps-global-survey.pdf,procedure_volume,Other non-surgical,Hair Removal,,Brazil,16412,procedures,2023,ISAPS,2023 ISAPS International Survey on Aesthetic/Cosmetic Procedures Performed in 2023,https://www.isaps.org/media/rxnfqibn/isaps-global-survey_2023.pdf,ISAPS page 16 country procedure table.,official_association_report
E:\shared\行业报告\2023isaps-global-survey.pdf,procedure_volume,Other non-surgical,Non-Surgical Fat Reduction,,Brazil,14967,procedures,2023,ISAPS,2023 ISAPS International Survey on Aesthetic/Cosmetic Procedures Performed in 2023,https://www.isaps.org/media/rxnfqibn/isaps-global-survey_2023.pdf,ISAPS page 16 country procedure table.,official_association_report
E:\shared\行业报告\2023isaps-global-survey.pdf,procedure_volume,All procedures,Country total procedures,,Mexico,1714952,procedures,2023,ISAPS,2023 ISAPS International Survey on Aesthetic/Cosmetic Procedures Performed in 2023,https://www.isaps.org/media/rxnfqibn/isaps-global-survey_2023.pdf,ISAPS page 17 country procedure table.,official_association_report
E:\shared\行业报告\2023isaps-global-survey.pdf,procedure_volume,Surgical procedures,Country surgical procedures,,Mexico,932539,procedures,2023,ISAPS,2023 ISAPS International Survey on Aesthetic/Cosmetic Procedures Performed in 2023,https://www.isaps.org/media/rxnfqibn/isaps-global-survey_2023.pdf,ISAPS page 17 country procedure table.,official_association_report
E:\shared\行业报告\2023isaps-global-survey.pdf,procedure_volume,Non-surgical procedures,Country non-surgical procedures,,Mexico,782413,procedures,2023,ISAPS,2023 ISAPS International Survey on Aesthetic/Cosmetic Procedures Performed in 2023,https://www.isaps.org/media/rxnfqibn/isaps-global-survey_2023.pdf,ISAPS page 17 country procedure table.,official_association_report
E:\shared\行业报告\2023isaps-global-survey.pdf,procedure_volume,Injectables,Country total injectables,,Mexico,587934,procedures,2023,ISAPS,2023 ISAPS International Survey on Aesthetic/Cosmetic Procedures Performed in 2023,https://www.isaps.org/media/rxnfqibn/isaps-global-survey_2023.pdf,ISAPS page 17 country procedure table.,official_association_report
E:\shared\行业报告\2023isaps-global-survey.pdf,procedure_volume,Facial rejuvenation,Country total facial rejuvenation,,Mexico,68421,procedures,2023,ISAPS,2023 ISAPS International Survey on Aesthetic/Cosmetic Procedures Performed in 2023,https://www.isaps.org/media/rxnfqibn/isaps-global-survey_2023.pdf,ISAPS page 17 country procedure table.,official_association_report
E:\shared\行业报告\2023isaps-global-survey.pdf,procedure_volume,Other non-surgical,Country total other non-surgical,,Mexico,126058,procedures,2023,ISAPS,2023 ISAPS International Survey on Aesthetic/Cosmetic Procedures Performed in 2023,https://www.isaps.org/media/rxnfqibn/isaps-global-survey_2023.pdf,ISAPS page 17 country procedure table.,official_association_report
E:\shared\行业报告\2023isaps-global-survey.pdf,procedure_volume,Injectables,Botulinum Toxin,,Mexico,372064,procedures,2023,ISAPS,2023 ISAPS International Survey on Aesthetic/Cosmetic Procedures Performed in 2023,https://www.isaps.org/media/rxnfqibn/isaps-global-survey_2023.pdf,ISAPS page 17 country procedure table.,official_association_report
E:\shared\行业报告\2023isaps-global-survey.pdf,procedure_volume,Injectables,Calcium Hydroxylapatite,,Mexico,10944,procedures,2023,ISAPS,2023 ISAPS International Survey on Aesthetic/Cosmetic Procedures Performed in 2023,https://www.isaps.org/media/rxnfqibn/isaps-global-survey_2023.pdf,ISAPS page 17 country procedure table.,official_association_report
E:\shared\行业报告\2023isaps-global-survey.pdf,procedure_volume,Injectables,Hyaluronic Acid,,Mexico,204926,procedures,2023,ISAPS,2023 ISAPS International Survey on Aesthetic/Cosmetic Procedures Performed in 2023,https://www.isaps.org/media/rxnfqibn/isaps-global-survey_2023.pdf,ISAPS page 17 country procedure table.,official_association_report
E:\shared\行业报告\2023isaps-global-survey.pdf,procedure_volume,Facial rejuvenation,Chemical Peel,,Mexico,16224,procedures,2023,ISAPS,2023 ISAPS International Survey on Aesthetic/Cosmetic Procedures Performed in 2023,https://www.isaps.org/media/rxnfqibn/isaps-global-survey_2023.pdf,ISAPS page 17 country procedure table.,official_association_report
E:\shared\行业报告\2023isaps-global-survey.pdf,procedure_volume,Facial rejuvenation,Full Field Ablative,,Mexico,14816,procedures,2023,ISAPS,2023 ISAPS International Survey on Aesthetic/Cosmetic Procedures Performed in 2023,https://www.isaps.org/media/rxnfqibn/isaps-global-survey_2023.pdf,ISAPS page 17 country procedure table.,official_association_report
E:\shared\行业报告\2023isaps-global-survey.pdf,procedure_volume,Facial rejuvenation,Non-Surgical Skin Tightening,,Mexico,37381,procedures,2023,ISAPS,2023 ISAPS International Survey on Aesthetic/Cosmetic Procedures Performed in 2023,https://www.isaps.org/media/rxnfqibn/isaps-global-survey_2023.pdf,ISAPS page 17 country procedure table.,official_association_report
E:\shared\行业报告\2023isaps-global-survey.pdf,procedure_volume,Other non-surgical,Cellulite Treatment,,Mexico,32563,procedures,2023,ISAPS,2023 ISAPS International Survey on Aesthetic/Cosmetic Procedures Performed in 2023,https://www.isaps.org/media/rxnfqibn/isaps-global-survey_2023.pdf,ISAPS page 17 country procedure table.,official_association_report
E:\shared\行业报告\2023isaps-global-survey.pdf,procedure_volume,Other non-surgical,Hair Removal,,Mexico,58697,procedures,2023,ISAPS,2023 ISAPS International Survey on Aesthetic/Cosmetic Procedures Performed in 2023,https://www.isaps.org/media/rxnfqibn/isaps-global-survey_2023.pdf,ISAPS page 17 country procedure table.,official_association_report
E:\shared\行业报告\2023isaps-global-survey.pdf,procedure_volume,Other non-surgical,Non-Surgical Fat Reduction,,Mexico,34799,procedures,2023,ISAPS,2023 ISAPS International Survey on Aesthetic/Cosmetic Procedures Performed in 2023,https://www.isaps.org/media/rxnfqibn/isaps-global-survey_2023.pdf,ISAPS page 17 country procedure table.,official_association_report
E:\shared\行业报告\2023isaps-global-survey.pdf,procedure_volume,All procedures,Country total procedures,,Germany,1244466,procedures,2023,ISAPS,2023 ISAPS International Survey on Aesthetic/Cosmetic Procedures Performed in 2023,https://www.isaps.org/media/rxnfqibn/isaps-global-survey_2023.pdf,ISAPS page 18 country procedure table.,official_association_report
E:\shared\行业报告\2023isaps-global-survey.pdf,procedure_volume,Surgical procedures,Country surgical procedures,,Germany,463026,procedures,2023,ISAPS,2023 ISAPS International Survey on Aesthetic/Cosmetic Procedures Performed in 2023,https://www.isaps.org/media/rxnfqibn/isaps-global-survey_2023.pdf,ISAPS page 18 country procedure table.,official_association_report
E:\shared\行业报告\2023isaps-global-survey.pdf,procedure_volume,Non-surgical procedures,Country non-surgical procedures,,Germany,781440,procedures,2023,ISAPS,2023 ISAPS International Survey on Aesthetic/Cosmetic Procedures Performed in 2023,https://www.isaps.org/media/rxnfqibn/isaps-global-survey_2023.pdf,ISAPS page 18 country procedure table.,official_association_report
E:\shared\行业报告\2023isaps-global-survey.pdf,procedure_volume,Injectables,Country total injectables,,Germany,721587,procedures,2023,ISAPS,2023 ISAPS International Survey on Aesthetic/Cosmetic Procedures Performed in 2023,https://www.isaps.org/media/rxnfqibn/isaps-global-survey_2023.pdf,ISAPS page 18 country procedure table.,official_association_report
E:\shared\行业报告\2023isaps-global-survey.pdf,procedure_volume,Facial rejuvenation,Country total facial rejuvenation,,Germany,36946,procedures,2023,ISAPS,2023 ISAPS International Survey on Aesthetic/Cosmetic Procedures Performed in 2023,https://www.isaps.org/media/rxnfqibn/isaps-global-survey_2023.pdf,ISAPS page 18 country procedure table.,official_association_report
E:\shared\行业报告\2023isaps-global-survey.pdf,procedure_volume,Other non-surgical,Country total other non-surgical,,Germany,22907,procedures,2023,ISAPS,2023 ISAPS International Survey on Aesthetic/Cosmetic Procedures Performed in 2023,https://www.isaps.org/media/rxnfqibn/isaps-global-survey_2023.pdf,ISAPS page 18 country procedure table.,official_association_report
E:\shared\行业报告\2023isaps-global-survey.pdf,procedure_volume,Injectables,Botulinum Toxin,,Germany,421684,procedures,2023,ISAPS,2023 ISAPS International Survey on Aesthetic/Cosmetic Procedures Performed in 2023,https://www.isaps.org/media/rxnfqibn/isaps-global-survey_2023.pdf,ISAPS page 18 country procedure table.,official_association_report
E:\shared\行业报告\2023isaps-global-survey.pdf,procedure_volume,Injectables,Calcium Hydroxylapatite,,Germany,13618,procedures,2023,ISAPS,2023 ISAPS International Survey on Aesthetic/Cosmetic Procedures Performed in 2023,https://www.isaps.org/media/rxnfqibn/isaps-global-survey_2023.pdf,ISAPS page 18 country procedure table.,official_association_report
E:\shared\行业报告\2023isaps-global-survey.pdf,procedure_volume,Injectables,Hyaluronic Acid,,Germany,286285,procedures,2023,ISAPS,2023 ISAPS International Survey on Aesthetic/Cosmetic Procedures Performed in 2023,https://www.isaps.org/media/rxnfqibn/isaps-global-survey_2023.pdf,ISAPS page 18 country procedure table.,official_association_report
E:\shared\行业报告\2023isaps-global-survey.pdf,procedure_volume,Facial rejuvenation,Chemical Peel,,Germany,4385,procedures,2023,ISAPS,2023 ISAPS International Survey on Aesthetic/Cosmetic Procedures Performed in 2023,https://www.isaps.org/media/rxnfqibn/isaps-global-survey_2023.pdf,ISAPS page 18 country procedure table.,official_association_report
E:\shared\行业报告\2023isaps-global-survey.pdf,procedure_volume,Facial rejuvenation,Full Field Ablative,,Germany,9283,procedures,2023,ISAPS,2023 ISAPS International Survey on Aesthetic/Cosmetic Procedures Performed in 2023,https://www.isaps.org/media/rxnfqibn/isaps-global-survey_2023.pdf,ISAPS page 18 country procedure table.,official_association_report
E:\shared\行业报告\2023isaps-global-survey.pdf,procedure_volume,Facial rejuvenation,Non-Surgical Skin Tightening,,Germany,23277,procedures,2023,ISAPS,2023 ISAPS International Survey on Aesthetic/Cosmetic Procedures Performed in 2023,https://www.isaps.org/media/rxnfqibn/isaps-global-survey_2023.pdf,ISAPS page 18 country procedure table.,official_association_report
E:\shared\行业报告\2023isaps-global-survey.pdf,procedure_volume,Other non-surgical,Cellulite Treatment,,Germany,1185,procedures,2023,ISAPS,2023 ISAPS International Survey on Aesthetic/Cosmetic Procedures Performed in 2023,https://www.isaps.org/media/rxnfqibn/isaps-global-survey_2023.pdf,ISAPS page 18 country procedure table.,official_association_report
E:\shared\行业报告\2023isaps-global-survey.pdf,procedure_volume,Other non-surgical,Hair Removal,,Germany,4415,procedures,2023,ISAPS,2023 ISAPS International Survey on Aesthetic/Cosmetic Procedures Performed in 2023,https://www.isaps.org/media/rxnfqibn/isaps-global-survey_2023.pdf,ISAPS page 18 country procedure table.,official_association_report
E:\shared\行业报告\2023isaps-global-survey.pdf,procedure_volume,Other non-surgical,Non-Surgical Fat Reduction,,Germany,17307,procedures,2023,ISAPS,2023 ISAPS International Survey on Aesthetic/Cosmetic Procedures Performed in 2023,https://www.isaps.org/media/rxnfqibn/isaps-global-survey_2023.pdf,ISAPS page 18 country procedure table.,official_association_report
E:\shared\行业报告\2023isaps-global-survey.pdf,procedure_volume,All procedures,Country total procedures,,Argentina,1210216,procedures,2023,ISAPS,2023 ISAPS International Survey on Aesthetic/Cosmetic Procedures Performed in 2023,https://www.isaps.org/media/rxnfqibn/isaps-global-survey_2023.pdf,ISAPS page 19 country procedure table.,official_association_report
E:\shared\行业报告\2023isaps-global-survey.pdf,procedure_volume,Surgical procedures,Country surgical procedures,,Argentina,475887,procedures,2023,ISAPS,2023 ISAPS International Survey on Aesthetic/Cosmetic Procedures Performed in 2023,https://www.isaps.org/media/rxnfqibn/isaps-global-survey_2023.pdf,ISAPS page 19 country procedure table.,official_association_report
E:\shared\行业报告\2023isaps-global-survey.pdf,procedure_volume,Non-surgical procedures,Country non-surgical procedures,,Argentina,734329,procedures,2023,ISAPS,2023 ISAPS International Survey on Aesthetic/Cosmetic Procedures Performed in 2023,https://www.isaps.org/media/rxnfqibn/isaps-global-survey_2023.pdf,ISAPS page 19 country procedure table.,official_association_report
E:\shared\行业报告\2023isaps-global-survey.pdf,procedure_volume,Injectables,Country total injectables,,Argentina,461235,procedures,2023,ISAPS,2023 ISAPS International Survey on Aesthetic/Cosmetic Procedures Performed in 2023,https://www.isaps.org/media/rxnfqibn/isaps-global-survey_2023.pdf,ISAPS page 19 country procedure table.,official_association_report
E:\shared\行业报告\2023isaps-global-survey.pdf,procedure_volume,Facial rejuvenation,Country total facial rejuvenation,,Argentina,48094,procedures,2023,ISAPS,2023 ISAPS International Survey on Aesthetic/Cosmetic Procedures Performed in 2023,https://www.isaps.org/media/rxnfqibn/isaps-global-survey_2023.pdf,ISAPS page 19 country procedure table.,official_association_report
E:\shared\行业报告\2023isaps-global-survey.pdf,procedure_volume,Other non-surgical,Country total other non-surgical,,Argentina,225000,procedures,2023,ISAPS,2023 ISAPS International Survey on Aesthetic/Cosmetic Procedures Performed in 2023,https://www.isaps.org/media/rxnfqibn/isaps-global-survey_2023.pdf,ISAPS page 19 country procedure table.,official_association_report
E:\shared\行业报告\2023isaps-global-survey.pdf,procedure_volume,Injectables,Botulinum Toxin,,Argentina,208277,procedures,2023,ISAPS,2023 ISAPS International Survey on Aesthetic/Cosmetic Procedures Performed in 2023,https://www.isaps.org/media/rxnfqibn/isaps-global-survey_2023.pdf,ISAPS page 19 country procedure table.,official_association_report
E:\shared\行业报告\2023isaps-global-survey.pdf,procedure_volume,Injectables,Calcium Hydroxylapatite,,Argentina,19708,procedures,2023,ISAPS,2023 ISAPS International Survey on Aesthetic/Cosmetic Procedures Performed in 2023,https://www.isaps.org/media/rxnfqibn/isaps-global-survey_2023.pdf,ISAPS page 19 country procedure table.,official_association_report
E:\shared\行业报告\2023isaps-global-survey.pdf,procedure_volume,Injectables,Hyaluronic Acid,,Argentina,233250,procedures,2023,ISAPS,2023 ISAPS International Survey on Aesthetic/Cosmetic Procedures Performed in 2023,https://www.isaps.org/media/rxnfqibn/isaps-global-survey_2023.pdf,ISAPS page 19 country procedure table.,official_association_report
E:\shared\行业报告\2023isaps-global-survey.pdf,procedure_volume,Facial rejuvenation,Chemical Peel,,Argentina,5290,procedures,2023,ISAPS,2023 ISAPS International Survey on Aesthetic/Cosmetic Procedures Performed in 2023,https://www.isaps.org/media/rxnfqibn/isaps-global-survey_2023.pdf,ISAPS page 19 country procedure table.,official_association_report
E:\shared\行业报告\2023isaps-global-survey.pdf,procedure_volume,Facial rejuvenation,Full Field Ablative,,Argentina,19299,procedures,2023,ISAPS,2023 ISAPS International Survey on Aesthetic/Cosmetic Procedures Performed in 2023,https://www.isaps.org/media/rxnfqibn/isaps-global-survey_2023.pdf,ISAPS page 19 country procedure table.,official_association_report
E:\shared\行业报告\2023isaps-global-survey.pdf,procedure_volume,Facial rejuvenation,Non-Surgical Skin Tightening,,Argentina,23504,procedures,2023,ISAPS,2023 ISAPS International Survey on Aesthetic/Cosmetic Procedures Performed in 2023,https://www.isaps.org/media/rxnfqibn/isaps-global-survey_2023.pdf,ISAPS page 19 country procedure table.,official_association_report
E:\shared\行业报告\2023isaps-global-survey.pdf,procedure_volume,Other non-surgical,Cellulite Treatment,,Argentina,41348,procedures,2023,ISAPS,2023 ISAPS International Survey on Aesthetic/Cosmetic Procedures Performed in 2023,https://www.isaps.org/media/rxnfqibn/isaps-global-survey_2023.pdf,ISAPS page 19 country procedure table.,official_association_report
E:\shared\行业报告\2023isaps-global-survey.pdf,procedure_volume,Other non-surgical,Hair Removal,,Argentina,133166,procedures,2023,ISAPS,2023 ISAPS International Survey on Aesthetic/Cosmetic Procedures Performed in 2023,https://www.isaps.org/media/rxnfqibn/isaps-global-survey_2023.pdf,ISAPS page 19 country procedure table.,official_association_report
E:\shared\行业报告\2023isaps-global-survey.pdf,procedure_volume,Other non-surgical,Non-Surgical Fat Reduction,,Argentina,50486,procedures,2023,ISAPS,2023 ISAPS International Survey on Aesthetic/Cosmetic Procedures Performed in 2023,https://www.isaps.org/media/rxnfqibn/isaps-global-survey_2023.pdf,ISAPS page 19 country procedure table.,official_association_report
E:\shared\行业报告\2023isaps-global-survey.pdf,procedure_volume,All procedures,Country total procedures,,Turkiye,1201139,procedures,2023,ISAPS,2023 ISAPS International Survey on Aesthetic/Cosmetic Procedures Performed in 2023,https://www.isaps.org/media/rxnfqibn/isaps-global-survey_2023.pdf,ISAPS page 20 country procedure table.,official_association_report
E:\shared\行业报告\2023isaps-global-survey.pdf,procedure_volume,Surgical procedures,Country surgical procedures,,Turkiye,553122,procedures,2023,ISAPS,2023 ISAPS International Survey on Aesthetic/Cosmetic Procedures Performed in 2023,https://www.isaps.org/media/rxnfqibn/isaps-global-survey_2023.pdf,ISAPS page 20 country procedure table.,official_association_report
E:\shared\行业报告\2023isaps-global-survey.pdf,procedure_volume,Non-surgical procedures,Country non-surgical procedures,,Turkiye,648018,procedures,2023,ISAPS,2023 ISAPS International Survey on Aesthetic/Cosmetic Procedures Performed in 2023,https://www.isaps.org/media/rxnfqibn/isaps-global-survey_2023.pdf,ISAPS page 20 country procedure table.,official_association_report
E:\shared\行业报告\2023isaps-global-survey.pdf,procedure_volume,Injectables,Country total injectables,,Turkiye,584505,procedures,2023,ISAPS,2023 ISAPS International Survey on Aesthetic/Cosmetic Procedures Performed in 2023,https://www.isaps.org/media/rxnfqibn/isaps-global-survey_2023.pdf,ISAPS page 20 country procedure table.,official_association_report
E:\shared\行业报告\2023isaps-global-survey.pdf,procedure_volume,Facial rejuvenation,Country total facial rejuvenation,,Turkiye,30033,procedures,2023,ISAPS,2023 ISAPS International Survey on Aesthetic/Cosmetic Procedures Performed in 2023,https://www.isaps.org/media/rxnfqibn/isaps-global-survey_2023.pdf,ISAPS page 20 country procedure table.,official_association_report
E:\shared\行业报告\2023isaps-global-survey.pdf,procedure_volume,Other non-surgical,Country total other non-surgical,,Turkiye,33479,procedures,2023,ISAPS,2023 ISAPS International Survey on Aesthetic/Cosmetic Procedures Performed in 2023,https://www.isaps.org/media/rxnfqibn/isaps-global-survey_2023.pdf,ISAPS page 20 country procedure table.,official_association_report
E:\shared\行业报告\2023isaps-global-survey.pdf,procedure_volume,Injectables,Botulinum Toxin,,Turkiye,396625,procedures,2023,ISAPS,2023 ISAPS International Survey on Aesthetic/Cosmetic Procedures Performed in 2023,https://www.isaps.org/media/rxnfqibn/isaps-global-survey_2023.pdf,ISAPS page 20 country procedure table.,official_association_report
E:\shared\行业报告\2023isaps-global-survey.pdf,procedure_volume,Injectables,Calcium Hydroxylapatite,,Turkiye,5800,procedures,2023,ISAPS,2023 ISAPS International Survey on Aesthetic/Cosmetic Procedures Performed in 2023,https://www.isaps.org/media/rxnfqibn/isaps-global-survey_2023.pdf,ISAPS page 20 country procedure table.,official_association_report
E:\shared\行业报告\2023isaps-global-survey.pdf,procedure_volume,Injectables,Hyaluronic Acid,,Turkiye,182080,procedures,2023,ISAPS,2023 ISAPS International Survey on Aesthetic/Cosmetic Procedures Performed in 2023,https://www.isaps.org/media/rxnfqibn/isaps-global-survey_2023.pdf,ISAPS page 20 country procedure table.,official_association_report
E:\shared\行业报告\2023isaps-global-survey.pdf,procedure_volume,Facial rejuvenation,Chemical Peel,,Turkiye,3636,procedures,2023,ISAPS,2023 ISAPS International Survey on Aesthetic/Cosmetic Procedures Performed in 2023,https://www.isaps.org/media/rxnfqibn/isaps-global-survey_2023.pdf,ISAPS page 20 country procedure table.,official_association_report
E:\shared\行业报告\2023isaps-global-survey.pdf,procedure_volume,Facial rejuvenation,Full Field Ablative,,Turkiye,5331,procedures,2023,ISAPS,2023 ISAPS International Survey on Aesthetic/Cosmetic Procedures Performed in 2023,https://www.isaps.org/media/rxnfqibn/isaps-global-survey_2023.pdf,ISAPS page 20 country procedure table.,official_association_report
E:\shared\行业报告\2023isaps-global-survey.pdf,procedure_volume,Facial rejuvenation,Non-Surgical Skin Tightening,,Turkiye,21066,procedures,2023,ISAPS,2023 ISAPS International Survey on Aesthetic/Cosmetic Procedures Performed in 2023,https://www.isaps.org/media/rxnfqibn/isaps-global-survey_2023.pdf,ISAPS page 20 country procedure table.,official_association_report
E:\shared\行业报告\2023isaps-global-survey.pdf,procedure_volume,Other non-surgical,Cellulite Treatment,,Turkiye,2378,procedures,2023,ISAPS,2023 ISAPS International Survey on Aesthetic/Cosmetic Procedures Performed in 2023,https://www.isaps.org/media/rxnfqibn/isaps-global-survey_2023.pdf,ISAPS page 20 country procedure table.,official_association_report
E:\shared\行业报告\2023isaps-global-survey.pdf,procedure_volume,Other non-surgical,Hair Removal,,Turkiye,17057,procedures,2023,ISAPS,2023 ISAPS International Survey on Aesthetic/Cosmetic Procedures Performed in 2023,https://www.isaps.org/media/rxnfqibn/isaps-global-survey_2023.pdf,ISAPS page 20 country procedure table.,official_association_report
E:\shared\行业报告\2023isaps-global-survey.pdf,procedure_volume,Other non-surgical,Non-Surgical Fat Reduction,,Turkiye,14045,procedures,2023,ISAPS,2023 ISAPS International Survey on Aesthetic/Cosmetic Procedures Performed in 2023,https://www.isaps.org/media/rxnfqibn/isaps-global-survey_2023.pdf,ISAPS page 20 country procedure table.,official_association_report
E:\shared\行业报告\2023isaps-global-survey.pdf,procedure_volume,All procedures,Country total procedures,,India,1028723,procedures,2023,ISAPS,2023 ISAPS International Survey on Aesthetic/Cosmetic Procedures Performed in 2023,https://www.isaps.org/media/rxnfqibn/isaps-global-survey_2023.pdf,ISAPS page 21 country procedure table.,official_association_report
E:\shared\行业报告\2023isaps-global-survey.pdf,procedure_volume,Surgical procedures,Country surgical procedures,,India,531792,procedures,2023,ISAPS,2023 ISAPS International Survey on Aesthetic/Cosmetic Procedures Performed in 2023,https://www.isaps.org/media/rxnfqibn/isaps-global-survey_2023.pdf,ISAPS page 21 country procedure table.,official_association_report
E:\shared\行业报告\2023isaps-global-survey.pdf,procedure_volume,Non-surgical procedures,Country non-surgical procedures,,India,496931,procedures,2023,ISAPS,2023 ISAPS International Survey on Aesthetic/Cosmetic Procedures Performed in 2023,https://www.isaps.org/media/rxnfqibn/isaps-global-survey_2023.pdf,ISAPS page 21 country procedure table.,official_association_report
E:\shared\行业报告\2023isaps-global-survey.pdf,procedure_volume,Injectables,Country total injectables,,India,222544,procedures,2023,ISAPS,2023 ISAPS International Survey on Aesthetic/Cosmetic Procedures Performed in 2023,https://www.isaps.org/media/rxnfqibn/isaps-global-survey_2023.pdf,ISAPS page 21 country procedure table.,official_association_report
E:\shared\行业报告\2023isaps-global-survey.pdf,procedure_volume,Facial rejuvenation,Country total facial rejuvenation,,India,139736,procedures,2023,ISAPS,2023 ISAPS International Survey on Aesthetic/Cosmetic Procedures Performed in 2023,https://www.isaps.org/media/rxnfqibn/isaps-global-survey_2023.pdf,ISAPS page 21 country procedure table.,official_association_report
E:\shared\行业报告\2023isaps-global-survey.pdf,procedure_volume,Other non-surgical,Country total other non-surgical,,India,134651,procedures,2023,ISAPS,2023 ISAPS International Survey on Aesthetic/Cosmetic Procedures Performed in 2023,https://www.isaps.org/media/rxnfqibn/isaps-global-survey_2023.pdf,ISAPS page 21 country procedure table.,official_association_report
E:\shared\行业报告\2023isaps-global-survey.pdf,procedure_volume,Injectables,Botulinum Toxin,,India,115194,procedures,2023,ISAPS,2023 ISAPS International Survey on Aesthetic/Cosmetic Procedures Performed in 2023,https://www.isaps.org/media/rxnfqibn/isaps-global-survey_2023.pdf,ISAPS page 21 country procedure table.,official_association_report
E:\shared\行业报告\2023isaps-global-survey.pdf,procedure_volume,Injectables,Calcium Hydroxylapatite,,India,250,procedures,2023,ISAPS,2023 ISAPS International Survey on Aesthetic/Cosmetic Procedures Performed in 2023,https://www.isaps.org/media/rxnfqibn/isaps-global-survey_2023.pdf,ISAPS page 21 country procedure table.,official_association_report
E:\shared\行业报告\2023isaps-global-survey.pdf,procedure_volume,Injectables,Hyaluronic Acid,,India,107100,procedures,2023,ISAPS,2023 ISAPS International Survey on Aesthetic/Cosmetic Procedures Performed in 2023,https://www.isaps.org/media/rxnfqibn/isaps-global-survey_2023.pdf,ISAPS page 21 country procedure table.,official_association_report
E:\shared\行业报告\2023isaps-global-survey.pdf,procedure_volume,Facial rejuvenation,Chemical Peel,,India,70198,procedures,2023,ISAPS,2023 ISAPS International Survey on Aesthetic/Cosmetic Procedures Performed in 2023,https://www.isaps.org/media/rxnfqibn/isaps-global-survey_2023.pdf,ISAPS page 21 country procedure table.,official_association_report
E:\shared\行业报告\2023isaps-global-survey.pdf,procedure_volume,Facial rejuvenation,Full Field Ablative,,India,24075,procedures,2023,ISAPS,2023 ISAPS International Survey on Aesthetic/Cosmetic Procedures Performed in 2023,https://www.isaps.org/media/rxnfqibn/isaps-global-survey_2023.pdf,ISAPS page 21 country procedure table.,official_association_report
E:\shared\行业报告\2023isaps-global-survey.pdf,procedure_volume,Facial rejuvenation,Non-Surgical Skin Tightening,,India,45463,procedures,2023,ISAPS,2023 ISAPS International Survey on Aesthetic/Cosmetic Procedures Performed in 2023,https://www.isaps.org/media/rxnfqibn/isaps-global-survey_2023.pdf,ISAPS page 21 country procedure table.,official_association_report
E:\shared\行业报告\2023isaps-global-survey.pdf,procedure_volume,Other non-surgical,Cellulite Treatment,,India,3495,procedures,2023,ISAPS,2023 ISAPS International Survey on Aesthetic/Cosmetic Procedures Performed in 2023,https://www.isaps.org/media/rxnfqibn/isaps-global-survey_2023.pdf,ISAPS page 21 country procedure table.,official_association_report
E:\shared\行业报告\2023isaps-global-survey.pdf,procedure_volume,Other non-surgical,Hair Removal,,India,97601,procedures,2023,ISAPS,2023 ISAPS International Survey on Aesthetic/Cosmetic Procedures Performed in 2023,https://www.isaps.org/media/rxnfqibn/isaps-global-survey_2023.pdf,ISAPS page 21 country procedure table.,official_association_report
E:\shared\行业报告\2023isaps-global-survey.pdf,procedure_volume,Other non-surgical,Non-Surgical Fat Reduction,,India,33555,procedures,2023,ISAPS,2023 ISAPS International Survey on Aesthetic/Cosmetic Procedures Performed in 2023,https://www.isaps.org/media/rxnfqibn/isaps-global-survey_2023.pdf,ISAPS page 21 country procedure table.,official_association_report
E:\shared\行业报告\2023isaps-global-survey.pdf,procedure_volume,All procedures,Country total procedures,,France,883700,procedures,2023,ISAPS,2023 ISAPS International Survey on Aesthetic/Cosmetic Procedures Performed in 2023,https://www.isaps.org/media/rxnfqibn/isaps-global-survey_2023.pdf,ISAPS page 22 country procedure table.,official_association_report
E:\shared\行业报告\2023isaps-global-survey.pdf,procedure_volume,Surgical procedures,Country surgical procedures,,France,323600,procedures,2023,ISAPS,2023 ISAPS International Survey on Aesthetic/Cosmetic Procedures Performed in 2023,https://www.isaps.org/media/rxnfqibn/isaps-global-survey_2023.pdf,ISAPS page 22 country procedure table.,official_association_report
E:\shared\行业报告\2023isaps-global-survey.pdf,procedure_volume,Non-surgical procedures,Country non-surgical procedures,,France,560100,procedures,2023,ISAPS,2023 ISAPS International Survey on Aesthetic/Cosmetic Procedures Performed in 2023,https://www.isaps.org/media/rxnfqibn/isaps-global-survey_2023.pdf,ISAPS page 22 country procedure table.,official_association_report
E:\shared\行业报告\2023isaps-global-survey.pdf,procedure_volume,Injectables,Country total injectables,,France,454100,procedures,2023,ISAPS,2023 ISAPS International Survey on Aesthetic/Cosmetic Procedures Performed in 2023,https://www.isaps.org/media/rxnfqibn/isaps-global-survey_2023.pdf,ISAPS page 22 country procedure table.,official_association_report
E:\shared\行业报告\2023isaps-global-survey.pdf,procedure_volume,Facial rejuvenation,Country total facial rejuvenation,,France,32500,procedures,2023,ISAPS,2023 ISAPS International Survey on Aesthetic/Cosmetic Procedures Performed in 2023,https://www.isaps.org/media/rxnfqibn/isaps-global-survey_2023.pdf,ISAPS page 22 country procedure table.,official_association_report
E:\shared\行业报告\2023isaps-global-survey.pdf,procedure_volume,Other non-surgical,Country total other non-surgical,,France,73500,procedures,2023,ISAPS,2023 ISAPS International Survey on Aesthetic/Cosmetic Procedures Performed in 2023,https://www.isaps.org/media/rxnfqibn/isaps-global-survey_2023.pdf,ISAPS page 22 country procedure table.,official_association_report
E:\shared\行业报告\2023isaps-global-survey.pdf,procedure_volume,Injectables,Botulinum Toxin,,France,208900,procedures,2023,ISAPS,2023 ISAPS International Survey on Aesthetic/Cosmetic Procedures Performed in 2023,https://www.isaps.org/media/rxnfqibn/isaps-global-survey_2023.pdf,ISAPS page 22 country procedure table.,official_association_report
E:\shared\行业报告\2023isaps-global-survey.pdf,procedure_volume,Injectables,Calcium Hydroxylapatite,,France,10300,procedures,2023,ISAPS,2023 ISAPS International Survey on Aesthetic/Cosmetic Procedures Performed in 2023,https://www.isaps.org/media/rxnfqibn/isaps-global-survey_2023.pdf,ISAPS page 22 country procedure table.,official_association_report
E:\shared\行业报告\2023isaps-global-survey.pdf,procedure_volume,Injectables,Hyaluronic Acid,,France,234900,procedures,2023,ISAPS,2023 ISAPS International Survey on Aesthetic/Cosmetic Procedures Performed in 2023,https://www.isaps.org/media/rxnfqibn/isaps-global-survey_2023.pdf,ISAPS page 22 country procedure table.,official_association_report
E:\shared\行业报告\2023isaps-global-survey.pdf,procedure_volume,Facial rejuvenation,Chemical Peel,,France,9000,procedures,2023,ISAPS,2023 ISAPS International Survey on Aesthetic/Cosmetic Procedures Performed in 2023,https://www.isaps.org/media/rxnfqibn/isaps-global-survey_2023.pdf,ISAPS page 22 country procedure table.,official_association_report
E:\shared\行业报告\2023isaps-global-survey.pdf,procedure_volume,Facial rejuvenation,Full Field Ablative,,France,3800,procedures,2023,ISAPS,2023 ISAPS International Survey on Aesthetic/Cosmetic Procedures Performed in 2023,https://www.isaps.org/media/rxnfqibn/isaps-global-survey_2023.pdf,ISAPS page 22 country procedure table.,official_association_report
E:\shared\行业报告\2023isaps-global-survey.pdf,procedure_volume,Facial rejuvenation,Non-Surgical Skin Tightening,,France,19700,procedures,2023,ISAPS,2023 ISAPS International Survey on Aesthetic/Cosmetic Procedures Performed in 2023,https://www.isaps.org/media/rxnfqibn/isaps-global-survey_2023.pdf,ISAPS page 22 country procedure table.,official_association_report
E:\shared\行业报告\2023isaps-global-survey.pdf,procedure_volume,Other non-surgical,Cellulite Treatment,,France,4800,procedures,2023,ISAPS,2023 ISAPS International Survey on Aesthetic/Cosmetic Procedures Performed in 2023,https://www.isaps.org/media/rxnfqibn/isaps-global-survey_2023.pdf,ISAPS page 22 country procedure table.,official_association_report
E:\shared\行业报告\2023isaps-global-survey.pdf,procedure_volume,Other non-surgical,Hair Removal,,France,60000,procedures,2023,ISAPS,2023 ISAPS International Survey on Aesthetic/Cosmetic Procedures Performed in 2023,https://www.isaps.org/media/rxnfqibn/isaps-global-survey_2023.pdf,ISAPS page 22 country procedure table.,official_association_report
E:\shared\行业报告\2023isaps-global-survey.pdf,procedure_volume,Other non-surgical,Non-Surgical Fat Reduction,,France,8700,procedures,2023,ISAPS,2023 ISAPS International Survey on Aesthetic/Cosmetic Procedures Performed in 2023,https://www.isaps.org/media/rxnfqibn/isaps-global-survey_2023.pdf,ISAPS page 22 country procedure table.,official_association_report
E:\shared\行业报告\2023isaps-global-survey.pdf,procedure_volume,All procedures,Country total procedures,,Italy,757442,procedures,2023,ISAPS,2023 ISAPS International Survey on Aesthetic/Cosmetic Procedures Performed in 2023,https://www.isaps.org/media/rxnfqibn/isaps-global-survey_2023.pdf,ISAPS page 23 country procedure table.,official_association_report
E:\shared\行业报告\2023isaps-global-survey.pdf,procedure_volume,Surgical procedures,Country surgical procedures,,Italy,262254,procedures,2023,ISAPS,2023 ISAPS International Survey on Aesthetic/Cosmetic Procedures Performed in 2023,https://www.isaps.org/media/rxnfqibn/isaps-global-survey_2023.pdf,ISAPS page 23 country procedure table.,official_association_report
E:\shared\行业报告\2023isaps-global-survey.pdf,procedure_volume,Non-surgical procedures,Country non-surgical procedures,,Italy,495188,procedures,2023,ISAPS,2023 ISAPS International Survey on Aesthetic/Cosmetic Procedures Performed in 2023,https://www.isaps.org/media/rxnfqibn/isaps-global-survey_2023.pdf,ISAPS page 23 country procedure table.,official_association_report
E:\shared\行业报告\2023isaps-global-survey.pdf,procedure_volume,Injectables,Country total injectables,,Italy,397409,procedures,2023,ISAPS,2023 ISAPS International Survey on Aesthetic/Cosmetic Procedures Performed in 2023,https://www.isaps.org/media/rxnfqibn/isaps-global-survey_2023.pdf,ISAPS page 23 country procedure table.,official_association_report
E:\shared\行业报告\2023isaps-global-survey.pdf,procedure_volume,Facial rejuvenation,Country total facial rejuvenation,,Italy,48603,procedures,2023,ISAPS,2023 ISAPS International Survey on Aesthetic/Cosmetic Procedures Performed in 2023,https://www.isaps.org/media/rxnfqibn/isaps-global-survey_2023.pdf,ISAPS page 23 country procedure table.,official_association_report
E:\shared\行业报告\2023isaps-global-survey.pdf,procedure_volume,Other non-surgical,Country total other non-surgical,,Italy,49176,procedures,2023,ISAPS,2023 ISAPS International Survey on Aesthetic/Cosmetic Procedures Performed in 2023,https://www.isaps.org/media/rxnfqibn/isaps-global-survey_2023.pdf,ISAPS page 23 country procedure table.,official_association_report
E:\shared\行业报告\2023isaps-global-survey.pdf,procedure_volume,Injectables,Botulinum Toxin,,Italy,194335,procedures,2023,ISAPS,2023 ISAPS International Survey on Aesthetic/Cosmetic Procedures Performed in 2023,https://www.isaps.org/media/rxnfqibn/isaps-global-survey_2023.pdf,ISAPS page 23 country procedure table.,official_association_report
E:\shared\行业报告\2023isaps-global-survey.pdf,procedure_volume,Injectables,Calcium Hydroxylapatite,,Italy,12468,procedures,2023,ISAPS,2023 ISAPS International Survey on Aesthetic/Cosmetic Procedures Performed in 2023,https://www.isaps.org/media/rxnfqibn/isaps-global-survey_2023.pdf,ISAPS page 23 country procedure table.,official_association_report
E:\shared\行业报告\2023isaps-global-survey.pdf,procedure_volume,Injectables,Hyaluronic Acid,,Italy,190606,procedures,2023,ISAPS,2023 ISAPS International Survey on Aesthetic/Cosmetic Procedures Performed in 2023,https://www.isaps.org/media/rxnfqibn/isaps-global-survey_2023.pdf,ISAPS page 23 country procedure table.,official_association_report
E:\shared\行业报告\2023isaps-global-survey.pdf,procedure_volume,Facial rejuvenation,Chemical Peel,,Italy,22442,procedures,2023,ISAPS,2023 ISAPS International Survey on Aesthetic/Cosmetic Procedures Performed in 2023,https://www.isaps.org/media/rxnfqibn/isaps-global-survey_2023.pdf,ISAPS page 23 country procedure table.,official_association_report
E:\shared\行业报告\2023isaps-global-survey.pdf,procedure_volume,Facial rejuvenation,Full Field Ablative,,Italy,11179,procedures,2023,ISAPS,2023 ISAPS International Survey on Aesthetic/Cosmetic Procedures Performed in 2023,https://www.isaps.org/media/rxnfqibn/isaps-global-survey_2023.pdf,ISAPS page 23 country procedure table.,official_association_report
E:\shared\行业报告\2023isaps-global-survey.pdf,procedure_volume,Facial rejuvenation,Non-Surgical Skin Tightening,,Italy,14982,procedures,2023,ISAPS,2023 ISAPS International Survey on Aesthetic/Cosmetic Procedures Performed in 2023,https://www.isaps.org/media/rxnfqibn/isaps-global-survey_2023.pdf,ISAPS page 23 country procedure table.,official_association_report
E:\shared\行业报告\2023isaps-global-survey.pdf,procedure_volume,Other non-surgical,Cellulite Treatment,,Italy,13787,procedures,2023,ISAPS,2023 ISAPS International Survey on Aesthetic/Cosmetic Procedures Performed in 2023,https://www.isaps.org/media/rxnfqibn/isaps-global-survey_2023.pdf,ISAPS page 23 country procedure table.,official_association_report
E:\shared\行业报告\2023isaps-global-survey.pdf,procedure_volume,Other non-surgical,Hair Removal,,Italy,26296,procedures,2023,ISAPS,2023 ISAPS International Survey on Aesthetic/Cosmetic Procedures Performed in 2023,https://www.isaps.org/media/rxnfqibn/isaps-global-survey_2023.pdf,ISAPS page 23 country procedure table.,official_association_report
E:\shared\行业报告\2023isaps-global-survey.pdf,procedure_volume,Other non-surgical,Non-Surgical Fat Reduction,,Italy,9093,procedures,2023,ISAPS,2023 ISAPS International Survey on Aesthetic/Cosmetic Procedures Performed in 2023,https://www.isaps.org/media/rxnfqibn/isaps-global-survey_2023.pdf,ISAPS page 23 country procedure table.,official_association_report
E:\shared\行业报告\2023isaps-global-survey.pdf,procedure_volume,All procedures,Country total procedures,,Spain,528608,procedures,2023,ISAPS,2023 ISAPS International Survey on Aesthetic/Cosmetic Procedures Performed in 2023,https://www.isaps.org/media/rxnfqibn/isaps-global-survey_2023.pdf,ISAPS page 24 country procedure table.,official_association_report
E:\shared\行业报告\2023isaps-global-survey.pdf,procedure_volume,Surgical procedures,Country surgical procedures,,Spain,259473,procedures,2023,ISAPS,2023 ISAPS International Survey on Aesthetic/Cosmetic Procedures Performed in 2023,https://www.isaps.org/media/rxnfqibn/isaps-global-survey_2023.pdf,ISAPS page 24 country procedure table.,official_association_report
E:\shared\行业报告\2023isaps-global-survey.pdf,procedure_volume,Non-surgical procedures,Country non-surgical procedures,,Spain,269136,procedures,2023,ISAPS,2023 ISAPS International Survey on Aesthetic/Cosmetic Procedures Performed in 2023,https://www.isaps.org/media/rxnfqibn/isaps-global-survey_2023.pdf,ISAPS page 24 country procedure table.,official_association_report
E:\shared\行业报告\2023isaps-global-survey.pdf,procedure_volume,Injectables,Country total injectables,,Spain,211750,procedures,2023,ISAPS,2023 ISAPS International Survey on Aesthetic/Cosmetic Procedures Performed in 2023,https://www.isaps.org/media/rxnfqibn/isaps-global-survey_2023.pdf,ISAPS page 24 country procedure table.,official_association_report
E:\shared\行业报告\2023isaps-global-survey.pdf,procedure_volume,Facial rejuvenation,Country total facial rejuvenation,,Spain,25717,procedures,2023,ISAPS,2023 ISAPS International Survey on Aesthetic/Cosmetic Procedures Performed in 2023,https://www.isaps.org/media/rxnfqibn/isaps-global-survey_2023.pdf,ISAPS page 24 country procedure table.,official_association_report
E:\shared\行业报告\2023isaps-global-survey.pdf,procedure_volume,Other non-surgical,Country total other non-surgical,,Spain,31668,procedures,2023,ISAPS,2023 ISAPS International Survey on Aesthetic/Cosmetic Procedures Performed in 2023,https://www.isaps.org/media/rxnfqibn/isaps-global-survey_2023.pdf,ISAPS page 24 country procedure table.,official_association_report
E:\shared\行业报告\2023isaps-global-survey.pdf,procedure_volume,Injectables,Botulinum Toxin,,Spain,89186,procedures,2023,ISAPS,2023 ISAPS International Survey on Aesthetic/Cosmetic Procedures Performed in 2023,https://www.isaps.org/media/rxnfqibn/isaps-global-survey_2023.pdf,ISAPS page 24 country procedure table.,official_association_report
E:\shared\行业报告\2023isaps-global-survey.pdf,procedure_volume,Injectables,Calcium Hydroxylapatite,,Spain,8364,procedures,2023,ISAPS,2023 ISAPS International Survey on Aesthetic/Cosmetic Procedures Performed in 2023,https://www.isaps.org/media/rxnfqibn/isaps-global-survey_2023.pdf,ISAPS page 24 country procedure table.,official_association_report
E:\shared\行业报告\2023isaps-global-survey.pdf,procedure_volume,Injectables,Hyaluronic Acid,,Spain,114200,procedures,2023,ISAPS,2023 ISAPS International Survey on Aesthetic/Cosmetic Procedures Performed in 2023,https://www.isaps.org/media/rxnfqibn/isaps-global-survey_2023.pdf,ISAPS page 24 country procedure table.,official_association_report
E:\shared\行业报告\2023isaps-global-survey.pdf,procedure_volume,Facial rejuvenation,Chemical Peel,,Spain,7975,procedures,2023,ISAPS,2023 ISAPS International Survey on Aesthetic/Cosmetic Procedures Performed in 2023,https://www.isaps.org/media/rxnfqibn/isaps-global-survey_2023.pdf,ISAPS page 24 country procedure table.,official_association_report
E:\shared\行业报告\2023isaps-global-survey.pdf,procedure_volume,Facial rejuvenation,Full Field Ablative,,Spain,8921,procedures,2023,ISAPS,2023 ISAPS International Survey on Aesthetic/Cosmetic Procedures Performed in 2023,https://www.isaps.org/media/rxnfqibn/isaps-global-survey_2023.pdf,ISAPS page 24 country procedure table.,official_association_report
E:\shared\行业报告\2023isaps-global-survey.pdf,procedure_volume,Facial rejuvenation,Non-Surgical Skin Tightening,,Spain,8821,procedures,2023,ISAPS,2023 ISAPS International Survey on Aesthetic/Cosmetic Procedures Performed in 2023,https://www.isaps.org/media/rxnfqibn/isaps-global-survey_2023.pdf,ISAPS page 24 country procedure table.,official_association_report
E:\shared\行业报告\2023isaps-global-survey.pdf,procedure_volume,Other non-surgical,Cellulite Treatment,,Spain,7227,procedures,2023,ISAPS,2023 ISAPS International Survey on Aesthetic/Cosmetic Procedures Performed in 2023,https://www.isaps.org/media/rxnfqibn/isaps-global-survey_2023.pdf,ISAPS page 24 country procedure table.,official_association_report
E:\shared\行业报告\2023isaps-global-survey.pdf,procedure_volume,Other non-surgical,Hair Removal,,Spain,18992,procedures,2023,ISAPS,2023 ISAPS International Survey on Aesthetic/Cosmetic Procedures Performed in 2023,https://www.isaps.org/media/rxnfqibn/isaps-global-survey_2023.pdf,ISAPS page 24 country procedure table.,official_association_report
E:\shared\行业报告\2023isaps-global-survey.pdf,procedure_volume,Other non-surgical,Non-Surgical Fat Reduction,,Spain,5449,procedures,2023,ISAPS,2023 ISAPS International Survey on Aesthetic/Cosmetic Procedures Performed in 2023,https://www.isaps.org/media/rxnfqibn/isaps-global-survey_2023.pdf,ISAPS page 24 country procedure table.,official_association_report
E:\shared\行业报告\2023isaps-global-survey.pdf,procedure_volume,All procedures,Country total procedures,,Colombia,447268,procedures,2023,ISAPS,2023 ISAPS International Survey on Aesthetic/Cosmetic Procedures Performed in 2023,https://www.isaps.org/media/rxnfqibn/isaps-global-survey_2023.pdf,ISAPS page 25 country procedure table.,official_association_report
E:\shared\行业报告\2023isaps-global-survey.pdf,procedure_volume,Surgical procedures,Country surgical procedures,,Colombia,270870,procedures,2023,ISAPS,2023 ISAPS International Survey on Aesthetic/Cosmetic Procedures Performed in 2023,https://www.isaps.org/media/rxnfqibn/isaps-global-survey_2023.pdf,ISAPS page 25 country procedure table.,official_association_report
E:\shared\行业报告\2023isaps-global-survey.pdf,procedure_volume,Non-surgical procedures,Country non-surgical procedures,,Colombia,176399,procedures,2023,ISAPS,2023 ISAPS International Survey on Aesthetic/Cosmetic Procedures Performed in 2023,https://www.isaps.org/media/rxnfqibn/isaps-global-survey_2023.pdf,ISAPS page 25 country procedure table.,official_association_report
E:\shared\行业报告\2023isaps-global-survey.pdf,procedure_volume,Injectables,Country total injectables,,Colombia,125782,procedures,2023,ISAPS,2023 ISAPS International Survey on Aesthetic/Cosmetic Procedures Performed in 2023,https://www.isaps.org/media/rxnfqibn/isaps-global-survey_2023.pdf,ISAPS page 25 country procedure table.,official_association_report
E:\shared\行业报告\2023isaps-global-survey.pdf,procedure_volume,Facial rejuvenation,Country total facial rejuvenation,,Colombia,14248,procedures,2023,ISAPS,2023 ISAPS International Survey on Aesthetic/Cosmetic Procedures Performed in 2023,https://www.isaps.org/media/rxnfqibn/isaps-global-survey_2023.pdf,ISAPS page 25 country procedure table.,official_association_report
E:\shared\行业报告\2023isaps-global-survey.pdf,procedure_volume,Other non-surgical,Country total other non-surgical,,Colombia,36369,procedures,2023,ISAPS,2023 ISAPS International Survey on Aesthetic/Cosmetic Procedures Performed in 2023,https://www.isaps.org/media/rxnfqibn/isaps-global-survey_2023.pdf,ISAPS page 25 country procedure table.,official_association_report
E:\shared\行业报告\2023isaps-global-survey.pdf,procedure_volume,Injectables,Botulinum Toxin,,Colombia,74653,procedures,2023,ISAPS,2023 ISAPS International Survey on Aesthetic/Cosmetic Procedures Performed in 2023,https://www.isaps.org/media/rxnfqibn/isaps-global-survey_2023.pdf,ISAPS page 25 country procedure table.,official_association_report
E:\shared\行业报告\2023isaps-global-survey.pdf,procedure_volume,Injectables,Calcium Hydroxylapatite,,Colombia,7899,procedures,2023,ISAPS,2023 ISAPS International Survey on Aesthetic/Cosmetic Procedures Performed in 2023,https://www.isaps.org/media/rxnfqibn/isaps-global-survey_2023.pdf,ISAPS page 25 country procedure table.,official_association_report
E:\shared\行业报告\2023isaps-global-survey.pdf,procedure_volume,Injectables,Hyaluronic Acid,,Colombia,43230,procedures,2023,ISAPS,2023 ISAPS International Survey on Aesthetic/Cosmetic Procedures Performed in 2023,https://www.isaps.org/media/rxnfqibn/isaps-global-survey_2023.pdf,ISAPS page 25 country procedure table.,official_association_report
E:\shared\行业报告\2023isaps-global-survey.pdf,procedure_volume,Facial rejuvenation,Chemical Peel,,Colombia,998,procedures,2023,ISAPS,2023 ISAPS International Survey on Aesthetic/Cosmetic Procedures Performed in 2023,https://www.isaps.org/media/rxnfqibn/isaps-global-survey_2023.pdf,ISAPS page 25 country procedure table.,official_association_report
E:\shared\行业报告\2023isaps-global-survey.pdf,procedure_volume,Facial rejuvenation,Full Field Ablative,,Colombia,2371,procedures,2023,ISAPS,2023 ISAPS International Survey on Aesthetic/Cosmetic Procedures Performed in 2023,https://www.isaps.org/media/rxnfqibn/isaps-global-survey_2023.pdf,ISAPS page 25 country procedure table.,official_association_report
E:\shared\行业报告\2023isaps-global-survey.pdf,procedure_volume,Facial rejuvenation,Non-Surgical Skin Tightening,,Colombia,10878,procedures,2023,ISAPS,2023 ISAPS International Survey on Aesthetic/Cosmetic Procedures Performed in 2023,https://www.isaps.org/media/rxnfqibn/isaps-global-survey_2023.pdf,ISAPS page 25 country procedure table.,official_association_report
E:\shared\行业报告\2023isaps-global-survey.pdf,procedure_volume,Other non-surgical,Cellulite Treatment,,Colombia,3462,procedures,2023,ISAPS,2023 ISAPS International Survey on Aesthetic/Cosmetic Procedures Performed in 2023,https://www.isaps.org/media/rxnfqibn/isaps-global-survey_2023.pdf,ISAPS page 25 country procedure table.,official_association_report
E:\shared\行业报告\2023isaps-global-survey.pdf,procedure_volume,Other non-surgical,Hair Removal,,Colombia,28288,procedures,2023,ISAPS,2023 ISAPS International Survey on Aesthetic/Cosmetic Procedures Performed in 2023,https://www.isaps.org/media/rxnfqibn/isaps-global-survey_2023.pdf,ISAPS page 25 country procedure table.,official_association_report
E:\shared\行业报告\2023isaps-global-survey.pdf,procedure_volume,Other non-surgical,Non-Surgical Fat Reduction,,Colombia,4619,procedures,2023,ISAPS,2023 ISAPS International Survey on Aesthetic/Cosmetic Procedures Performed in 2023,https://www.isaps.org/media/rxnfqibn/isaps-global-survey_2023.pdf,ISAPS page 25 country procedure table.,official_association_report
E:\shared\行业报告\2023isaps-global-survey.pdf,procedure_volume,All procedures,Country total procedures,,Peru,416588,procedures,2023,ISAPS,2023 ISAPS International Survey on Aesthetic/Cosmetic Procedures Performed in 2023,https://www.isaps.org/media/rxnfqibn/isaps-global-survey_2023.pdf,ISAPS page 26 country procedure table.,official_association_report
E:\shared\行业报告\2023isaps-global-survey.pdf,procedure_volume,Surgical procedures,Country surgical procedures,,Peru,242075,procedures,2023,ISAPS,2023 ISAPS International Survey on Aesthetic/Cosmetic Procedures Performed in 2023,https://www.isaps.org/media/rxnfqibn/isaps-global-survey_2023.pdf,ISAPS page 26 country procedure table.,official_association_report
E:\shared\行业报告\2023isaps-global-survey.pdf,procedure_volume,Non-surgical procedures,Country non-surgical procedures,,Peru,174513,procedures,2023,ISAPS,2023 ISAPS International Survey on Aesthetic/Cosmetic Procedures Performed in 2023,https://www.isaps.org/media/rxnfqibn/isaps-global-survey_2023.pdf,ISAPS page 26 country procedure table.,official_association_report
E:\shared\行业报告\2023isaps-global-survey.pdf,procedure_volume,Injectables,Country total injectables,,Peru,140875,procedures,2023,ISAPS,2023 ISAPS International Survey on Aesthetic/Cosmetic Procedures Performed in 2023,https://www.isaps.org/media/rxnfqibn/isaps-global-survey_2023.pdf,ISAPS page 26 country procedure table.,official_association_report
E:\shared\行业报告\2023isaps-global-survey.pdf,procedure_volume,Facial rejuvenation,Country total facial rejuvenation,,Peru,13685,procedures,2023,ISAPS,2023 ISAPS International Survey on Aesthetic/Cosmetic Procedures Performed in 2023,https://www.isaps.org/media/rxnfqibn/isaps-global-survey_2023.pdf,ISAPS page 26 country procedure table.,official_association_report
E:\shared\行业报告\2023isaps-global-survey.pdf,procedure_volume,Other non-surgical,Country total other non-surgical,,Peru,19953,procedures,2023,ISAPS,2023 ISAPS International Survey on Aesthetic/Cosmetic Procedures Performed in 2023,https://www.isaps.org/media/rxnfqibn/isaps-global-survey_2023.pdf,ISAPS page 26 country procedure table.,official_association_report
E:\shared\行业报告\2023isaps-global-survey.pdf,procedure_volume,Injectables,Botulinum Toxin,,Peru,87458,procedures,2023,ISAPS,2023 ISAPS International Survey on Aesthetic/Cosmetic Procedures Performed in 2023,https://www.isaps.org/media/rxnfqibn/isaps-global-survey_2023.pdf,ISAPS page 26 country procedure table.,official_association_report
E:\shared\行业报告\2023isaps-global-survey.pdf,procedure_volume,Injectables,Calcium Hydroxylapatite,,Peru,2990,procedures,2023,ISAPS,2023 ISAPS International Survey on Aesthetic/Cosmetic Procedures Performed in 2023,https://www.isaps.org/media/rxnfqibn/isaps-global-survey_2023.pdf,ISAPS page 26 country procedure table.,official_association_report
E:\shared\行业报告\2023isaps-global-survey.pdf,procedure_volume,Injectables,Hyaluronic Acid,,Peru,50428,procedures,2023,ISAPS,2023 ISAPS International Survey on Aesthetic/Cosmetic Procedures Performed in 2023,https://www.isaps.org/media/rxnfqibn/isaps-global-survey_2023.pdf,ISAPS page 26 country procedure table.,official_association_report
E:\shared\行业报告\2023isaps-global-survey.pdf,procedure_volume,Facial rejuvenation,Chemical Peel,,Peru,1955,procedures,2023,ISAPS,2023 ISAPS International Survey on Aesthetic/Cosmetic Procedures Performed in 2023,https://www.isaps.org/media/rxnfqibn/isaps-global-survey_2023.pdf,ISAPS page 26 country procedure table.,official_association_report
E:\shared\行业报告\2023isaps-global-survey.pdf,procedure_volume,Facial rejuvenation,Full Field Ablative,,Peru,7360,procedures,2023,ISAPS,2023 ISAPS International Survey on Aesthetic/Cosmetic Procedures Performed in 2023,https://www.isaps.org/media/rxnfqibn/isaps-global-survey_2023.pdf,ISAPS page 26 country procedure table.,official_association_report
E:\shared\行业报告\2023isaps-global-survey.pdf,procedure_volume,Facial rejuvenation,Non-Surgical Skin Tightening,,Peru,4370,procedures,2023,ISAPS,2023 ISAPS International Survey on Aesthetic/Cosmetic Procedures Performed in 2023,https://www.isaps.org/media/rxnfqibn/isaps-global-survey_2023.pdf,ISAPS page 26 country procedure table.,official_association_report
E:\shared\行业报告\2023isaps-global-survey.pdf,procedure_volume,Other non-surgical,Cellulite Treatment,,Peru,1150,procedures,2023,ISAPS,2023 ISAPS International Survey on Aesthetic/Cosmetic Procedures Performed in 2023,https://www.isaps.org/media/rxnfqibn/isaps-global-survey_2023.pdf,ISAPS page 26 country procedure table.,official_association_report
E:\shared\行业报告\2023isaps-global-survey.pdf,procedure_volume,Other non-surgical,Hair Removal,,Peru,13225,procedures,2023,ISAPS,2023 ISAPS International Survey on Aesthetic/Cosmetic Procedures Performed in 2023,https://www.isaps.org/media/rxnfqibn/isaps-global-survey_2023.pdf,ISAPS page 26 country procedure table.,official_association_report
E:\shared\行业报告\2023isaps-global-survey.pdf,procedure_volume,Other non-surgical,Non-Surgical Fat Reduction,,Peru,5578,procedures,2023,ISAPS,2023 ISAPS International Survey on Aesthetic/Cosmetic Procedures Performed in 2023,https://www.isaps.org/media/rxnfqibn/isaps-global-survey_2023.pdf,ISAPS page 26 country procedure table.,official_association_report
E:\shared\行业报告\2023isaps-global-survey.pdf,procedure_volume,All procedures,Country total procedures,,Iran,407653,procedures,2023,ISAPS,2023 ISAPS International Survey on Aesthetic/Cosmetic Procedures Performed in 2023,https://www.isaps.org/media/rxnfqibn/isaps-global-survey_2023.pdf,ISAPS page 27 country procedure table.,official_association_report
E:\shared\行业报告\2023isaps-global-survey.pdf,procedure_volume,Surgical procedures,Country surgical procedures,,Iran,264060,procedures,2023,ISAPS,2023 ISAPS International Survey on Aesthetic/Cosmetic Procedures Performed in 2023,https://www.isaps.org/media/rxnfqibn/isaps-global-survey_2023.pdf,ISAPS page 27 country procedure table.,official_association_report
E:\shared\行业报告\2023isaps-global-survey.pdf,procedure_volume,Non-surgical procedures,Country non-surgical procedures,,Iran,143593,procedures,2023,ISAPS,2023 ISAPS International Survey on Aesthetic/Cosmetic Procedures Performed in 2023,https://www.isaps.org/media/rxnfqibn/isaps-global-survey_2023.pdf,ISAPS page 27 country procedure table.,official_association_report
E:\shared\行业报告\2023isaps-global-survey.pdf,procedure_volume,Injectables,Country total injectables,,Iran,125816,procedures,2023,ISAPS,2023 ISAPS International Survey on Aesthetic/Cosmetic Procedures Performed in 2023,https://www.isaps.org/media/rxnfqibn/isaps-global-survey_2023.pdf,ISAPS page 27 country procedure table.,official_association_report
E:\shared\行业报告\2023isaps-global-survey.pdf,procedure_volume,Facial rejuvenation,Country total facial rejuvenation,,Iran,9331,procedures,2023,ISAPS,2023 ISAPS International Survey on Aesthetic/Cosmetic Procedures Performed in 2023,https://www.isaps.org/media/rxnfqibn/isaps-global-survey_2023.pdf,ISAPS page 27 country procedure table.,official_association_report
E:\shared\行业报告\2023isaps-global-survey.pdf,procedure_volume,Other non-surgical,Country total other non-surgical,,Iran,8447,procedures,2023,ISAPS,2023 ISAPS International Survey on Aesthetic/Cosmetic Procedures Performed in 2023,https://www.isaps.org/media/rxnfqibn/isaps-global-survey_2023.pdf,ISAPS page 27 country procedure table.,official_association_report
E:\shared\行业报告\2023isaps-global-survey.pdf,procedure_volume,Injectables,Botulinum Toxin,,Iran,89609,procedures,2023,ISAPS,2023 ISAPS International Survey on Aesthetic/Cosmetic Procedures Performed in 2023,https://www.isaps.org/media/rxnfqibn/isaps-global-survey_2023.pdf,ISAPS page 27 country procedure table.,official_association_report
E:\shared\行业报告\2023isaps-global-survey.pdf,procedure_volume,Injectables,Calcium Hydroxylapatite,,Iran,252,procedures,2023,ISAPS,2023 ISAPS International Survey on Aesthetic/Cosmetic Procedures Performed in 2023,https://www.isaps.org/media/rxnfqibn/isaps-global-survey_2023.pdf,ISAPS page 27 country procedure table.,official_association_report
E:\shared\行业报告\2023isaps-global-survey.pdf,procedure_volume,Injectables,Hyaluronic Acid,,Iran,35955,procedures,2023,ISAPS,2023 ISAPS International Survey on Aesthetic/Cosmetic Procedures Performed in 2023,https://www.isaps.org/media/rxnfqibn/isaps-global-survey_2023.pdf,ISAPS page 27 country procedure table.,official_association_report
E:\shared\行业报告\2023isaps-global-survey.pdf,procedure_volume,Facial rejuvenation,Chemical Peel,,Iran,44,procedures,2023,ISAPS,2023 ISAPS International Survey on Aesthetic/Cosmetic Procedures Performed in 2023,https://www.isaps.org/media/rxnfqibn/isaps-global-survey_2023.pdf,ISAPS page 27 country procedure table.,official_association_report
E:\shared\行业报告\2023isaps-global-survey.pdf,procedure_volume,Facial rejuvenation,Full Field Ablative,,Iran,3295,procedures,2023,ISAPS,2023 ISAPS International Survey on Aesthetic/Cosmetic Procedures Performed in 2023,https://www.isaps.org/media/rxnfqibn/isaps-global-survey_2023.pdf,ISAPS page 27 country procedure table.,official_association_report
E:\shared\行业报告\2023isaps-global-survey.pdf,procedure_volume,Facial rejuvenation,Non-Surgical Skin Tightening,,Iran,5992,procedures,2023,ISAPS,2023 ISAPS International Survey on Aesthetic/Cosmetic Procedures Performed in 2023,https://www.isaps.org/media/rxnfqibn/isaps-global-survey_2023.pdf,ISAPS page 27 country procedure table.,official_association_report
E:\shared\行业报告\2023isaps-global-survey.pdf,procedure_volume,Other non-surgical,Cellulite Treatment,,Iran,3459,procedures,2023,ISAPS,2023 ISAPS International Survey on Aesthetic/Cosmetic Procedures Performed in 2023,https://www.isaps.org/media/rxnfqibn/isaps-global-survey_2023.pdf,ISAPS page 27 country procedure table.,official_association_report
E:\shared\行业报告\2023isaps-global-survey.pdf,procedure_volume,Other non-surgical,Hair Removal,,Iran,3614,procedures,2023,ISAPS,2023 ISAPS International Survey on Aesthetic/Cosmetic Procedures Performed in 2023,https://www.isaps.org/media/rxnfqibn/isaps-global-survey_2023.pdf,ISAPS page 27 country procedure table.,official_association_report
E:\shared\行业报告\2023isaps-global-survey.pdf,procedure_volume,Other non-surgical,Non-Surgical Fat Reduction,,Iran,1374,procedures,2023,ISAPS,2023 ISAPS International Survey on Aesthetic/Cosmetic Procedures Performed in 2023,https://www.isaps.org/media/rxnfqibn/isaps-global-survey_2023.pdf,ISAPS page 27 country procedure table.,official_association_report
E:\shared\行业报告\2023isaps-global-survey.pdf,procedure_volume,All procedures,Country total procedures,,Venezuela,362283,procedures,2023,ISAPS,2023 ISAPS International Survey on Aesthetic/Cosmetic Procedures Performed in 2023,https://www.isaps.org/media/rxnfqibn/isaps-global-survey_2023.pdf,ISAPS page 28 country procedure table.,official_association_report
E:\shared\行业报告\2023isaps-global-survey.pdf,procedure_volume,Surgical procedures,Country surgical procedures,,Venezuela,180308,procedures,2023,ISAPS,2023 ISAPS International Survey on Aesthetic/Cosmetic Procedures Performed in 2023,https://www.isaps.org/media/rxnfqibn/isaps-global-survey_2023.pdf,ISAPS page 28 country procedure table.,official_association_report
E:\shared\行业报告\2023isaps-global-survey.pdf,procedure_volume,Non-surgical procedures,Country non-surgical procedures,,Venezuela,181975,procedures,2023,ISAPS,2023 ISAPS International Survey on Aesthetic/Cosmetic Procedures Performed in 2023,https://www.isaps.org/media/rxnfqibn/isaps-global-survey_2023.pdf,ISAPS page 28 country procedure table.,official_association_report
E:\shared\行业报告\2023isaps-global-survey.pdf,procedure_volume,Injectables,Country total injectables,,Venezuela,106720,procedures,2023,ISAPS,2023 ISAPS International Survey on Aesthetic/Cosmetic Procedures Performed in 2023,https://www.isaps.org/media/rxnfqibn/isaps-global-survey_2023.pdf,ISAPS page 28 country procedure table.,official_association_report
E:\shared\行业报告\2023isaps-global-survey.pdf,procedure_volume,Facial rejuvenation,Country total facial rejuvenation,,Venezuela,26100,procedures,2023,ISAPS,2023 ISAPS International Survey on Aesthetic/Cosmetic Procedures Performed in 2023,https://www.isaps.org/media/rxnfqibn/isaps-global-survey_2023.pdf,ISAPS page 28 country procedure table.,official_association_report
E:\shared\行业报告\2023isaps-global-survey.pdf,procedure_volume,Other non-surgical,Country total other non-surgical,,Venezuela,49155,procedures,2023,ISAPS,2023 ISAPS International Survey on Aesthetic/Cosmetic Procedures Performed in 2023,https://www.isaps.org/media/rxnfqibn/isaps-global-survey_2023.pdf,ISAPS page 28 country procedure table.,official_association_report
E:\shared\行业报告\2023isaps-global-survey.pdf,procedure_volume,Injectables,Botulinum Toxin,,Venezuela,71413,procedures,2023,ISAPS,2023 ISAPS International Survey on Aesthetic/Cosmetic Procedures Performed in 2023,https://www.isaps.org/media/rxnfqibn/isaps-global-survey_2023.pdf,ISAPS page 28 country procedure table.,official_association_report
E:\shared\行业报告\2023isaps-global-survey.pdf,procedure_volume,Injectables,Calcium Hydroxylapatite,,Venezuela,5365,procedures,2023,ISAPS,2023 ISAPS International Survey on Aesthetic/Cosmetic Procedures Performed in 2023,https://www.isaps.org/media/rxnfqibn/isaps-global-survey_2023.pdf,ISAPS page 28 country procedure table.,official_association_report
E:\shared\行业报告\2023isaps-global-survey.pdf,procedure_volume,Injectables,Hyaluronic Acid,,Venezuela,29943,procedures,2023,ISAPS,2023 ISAPS International Survey on Aesthetic/Cosmetic Procedures Performed in 2023,https://www.isaps.org/media/rxnfqibn/isaps-global-survey_2023.pdf,ISAPS page 28 country procedure table.,official_association_report
E:\shared\行业报告\2023isaps-global-survey.pdf,procedure_volume,Facial rejuvenation,Chemical Peel,,Venezuela,2610,procedures,2023,ISAPS,2023 ISAPS International Survey on Aesthetic/Cosmetic Procedures Performed in 2023,https://www.isaps.org/media/rxnfqibn/isaps-global-survey_2023.pdf,ISAPS page 28 country procedure table.,official_association_report
E:\shared\行业报告\2023isaps-global-survey.pdf,procedure_volume,Facial rejuvenation,Full Field Ablative,,Venezuela,5873,procedures,2023,ISAPS,2023 ISAPS International Survey on Aesthetic/Cosmetic Procedures Performed in 2023,https://www.isaps.org/media/rxnfqibn/isaps-global-survey_2023.pdf,ISAPS page 28 country procedure table.,official_association_report
E:\shared\行业报告\2023isaps-global-survey.pdf,procedure_volume,Facial rejuvenation,Non-Surgical Skin Tightening,,Venezuela,17618,procedures,2023,ISAPS,2023 ISAPS International Survey on Aesthetic/Cosmetic Procedures Performed in 2023,https://www.isaps.org/media/rxnfqibn/isaps-global-survey_2023.pdf,ISAPS page 28 country procedure table.,official_association_report
E:\shared\行业报告\2023isaps-global-survey.pdf,procedure_volume,Other non-surgical,Cellulite Treatment,,Venezuela,8990,procedures,2023,ISAPS,2023 ISAPS International Survey on Aesthetic/Cosmetic Procedures Performed in 2023,https://www.isaps.org/media/rxnfqibn/isaps-global-survey_2023.pdf,ISAPS page 28 country procedure table.,official_association_report
E:\shared\行业报告\2023isaps-global-survey.pdf,procedure_volume,Other non-surgical,Hair Removal,,Venezuela,29943,procedures,2023,ISAPS,2023 ISAPS International Survey on Aesthetic/Cosmetic Procedures Performed in 2023,https://www.isaps.org/media/rxnfqibn/isaps-global-survey_2023.pdf,ISAPS page 28 country procedure table.,official_association_report
E:\shared\行业报告\2023isaps-global-survey.pdf,procedure_volume,Other non-surgical,Non-Surgical Fat Reduction,,Venezuela,10223,procedures,2023,ISAPS,2023 ISAPS International Survey on Aesthetic/Cosmetic Procedures Performed in 2023,https://www.isaps.org/media/rxnfqibn/isaps-global-survey_2023.pdf,ISAPS page 28 country procedure table.,official_association_report
E:\shared\行业报告\2023isaps-global-survey.pdf,procedure_volume,All procedures,Country total procedures,,Romania,269173,procedures,2023,ISAPS,2023 ISAPS International Survey on Aesthetic/Cosmetic Procedures Performed in 2023,https://www.isaps.org/media/rxnfqibn/isaps-global-survey_2023.pdf,ISAPS page 29 country procedure table.,official_association_report
E:\shared\行业报告\2023isaps-global-survey.pdf,procedure_volume,Surgical procedures,Country surgical procedures,,Romania,94431,procedures,2023,ISAPS,2023 ISAPS International Survey on Aesthetic/Cosmetic Procedures Performed in 2023,https://www.isaps.org/media/rxnfqibn/isaps-global-survey_2023.pdf,ISAPS page 29 country procedure table.,official_association_report
E:\shared\行业报告\2023isaps-global-survey.pdf,procedure_volume,Non-surgical procedures,Country non-surgical procedures,,Romania,174742,procedures,2023,ISAPS,2023 ISAPS International Survey on Aesthetic/Cosmetic Procedures Performed in 2023,https://www.isaps.org/media/rxnfqibn/isaps-global-survey_2023.pdf,ISAPS page 29 country procedure table.,official_association_report
E:\shared\行业报告\2023isaps-global-survey.pdf,procedure_volume,Injectables,Country total injectables,,Romania,161022,procedures,2023,ISAPS,2023 ISAPS International Survey on Aesthetic/Cosmetic Procedures Performed in 2023,https://www.isaps.org/media/rxnfqibn/isaps-global-survey_2023.pdf,ISAPS page 29 country procedure table.,official_association_report
E:\shared\行业报告\2023isaps-global-survey.pdf,procedure_volume,Facial rejuvenation,Country total facial rejuvenation,,Romania,8976,procedures,2023,ISAPS,2023 ISAPS International Survey on Aesthetic/Cosmetic Procedures Performed in 2023,https://www.isaps.org/media/rxnfqibn/isaps-global-survey_2023.pdf,ISAPS page 29 country procedure table.,official_association_report
E:\shared\行业报告\2023isaps-global-survey.pdf,procedure_volume,Other non-surgical,Country total other non-surgical,,Romania,4743,procedures,2023,ISAPS,2023 ISAPS International Survey on Aesthetic/Cosmetic Procedures Performed in 2023,https://www.isaps.org/media/rxnfqibn/isaps-global-survey_2023.pdf,ISAPS page 29 country procedure table.,official_association_report
E:\shared\行业报告\2023isaps-global-survey.pdf,procedure_volume,Injectables,Botulinum Toxin,,Romania,86686,procedures,2023,ISAPS,2023 ISAPS International Survey on Aesthetic/Cosmetic Procedures Performed in 2023,https://www.isaps.org/media/rxnfqibn/isaps-global-survey_2023.pdf,ISAPS page 29 country procedure table.,official_association_report
E:\shared\行业报告\2023isaps-global-survey.pdf,procedure_volume,Injectables,Calcium Hydroxylapatite,,Romania,1956,procedures,2023,ISAPS,2023 ISAPS International Survey on Aesthetic/Cosmetic Procedures Performed in 2023,https://www.isaps.org/media/rxnfqibn/isaps-global-survey_2023.pdf,ISAPS page 29 country procedure table.,official_association_report
E:\shared\行业报告\2023isaps-global-survey.pdf,procedure_volume,Injectables,Hyaluronic Acid,,Romania,72380,procedures,2023,ISAPS,2023 ISAPS International Survey on Aesthetic/Cosmetic Procedures Performed in 2023,https://www.isaps.org/media/rxnfqibn/isaps-global-survey_2023.pdf,ISAPS page 29 country procedure table.,official_association_report
E:\shared\行业报告\2023isaps-global-survey.pdf,procedure_volume,Facial rejuvenation,Chemical Peel,,Romania,3581,procedures,2023,ISAPS,2023 ISAPS International Survey on Aesthetic/Cosmetic Procedures Performed in 2023,https://www.isaps.org/media/rxnfqibn/isaps-global-survey_2023.pdf,ISAPS page 29 country procedure table.,official_association_report
E:\shared\行业报告\2023isaps-global-survey.pdf,procedure_volume,Facial rejuvenation,Full Field Ablative,,Romania,3100,procedures,2023,ISAPS,2023 ISAPS International Survey on Aesthetic/Cosmetic Procedures Performed in 2023,https://www.isaps.org/media/rxnfqibn/isaps-global-survey_2023.pdf,ISAPS page 29 country procedure table.,official_association_report
E:\shared\行业报告\2023isaps-global-survey.pdf,procedure_volume,Facial rejuvenation,Non-Surgical Skin Tightening,,Romania,2295,procedures,2023,ISAPS,2023 ISAPS International Survey on Aesthetic/Cosmetic Procedures Performed in 2023,https://www.isaps.org/media/rxnfqibn/isaps-global-survey_2023.pdf,ISAPS page 29 country procedure table.,official_association_report
E:\shared\行业报告\2023isaps-global-survey.pdf,procedure_volume,Other non-surgical,Cellulite Treatment,,Romania,931,procedures,2023,ISAPS,2023 ISAPS International Survey on Aesthetic/Cosmetic Procedures Performed in 2023,https://www.isaps.org/media/rxnfqibn/isaps-global-survey_2023.pdf,ISAPS page 29 country procedure table.,official_association_report
E:\shared\行业报告\2023isaps-global-survey.pdf,procedure_volume,Other non-surgical,Hair Removal,,Romania,2742,procedures,2023,ISAPS,2023 ISAPS International Survey on Aesthetic/Cosmetic Procedures Performed in 2023,https://www.isaps.org/media/rxnfqibn/isaps-global-survey_2023.pdf,ISAPS page 29 country procedure table.,official_association_report
E:\shared\行业报告\2023isaps-global-survey.pdf,procedure_volume,Other non-surgical,Non-Surgical Fat Reduction,,Romania,1070,procedures,2023,ISAPS,2023 ISAPS International Survey on Aesthetic/Cosmetic Procedures Performed in 2023,https://www.isaps.org/media/rxnfqibn/isaps-global-survey_2023.pdf,ISAPS page 29 country procedure table.,official_association_report
E:\shared\行业报告\2023isaps-global-survey.pdf,procedure_volume,All procedures,Country total procedures,,UK,224523,procedures,2023,ISAPS,2023 ISAPS International Survey on Aesthetic/Cosmetic Procedures Performed in 2023,https://www.isaps.org/media/rxnfqibn/isaps-global-survey_2023.pdf,ISAPS page 30 country procedure table.,official_association_report
E:\shared\行业报告\2023isaps-global-survey.pdf,procedure_volume,Surgical procedures,Country surgical procedures,,UK,161392,procedures,2023,ISAPS,2023 ISAPS International Survey on Aesthetic/Cosmetic Procedures Performed in 2023,https://www.isaps.org/media/rxnfqibn/isaps-global-survey_2023.pdf,ISAPS page 30 country procedure table.,official_association_report
E:\shared\行业报告\2023isaps-global-survey.pdf,procedure_volume,Non-surgical procedures,Country non-surgical procedures,,UK,63130,procedures,2023,ISAPS,2023 ISAPS International Survey on Aesthetic/Cosmetic Procedures Performed in 2023,https://www.isaps.org/media/rxnfqibn/isaps-global-survey_2023.pdf,ISAPS page 30 country procedure table.,official_association_report
E:\shared\行业报告\2023isaps-global-survey.pdf,procedure_volume,Injectables,Country total injectables,,UK,60070,procedures,2023,ISAPS,2023 ISAPS International Survey on Aesthetic/Cosmetic Procedures Performed in 2023,https://www.isaps.org/media/rxnfqibn/isaps-global-survey_2023.pdf,ISAPS page 30 country procedure table.,official_association_report
E:\shared\行业报告\2023isaps-global-survey.pdf,procedure_volume,Facial rejuvenation,Country total facial rejuvenation,,UK,2139,procedures,2023,ISAPS,2023 ISAPS International Survey on Aesthetic/Cosmetic Procedures Performed in 2023,https://www.isaps.org/media/rxnfqibn/isaps-global-survey_2023.pdf,ISAPS page 30 country procedure table.,official_association_report
E:\shared\行业报告\2023isaps-global-survey.pdf,procedure_volume,Other non-surgical,Country total other non-surgical,,UK,922,procedures,2023,ISAPS,2023 ISAPS International Survey on Aesthetic/Cosmetic Procedures Performed in 2023,https://www.isaps.org/media/rxnfqibn/isaps-global-survey_2023.pdf,ISAPS page 30 country procedure table.,official_association_report
E:\shared\行业报告\2023isaps-global-survey.pdf,procedure_volume,Injectables,Botulinum Toxin,,UK,30835,procedures,2023,ISAPS,2023 ISAPS International Survey on Aesthetic/Cosmetic Procedures Performed in 2023,https://www.isaps.org/media/rxnfqibn/isaps-global-survey_2023.pdf,ISAPS page 30 country procedure table.,official_association_report
E:\shared\行业报告\2023isaps-global-survey.pdf,procedure_volume,Injectables,Calcium Hydroxylapatite,,UK,554,procedures,2023,ISAPS,2023 ISAPS International Survey on Aesthetic/Cosmetic Procedures Performed in 2023,https://www.isaps.org/media/rxnfqibn/isaps-global-survey_2023.pdf,ISAPS page 30 country procedure table.,official_association_report
E:\shared\行业报告\2023isaps-global-survey.pdf,procedure_volume,Injectables,Hyaluronic Acid,,UK,28680,procedures,2023,ISAPS,2023 ISAPS International Survey on Aesthetic/Cosmetic Procedures Performed in 2023,https://www.isaps.org/media/rxnfqibn/isaps-global-survey_2023.pdf,ISAPS page 30 country procedure table.,official_association_report
E:\shared\行业报告\2023isaps-global-survey.pdf,procedure_volume,Facial rejuvenation,Chemical Peel,,UK,719,procedures,2023,ISAPS,2023 ISAPS International Survey on Aesthetic/Cosmetic Procedures Performed in 2023,https://www.isaps.org/media/rxnfqibn/isaps-global-survey_2023.pdf,ISAPS page 30 country procedure table.,official_association_report
E:\shared\行业报告\2023isaps-global-survey.pdf,procedure_volume,Facial rejuvenation,Full Field Ablative,,UK,284,procedures,2023,ISAPS,2023 ISAPS International Survey on Aesthetic/Cosmetic Procedures Performed in 2023,https://www.isaps.org/media/rxnfqibn/isaps-global-survey_2023.pdf,ISAPS page 30 country procedure table.,official_association_report
E:\shared\行业报告\2023isaps-global-survey.pdf,procedure_volume,Facial rejuvenation,Non-Surgical Skin Tightening,,UK,1137,procedures,2023,ISAPS,2023 ISAPS International Survey on Aesthetic/Cosmetic Procedures Performed in 2023,https://www.isaps.org/media/rxnfqibn/isaps-global-survey_2023.pdf,ISAPS page 30 country procedure table.,official_association_report
E:\shared\行业报告\2023isaps-global-survey.pdf,procedure_volume,Other non-surgical,Cellulite Treatment,,UK,153,procedures,2023,ISAPS,2023 ISAPS International Survey on Aesthetic/Cosmetic Procedures Performed in 2023,https://www.isaps.org/media/rxnfqibn/isaps-global-survey_2023.pdf,ISAPS page 30 country procedure table.,official_association_report
E:\shared\行业报告\2023isaps-global-survey.pdf,procedure_volume,Other non-surgical,Hair Removal,,UK,424,procedures,2023,ISAPS,2023 ISAPS International Survey on Aesthetic/Cosmetic Procedures Performed in 2023,https://www.isaps.org/media/rxnfqibn/isaps-global-survey_2023.pdf,ISAPS page 30 country procedure table.,official_association_report
E:\shared\行业报告\2023isaps-global-survey.pdf,procedure_volume,Other non-surgical,Non-Surgical Fat Reduction,,UK,344,procedures,2023,ISAPS,2023 ISAPS International Survey on Aesthetic/Cosmetic Procedures Performed in 2023,https://www.isaps.org/media/rxnfqibn/isaps-global-survey_2023.pdf,ISAPS page 30 country procedure table.,official_association_report
E:\shared\行业报告\2023isaps-global-survey.pdf,procedure_volume,All procedures,Country total procedures,,Belgium,223412,procedures,2023,ISAPS,2023 ISAPS International Survey on Aesthetic/Cosmetic Procedures Performed in 2023,https://www.isaps.org/media/rxnfqibn/isaps-global-survey_2023.pdf,ISAPS page 31 country procedure table.,official_association_report
E:\shared\行业报告\2023isaps-global-survey.pdf,procedure_volume,Surgical procedures,Country surgical procedures,,Belgium,96782,procedures,2023,ISAPS,2023 ISAPS International Survey on Aesthetic/Cosmetic Procedures Performed in 2023,https://www.isaps.org/media/rxnfqibn/isaps-global-survey_2023.pdf,ISAPS page 31 country procedure table.,official_association_report
E:\shared\行业报告\2023isaps-global-survey.pdf,procedure_volume,Non-surgical procedures,Country non-surgical procedures,,Belgium,126630,procedures,2023,ISAPS,2023 ISAPS International Survey on Aesthetic/Cosmetic Procedures Performed in 2023,https://www.isaps.org/media/rxnfqibn/isaps-global-survey_2023.pdf,ISAPS page 31 country procedure table.,official_association_report
E:\shared\行业报告\2023isaps-global-survey.pdf,procedure_volume,Injectables,Country total injectables,,Belgium,108976,procedures,2023,ISAPS,2023 ISAPS International Survey on Aesthetic/Cosmetic Procedures Performed in 2023,https://www.isaps.org/media/rxnfqibn/isaps-global-survey_2023.pdf,ISAPS page 31 country procedure table.,official_association_report
E:\shared\行业报告\2023isaps-global-survey.pdf,procedure_volume,Facial rejuvenation,Country total facial rejuvenation,,Belgium,6298,procedures,2023,ISAPS,2023 ISAPS International Survey on Aesthetic/Cosmetic Procedures Performed in 2023,https://www.isaps.org/media/rxnfqibn/isaps-global-survey_2023.pdf,ISAPS page 31 country procedure table.,official_association_report
E:\shared\行业报告\2023isaps-global-survey.pdf,procedure_volume,Other non-surgical,Country total other non-surgical,,Belgium,11357,procedures,2023,ISAPS,2023 ISAPS International Survey on Aesthetic/Cosmetic Procedures Performed in 2023,https://www.isaps.org/media/rxnfqibn/isaps-global-survey_2023.pdf,ISAPS page 31 country procedure table.,official_association_report
E:\shared\行业报告\2023isaps-global-survey.pdf,procedure_volume,Injectables,Botulinum Toxin,,Belgium,66129,procedures,2023,ISAPS,2023 ISAPS International Survey on Aesthetic/Cosmetic Procedures Performed in 2023,https://www.isaps.org/media/rxnfqibn/isaps-global-survey_2023.pdf,ISAPS page 31 country procedure table.,official_association_report
E:\shared\行业报告\2023isaps-global-survey.pdf,procedure_volume,Injectables,Calcium Hydroxylapatite,,Belgium,1742,procedures,2023,ISAPS,2023 ISAPS International Survey on Aesthetic/Cosmetic Procedures Performed in 2023,https://www.isaps.org/media/rxnfqibn/isaps-global-survey_2023.pdf,ISAPS page 31 country procedure table.,official_association_report
E:\shared\行业报告\2023isaps-global-survey.pdf,procedure_volume,Injectables,Hyaluronic Acid,,Belgium,41105,procedures,2023,ISAPS,2023 ISAPS International Survey on Aesthetic/Cosmetic Procedures Performed in 2023,https://www.isaps.org/media/rxnfqibn/isaps-global-survey_2023.pdf,ISAPS page 31 country procedure table.,official_association_report
E:\shared\行业报告\2023isaps-global-survey.pdf,procedure_volume,Facial rejuvenation,Chemical Peel,,Belgium,871,procedures,2023,ISAPS,2023 ISAPS International Survey on Aesthetic/Cosmetic Procedures Performed in 2023,https://www.isaps.org/media/rxnfqibn/isaps-global-survey_2023.pdf,ISAPS page 31 country procedure table.,official_association_report
E:\shared\行业报告\2023isaps-global-survey.pdf,procedure_volume,Facial rejuvenation,Full Field Ablative,,Belgium,1742,procedures,2023,ISAPS,2023 ISAPS International Survey on Aesthetic/Cosmetic Procedures Performed in 2023,https://www.isaps.org/media/rxnfqibn/isaps-global-survey_2023.pdf,ISAPS page 31 country procedure table.,official_association_report
E:\shared\行业报告\2023isaps-global-survey.pdf,procedure_volume,Facial rejuvenation,Non-Surgical Skin Tightening,,Belgium,3685,procedures,2023,ISAPS,2023 ISAPS International Survey on Aesthetic/Cosmetic Procedures Performed in 2023,https://www.isaps.org/media/rxnfqibn/isaps-global-survey_2023.pdf,ISAPS page 31 country procedure table.,official_association_report
E:\shared\行业报告\2023isaps-global-survey.pdf,procedure_volume,Other non-surgical,Cellulite Treatment,,Belgium,2814,procedures,2023,ISAPS,2023 ISAPS International Survey on Aesthetic/Cosmetic Procedures Performed in 2023,https://www.isaps.org/media/rxnfqibn/isaps-global-survey_2023.pdf,ISAPS page 31 country procedure table.,official_association_report
E:\shared\行业报告\2023isaps-global-survey.pdf,procedure_volume,Other non-surgical,Hair Removal,,Belgium,6332,procedures,2023,ISAPS,2023 ISAPS International Survey on Aesthetic/Cosmetic Procedures Performed in 2023,https://www.isaps.org/media/rxnfqibn/isaps-global-survey_2023.pdf,ISAPS page 31 country procedure table.,official_association_report
E:\shared\行业报告\2023isaps-global-survey.pdf,procedure_volume,Other non-surgical,Non-Surgical Fat Reduction,,Belgium,2211,procedures,2023,ISAPS,2023 ISAPS International Survey on Aesthetic/Cosmetic Procedures Performed in 2023,https://www.isaps.org/media/rxnfqibn/isaps-global-survey_2023.pdf,ISAPS page 31 country procedure table.,official_association_report
E:\shared\行业报告\2023isaps-global-survey.pdf,procedure_volume,All procedures,Country total procedures,,Greece,194856,procedures,2023,ISAPS,2023 ISAPS International Survey on Aesthetic/Cosmetic Procedures Performed in 2023,https://www.isaps.org/media/rxnfqibn/isaps-global-survey_2023.pdf,ISAPS page 32 country procedure table.,official_association_report
E:\shared\行业报告\2023isaps-global-survey.pdf,procedure_volume,Surgical procedures,Country surgical procedures,,Greece,43911,procedures,2023,ISAPS,2023 ISAPS International Survey on Aesthetic/Cosmetic Procedures Performed in 2023,https://www.isaps.org/media/rxnfqibn/isaps-global-survey_2023.pdf,ISAPS page 32 country procedure table.,official_association_report
E:\shared\行业报告\2023isaps-global-survey.pdf,procedure_volume,Non-surgical procedures,Country non-surgical procedures,,Greece,150945,procedures,2023,ISAPS,2023 ISAPS International Survey on Aesthetic/Cosmetic Procedures Performed in 2023,https://www.isaps.org/media/rxnfqibn/isaps-global-survey_2023.pdf,ISAPS page 32 country procedure table.,official_association_report
E:\shared\行业报告\2023isaps-global-survey.pdf,procedure_volume,Injectables,Country total injectables,,Greece,95698,procedures,2023,ISAPS,2023 ISAPS International Survey on Aesthetic/Cosmetic Procedures Performed in 2023,https://www.isaps.org/media/rxnfqibn/isaps-global-survey_2023.pdf,ISAPS page 32 country procedure table.,official_association_report
E:\shared\行业报告\2023isaps-global-survey.pdf,procedure_volume,Facial rejuvenation,Country total facial rejuvenation,,Greece,12389,procedures,2023,ISAPS,2023 ISAPS International Survey on Aesthetic/Cosmetic Procedures Performed in 2023,https://www.isaps.org/media/rxnfqibn/isaps-global-survey_2023.pdf,ISAPS page 32 country procedure table.,official_association_report
E:\shared\行业报告\2023isaps-global-survey.pdf,procedure_volume,Other non-surgical,Country total other non-surgical,,Greece,42858,procedures,2023,ISAPS,2023 ISAPS International Survey on Aesthetic/Cosmetic Procedures Performed in 2023,https://www.isaps.org/media/rxnfqibn/isaps-global-survey_2023.pdf,ISAPS page 32 country procedure table.,official_association_report
E:\shared\行业报告\2023isaps-global-survey.pdf,procedure_volume,Injectables,Botulinum Toxin,,Greece,46087,procedures,2023,ISAPS,2023 ISAPS International Survey on Aesthetic/Cosmetic Procedures Performed in 2023,https://www.isaps.org/media/rxnfqibn/isaps-global-survey_2023.pdf,ISAPS page 32 country procedure table.,official_association_report
E:\shared\行业报告\2023isaps-global-survey.pdf,procedure_volume,Injectables,Calcium Hydroxylapatite,,Greece,657,procedures,2023,ISAPS,2023 ISAPS International Survey on Aesthetic/Cosmetic Procedures Performed in 2023,https://www.isaps.org/media/rxnfqibn/isaps-global-survey_2023.pdf,ISAPS page 32 country procedure table.,official_association_report
E:\shared\行业报告\2023isaps-global-survey.pdf,procedure_volume,Injectables,Hyaluronic Acid,,Greece,48954,procedures,2023,ISAPS,2023 ISAPS International Survey on Aesthetic/Cosmetic Procedures Performed in 2023,https://www.isaps.org/media/rxnfqibn/isaps-global-survey_2023.pdf,ISAPS page 32 country procedure table.,official_association_report
E:\shared\行业报告\2023isaps-global-survey.pdf,procedure_volume,Facial rejuvenation,Chemical Peel,,Greece,3048,procedures,2023,ISAPS,2023 ISAPS International Survey on Aesthetic/Cosmetic Procedures Performed in 2023,https://www.isaps.org/media/rxnfqibn/isaps-global-survey_2023.pdf,ISAPS page 32 country procedure table.,official_association_report
E:\shared\行业报告\2023isaps-global-survey.pdf,procedure_volume,Facial rejuvenation,Full Field Ablative,,Greece,4804,procedures,2023,ISAPS,2023 ISAPS International Survey on Aesthetic/Cosmetic Procedures Performed in 2023,https://www.isaps.org/media/rxnfqibn/isaps-global-survey_2023.pdf,ISAPS page 32 country procedure table.,official_association_report
E:\shared\行业报告\2023isaps-global-survey.pdf,procedure_volume,Facial rejuvenation,Non-Surgical Skin Tightening,,Greece,4538,procedures,2023,ISAPS,2023 ISAPS International Survey on Aesthetic/Cosmetic Procedures Performed in 2023,https://www.isaps.org/media/rxnfqibn/isaps-global-survey_2023.pdf,ISAPS page 32 country procedure table.,official_association_report
E:\shared\行业报告\2023isaps-global-survey.pdf,procedure_volume,Other non-surgical,Cellulite Treatment,,Greece,4299,procedures,2023,ISAPS,2023 ISAPS International Survey on Aesthetic/Cosmetic Procedures Performed in 2023,https://www.isaps.org/media/rxnfqibn/isaps-global-survey_2023.pdf,ISAPS page 32 country procedure table.,official_association_report
E:\shared\行业报告\2023isaps-global-survey.pdf,procedure_volume,Other non-surgical,Hair Removal,,Greece,35148,procedures,2023,ISAPS,2023 ISAPS International Survey on Aesthetic/Cosmetic Procedures Performed in 2023,https://www.isaps.org/media/rxnfqibn/isaps-global-survey_2023.pdf,ISAPS page 32 country procedure table.,official_association_report
E:\shared\行业报告\2023isaps-global-survey.pdf,procedure_volume,Other non-surgical,Non-Surgical Fat Reduction,,Greece,3412,procedures,2023,ISAPS,2023 ISAPS International Survey on Aesthetic/Cosmetic Procedures Performed in 2023,https://www.isaps.org/media/rxnfqibn/isaps-global-survey_2023.pdf,ISAPS page 32 country procedure table.,official_association_report
E:\shared\行业报告\2023isaps-global-survey.pdf,procedure_volume,All procedures,Country total procedures,,Thailand,172840,procedures,2023,ISAPS,2023 ISAPS International Survey on Aesthetic/Cosmetic Procedures Performed in 2023,https://www.isaps.org/media/rxnfqibn/isaps-global-survey_2023.pdf,ISAPS page 33 country procedure table.,official_association_report
E:\shared\行业报告\2023isaps-global-survey.pdf,procedure_volume,Surgical procedures,Country surgical procedures,,Thailand,136174,procedures,2023,ISAPS,2023 ISAPS International Survey on Aesthetic/Cosmetic Procedures Performed in 2023,https://www.isaps.org/media/rxnfqibn/isaps-global-survey_2023.pdf,ISAPS page 33 country procedure table.,official_association_report
E:\shared\行业报告\2023isaps-global-survey.pdf,procedure_volume,Non-surgical procedures,Country non-surgical procedures,,Thailand,36666,procedures,2023,ISAPS,2023 ISAPS International Survey on Aesthetic/Cosmetic Procedures Performed in 2023,https://www.isaps.org/media/rxnfqibn/isaps-global-survey_2023.pdf,ISAPS page 33 country procedure table.,official_association_report
E:\shared\行业报告\2023isaps-global-survey.pdf,procedure_volume,Injectables,Country total injectables,,Thailand,32086,procedures,2023,ISAPS,2023 ISAPS International Survey on Aesthetic/Cosmetic Procedures Performed in 2023,https://www.isaps.org/media/rxnfqibn/isaps-global-survey_2023.pdf,ISAPS page 33 country procedure table.,official_association_report
E:\shared\行业报告\2023isaps-global-survey.pdf,procedure_volume,Facial rejuvenation,Country total facial rejuvenation,,Thailand,3133,procedures,2023,ISAPS,2023 ISAPS International Survey on Aesthetic/Cosmetic Procedures Performed in 2023,https://www.isaps.org/media/rxnfqibn/isaps-global-survey_2023.pdf,ISAPS page 33 country procedure table.,official_association_report
E:\shared\行业报告\2023isaps-global-survey.pdf,procedure_volume,Other non-surgical,Country total other non-surgical,,Thailand,1447,procedures,2023,ISAPS,2023 ISAPS International Survey on Aesthetic/Cosmetic Procedures Performed in 2023,https://www.isaps.org/media/rxnfqibn/isaps-global-survey_2023.pdf,ISAPS page 33 country procedure table.,official_association_report
E:\shared\行业报告\2023isaps-global-survey.pdf,procedure_volume,Injectables,Botulinum Toxin,,Thailand,27835,procedures,2023,ISAPS,2023 ISAPS International Survey on Aesthetic/Cosmetic Procedures Performed in 2023,https://www.isaps.org/media/rxnfqibn/isaps-global-survey_2023.pdf,ISAPS page 33 country procedure table.,official_association_report
E:\shared\行业报告\2023isaps-global-survey.pdf,procedure_volume,Injectables,Calcium Hydroxylapatite,,Thailand,0,procedures,2023,ISAPS,2023 ISAPS International Survey on Aesthetic/Cosmetic Procedures Performed in 2023,https://www.isaps.org/media/rxnfqibn/isaps-global-survey_2023.pdf,ISAPS page 33 country procedure table.,official_association_report
E:\shared\行业报告\2023isaps-global-survey.pdf,procedure_volume,Injectables,Hyaluronic Acid,,Thailand,4250,procedures,2023,ISAPS,2023 ISAPS International Survey on Aesthetic/Cosmetic Procedures Performed in 2023,https://www.isaps.org/media/rxnfqibn/isaps-global-survey_2023.pdf,ISAPS page 33 country procedure table.,official_association_report
E:\shared\行业报告\2023isaps-global-survey.pdf,procedure_volume,Facial rejuvenation,Chemical Peel,,Thailand,992,procedures,2023,ISAPS,2023 ISAPS International Survey on Aesthetic/Cosmetic Procedures Performed in 2023,https://www.isaps.org/media/rxnfqibn/isaps-global-survey_2023.pdf,ISAPS page 33 country procedure table.,official_association_report
E:\shared\行业报告\2023isaps-global-survey.pdf,procedure_volume,Facial rejuvenation,Full Field Ablative,,Thailand,174,procedures,2023,ISAPS,2023 ISAPS International Survey on Aesthetic/Cosmetic Procedures Performed in 2023,https://www.isaps.org/media/rxnfqibn/isaps-global-survey_2023.pdf,ISAPS page 33 country procedure table.,official_association_report
E:\shared\行业报告\2023isaps-global-survey.pdf,procedure_volume,Facial rejuvenation,Non-Surgical Skin Tightening,,Thailand,1967,procedures,2023,ISAPS,2023 ISAPS International Survey on Aesthetic/Cosmetic Procedures Performed in 2023,https://www.isaps.org/media/rxnfqibn/isaps-global-survey_2023.pdf,ISAPS page 33 country procedure table.,official_association_report
E:\shared\行业报告\2023isaps-global-survey.pdf,procedure_volume,Other non-surgical,Cellulite Treatment,,Thailand,227,procedures,2023,ISAPS,2023 ISAPS International Survey on Aesthetic/Cosmetic Procedures Performed in 2023,https://www.isaps.org/media/rxnfqibn/isaps-global-survey_2023.pdf,ISAPS page 33 country procedure table.,official_association_report
E:\shared\行业报告\2023isaps-global-survey.pdf,procedure_volume,Other non-surgical,Hair Removal,,Thailand,577,procedures,2023,ISAPS,2023 ISAPS International Survey on Aesthetic/Cosmetic Procedures Performed in 2023,https://www.isaps.org/media/rxnfqibn/isaps-global-survey_2023.pdf,ISAPS page 33 country procedure table.,official_association_report
E:\shared\行业报告\2023isaps-global-survey.pdf,procedure_volume,Other non-surgical,Non-Surgical Fat Reduction,,Thailand,643,procedures,2023,ISAPS,2023 ISAPS International Survey on Aesthetic/Cosmetic Procedures Performed in 2023,https://www.isaps.org/media/rxnfqibn/isaps-global-survey_2023.pdf,ISAPS page 33 country procedure table.,official_association_report
E:\shared\行业报告\2023isaps-global-survey.pdf,procedure_volume,All procedures,Country total procedures,,Syria,153040,procedures,2023,ISAPS,2023 ISAPS International Survey on Aesthetic/Cosmetic Procedures Performed in 2023,https://www.isaps.org/media/rxnfqibn/isaps-global-survey_2023.pdf,ISAPS page 34 country procedure table.,official_association_report
E:\shared\行业报告\2023isaps-global-survey.pdf,procedure_volume,Surgical procedures,Country surgical procedures,,Syria,55790,procedures,2023,ISAPS,2023 ISAPS International Survey on Aesthetic/Cosmetic Procedures Performed in 2023,https://www.isaps.org/media/rxnfqibn/isaps-global-survey_2023.pdf,ISAPS page 34 country procedure table.,official_association_report
E:\shared\行业报告\2023isaps-global-survey.pdf,procedure_volume,Non-surgical procedures,Country non-surgical procedures,,Syria,97250,procedures,2023,ISAPS,2023 ISAPS International Survey on Aesthetic/Cosmetic Procedures Performed in 2023,https://www.isaps.org/media/rxnfqibn/isaps-global-survey_2023.pdf,ISAPS page 34 country procedure table.,official_association_report
E:\shared\行业报告\2023isaps-global-survey.pdf,procedure_volume,Injectables,Country total injectables,,Syria,64100,procedures,2023,ISAPS,2023 ISAPS International Survey on Aesthetic/Cosmetic Procedures Performed in 2023,https://www.isaps.org/media/rxnfqibn/isaps-global-survey_2023.pdf,ISAPS page 34 country procedure table.,official_association_report
E:\shared\行业报告\2023isaps-global-survey.pdf,procedure_volume,Facial rejuvenation,Country total facial rejuvenation,,Syria,6990,procedures,2023,ISAPS,2023 ISAPS International Survey on Aesthetic/Cosmetic Procedures Performed in 2023,https://www.isaps.org/media/rxnfqibn/isaps-global-survey_2023.pdf,ISAPS page 34 country procedure table.,official_association_report
E:\shared\行业报告\2023isaps-global-survey.pdf,procedure_volume,Other non-surgical,Country total other non-surgical,,Syria,26160,procedures,2023,ISAPS,2023 ISAPS International Survey on Aesthetic/Cosmetic Procedures Performed in 2023,https://www.isaps.org/media/rxnfqibn/isaps-global-survey_2023.pdf,ISAPS page 34 country procedure table.,official_association_report
E:\shared\行业报告\2023isaps-global-survey.pdf,procedure_volume,Injectables,Botulinum Toxin,,Syria,37530,procedures,2023,ISAPS,2023 ISAPS International Survey on Aesthetic/Cosmetic Procedures Performed in 2023,https://www.isaps.org/media/rxnfqibn/isaps-global-survey_2023.pdf,ISAPS page 34 country procedure table.,official_association_report
E:\shared\行业报告\2023isaps-global-survey.pdf,procedure_volume,Injectables,Calcium Hydroxylapatite,,Syria,300,procedures,2023,ISAPS,2023 ISAPS International Survey on Aesthetic/Cosmetic Procedures Performed in 2023,https://www.isaps.org/media/rxnfqibn/isaps-global-survey_2023.pdf,ISAPS page 34 country procedure table.,official_association_report
E:\shared\行业报告\2023isaps-global-survey.pdf,procedure_volume,Injectables,Hyaluronic Acid,,Syria,26270,procedures,2023,ISAPS,2023 ISAPS International Survey on Aesthetic/Cosmetic Procedures Performed in 2023,https://www.isaps.org/media/rxnfqibn/isaps-global-survey_2023.pdf,ISAPS page 34 country procedure table.,official_association_report
E:\shared\行业报告\2023isaps-global-survey.pdf,procedure_volume,Facial rejuvenation,Chemical Peel,,Syria,1570,procedures,2023,ISAPS,2023 ISAPS International Survey on Aesthetic/Cosmetic Procedures Performed in 2023,https://www.isaps.org/media/rxnfqibn/isaps-global-survey_2023.pdf,ISAPS page 34 country procedure table.,official_association_report
E:\shared\行业报告\2023isaps-global-survey.pdf,procedure_volume,Facial rejuvenation,Full Field Ablative,,Syria,2120,procedures,2023,ISAPS,2023 ISAPS International Survey on Aesthetic/Cosmetic Procedures Performed in 2023,https://www.isaps.org/media/rxnfqibn/isaps-global-survey_2023.pdf,ISAPS page 34 country procedure table.,official_association_report
E:\shared\行业报告\2023isaps-global-survey.pdf,procedure_volume,Facial rejuvenation,Non-Surgical Skin Tightening,,Syria,3300,procedures,2023,ISAPS,2023 ISAPS International Survey on Aesthetic/Cosmetic Procedures Performed in 2023,https://www.isaps.org/media/rxnfqibn/isaps-global-survey_2023.pdf,ISAPS page 34 country procedure table.,official_association_report
E:\shared\行业报告\2023isaps-global-survey.pdf,procedure_volume,Other non-surgical,Cellulite Treatment,,Syria,1070,procedures,2023,ISAPS,2023 ISAPS International Survey on Aesthetic/Cosmetic Procedures Performed in 2023,https://www.isaps.org/media/rxnfqibn/isaps-global-survey_2023.pdf,ISAPS page 34 country procedure table.,official_association_report
E:\shared\行业报告\2023isaps-global-survey.pdf,procedure_volume,Other non-surgical,Hair Removal,,Syria,23460,procedures,2023,ISAPS,2023 ISAPS International Survey on Aesthetic/Cosmetic Procedures Performed in 2023,https://www.isaps.org/media/rxnfqibn/isaps-global-survey_2023.pdf,ISAPS page 34 country procedure table.,official_association_report
E:\shared\行业报告\2023isaps-global-survey.pdf,procedure_volume,Other non-surgical,Non-Surgical Fat Reduction,,Syria,1630,procedures,2023,ISAPS,2023 ISAPS International Survey on Aesthetic/Cosmetic Procedures Performed in 2023,https://www.isaps.org/media/rxnfqibn/isaps-global-survey_2023.pdf,ISAPS page 34 country procedure table.,official_association_report
E:\shared\行业报告\2023isaps-global-survey.pdf,procedure_volume,All procedures,Country total procedures,,South Africa,85869,procedures,2023,ISAPS,2023 ISAPS International Survey on Aesthetic/Cosmetic Procedures Performed in 2023,https://www.isaps.org/media/rxnfqibn/isaps-global-survey_2023.pdf,ISAPS page 35 country procedure table.,official_association_report
E:\shared\行业报告\2023isaps-global-survey.pdf,procedure_volume,Surgical procedures,Country surgical procedures,,South Africa,37383,procedures,2023,ISAPS,2023 ISAPS International Survey on Aesthetic/Cosmetic Procedures Performed in 2023,https://www.isaps.org/media/rxnfqibn/isaps-global-survey_2023.pdf,ISAPS page 35 country procedure table.,official_association_report
E:\shared\行业报告\2023isaps-global-survey.pdf,procedure_volume,Non-surgical procedures,Country non-surgical procedures,,South Africa,48486,procedures,2023,ISAPS,2023 ISAPS International Survey on Aesthetic/Cosmetic Procedures Performed in 2023,https://www.isaps.org/media/rxnfqibn/isaps-global-survey_2023.pdf,ISAPS page 35 country procedure table.,official_association_report
E:\shared\行业报告\2023isaps-global-survey.pdf,procedure_volume,Injectables,Country total injectables,,South Africa,42757,procedures,2023,ISAPS,2023 ISAPS International Survey on Aesthetic/Cosmetic Procedures Performed in 2023,https://www.isaps.org/media/rxnfqibn/isaps-global-survey_2023.pdf,ISAPS page 35 country procedure table.,official_association_report
E:\shared\行业报告\2023isaps-global-survey.pdf,procedure_volume,Facial rejuvenation,Country total facial rejuvenation,,South Africa,4952,procedures,2023,ISAPS,2023 ISAPS International Survey on Aesthetic/Cosmetic Procedures Performed in 2023,https://www.isaps.org/media/rxnfqibn/isaps-global-survey_2023.pdf,ISAPS page 35 country procedure table.,official_association_report
E:\shared\行业报告\2023isaps-global-survey.pdf,procedure_volume,Other non-surgical,Country total other non-surgical,,South Africa,777,procedures,2023,ISAPS,2023 ISAPS International Survey on Aesthetic/Cosmetic Procedures Performed in 2023,https://www.isaps.org/media/rxnfqibn/isaps-global-survey_2023.pdf,ISAPS page 35 country procedure table.,official_association_report
E:\shared\行业报告\2023isaps-global-survey.pdf,procedure_volume,Injectables,Botulinum Toxin,,South Africa,29643,procedures,2023,ISAPS,2023 ISAPS International Survey on Aesthetic/Cosmetic Procedures Performed in 2023,https://www.isaps.org/media/rxnfqibn/isaps-global-survey_2023.pdf,ISAPS page 35 country procedure table.,official_association_report
E:\shared\行业报告\2023isaps-global-survey.pdf,procedure_volume,Injectables,Calcium Hydroxylapatite,,South Africa,473,procedures,2023,ISAPS,2023 ISAPS International Survey on Aesthetic/Cosmetic Procedures Performed in 2023,https://www.isaps.org/media/rxnfqibn/isaps-global-survey_2023.pdf,ISAPS page 35 country procedure table.,official_association_report
E:\shared\行业报告\2023isaps-global-survey.pdf,procedure_volume,Injectables,Hyaluronic Acid,,South Africa,12641,procedures,2023,ISAPS,2023 ISAPS International Survey on Aesthetic/Cosmetic Procedures Performed in 2023,https://www.isaps.org/media/rxnfqibn/isaps-global-survey_2023.pdf,ISAPS page 35 country procedure table.,official_association_report
E:\shared\行业报告\2023isaps-global-survey.pdf,procedure_volume,Facial rejuvenation,Chemical Peel,,South Africa,1149,procedures,2023,ISAPS,2023 ISAPS International Survey on Aesthetic/Cosmetic Procedures Performed in 2023,https://www.isaps.org/media/rxnfqibn/isaps-global-survey_2023.pdf,ISAPS page 35 country procedure table.,official_association_report
E:\shared\行业报告\2023isaps-global-survey.pdf,procedure_volume,Facial rejuvenation,Full Field Ablative,,South Africa,389,procedures,2023,ISAPS,2023 ISAPS International Survey on Aesthetic/Cosmetic Procedures Performed in 2023,https://www.isaps.org/media/rxnfqibn/isaps-global-survey_2023.pdf,ISAPS page 35 country procedure table.,official_association_report
E:\shared\行业报告\2023isaps-global-survey.pdf,procedure_volume,Facial rejuvenation,Non-Surgical Skin Tightening,,South Africa,3414,procedures,2023,ISAPS,2023 ISAPS International Survey on Aesthetic/Cosmetic Procedures Performed in 2023,https://www.isaps.org/media/rxnfqibn/isaps-global-survey_2023.pdf,ISAPS page 35 country procedure table.,official_association_report
E:\shared\行业报告\2023isaps-global-survey.pdf,procedure_volume,Other non-surgical,Cellulite Treatment,,South Africa,456,procedures,2023,ISAPS,2023 ISAPS International Survey on Aesthetic/Cosmetic Procedures Performed in 2023,https://www.isaps.org/media/rxnfqibn/isaps-global-survey_2023.pdf,ISAPS page 35 country procedure table.,official_association_report
E:\shared\行业报告\2023isaps-global-survey.pdf,procedure_volume,Other non-surgical,Hair Removal,,South Africa,0,procedures,2023,ISAPS,2023 ISAPS International Survey on Aesthetic/Cosmetic Procedures Performed in 2023,https://www.isaps.org/media/rxnfqibn/isaps-global-survey_2023.pdf,ISAPS page 35 country procedure table.,official_association_report
E:\shared\行业报告\2023isaps-global-survey.pdf,procedure_volume,Other non-surgical,Non-Surgical Fat Reduction,,South Africa,321,procedures,2023,ISAPS,2023 ISAPS International Survey on Aesthetic/Cosmetic Procedures Performed in 2023,https://www.isaps.org/media/rxnfqibn/isaps-global-survey_2023.pdf,ISAPS page 35 country procedure table.,official_association_report
E:\shared\行业报告\2023isaps-global-survey.pdf,procedure_volume,All procedures,Country total procedures,,Malaysia,23923,procedures,2023,ISAPS,2023 ISAPS International Survey on Aesthetic/Cosmetic Procedures Performed in 2023,https://www.isaps.org/media/rxnfqibn/isaps-global-survey_2023.pdf,ISAPS page 36 country procedure table.,official_association_report
E:\shared\行业报告\2023isaps-global-survey.pdf,procedure_volume,Surgical procedures,Country surgical procedures,,Malaysia,11334,procedures,2023,ISAPS,2023 ISAPS International Survey on Aesthetic/Cosmetic Procedures Performed in 2023,https://www.isaps.org/media/rxnfqibn/isaps-global-survey_2023.pdf,ISAPS page 36 country procedure table.,official_association_report
E:\shared\行业报告\2023isaps-global-survey.pdf,procedure_volume,Non-surgical procedures,Country non-surgical procedures,,Malaysia,12589,procedures,2023,ISAPS,2023 ISAPS International Survey on Aesthetic/Cosmetic Procedures Performed in 2023,https://www.isaps.org/media/rxnfqibn/isaps-global-survey_2023.pdf,ISAPS page 36 country procedure table.,official_association_report
E:\shared\行业报告\2023isaps-global-survey.pdf,procedure_volume,Injectables,Country total injectables,,Malaysia,7358,procedures,2023,ISAPS,2023 ISAPS International Survey on Aesthetic/Cosmetic Procedures Performed in 2023,https://www.isaps.org/media/rxnfqibn/isaps-global-survey_2023.pdf,ISAPS page 36 country procedure table.,official_association_report
E:\shared\行业报告\2023isaps-global-survey.pdf,procedure_volume,Facial rejuvenation,Country total facial rejuvenation,,Malaysia,4323,procedures,2023,ISAPS,2023 ISAPS International Survey on Aesthetic/Cosmetic Procedures Performed in 2023,https://www.isaps.org/media/rxnfqibn/isaps-global-survey_2023.pdf,ISAPS page 36 country procedure table.,official_association_report
E:\shared\行业报告\2023isaps-global-survey.pdf,procedure_volume,Other non-surgical,Country total other non-surgical,,Malaysia,907,procedures,2023,ISAPS,2023 ISAPS International Survey on Aesthetic/Cosmetic Procedures Performed in 2023,https://www.isaps.org/media/rxnfqibn/isaps-global-survey_2023.pdf,ISAPS page 36 country procedure table.,official_association_report
E:\shared\行业报告\2023isaps-global-survey.pdf,procedure_volume,Injectables,Botulinum Toxin,,Malaysia,4368,procedures,2023,ISAPS,2023 ISAPS International Survey on Aesthetic/Cosmetic Procedures Performed in 2023,https://www.isaps.org/media/rxnfqibn/isaps-global-survey_2023.pdf,ISAPS page 36 country procedure table.,official_association_report
E:\shared\行业报告\2023isaps-global-survey.pdf,procedure_volume,Injectables,Calcium Hydroxylapatite,,Malaysia,0,procedures,2023,ISAPS,2023 ISAPS International Survey on Aesthetic/Cosmetic Procedures Performed in 2023,https://www.isaps.org/media/rxnfqibn/isaps-global-survey_2023.pdf,ISAPS page 36 country procedure table.,official_association_report
E:\shared\行业报告\2023isaps-global-survey.pdf,procedure_volume,Injectables,Hyaluronic Acid,,Malaysia,2990,procedures,2023,ISAPS,2023 ISAPS International Survey on Aesthetic/Cosmetic Procedures Performed in 2023,https://www.isaps.org/media/rxnfqibn/isaps-global-survey_2023.pdf,ISAPS page 36 country procedure table.,official_association_report
E:\shared\行业报告\2023isaps-global-survey.pdf,procedure_volume,Facial rejuvenation,Chemical Peel,,Malaysia,202,procedures,2023,ISAPS,2023 ISAPS International Survey on Aesthetic/Cosmetic Procedures Performed in 2023,https://www.isaps.org/media/rxnfqibn/isaps-global-survey_2023.pdf,ISAPS page 36 country procedure table.,official_association_report
E:\shared\行业报告\2023isaps-global-survey.pdf,procedure_volume,Facial rejuvenation,Full Field Ablative,,Malaysia,2162,procedures,2023,ISAPS,2023 ISAPS International Survey on Aesthetic/Cosmetic Procedures Performed in 2023,https://www.isaps.org/media/rxnfqibn/isaps-global-survey_2023.pdf,ISAPS page 36 country procedure table.,official_association_report
E:\shared\行业报告\2023isaps-global-survey.pdf,procedure_volume,Facial rejuvenation,Non-Surgical Skin Tightening,,Malaysia,1960,procedures,2023,ISAPS,2023 ISAPS International Survey on Aesthetic/Cosmetic Procedures Performed in 2023,https://www.isaps.org/media/rxnfqibn/isaps-global-survey_2023.pdf,ISAPS page 36 country procedure table.,official_association_report
E:\shared\行业报告\2023isaps-global-survey.pdf,procedure_volume,Other non-surgical,Cellulite Treatment,,Malaysia,45,procedures,2023,ISAPS,2023 ISAPS International Survey on Aesthetic/Cosmetic Procedures Performed in 2023,https://www.isaps.org/media/rxnfqibn/isaps-global-survey_2023.pdf,ISAPS page 36 country procedure table.,official_association_report
E:\shared\行业报告\2023isaps-global-survey.pdf,procedure_volume,Other non-surgical,Hair Removal,,Malaysia,358,procedures,2023,ISAPS,2023 ISAPS International Survey on Aesthetic/Cosmetic Procedures Performed in 2023,https://www.isaps.org/media/rxnfqibn/isaps-global-survey_2023.pdf,ISAPS page 36 country procedure table.,official_association_report
E:\shared\行业报告\2023isaps-global-survey.pdf,procedure_volume,Other non-surgical,Non-Surgical Fat Reduction,,Malaysia,504,procedures,2023,ISAPS,2023 ISAPS International Survey on Aesthetic/Cosmetic Procedures Performed in 2023,https://www.isaps.org/media/rxnfqibn/isaps-global-survey_2023.pdf,ISAPS page 36 country procedure table.,official_association_report
E:\shared\行业报告\2023isaps-global-survey.pdf,procedure_volume,All procedures,Country total procedures,,Bangladesh,21928,procedures,2023,ISAPS,2023 ISAPS International Survey on Aesthetic/Cosmetic Procedures Performed in 2023,https://www.isaps.org/media/rxnfqibn/isaps-global-survey_2023.pdf,ISAPS page 37 country procedure table.,official_association_report
E:\shared\行业报告\2023isaps-global-survey.pdf,procedure_volume,Surgical procedures,Country surgical procedures,,Bangladesh,15810,procedures,2023,ISAPS,2023 ISAPS International Survey on Aesthetic/Cosmetic Procedures Performed in 2023,https://www.isaps.org/media/rxnfqibn/isaps-global-survey_2023.pdf,ISAPS page 37 country procedure table.,official_association_report
E:\shared\行业报告\2023isaps-global-survey.pdf,procedure_volume,Non-surgical procedures,Country non-surgical procedures,,Bangladesh,6118,procedures,2023,ISAPS,2023 ISAPS International Survey on Aesthetic/Cosmetic Procedures Performed in 2023,https://www.isaps.org/media/rxnfqibn/isaps-global-survey_2023.pdf,ISAPS page 37 country procedure table.,official_association_report
E:\shared\行业报告\2023isaps-global-survey.pdf,procedure_volume,Injectables,Country total injectables,,Bangladesh,1819,procedures,2023,ISAPS,2023 ISAPS International Survey on Aesthetic/Cosmetic Procedures Performed in 2023,https://www.isaps.org/media/rxnfqibn/isaps-global-survey_2023.pdf,ISAPS page 37 country procedure table.,official_association_report
E:\shared\行业报告\2023isaps-global-survey.pdf,procedure_volume,Facial rejuvenation,Country total facial rejuvenation,,Bangladesh,1996,procedures,2023,ISAPS,2023 ISAPS International Survey on Aesthetic/Cosmetic Procedures Performed in 2023,https://www.isaps.org/media/rxnfqibn/isaps-global-survey_2023.pdf,ISAPS page 37 country procedure table.,official_association_report
E:\shared\行业报告\2023isaps-global-survey.pdf,procedure_volume,Other non-surgical,Country total other non-surgical,,Bangladesh,2302,procedures,2023,ISAPS,2023 ISAPS International Survey on Aesthetic/Cosmetic Procedures Performed in 2023,https://www.isaps.org/media/rxnfqibn/isaps-global-survey_2023.pdf,ISAPS page 37 country procedure table.,official_association_report
E:\shared\行业报告\2023isaps-global-survey.pdf,procedure_volume,Injectables,Botulinum Toxin,,Bangladesh,1159,procedures,2023,ISAPS,2023 ISAPS International Survey on Aesthetic/Cosmetic Procedures Performed in 2023,https://www.isaps.org/media/rxnfqibn/isaps-global-survey_2023.pdf,ISAPS page 37 country procedure table.,official_association_report
E:\shared\行业报告\2023isaps-global-survey.pdf,procedure_volume,Injectables,Calcium Hydroxylapatite,,Bangladesh,0,procedures,2023,ISAPS,2023 ISAPS International Survey on Aesthetic/Cosmetic Procedures Performed in 2023,https://www.isaps.org/media/rxnfqibn/isaps-global-survey_2023.pdf,ISAPS page 37 country procedure table.,official_association_report
E:\shared\行业报告\2023isaps-global-survey.pdf,procedure_volume,Injectables,Hyaluronic Acid,,Bangladesh,660,procedures,2023,ISAPS,2023 ISAPS International Survey on Aesthetic/Cosmetic Procedures Performed in 2023,https://www.isaps.org/media/rxnfqibn/isaps-global-survey_2023.pdf,ISAPS page 37 country procedure table.,official_association_report
E:\shared\行业报告\2023isaps-global-survey.pdf,procedure_volume,Facial rejuvenation,Chemical Peel,,Bangladesh,564,procedures,2023,ISAPS,2023 ISAPS International Survey on Aesthetic/Cosmetic Procedures Performed in 2023,https://www.isaps.org/media/rxnfqibn/isaps-global-survey_2023.pdf,ISAPS page 37 country procedure table.,official_association_report
E:\shared\行业报告\2023isaps-global-survey.pdf,procedure_volume,Facial rejuvenation,Full Field Ablative,,Bangladesh,1240,procedures,2023,ISAPS,2023 ISAPS International Survey on Aesthetic/Cosmetic Procedures Performed in 2023,https://www.isaps.org/media/rxnfqibn/isaps-global-survey_2023.pdf,ISAPS page 37 country procedure table.,official_association_report
E:\shared\行业报告\2023isaps-global-survey.pdf,procedure_volume,Facial rejuvenation,Non-Surgical Skin Tightening,,Bangladesh,193,procedures,2023,ISAPS,2023 ISAPS International Survey on Aesthetic/Cosmetic Procedures Performed in 2023,https://www.isaps.org/media/rxnfqibn/isaps-global-survey_2023.pdf,ISAPS page 37 country procedure table.,official_association_report
E:\shared\行业报告\2023isaps-global-survey.pdf,procedure_volume,Other non-surgical,Cellulite Treatment,,Bangladesh,161,procedures,2023,ISAPS,2023 ISAPS International Survey on Aesthetic/Cosmetic Procedures Performed in 2023,https://www.isaps.org/media/rxnfqibn/isaps-global-survey_2023.pdf,ISAPS page 37 country procedure table.,official_association_report
E:\shared\行业报告\2023isaps-global-survey.pdf,procedure_volume,Other non-surgical,Hair Removal,,Bangladesh,2125,procedures,2023,ISAPS,2023 ISAPS International Survey on Aesthetic/Cosmetic Procedures Performed in 2023,https://www.isaps.org/media/rxnfqibn/isaps-global-survey_2023.pdf,ISAPS page 37 country procedure table.,official_association_report
E:\shared\行业报告\2023isaps-global-survey.pdf,procedure_volume,Other non-surgical,Non-Surgical Fat Reduction,,Bangladesh,16,procedures,2023,ISAPS,2023 ISAPS International Survey on Aesthetic/Cosmetic Procedures Performed in 2023,https://www.isaps.org/media/rxnfqibn/isaps-global-survey_2023.pdf,ISAPS page 37 country procedure table.,official_association_report
E:\shared\行业报告\2023isaps-global-survey.pdf,estimated_plastic_surgeons,Workforce,Estimated plastic surgeons,,United States,7750,surgeons,2023,ISAPS,2023 ISAPS International Survey on Aesthetic/Cosmetic Procedures Performed in 2023,https://www.isaps.org/media/rxnfqibn/isaps-global-survey_2023.pdf,ISAPS page 47 ranked estimated number of plastic surgeons.,official_association_report
E:\shared\行业报告\2023isaps-global-survey.pdf,estimated_plastic_surgeons,Workforce,Estimated plastic surgeons,,Brazil,6457,surgeons,2023,ISAPS,2023 ISAPS International Survey on Aesthetic/Cosmetic Procedures Performed in 2023,https://www.isaps.org/media/rxnfqibn/isaps-global-survey_2023.pdf,ISAPS page 47 ranked estimated number of plastic surgeons.,official_association_report
E:\shared\行业报告\2023isaps-global-survey.pdf,estimated_plastic_surgeons,Workforce,Estimated plastic surgeons,,Japan,3050,surgeons,2023,ISAPS,2023 ISAPS International Survey on Aesthetic/Cosmetic Procedures Performed in 2023,https://www.isaps.org/media/rxnfqibn/isaps-global-survey_2023.pdf,ISAPS page 47 ranked estimated number of plastic surgeons.,official_association_report
E:\shared\行业报告\2023isaps-global-survey.pdf,estimated_plastic_surgeons,Workforce,Estimated plastic surgeons,,China,3000,surgeons,2023,ISAPS,2023 ISAPS International Survey on Aesthetic/Cosmetic Procedures Performed in 2023,https://www.isaps.org/media/rxnfqibn/isaps-global-survey_2023.pdf,ISAPS page 47 ranked estimated number of plastic surgeons.,official_association_report
E:\shared\行业报告\2023isaps-global-survey.pdf,estimated_plastic_surgeons,Workforce,Estimated plastic surgeons,,India,3000,surgeons,2023,ISAPS,2023 ISAPS International Survey on Aesthetic/Cosmetic Procedures Performed in 2023,https://www.isaps.org/media/rxnfqibn/isaps-global-survey_2023.pdf,ISAPS page 47 ranked estimated number of plastic surgeons.,official_association_report
E:\shared\行业报告\2023isaps-global-survey.pdf,estimated_plastic_surgeons,Workforce,Estimated plastic surgeons,,South Korea,2739,surgeons,2023,ISAPS,2023 ISAPS International Survey on Aesthetic/Cosmetic Procedures Performed in 2023,https://www.isaps.org/media/rxnfqibn/isaps-global-survey_2023.pdf,ISAPS page 47 ranked estimated number of plastic surgeons.,official_association_report
E:\shared\行业报告\2023isaps-global-survey.pdf,estimated_plastic_surgeons,Workforce,Estimated plastic surgeons,,Argentina,2500,surgeons,2023,ISAPS,2023 ISAPS International Survey on Aesthetic/Cosmetic Procedures Performed in 2023,https://www.isaps.org/media/rxnfqibn/isaps-global-survey_2023.pdf,ISAPS page 47 ranked estimated number of plastic surgeons.,official_association_report
E:\shared\行业报告\2023isaps-global-survey.pdf,estimated_plastic_surgeons,Workforce,Estimated plastic surgeons,,Mexico,2394,surgeons,2023,ISAPS,2023 ISAPS International Survey on Aesthetic/Cosmetic Procedures Performed in 2023,https://www.isaps.org/media/rxnfqibn/isaps-global-survey_2023.pdf,ISAPS page 47 ranked estimated number of plastic surgeons.,official_association_report
E:\shared\行业报告\2023isaps-global-survey.pdf,estimated_plastic_surgeons,Workforce,Estimated plastic surgeons,,Russia,2000,surgeons,2023,ISAPS,2023 ISAPS International Survey on Aesthetic/Cosmetic Procedures Performed in 2023,https://www.isaps.org/media/rxnfqibn/isaps-global-survey_2023.pdf,ISAPS page 47 ranked estimated number of plastic surgeons.,official_association_report
E:\shared\行业报告\2023isaps-global-survey.pdf,estimated_plastic_surgeons,Workforce,Estimated plastic surgeons,,Turkiye,1600,surgeons,2023,ISAPS,2023 ISAPS International Survey on Aesthetic/Cosmetic Procedures Performed in 2023,https://www.isaps.org/media/rxnfqibn/isaps-global-survey_2023.pdf,ISAPS page 47 ranked estimated number of plastic surgeons.,official_association_report
E:\shared\行业报告\2023isaps-global-survey.pdf,estimated_plastic_surgeons,Workforce,Estimated plastic surgeons,,Germany,1550,surgeons,2023,ISAPS,2023 ISAPS International Survey on Aesthetic/Cosmetic Procedures Performed in 2023,https://www.isaps.org/media/rxnfqibn/isaps-global-survey_2023.pdf,ISAPS page 47 ranked estimated number of plastic surgeons.,official_association_report
E:\shared\行业报告\2023isaps-global-survey.pdf,estimated_plastic_surgeons,Workforce,Estimated plastic surgeons,,Egypt,1450,surgeons,2023,ISAPS,2023 ISAPS International Survey on Aesthetic/Cosmetic Procedures Performed in 2023,https://www.isaps.org/media/rxnfqibn/isaps-global-survey_2023.pdf,ISAPS page 47 ranked estimated number of plastic surgeons.,official_association_report
E:\shared\行业报告\2023isaps-global-survey.pdf,estimated_plastic_surgeons,Workforce,Estimated plastic surgeons,,Italy,1151,surgeons,2023,ISAPS,2023 ISAPS International Survey on Aesthetic/Cosmetic Procedures Performed in 2023,https://www.isaps.org/media/rxnfqibn/isaps-global-survey_2023.pdf,ISAPS page 47 ranked estimated number of plastic surgeons.,official_association_report
E:\shared\行业报告\2023isaps-global-survey.pdf,estimated_plastic_surgeons,Workforce,Estimated plastic surgeons,,France,1000,surgeons,2023,ISAPS,2023 ISAPS International Survey on Aesthetic/Cosmetic Procedures Performed in 2023,https://www.isaps.org/media/rxnfqibn/isaps-global-survey_2023.pdf,ISAPS page 47 ranked estimated number of plastic surgeons.,official_association_report
E:\shared\行业报告\2023isaps-global-survey.pdf,estimated_plastic_surgeons,Workforce,Estimated plastic surgeons,,Spain,1000,surgeons,2023,ISAPS,2023 ISAPS International Survey on Aesthetic/Cosmetic Procedures Performed in 2023,https://www.isaps.org/media/rxnfqibn/isaps-global-survey_2023.pdf,ISAPS page 47 ranked estimated number of plastic surgeons.,official_association_report
E:\shared\行业报告\2023isaps-global-survey.pdf,estimated_plastic_surgeons,Workforce,Estimated plastic surgeons,,Colombia,825,surgeons,2023,ISAPS,2023 ISAPS International Survey on Aesthetic/Cosmetic Procedures Performed in 2023,https://www.isaps.org/media/rxnfqibn/isaps-global-survey_2023.pdf,ISAPS page 47 ranked estimated number of plastic surgeons.,official_association_report
E:\shared\行业报告\2023isaps-global-survey.pdf,estimated_plastic_surgeons,Workforce,Estimated plastic surgeons,,Chinese Taipei,750,surgeons,2023,ISAPS,2023 ISAPS International Survey on Aesthetic/Cosmetic Procedures Performed in 2023,https://www.isaps.org/media/rxnfqibn/isaps-global-survey_2023.pdf,ISAPS page 47 ranked estimated number of plastic surgeons.,official_association_report
E:\shared\行业报告\2023isaps-global-survey.pdf,estimated_plastic_surgeons,Workforce,Estimated plastic surgeons,,Venezuela,725,surgeons,2023,ISAPS,2023 ISAPS International Survey on Aesthetic/Cosmetic Procedures Performed in 2023,https://www.isaps.org/media/rxnfqibn/isaps-global-survey_2023.pdf,ISAPS page 47 ranked estimated number of plastic surgeons.,official_association_report
E:\shared\行业报告\2023isaps-global-survey.pdf,estimated_plastic_surgeons,Workforce,Estimated plastic surgeons,,UK,717,surgeons,2023,ISAPS,2023 ISAPS International Survey on Aesthetic/Cosmetic Procedures Performed in 2023,https://www.isaps.org/media/rxnfqibn/isaps-global-survey_2023.pdf,ISAPS page 47 ranked estimated number of plastic surgeons.,official_association_report
E:\shared\行业报告\2023isaps-global-survey.pdf,estimated_plastic_surgeons,Workforce,Estimated plastic surgeons,,Netherlands,600,surgeons,2023,ISAPS,2023 ISAPS International Survey on Aesthetic/Cosmetic Procedures Performed in 2023,https://www.isaps.org/media/rxnfqibn/isaps-global-survey_2023.pdf,ISAPS page 47 ranked estimated number of plastic surgeons.,official_association_report
E:\shared\行业报告\2023isaps-global-survey.pdf,estimated_plastic_surgeons,Workforce,Estimated plastic surgeons,,Peru,575,surgeons,2023,ISAPS,2023 ISAPS International Survey on Aesthetic/Cosmetic Procedures Performed in 2023,https://www.isaps.org/media/rxnfqibn/isaps-global-survey_2023.pdf,ISAPS page 47 ranked estimated number of plastic surgeons.,official_association_report
E:\shared\行业报告\2023isaps-global-survey.pdf,estimated_plastic_surgeons,Workforce,Estimated plastic surgeons,,Thailand,500,surgeons,2023,ISAPS,2023 ISAPS International Survey on Aesthetic/Cosmetic Procedures Performed in 2023,https://www.isaps.org/media/rxnfqibn/isaps-global-survey_2023.pdf,ISAPS page 47 ranked estimated number of plastic surgeons.,official_association_report
E:\shared\行业报告\2023isaps-global-survey.pdf,estimated_plastic_surgeons,Workforce,Estimated plastic surgeons,,Canada,450,surgeons,2023,ISAPS,2023 ISAPS International Survey on Aesthetic/Cosmetic Procedures Performed in 2023,https://www.isaps.org/media/rxnfqibn/isaps-global-survey_2023.pdf,ISAPS page 47 ranked estimated number of plastic surgeons.,official_association_report
E:\shared\行业报告\2023isaps-global-survey.pdf,estimated_plastic_surgeons,Workforce,Estimated plastic surgeons,,Iran,450,surgeons,2023,ISAPS,2023 ISAPS International Survey on Aesthetic/Cosmetic Procedures Performed in 2023,https://www.isaps.org/media/rxnfqibn/isaps-global-survey_2023.pdf,ISAPS page 47 ranked estimated number of plastic surgeons.,official_association_report
E:\shared\行业报告\2023isaps-global-survey.pdf,estimated_plastic_surgeons,Workforce,Estimated plastic surgeons,,Australia,424,surgeons,2023,ISAPS,2023 ISAPS International Survey on Aesthetic/Cosmetic Procedures Performed in 2023,https://www.isaps.org/media/rxnfqibn/isaps-global-survey_2023.pdf,ISAPS page 47 ranked estimated number of plastic surgeons.,official_association_report
E:\shared\行业报告\2023isaps-global-survey.pdf,estimated_plastic_surgeons,Workforce,Estimated plastic surgeons,,Saudi Arabia,420,surgeons,2023,ISAPS,2023 ISAPS International Survey on Aesthetic/Cosmetic Procedures Performed in 2023,https://www.isaps.org/media/rxnfqibn/isaps-global-survey_2023.pdf,ISAPS page 47 ranked estimated number of plastic surgeons.,official_association_report
E:\shared\行业报告\2023isaps-global-survey.pdf,estimated_plastic_surgeons,Workforce,Estimated plastic surgeons,,Romania,350,surgeons,2023,ISAPS,2023 ISAPS International Survey on Aesthetic/Cosmetic Procedures Performed in 2023,https://www.isaps.org/media/rxnfqibn/isaps-global-survey_2023.pdf,ISAPS page 47 ranked estimated number of plastic surgeons.,official_association_report
E:\shared\行业报告\2023isaps-global-survey.pdf,estimated_plastic_surgeons,Workforce,Estimated plastic surgeons,,Ukraine,350,surgeons,2023,ISAPS,2023 ISAPS International Survey on Aesthetic/Cosmetic Procedures Performed in 2023,https://www.isaps.org/media/rxnfqibn/isaps-global-survey_2023.pdf,ISAPS page 47 ranked estimated number of plastic surgeons.,official_association_report
E:\shared\行业报告\2023isaps-global-survey.pdf,estimated_plastic_surgeons,Workforce,Estimated plastic surgeons,,Belgium,335,surgeons,2023,ISAPS,2023 ISAPS International Survey on Aesthetic/Cosmetic Procedures Performed in 2023,https://www.isaps.org/media/rxnfqibn/isaps-global-survey_2023.pdf,ISAPS page 47 ranked estimated number of plastic surgeons.,official_association_report
E:\shared\行业报告\2023isaps-global-survey.pdf,estimated_plastic_surgeons,Workforce,Estimated plastic surgeons,,Switzerland,313,surgeons,2023,ISAPS,2023 ISAPS International Survey on Aesthetic/Cosmetic Procedures Performed in 2023,https://www.isaps.org/media/rxnfqibn/isaps-global-survey_2023.pdf,ISAPS page 47 ranked estimated number of plastic surgeons.,official_association_report
E:\shared\行业报告\2022isaps-global-survey.pdf,procedure_volume,All procedures,Total surgical and non-surgical,,Global,33844293,procedures,2022,ISAPS,2022 ISAPS International Survey on Aesthetic/Cosmetic Procedures Performed in 2022,https://www.isaps.org/media/a0qfm4h3/isaps-global-survey_2022.pdf,ISAPS page 12 total procedures.,official_association_report
E:\shared\行业报告\2022isaps-global-survey.pdf,procedure_volume,Surgical procedures,Total surgical procedures,,Global,14986982,procedures,2022,ISAPS,2022 ISAPS International Survey on Aesthetic/Cosmetic Procedures Performed in 2022,https://www.isaps.org/media/a0qfm4h3/isaps-global-survey_2022.pdf,ISAPS page 9 global surgical total.,official_association_report
E:\shared\行业报告\2022isaps-global-survey.pdf,procedure_volume,Non-surgical procedures,Total non-surgical procedures,,Global,18857311,procedures,2022,ISAPS,2022 ISAPS International Survey on Aesthetic/Cosmetic Procedures Performed in 2022,https://www.isaps.org/media/a0qfm4h3/isaps-global-survey_2022.pdf,ISAPS page 10/page 12 global non-surgical total.,official_association_report
E:\shared\行业报告\2022isaps-global-survey.pdf,procedure_volume,Injectables,Total injectable procedures,,Global,13884172,procedures,2022,ISAPS,2022 ISAPS International Survey on Aesthetic/Cosmetic Procedures Performed in 2022,https://www.isaps.org/media/a0qfm4h3/isaps-global-survey_2022.pdf,ISAPS page 12 injectable procedure group.,official_association_report
E:\shared\行业报告\2022isaps-global-survey.pdf,procedure_volume,Facial rejuvenation,Total facial rejuvenation procedures,,Global,1946855,procedures,2022,ISAPS,2022 ISAPS International Survey on Aesthetic/Cosmetic Procedures Performed in 2022,https://www.isaps.org/media/a0qfm4h3/isaps-global-survey_2022.pdf,ISAPS page 12 non-surgical facial rejuvenation group.,official_association_report
E:\shared\行业报告\2022isaps-global-survey.pdf,procedure_volume,Other non-surgical,Total other procedures,,Global,3026284,procedures,2022,ISAPS,2022 ISAPS International Survey on Aesthetic/Cosmetic Procedures Performed in 2022,https://www.isaps.org/media/a0qfm4h3/isaps-global-survey_2022.pdf,ISAPS page 12 other non-surgical group.,official_association_report
E:\shared\行业报告\2022isaps-global-survey.pdf,procedure_volume,Injectables,Botulinum Toxin,,Global,9221419,procedures,2022,ISAPS,2022 ISAPS International Survey on Aesthetic/Cosmetic Procedures Performed in 2022,https://www.isaps.org/media/a0qfm4h3/isaps-global-survey_2022.pdf,ISAPS page 10 worldwide non-surgical procedure table.,official_association_report
E:\shared\行业报告\2022isaps-global-survey.pdf,procedure_volume,Injectables,Hyaluronic Acid,,Global,4312037,procedures,2022,ISAPS,2022 ISAPS International Survey on Aesthetic/Cosmetic Procedures Performed in 2022,https://www.isaps.org/media/a0qfm4h3/isaps-global-survey_2022.pdf,ISAPS page 10 worldwide non-surgical procedure table.,official_association_report
E:\shared\行业报告\2022isaps-global-survey.pdf,procedure_volume,Other non-surgical,Hair Removal,,Global,1798253,procedures,2022,ISAPS,2022 ISAPS International Survey on Aesthetic/Cosmetic Procedures Performed in 2022,https://www.isaps.org/media/a0qfm4h3/isaps-global-survey_2022.pdf,ISAPS page 10 worldwide non-surgical procedure table.,official_association_report
E:\shared\行业报告\2022isaps-global-survey.pdf,procedure_volume,Facial rejuvenation,Chemical Peel,,Global,844616,procedures,2022,ISAPS,2022 ISAPS International Survey on Aesthetic/Cosmetic Procedures Performed in 2022,https://www.isaps.org/media/a0qfm4h3/isaps-global-survey_2022.pdf,ISAPS page 10 worldwide non-surgical procedure table.,official_association_report
E:\shared\行业报告\2022isaps-global-survey.pdf,procedure_volume,Other non-surgical,Non-Surgical Fat Reduction,,Global,778716,procedures,2022,ISAPS,2022 ISAPS International Survey on Aesthetic/Cosmetic Procedures Performed in 2022,https://www.isaps.org/media/a0qfm4h3/isaps-global-survey_2022.pdf,ISAPS page 10 worldwide non-surgical procedure table.,official_association_report
E:\shared\行业报告\2022isaps-global-survey.pdf,procedure_volume,Facial rejuvenation,Non-Surgical Skin Tightening,,Global,734257,procedures,2022,ISAPS,2022 ISAPS International Survey on Aesthetic/Cosmetic Procedures Performed in 2022,https://www.isaps.org/media/a0qfm4h3/isaps-global-survey_2022.pdf,ISAPS page 10 worldwide non-surgical procedure table.,official_association_report
E:\shared\行业报告\2022isaps-global-survey.pdf,procedure_volume,Other non-surgical,Cellulite Treatment,,Global,449314,procedures,2022,ISAPS,2022 ISAPS International Survey on Aesthetic/Cosmetic Procedures Performed in 2022,https://www.isaps.org/media/a0qfm4h3/isaps-global-survey_2022.pdf,ISAPS page 10 worldwide non-surgical procedure table.,official_association_report
E:\shared\行业报告\2022isaps-global-survey.pdf,procedure_volume,Facial rejuvenation,Full Field Ablative,,Global,367983,procedures,2022,ISAPS,2022 ISAPS International Survey on Aesthetic/Cosmetic Procedures Performed in 2022,https://www.isaps.org/media/a0qfm4h3/isaps-global-survey_2022.pdf,ISAPS page 10 worldwide non-surgical procedure table.,official_association_report
E:\shared\行业报告\2022isaps-global-survey.pdf,procedure_volume,Injectables,Calcium Hydroxylapatite,,Global,350716,procedures,2022,ISAPS,2022 ISAPS International Survey on Aesthetic/Cosmetic Procedures Performed in 2022,https://www.isaps.org/media/a0qfm4h3/isaps-global-survey_2022.pdf,ISAPS page 10 worldwide non-surgical procedure table.,official_association_report
E:\shared\行业报告\2022isaps-global-survey.pdf,procedure_volume,All procedures,Country total procedures,,United States,7448196,procedures,2022,ISAPS,2022 ISAPS International Survey on Aesthetic/Cosmetic Procedures Performed in 2022,https://www.isaps.org/media/a0qfm4h3/isaps-global-survey_2022.pdf,ISAPS page 15 country procedure table.,official_association_report
E:\shared\行业报告\2022isaps-global-survey.pdf,procedure_volume,Surgical procedures,Country surgical procedures,,United States,1645435,procedures,2022,ISAPS,2022 ISAPS International Survey on Aesthetic/Cosmetic Procedures Performed in 2022,https://www.isaps.org/media/a0qfm4h3/isaps-global-survey_2022.pdf,ISAPS page 15 country procedure table.,official_association_report
E:\shared\行业报告\2022isaps-global-survey.pdf,procedure_volume,Non-surgical procedures,Country non-surgical procedures,,United States,5802761,procedures,2022,ISAPS,2022 ISAPS International Survey on Aesthetic/Cosmetic Procedures Performed in 2022,https://www.isaps.org/media/a0qfm4h3/isaps-global-survey_2022.pdf,ISAPS page 15 country procedure table.,official_association_report
E:\shared\行业报告\2022isaps-global-survey.pdf,procedure_volume,Injectables,Country total injectables,,United States,4556970,procedures,2022,ISAPS,2022 ISAPS International Survey on Aesthetic/Cosmetic Procedures Performed in 2022,https://www.isaps.org/media/a0qfm4h3/isaps-global-survey_2022.pdf,ISAPS page 15 country procedure table.,official_association_report
E:\shared\行业报告\2022isaps-global-survey.pdf,procedure_volume,Facial rejuvenation,Country total facial rejuvenation,,United States,609231,procedures,2022,ISAPS,2022 ISAPS International Survey on Aesthetic/Cosmetic Procedures Performed in 2022,https://www.isaps.org/media/a0qfm4h3/isaps-global-survey_2022.pdf,ISAPS page 15 country procedure table.,official_association_report
E:\shared\行业报告\2022isaps-global-survey.pdf,procedure_volume,Other non-surgical,Country total other non-surgical,,United States,636560,procedures,2022,ISAPS,2022 ISAPS International Survey on Aesthetic/Cosmetic Procedures Performed in 2022,https://www.isaps.org/media/a0qfm4h3/isaps-global-survey_2022.pdf,ISAPS page 15 country procedure table.,official_association_report
E:\shared\行业报告\2022isaps-global-survey.pdf,procedure_volume,Injectables,Botulinum Toxin,,United States,3945282,procedures,2022,ISAPS,2022 ISAPS International Survey on Aesthetic/Cosmetic Procedures Performed in 2022,https://www.isaps.org/media/a0qfm4h3/isaps-global-survey_2022.pdf,ISAPS page 15 country procedure table.,official_association_report
E:\shared\行业报告\2022isaps-global-survey.pdf,procedure_volume,Injectables,Calcium Hydroxylapatite,,United States,90519,procedures,2022,ISAPS,2022 ISAPS International Survey on Aesthetic/Cosmetic Procedures Performed in 2022,https://www.isaps.org/media/a0qfm4h3/isaps-global-survey_2022.pdf,ISAPS page 15 country procedure table.,official_association_report
E:\shared\行业报告\2022isaps-global-survey.pdf,procedure_volume,Injectables,Hyaluronic Acid,,United States,521169,procedures,2022,ISAPS,2022 ISAPS International Survey on Aesthetic/Cosmetic Procedures Performed in 2022,https://www.isaps.org/media/a0qfm4h3/isaps-global-survey_2022.pdf,ISAPS page 15 country procedure table.,official_association_report
E:\shared\行业报告\2022isaps-global-survey.pdf,procedure_volume,Facial rejuvenation,Chemical Peel,,United States,371228,procedures,2022,ISAPS,2022 ISAPS International Survey on Aesthetic/Cosmetic Procedures Performed in 2022,https://www.isaps.org/media/a0qfm4h3/isaps-global-survey_2022.pdf,ISAPS page 15 country procedure table.,official_association_report
E:\shared\行业报告\2022isaps-global-survey.pdf,procedure_volume,Facial rejuvenation,Full Field Ablative,,United States,75605,procedures,2022,ISAPS,2022 ISAPS International Survey on Aesthetic/Cosmetic Procedures Performed in 2022,https://www.isaps.org/media/a0qfm4h3/isaps-global-survey_2022.pdf,ISAPS page 15 country procedure table.,official_association_report
E:\shared\行业报告\2022isaps-global-survey.pdf,procedure_volume,Facial rejuvenation,Non-Surgical Skin Tightening,,United States,162398,procedures,2022,ISAPS,2022 ISAPS International Survey on Aesthetic/Cosmetic Procedures Performed in 2022,https://www.isaps.org/media/a0qfm4h3/isaps-global-survey_2022.pdf,ISAPS page 15 country procedure table.,official_association_report
E:\shared\行业报告\2022isaps-global-survey.pdf,procedure_volume,Other non-surgical,Cellulite Treatment,,United States,33575,procedures,2022,ISAPS,2022 ISAPS International Survey on Aesthetic/Cosmetic Procedures Performed in 2022,https://www.isaps.org/media/a0qfm4h3/isaps-global-survey_2022.pdf,ISAPS page 15 country procedure table.,official_association_report
E:\shared\行业报告\2022isaps-global-survey.pdf,procedure_volume,Other non-surgical,Hair Removal,,United States,398772,procedures,2022,ISAPS,2022 ISAPS International Survey on Aesthetic/Cosmetic Procedures Performed in 2022,https://www.isaps.org/media/a0qfm4h3/isaps-global-survey_2022.pdf,ISAPS page 15 country procedure table.,official_association_report
E:\shared\行业报告\2022isaps-global-survey.pdf,procedure_volume,Other non-surgical,Non-Surgical Fat Reduction,,United States,204214,procedures,2022,ISAPS,2022 ISAPS International Survey on Aesthetic/Cosmetic Procedures Performed in 2022,https://www.isaps.org/media/a0qfm4h3/isaps-global-survey_2022.pdf,ISAPS page 15 country procedure table.,official_association_report
E:\shared\行业报告\2022isaps-global-survey.pdf,procedure_volume,All procedures,Country total procedures,,Brazil,3020552,procedures,2022,ISAPS,2022 ISAPS International Survey on Aesthetic/Cosmetic Procedures Performed in 2022,https://www.isaps.org/media/a0qfm4h3/isaps-global-survey_2022.pdf,ISAPS page 16 country procedure table.,official_association_report
E:\shared\行业报告\2022isaps-global-survey.pdf,procedure_volume,Surgical procedures,Country surgical procedures,,Brazil,2049257,procedures,2022,ISAPS,2022 ISAPS International Survey on Aesthetic/Cosmetic Procedures Performed in 2022,https://www.isaps.org/media/a0qfm4h3/isaps-global-survey_2022.pdf,ISAPS page 16 country procedure table.,official_association_report
E:\shared\行业报告\2022isaps-global-survey.pdf,procedure_volume,Non-surgical procedures,Country non-surgical procedures,,Brazil,971294,procedures,2022,ISAPS,2022 ISAPS International Survey on Aesthetic/Cosmetic Procedures Performed in 2022,https://www.isaps.org/media/a0qfm4h3/isaps-global-survey_2022.pdf,ISAPS page 16 country procedure table.,official_association_report
E:\shared\行业报告\2022isaps-global-survey.pdf,procedure_volume,Injectables,Country total injectables,,Brazil,793934,procedures,2022,ISAPS,2022 ISAPS International Survey on Aesthetic/Cosmetic Procedures Performed in 2022,https://www.isaps.org/media/a0qfm4h3/isaps-global-survey_2022.pdf,ISAPS page 16 country procedure table.,official_association_report
E:\shared\行业报告\2022isaps-global-survey.pdf,procedure_volume,Facial rejuvenation,Country total facial rejuvenation,,Brazil,102045,procedures,2022,ISAPS,2022 ISAPS International Survey on Aesthetic/Cosmetic Procedures Performed in 2022,https://www.isaps.org/media/a0qfm4h3/isaps-global-survey_2022.pdf,ISAPS page 16 country procedure table.,official_association_report
E:\shared\行业报告\2022isaps-global-survey.pdf,procedure_volume,Other non-surgical,Country total other non-surgical,,Brazil,75316,procedures,2022,ISAPS,2022 ISAPS International Survey on Aesthetic/Cosmetic Procedures Performed in 2022,https://www.isaps.org/media/a0qfm4h3/isaps-global-survey_2022.pdf,ISAPS page 16 country procedure table.,official_association_report
E:\shared\行业报告\2022isaps-global-survey.pdf,procedure_volume,Injectables,Botulinum Toxin,,Brazil,433263,procedures,2022,ISAPS,2022 ISAPS International Survey on Aesthetic/Cosmetic Procedures Performed in 2022,https://www.isaps.org/media/a0qfm4h3/isaps-global-survey_2022.pdf,ISAPS page 16 country procedure table.,official_association_report
E:\shared\行业报告\2022isaps-global-survey.pdf,procedure_volume,Injectables,Calcium Hydroxylapatite,,Brazil,33107,procedures,2022,ISAPS,2022 ISAPS International Survey on Aesthetic/Cosmetic Procedures Performed in 2022,https://www.isaps.org/media/a0qfm4h3/isaps-global-survey_2022.pdf,ISAPS page 16 country procedure table.,official_association_report
E:\shared\行业报告\2022isaps-global-survey.pdf,procedure_volume,Injectables,Hyaluronic Acid,,Brazil,327563,procedures,2022,ISAPS,2022 ISAPS International Survey on Aesthetic/Cosmetic Procedures Performed in 2022,https://www.isaps.org/media/a0qfm4h3/isaps-global-survey_2022.pdf,ISAPS page 16 country procedure table.,official_association_report
E:\shared\行业报告\2022isaps-global-survey.pdf,procedure_volume,Facial rejuvenation,Chemical Peel,,Brazil,34002,procedures,2022,ISAPS,2022 ISAPS International Survey on Aesthetic/Cosmetic Procedures Performed in 2022,https://www.isaps.org/media/a0qfm4h3/isaps-global-survey_2022.pdf,ISAPS page 16 country procedure table.,official_association_report
E:\shared\行业报告\2022isaps-global-survey.pdf,procedure_volume,Facial rejuvenation,Full Field Ablative,,Brazil,28487,procedures,2022,ISAPS,2022 ISAPS International Survey on Aesthetic/Cosmetic Procedures Performed in 2022,https://www.isaps.org/media/a0qfm4h3/isaps-global-survey_2022.pdf,ISAPS page 16 country procedure table.,official_association_report
E:\shared\行业报告\2022isaps-global-survey.pdf,procedure_volume,Facial rejuvenation,Non-Surgical Skin Tightening,,Brazil,39556,procedures,2022,ISAPS,2022 ISAPS International Survey on Aesthetic/Cosmetic Procedures Performed in 2022,https://www.isaps.org/media/a0qfm4h3/isaps-global-survey_2022.pdf,ISAPS page 16 country procedure table.,official_association_report
E:\shared\行业报告\2022isaps-global-survey.pdf,procedure_volume,Other non-surgical,Cellulite Treatment,,Brazil,46990,procedures,2022,ISAPS,2022 ISAPS International Survey on Aesthetic/Cosmetic Procedures Performed in 2022,https://www.isaps.org/media/a0qfm4h3/isaps-global-survey_2022.pdf,ISAPS page 16 country procedure table.,official_association_report
E:\shared\行业报告\2022isaps-global-survey.pdf,procedure_volume,Other non-surgical,Hair Removal,,Brazil,10080,procedures,2022,ISAPS,2022 ISAPS International Survey on Aesthetic/Cosmetic Procedures Performed in 2022,https://www.isaps.org/media/a0qfm4h3/isaps-global-survey_2022.pdf,ISAPS page 16 country procedure table.,official_association_report
E:\shared\行业报告\2022isaps-global-survey.pdf,procedure_volume,Other non-surgical,Non-Surgical Fat Reduction,,Brazil,18247,procedures,2022,ISAPS,2022 ISAPS International Survey on Aesthetic/Cosmetic Procedures Performed in 2022,https://www.isaps.org/media/a0qfm4h3/isaps-global-survey_2022.pdf,ISAPS page 16 country procedure table.,official_association_report
E:\shared\行业报告\2022isaps-global-survey.pdf,procedure_volume,All procedures,Country total procedures,,Japan,2459326,procedures,2022,ISAPS,2022 ISAPS International Survey on Aesthetic/Cosmetic Procedures Performed in 2022,https://www.isaps.org/media/a0qfm4h3/isaps-global-survey_2022.pdf,ISAPS page 17 country procedure table.,official_association_report
E:\shared\行业报告\2022isaps-global-survey.pdf,procedure_volume,Surgical procedures,Country surgical procedures,,Japan,359157,procedures,2022,ISAPS,2022 ISAPS International Survey on Aesthetic/Cosmetic Procedures Performed in 2022,https://www.isaps.org/media/a0qfm4h3/isaps-global-survey_2022.pdf,ISAPS page 17 country procedure table.,official_association_report
E:\shared\行业报告\2022isaps-global-survey.pdf,procedure_volume,Non-surgical procedures,Country non-surgical procedures,,Japan,2100169,procedures,2022,ISAPS,2022 ISAPS International Survey on Aesthetic/Cosmetic Procedures Performed in 2022,https://www.isaps.org/media/a0qfm4h3/isaps-global-survey_2022.pdf,ISAPS page 17 country procedure table.,official_association_report
E:\shared\行业报告\2022isaps-global-survey.pdf,procedure_volume,Injectables,Country total injectables,,Japan,998308,procedures,2022,ISAPS,2022 ISAPS International Survey on Aesthetic/Cosmetic Procedures Performed in 2022,https://www.isaps.org/media/a0qfm4h3/isaps-global-survey_2022.pdf,ISAPS page 17 country procedure table.,official_association_report
E:\shared\行业报告\2022isaps-global-survey.pdf,procedure_volume,Facial rejuvenation,Country total facial rejuvenation,,Japan,388782,procedures,2022,ISAPS,2022 ISAPS International Survey on Aesthetic/Cosmetic Procedures Performed in 2022,https://www.isaps.org/media/a0qfm4h3/isaps-global-survey_2022.pdf,ISAPS page 17 country procedure table.,official_association_report
E:\shared\行业报告\2022isaps-global-survey.pdf,procedure_volume,Other non-surgical,Country total other non-surgical,,Japan,713079,procedures,2022,ISAPS,2022 ISAPS International Survey on Aesthetic/Cosmetic Procedures Performed in 2022,https://www.isaps.org/media/a0qfm4h3/isaps-global-survey_2022.pdf,ISAPS page 17 country procedure table.,official_association_report
E:\shared\行业报告\2022isaps-global-survey.pdf,procedure_volume,Injectables,Botulinum Toxin,,Japan,841620,procedures,2022,ISAPS,2022 ISAPS International Survey on Aesthetic/Cosmetic Procedures Performed in 2022,https://www.isaps.org/media/a0qfm4h3/isaps-global-survey_2022.pdf,ISAPS page 17 country procedure table.,official_association_report
E:\shared\行业报告\2022isaps-global-survey.pdf,procedure_volume,Injectables,Calcium Hydroxylapatite,,Japan,1882,procedures,2022,ISAPS,2022 ISAPS International Survey on Aesthetic/Cosmetic Procedures Performed in 2022,https://www.isaps.org/media/a0qfm4h3/isaps-global-survey_2022.pdf,ISAPS page 17 country procedure table.,official_association_report
E:\shared\行业报告\2022isaps-global-survey.pdf,procedure_volume,Injectables,Hyaluronic Acid,,Japan,154806,procedures,2022,ISAPS,2022 ISAPS International Survey on Aesthetic/Cosmetic Procedures Performed in 2022,https://www.isaps.org/media/a0qfm4h3/isaps-global-survey_2022.pdf,ISAPS page 17 country procedure table.,official_association_report
E:\shared\行业报告\2022isaps-global-survey.pdf,procedure_volume,Facial rejuvenation,Chemical Peel,,Japan,208664,procedures,2022,ISAPS,2022 ISAPS International Survey on Aesthetic/Cosmetic Procedures Performed in 2022,https://www.isaps.org/media/a0qfm4h3/isaps-global-survey_2022.pdf,ISAPS page 17 country procedure table.,official_association_report
E:\shared\行业报告\2022isaps-global-survey.pdf,procedure_volume,Facial rejuvenation,Full Field Ablative,,Japan,3868,procedures,2022,ISAPS,2022 ISAPS International Survey on Aesthetic/Cosmetic Procedures Performed in 2022,https://www.isaps.org/media/a0qfm4h3/isaps-global-survey_2022.pdf,ISAPS page 17 country procedure table.,official_association_report
E:\shared\行业报告\2022isaps-global-survey.pdf,procedure_volume,Facial rejuvenation,Non-Surgical Skin Tightening,,Japan,176250,procedures,2022,ISAPS,2022 ISAPS International Survey on Aesthetic/Cosmetic Procedures Performed in 2022,https://www.isaps.org/media/a0qfm4h3/isaps-global-survey_2022.pdf,ISAPS page 17 country procedure table.,official_association_report
E:\shared\行业报告\2022isaps-global-survey.pdf,procedure_volume,Other non-surgical,Cellulite Treatment,,Japan,1796,procedures,2022,ISAPS,2022 ISAPS International Survey on Aesthetic/Cosmetic Procedures Performed in 2022,https://www.isaps.org/media/a0qfm4h3/isaps-global-survey_2022.pdf,ISAPS page 17 country procedure table.,official_association_report
E:\shared\行业报告\2022isaps-global-survey.pdf,procedure_volume,Other non-surgical,Hair Removal,,Japan,595232,procedures,2022,ISAPS,2022 ISAPS International Survey on Aesthetic/Cosmetic Procedures Performed in 2022,https://www.isaps.org/media/a0qfm4h3/isaps-global-survey_2022.pdf,ISAPS page 17 country procedure table.,official_association_report
E:\shared\行业报告\2022isaps-global-survey.pdf,procedure_volume,Other non-surgical,Non-Surgical Fat Reduction,,Japan,116051,procedures,2022,ISAPS,2022 ISAPS International Survey on Aesthetic/Cosmetic Procedures Performed in 2022,https://www.isaps.org/media/a0qfm4h3/isaps-global-survey_2022.pdf,ISAPS page 17 country procedure table.,official_association_report
E:\shared\行业报告\2022isaps-global-survey.pdf,procedure_volume,All procedures,Country total procedures,,Mexico,1693325,procedures,2022,ISAPS,2022 ISAPS International Survey on Aesthetic/Cosmetic Procedures Performed in 2022,https://www.isaps.org/media/a0qfm4h3/isaps-global-survey_2022.pdf,ISAPS page 18 country procedure table.,official_association_report
E:\shared\行业报告\2022isaps-global-survey.pdf,procedure_volume,Surgical procedures,Country surgical procedures,,Mexico,938096,procedures,2022,ISAPS,2022 ISAPS International Survey on Aesthetic/Cosmetic Procedures Performed in 2022,https://www.isaps.org/media/a0qfm4h3/isaps-global-survey_2022.pdf,ISAPS page 18 country procedure table.,official_association_report
E:\shared\行业报告\2022isaps-global-survey.pdf,procedure_volume,Non-surgical procedures,Country non-surgical procedures,,Mexico,755229,procedures,2022,ISAPS,2022 ISAPS International Survey on Aesthetic/Cosmetic Procedures Performed in 2022,https://www.isaps.org/media/a0qfm4h3/isaps-global-survey_2022.pdf,ISAPS page 18 country procedure table.,official_association_report
E:\shared\行业报告\2022isaps-global-survey.pdf,procedure_volume,Injectables,Country total injectables,,Mexico,564004,procedures,2022,ISAPS,2022 ISAPS International Survey on Aesthetic/Cosmetic Procedures Performed in 2022,https://www.isaps.org/media/a0qfm4h3/isaps-global-survey_2022.pdf,ISAPS page 18 country procedure table.,official_association_report
E:\shared\行业报告\2022isaps-global-survey.pdf,procedure_volume,Facial rejuvenation,Country total facial rejuvenation,,Mexico,72810,procedures,2022,ISAPS,2022 ISAPS International Survey on Aesthetic/Cosmetic Procedures Performed in 2022,https://www.isaps.org/media/a0qfm4h3/isaps-global-survey_2022.pdf,ISAPS page 18 country procedure table.,official_association_report
E:\shared\行业报告\2022isaps-global-survey.pdf,procedure_volume,Other non-surgical,Country total other non-surgical,,Mexico,118415,procedures,2022,ISAPS,2022 ISAPS International Survey on Aesthetic/Cosmetic Procedures Performed in 2022,https://www.isaps.org/media/a0qfm4h3/isaps-global-survey_2022.pdf,ISAPS page 18 country procedure table.,official_association_report
E:\shared\行业报告\2022isaps-global-survey.pdf,procedure_volume,Injectables,Botulinum Toxin,,Mexico,345939,procedures,2022,ISAPS,2022 ISAPS International Survey on Aesthetic/Cosmetic Procedures Performed in 2022,https://www.isaps.org/media/a0qfm4h3/isaps-global-survey_2022.pdf,ISAPS page 18 country procedure table.,official_association_report
E:\shared\行业报告\2022isaps-global-survey.pdf,procedure_volume,Injectables,Calcium Hydroxylapatite,,Mexico,20624,procedures,2022,ISAPS,2022 ISAPS International Survey on Aesthetic/Cosmetic Procedures Performed in 2022,https://www.isaps.org/media/a0qfm4h3/isaps-global-survey_2022.pdf,ISAPS page 18 country procedure table.,official_association_report
E:\shared\行业报告\2022isaps-global-survey.pdf,procedure_volume,Injectables,Hyaluronic Acid,,Mexico,197441,procedures,2022,ISAPS,2022 ISAPS International Survey on Aesthetic/Cosmetic Procedures Performed in 2022,https://www.isaps.org/media/a0qfm4h3/isaps-global-survey_2022.pdf,ISAPS page 18 country procedure table.,official_association_report
E:\shared\行业报告\2022isaps-global-survey.pdf,procedure_volume,Facial rejuvenation,Chemical Peel,,Mexico,14265,procedures,2022,ISAPS,2022 ISAPS International Survey on Aesthetic/Cosmetic Procedures Performed in 2022,https://www.isaps.org/media/a0qfm4h3/isaps-global-survey_2022.pdf,ISAPS page 18 country procedure table.,official_association_report
E:\shared\行业报告\2022isaps-global-survey.pdf,procedure_volume,Facial rejuvenation,Full Field Ablative,,Mexico,12569,procedures,2022,ISAPS,2022 ISAPS International Survey on Aesthetic/Cosmetic Procedures Performed in 2022,https://www.isaps.org/media/a0qfm4h3/isaps-global-survey_2022.pdf,ISAPS page 18 country procedure table.,official_association_report
E:\shared\行业报告\2022isaps-global-survey.pdf,procedure_volume,Facial rejuvenation,Non-Surgical Skin Tightening,,Mexico,45976,procedures,2022,ISAPS,2022 ISAPS International Survey on Aesthetic/Cosmetic Procedures Performed in 2022,https://www.isaps.org/media/a0qfm4h3/isaps-global-survey_2022.pdf,ISAPS page 18 country procedure table.,official_association_report
E:\shared\行业报告\2022isaps-global-survey.pdf,procedure_volume,Other non-surgical,Cellulite Treatment,,Mexico,35861,procedures,2022,ISAPS,2022 ISAPS International Survey on Aesthetic/Cosmetic Procedures Performed in 2022,https://www.isaps.org/media/a0qfm4h3/isaps-global-survey_2022.pdf,ISAPS page 18 country procedure table.,official_association_report
E:\shared\行业报告\2022isaps-global-survey.pdf,procedure_volume,Other non-surgical,Hair Removal,,Mexico,43715,procedures,2022,ISAPS,2022 ISAPS International Survey on Aesthetic/Cosmetic Procedures Performed in 2022,https://www.isaps.org/media/a0qfm4h3/isaps-global-survey_2022.pdf,ISAPS page 18 country procedure table.,official_association_report
E:\shared\行业报告\2022isaps-global-survey.pdf,procedure_volume,Other non-surgical,Non-Surgical Fat Reduction,,Mexico,38839,procedures,2022,ISAPS,2022 ISAPS International Survey on Aesthetic/Cosmetic Procedures Performed in 2022,https://www.isaps.org/media/a0qfm4h3/isaps-global-survey_2022.pdf,ISAPS page 18 country procedure table.,official_association_report
E:\shared\行业报告\2022isaps-global-survey.pdf,procedure_volume,All procedures,Country total procedures,,Turkiye,1097054,procedures,2022,ISAPS,2022 ISAPS International Survey on Aesthetic/Cosmetic Procedures Performed in 2022,https://www.isaps.org/media/a0qfm4h3/isaps-global-survey_2022.pdf,ISAPS page 19 country procedure table.,official_association_report
E:\shared\行业报告\2022isaps-global-survey.pdf,procedure_volume,Surgical procedures,Country surgical procedures,,Turkiye,470875,procedures,2022,ISAPS,2022 ISAPS International Survey on Aesthetic/Cosmetic Procedures Performed in 2022,https://www.isaps.org/media/a0qfm4h3/isaps-global-survey_2022.pdf,ISAPS page 19 country procedure table.,official_association_report
E:\shared\行业报告\2022isaps-global-survey.pdf,procedure_volume,Non-surgical procedures,Country non-surgical procedures,,Turkiye,626179,procedures,2022,ISAPS,2022 ISAPS International Survey on Aesthetic/Cosmetic Procedures Performed in 2022,https://www.isaps.org/media/a0qfm4h3/isaps-global-survey_2022.pdf,ISAPS page 19 country procedure table.,official_association_report
E:\shared\行业报告\2022isaps-global-survey.pdf,procedure_volume,Injectables,Country total injectables,,Turkiye,493729,procedures,2022,ISAPS,2022 ISAPS International Survey on Aesthetic/Cosmetic Procedures Performed in 2022,https://www.isaps.org/media/a0qfm4h3/isaps-global-survey_2022.pdf,ISAPS page 19 country procedure table.,official_association_report
E:\shared\行业报告\2022isaps-global-survey.pdf,procedure_volume,Facial rejuvenation,Country total facial rejuvenation,,Turkiye,55164,procedures,2022,ISAPS,2022 ISAPS International Survey on Aesthetic/Cosmetic Procedures Performed in 2022,https://www.isaps.org/media/a0qfm4h3/isaps-global-survey_2022.pdf,ISAPS page 19 country procedure table.,official_association_report
E:\shared\行业报告\2022isaps-global-survey.pdf,procedure_volume,Other non-surgical,Country total other non-surgical,,Turkiye,77286,procedures,2022,ISAPS,2022 ISAPS International Survey on Aesthetic/Cosmetic Procedures Performed in 2022,https://www.isaps.org/media/a0qfm4h3/isaps-global-survey_2022.pdf,ISAPS page 19 country procedure table.,official_association_report
E:\shared\行业报告\2022isaps-global-survey.pdf,procedure_volume,Injectables,Botulinum Toxin,,Turkiye,260206,procedures,2022,ISAPS,2022 ISAPS International Survey on Aesthetic/Cosmetic Procedures Performed in 2022,https://www.isaps.org/media/a0qfm4h3/isaps-global-survey_2022.pdf,ISAPS page 19 country procedure table.,official_association_report
E:\shared\行业报告\2022isaps-global-survey.pdf,procedure_volume,Injectables,Calcium Hydroxylapatite,,Turkiye,6201,procedures,2022,ISAPS,2022 ISAPS International Survey on Aesthetic/Cosmetic Procedures Performed in 2022,https://www.isaps.org/media/a0qfm4h3/isaps-global-survey_2022.pdf,ISAPS page 19 country procedure table.,official_association_report
E:\shared\行业报告\2022isaps-global-survey.pdf,procedure_volume,Injectables,Hyaluronic Acid,,Turkiye,227321,procedures,2022,ISAPS,2022 ISAPS International Survey on Aesthetic/Cosmetic Procedures Performed in 2022,https://www.isaps.org/media/a0qfm4h3/isaps-global-survey_2022.pdf,ISAPS page 19 country procedure table.,official_association_report
E:\shared\行业报告\2022isaps-global-survey.pdf,procedure_volume,Facial rejuvenation,Chemical Peel,,Turkiye,4684,procedures,2022,ISAPS,2022 ISAPS International Survey on Aesthetic/Cosmetic Procedures Performed in 2022,https://www.isaps.org/media/a0qfm4h3/isaps-global-survey_2022.pdf,ISAPS page 19 country procedure table.,official_association_report
E:\shared\行业报告\2022isaps-global-survey.pdf,procedure_volume,Facial rejuvenation,Full Field Ablative,,Turkiye,12546,procedures,2022,ISAPS,2022 ISAPS International Survey on Aesthetic/Cosmetic Procedures Performed in 2022,https://www.isaps.org/media/a0qfm4h3/isaps-global-survey_2022.pdf,ISAPS page 19 country procedure table.,official_association_report
E:\shared\行业报告\2022isaps-global-survey.pdf,procedure_volume,Facial rejuvenation,Non-Surgical Skin Tightening,,Turkiye,37934,procedures,2022,ISAPS,2022 ISAPS International Survey on Aesthetic/Cosmetic Procedures Performed in 2022,https://www.isaps.org/media/a0qfm4h3/isaps-global-survey_2022.pdf,ISAPS page 19 country procedure table.,official_association_report
E:\shared\行业报告\2022isaps-global-survey.pdf,procedure_volume,Other non-surgical,Cellulite Treatment,,Turkiye,7515,procedures,2022,ISAPS,2022 ISAPS International Survey on Aesthetic/Cosmetic Procedures Performed in 2022,https://www.isaps.org/media/a0qfm4h3/isaps-global-survey_2022.pdf,ISAPS page 19 country procedure table.,official_association_report
E:\shared\行业报告\2022isaps-global-survey.pdf,procedure_volume,Other non-surgical,Hair Removal,,Turkiye,57982,procedures,2022,ISAPS,2022 ISAPS International Survey on Aesthetic/Cosmetic Procedures Performed in 2022,https://www.isaps.org/media/a0qfm4h3/isaps-global-survey_2022.pdf,ISAPS page 19 country procedure table.,official_association_report
E:\shared\行业报告\2022isaps-global-survey.pdf,procedure_volume,Other non-surgical,Non-Surgical Fat Reduction,,Turkiye,11789,procedures,2022,ISAPS,2022 ISAPS International Survey on Aesthetic/Cosmetic Procedures Performed in 2022,https://www.isaps.org/media/a0qfm4h3/isaps-global-survey_2022.pdf,ISAPS page 19 country procedure table.,official_association_report
E:\shared\行业报告\2022isaps-global-survey.pdf,procedure_volume,All procedures,Country total procedures,,Germany,1032791,procedures,2022,ISAPS,2022 ISAPS International Survey on Aesthetic/Cosmetic Procedures Performed in 2022,https://www.isaps.org/media/a0qfm4h3/isaps-global-survey_2022.pdf,ISAPS page 20 country procedure table.,official_association_report
E:\shared\行业报告\2022isaps-global-survey.pdf,procedure_volume,Surgical procedures,Country surgical procedures,,Germany,461130,procedures,2022,ISAPS,2022 ISAPS International Survey on Aesthetic/Cosmetic Procedures Performed in 2022,https://www.isaps.org/media/a0qfm4h3/isaps-global-survey_2022.pdf,ISAPS page 20 country procedure table.,official_association_report
E:\shared\行业报告\2022isaps-global-survey.pdf,procedure_volume,Non-surgical procedures,Country non-surgical procedures,,Germany,571661,procedures,2022,ISAPS,2022 ISAPS International Survey on Aesthetic/Cosmetic Procedures Performed in 2022,https://www.isaps.org/media/a0qfm4h3/isaps-global-survey_2022.pdf,ISAPS page 20 country procedure table.,official_association_report
E:\shared\行业报告\2022isaps-global-survey.pdf,procedure_volume,Injectables,Country total injectables,,Germany,496785,procedures,2022,ISAPS,2022 ISAPS International Survey on Aesthetic/Cosmetic Procedures Performed in 2022,https://www.isaps.org/media/a0qfm4h3/isaps-global-survey_2022.pdf,ISAPS page 20 country procedure table.,official_association_report
E:\shared\行业报告\2022isaps-global-survey.pdf,procedure_volume,Facial rejuvenation,Country total facial rejuvenation,,Germany,43171,procedures,2022,ISAPS,2022 ISAPS International Survey on Aesthetic/Cosmetic Procedures Performed in 2022,https://www.isaps.org/media/a0qfm4h3/isaps-global-survey_2022.pdf,ISAPS page 20 country procedure table.,official_association_report
E:\shared\行业报告\2022isaps-global-survey.pdf,procedure_volume,Other non-surgical,Country total other non-surgical,,Germany,31706,procedures,2022,ISAPS,2022 ISAPS International Survey on Aesthetic/Cosmetic Procedures Performed in 2022,https://www.isaps.org/media/a0qfm4h3/isaps-global-survey_2022.pdf,ISAPS page 20 country procedure table.,official_association_report
E:\shared\行业报告\2022isaps-global-survey.pdf,procedure_volume,Injectables,Botulinum Toxin,,Germany,293736,procedures,2022,ISAPS,2022 ISAPS International Survey on Aesthetic/Cosmetic Procedures Performed in 2022,https://www.isaps.org/media/a0qfm4h3/isaps-global-survey_2022.pdf,ISAPS page 20 country procedure table.,official_association_report
E:\shared\行业报告\2022isaps-global-survey.pdf,procedure_volume,Injectables,Calcium Hydroxylapatite,,Germany,6583,procedures,2022,ISAPS,2022 ISAPS International Survey on Aesthetic/Cosmetic Procedures Performed in 2022,https://www.isaps.org/media/a0qfm4h3/isaps-global-survey_2022.pdf,ISAPS page 20 country procedure table.,official_association_report
E:\shared\行业报告\2022isaps-global-survey.pdf,procedure_volume,Injectables,Hyaluronic Acid,,Germany,196466,procedures,2022,ISAPS,2022 ISAPS International Survey on Aesthetic/Cosmetic Procedures Performed in 2022,https://www.isaps.org/media/a0qfm4h3/isaps-global-survey_2022.pdf,ISAPS page 20 country procedure table.,official_association_report
E:\shared\行业报告\2022isaps-global-survey.pdf,procedure_volume,Facial rejuvenation,Chemical Peel,,Germany,2924,procedures,2022,ISAPS,2022 ISAPS International Survey on Aesthetic/Cosmetic Procedures Performed in 2022,https://www.isaps.org/media/a0qfm4h3/isaps-global-survey_2022.pdf,ISAPS page 20 country procedure table.,official_association_report
E:\shared\行业报告\2022isaps-global-survey.pdf,procedure_volume,Facial rejuvenation,Full Field Ablative,,Germany,18144,procedures,2022,ISAPS,2022 ISAPS International Survey on Aesthetic/Cosmetic Procedures Performed in 2022,https://www.isaps.org/media/a0qfm4h3/isaps-global-survey_2022.pdf,ISAPS page 20 country procedure table.,official_association_report
E:\shared\行业报告\2022isaps-global-survey.pdf,procedure_volume,Facial rejuvenation,Non-Surgical Skin Tightening,,Germany,22102,procedures,2022,ISAPS,2022 ISAPS International Survey on Aesthetic/Cosmetic Procedures Performed in 2022,https://www.isaps.org/media/a0qfm4h3/isaps-global-survey_2022.pdf,ISAPS page 20 country procedure table.,official_association_report
E:\shared\行业报告\2022isaps-global-survey.pdf,procedure_volume,Other non-surgical,Cellulite Treatment,,Germany,948,procedures,2022,ISAPS,2022 ISAPS International Survey on Aesthetic/Cosmetic Procedures Performed in 2022,https://www.isaps.org/media/a0qfm4h3/isaps-global-survey_2022.pdf,ISAPS page 20 country procedure table.,official_association_report
E:\shared\行业报告\2022isaps-global-survey.pdf,procedure_volume,Other non-surgical,Hair Removal,,Germany,3769,procedures,2022,ISAPS,2022 ISAPS International Survey on Aesthetic/Cosmetic Procedures Performed in 2022,https://www.isaps.org/media/a0qfm4h3/isaps-global-survey_2022.pdf,ISAPS page 20 country procedure table.,official_association_report
E:\shared\行业报告\2022isaps-global-survey.pdf,procedure_volume,Other non-surgical,Non-Surgical Fat Reduction,,Germany,26989,procedures,2022,ISAPS,2022 ISAPS International Survey on Aesthetic/Cosmetic Procedures Performed in 2022,https://www.isaps.org/media/a0qfm4h3/isaps-global-survey_2022.pdf,ISAPS page 20 country procedure table.,official_association_report
E:\shared\行业报告\2022isaps-global-survey.pdf,procedure_volume,All procedures,Country total procedures,,Argentina,1016517,procedures,2022,ISAPS,2022 ISAPS International Survey on Aesthetic/Cosmetic Procedures Performed in 2022,https://www.isaps.org/media/a0qfm4h3/isaps-global-survey_2022.pdf,ISAPS page 21 country procedure table.,official_association_report
E:\shared\行业报告\2022isaps-global-survey.pdf,procedure_volume,Surgical procedures,Country surgical procedures,,Argentina,461589,procedures,2022,ISAPS,2022 ISAPS International Survey on Aesthetic/Cosmetic Procedures Performed in 2022,https://www.isaps.org/media/a0qfm4h3/isaps-global-survey_2022.pdf,ISAPS page 21 country procedure table.,official_association_report
E:\shared\行业报告\2022isaps-global-survey.pdf,procedure_volume,Non-surgical procedures,Country non-surgical procedures,,Argentina,554929,procedures,2022,ISAPS,2022 ISAPS International Survey on Aesthetic/Cosmetic Procedures Performed in 2022,https://www.isaps.org/media/a0qfm4h3/isaps-global-survey_2022.pdf,ISAPS page 21 country procedure table.,official_association_report
E:\shared\行业报告\2022isaps-global-survey.pdf,procedure_volume,Injectables,Country total injectables,,Argentina,354588,procedures,2022,ISAPS,2022 ISAPS International Survey on Aesthetic/Cosmetic Procedures Performed in 2022,https://www.isaps.org/media/a0qfm4h3/isaps-global-survey_2022.pdf,ISAPS page 21 country procedure table.,official_association_report
E:\shared\行业报告\2022isaps-global-survey.pdf,procedure_volume,Facial rejuvenation,Country total facial rejuvenation,,Argentina,34037,procedures,2022,ISAPS,2022 ISAPS International Survey on Aesthetic/Cosmetic Procedures Performed in 2022,https://www.isaps.org/media/a0qfm4h3/isaps-global-survey_2022.pdf,ISAPS page 21 country procedure table.,official_association_report
E:\shared\行业报告\2022isaps-global-survey.pdf,procedure_volume,Other non-surgical,Country total other non-surgical,,Argentina,166304,procedures,2022,ISAPS,2022 ISAPS International Survey on Aesthetic/Cosmetic Procedures Performed in 2022,https://www.isaps.org/media/a0qfm4h3/isaps-global-survey_2022.pdf,ISAPS page 21 country procedure table.,official_association_report
E:\shared\行业报告\2022isaps-global-survey.pdf,procedure_volume,Injectables,Botulinum Toxin,,Argentina,167367,procedures,2022,ISAPS,2022 ISAPS International Survey on Aesthetic/Cosmetic Procedures Performed in 2022,https://www.isaps.org/media/a0qfm4h3/isaps-global-survey_2022.pdf,ISAPS page 21 country procedure table.,official_association_report
E:\shared\行业报告\2022isaps-global-survey.pdf,procedure_volume,Injectables,Calcium Hydroxylapatite,,Argentina,8995,procedures,2022,ISAPS,2022 ISAPS International Survey on Aesthetic/Cosmetic Procedures Performed in 2022,https://www.isaps.org/media/a0qfm4h3/isaps-global-survey_2022.pdf,ISAPS page 21 country procedure table.,official_association_report
E:\shared\行业报告\2022isaps-global-survey.pdf,procedure_volume,Injectables,Hyaluronic Acid,,Argentina,178226,procedures,2022,ISAPS,2022 ISAPS International Survey on Aesthetic/Cosmetic Procedures Performed in 2022,https://www.isaps.org/media/a0qfm4h3/isaps-global-survey_2022.pdf,ISAPS page 21 country procedure table.,official_association_report
E:\shared\行业报告\2022isaps-global-survey.pdf,procedure_volume,Facial rejuvenation,Chemical Peel,,Argentina,10035,procedures,2022,ISAPS,2022 ISAPS International Survey on Aesthetic/Cosmetic Procedures Performed in 2022,https://www.isaps.org/media/a0qfm4h3/isaps-global-survey_2022.pdf,ISAPS page 21 country procedure table.,official_association_report
E:\shared\行业报告\2022isaps-global-survey.pdf,procedure_volume,Facial rejuvenation,Full Field Ablative,,Argentina,9246,procedures,2022,ISAPS,2022 ISAPS International Survey on Aesthetic/Cosmetic Procedures Performed in 2022,https://www.isaps.org/media/a0qfm4h3/isaps-global-survey_2022.pdf,ISAPS page 21 country procedure table.,official_association_report
E:\shared\行业报告\2022isaps-global-survey.pdf,procedure_volume,Facial rejuvenation,Non-Surgical Skin Tightening,,Argentina,14756,procedures,2022,ISAPS,2022 ISAPS International Survey on Aesthetic/Cosmetic Procedures Performed in 2022,https://www.isaps.org/media/a0qfm4h3/isaps-global-survey_2022.pdf,ISAPS page 21 country procedure table.,official_association_report
E:\shared\行业报告\2022isaps-global-survey.pdf,procedure_volume,Other non-surgical,Cellulite Treatment,,Argentina,43560,procedures,2022,ISAPS,2022 ISAPS International Survey on Aesthetic/Cosmetic Procedures Performed in 2022,https://www.isaps.org/media/a0qfm4h3/isaps-global-survey_2022.pdf,ISAPS page 21 country procedure table.,official_association_report
E:\shared\行业报告\2022isaps-global-survey.pdf,procedure_volume,Other non-surgical,Hair Removal,,Argentina,74566,procedures,2022,ISAPS,2022 ISAPS International Survey on Aesthetic/Cosmetic Procedures Performed in 2022,https://www.isaps.org/media/a0qfm4h3/isaps-global-survey_2022.pdf,ISAPS page 21 country procedure table.,official_association_report
E:\shared\行业报告\2022isaps-global-survey.pdf,procedure_volume,Other non-surgical,Non-Surgical Fat Reduction,,Argentina,48178,procedures,2022,ISAPS,2022 ISAPS International Survey on Aesthetic/Cosmetic Procedures Performed in 2022,https://www.isaps.org/media/a0qfm4h3/isaps-global-survey_2022.pdf,ISAPS page 21 country procedure table.,official_association_report
E:\shared\行业报告\2022isaps-global-survey.pdf,procedure_volume,All procedures,Country total procedures,,Italy,747391,procedures,2022,ISAPS,2022 ISAPS International Survey on Aesthetic/Cosmetic Procedures Performed in 2022,https://www.isaps.org/media/a0qfm4h3/isaps-global-survey_2022.pdf,ISAPS page 22 country procedure table.,official_association_report
E:\shared\行业报告\2022isaps-global-survey.pdf,procedure_volume,Surgical procedures,Country surgical procedures,,Italy,262556,procedures,2022,ISAPS,2022 ISAPS International Survey on Aesthetic/Cosmetic Procedures Performed in 2022,https://www.isaps.org/media/a0qfm4h3/isaps-global-survey_2022.pdf,ISAPS page 22 country procedure table.,official_association_report
E:\shared\行业报告\2022isaps-global-survey.pdf,procedure_volume,Non-surgical procedures,Country non-surgical procedures,,Italy,484834,procedures,2022,ISAPS,2022 ISAPS International Survey on Aesthetic/Cosmetic Procedures Performed in 2022,https://www.isaps.org/media/a0qfm4h3/isaps-global-survey_2022.pdf,ISAPS page 22 country procedure table.,official_association_report
E:\shared\行业报告\2022isaps-global-survey.pdf,procedure_volume,Injectables,Country total injectables,,Italy,386754,procedures,2022,ISAPS,2022 ISAPS International Survey on Aesthetic/Cosmetic Procedures Performed in 2022,https://www.isaps.org/media/a0qfm4h3/isaps-global-survey_2022.pdf,ISAPS page 22 country procedure table.,official_association_report
E:\shared\行业报告\2022isaps-global-survey.pdf,procedure_volume,Facial rejuvenation,Country total facial rejuvenation,,Italy,46403,procedures,2022,ISAPS,2022 ISAPS International Survey on Aesthetic/Cosmetic Procedures Performed in 2022,https://www.isaps.org/media/a0qfm4h3/isaps-global-survey_2022.pdf,ISAPS page 22 country procedure table.,official_association_report
E:\shared\行业报告\2022isaps-global-survey.pdf,procedure_volume,Other non-surgical,Country total other non-surgical,,Italy,51677,procedures,2022,ISAPS,2022 ISAPS International Survey on Aesthetic/Cosmetic Procedures Performed in 2022,https://www.isaps.org/media/a0qfm4h3/isaps-global-survey_2022.pdf,ISAPS page 22 country procedure table.,official_association_report
E:\shared\行业报告\2022isaps-global-survey.pdf,procedure_volume,Injectables,Botulinum Toxin,,Italy,161254,procedures,2022,ISAPS,2022 ISAPS International Survey on Aesthetic/Cosmetic Procedures Performed in 2022,https://www.isaps.org/media/a0qfm4h3/isaps-global-survey_2022.pdf,ISAPS page 22 country procedure table.,official_association_report
E:\shared\行业报告\2022isaps-global-survey.pdf,procedure_volume,Injectables,Calcium Hydroxylapatite,,Italy,12830,procedures,2022,ISAPS,2022 ISAPS International Survey on Aesthetic/Cosmetic Procedures Performed in 2022,https://www.isaps.org/media/a0qfm4h3/isaps-global-survey_2022.pdf,ISAPS page 22 country procedure table.,official_association_report
E:\shared\行业报告\2022isaps-global-survey.pdf,procedure_volume,Injectables,Hyaluronic Acid,,Italy,212671,procedures,2022,ISAPS,2022 ISAPS International Survey on Aesthetic/Cosmetic Procedures Performed in 2022,https://www.isaps.org/media/a0qfm4h3/isaps-global-survey_2022.pdf,ISAPS page 22 country procedure table.,official_association_report
E:\shared\行业报告\2022isaps-global-survey.pdf,procedure_volume,Facial rejuvenation,Chemical Peel,,Italy,21516,procedures,2022,ISAPS,2022 ISAPS International Survey on Aesthetic/Cosmetic Procedures Performed in 2022,https://www.isaps.org/media/a0qfm4h3/isaps-global-survey_2022.pdf,ISAPS page 22 country procedure table.,official_association_report
E:\shared\行业报告\2022isaps-global-survey.pdf,procedure_volume,Facial rejuvenation,Full Field Ablative,,Italy,8423,procedures,2022,ISAPS,2022 ISAPS International Survey on Aesthetic/Cosmetic Procedures Performed in 2022,https://www.isaps.org/media/a0qfm4h3/isaps-global-survey_2022.pdf,ISAPS page 22 country procedure table.,official_association_report
E:\shared\行业报告\2022isaps-global-survey.pdf,procedure_volume,Facial rejuvenation,Non-Surgical Skin Tightening,,Italy,16465,procedures,2022,ISAPS,2022 ISAPS International Survey on Aesthetic/Cosmetic Procedures Performed in 2022,https://www.isaps.org/media/a0qfm4h3/isaps-global-survey_2022.pdf,ISAPS page 22 country procedure table.,official_association_report
E:\shared\行业报告\2022isaps-global-survey.pdf,procedure_volume,Other non-surgical,Cellulite Treatment,,Italy,17771,procedures,2022,ISAPS,2022 ISAPS International Survey on Aesthetic/Cosmetic Procedures Performed in 2022,https://www.isaps.org/media/a0qfm4h3/isaps-global-survey_2022.pdf,ISAPS page 22 country procedure table.,official_association_report
E:\shared\行业报告\2022isaps-global-survey.pdf,procedure_volume,Other non-surgical,Hair Removal,,Italy,20835,procedures,2022,ISAPS,2022 ISAPS International Survey on Aesthetic/Cosmetic Procedures Performed in 2022,https://www.isaps.org/media/a0qfm4h3/isaps-global-survey_2022.pdf,ISAPS page 22 country procedure table.,official_association_report
E:\shared\行业报告\2022isaps-global-survey.pdf,procedure_volume,Other non-surgical,Non-Surgical Fat Reduction,,Italy,13071,procedures,2022,ISAPS,2022 ISAPS International Survey on Aesthetic/Cosmetic Procedures Performed in 2022,https://www.isaps.org/media/a0qfm4h3/isaps-global-survey_2022.pdf,ISAPS page 22 country procedure table.,official_association_report
E:\shared\行业报告\2022isaps-global-survey.pdf,procedure_volume,All procedures,Country total procedures,,Colombia,732783,procedures,2022,ISAPS,2022 ISAPS International Survey on Aesthetic/Cosmetic Procedures Performed in 2022,https://www.isaps.org/media/a0qfm4h3/isaps-global-survey_2022.pdf,ISAPS page 23 country procedure table.,official_association_report
E:\shared\行业报告\2022isaps-global-survey.pdf,procedure_volume,Surgical procedures,Country surgical procedures,,Colombia,466453,procedures,2022,ISAPS,2022 ISAPS International Survey on Aesthetic/Cosmetic Procedures Performed in 2022,https://www.isaps.org/media/a0qfm4h3/isaps-global-survey_2022.pdf,ISAPS page 23 country procedure table.,official_association_report
E:\shared\行业报告\2022isaps-global-survey.pdf,procedure_volume,Non-surgical procedures,Country non-surgical procedures,,Colombia,266330,procedures,2022,ISAPS,2022 ISAPS International Survey on Aesthetic/Cosmetic Procedures Performed in 2022,https://www.isaps.org/media/a0qfm4h3/isaps-global-survey_2022.pdf,ISAPS page 23 country procedure table.,official_association_report
E:\shared\行业报告\2022isaps-global-survey.pdf,procedure_volume,Injectables,Country total injectables,,Colombia,176899,procedures,2022,ISAPS,2022 ISAPS International Survey on Aesthetic/Cosmetic Procedures Performed in 2022,https://www.isaps.org/media/a0qfm4h3/isaps-global-survey_2022.pdf,ISAPS page 23 country procedure table.,official_association_report
E:\shared\行业报告\2022isaps-global-survey.pdf,procedure_volume,Facial rejuvenation,Country total facial rejuvenation,,Colombia,31252,procedures,2022,ISAPS,2022 ISAPS International Survey on Aesthetic/Cosmetic Procedures Performed in 2022,https://www.isaps.org/media/a0qfm4h3/isaps-global-survey_2022.pdf,ISAPS page 23 country procedure table.,official_association_report
E:\shared\行业报告\2022isaps-global-survey.pdf,procedure_volume,Other non-surgical,Country total other non-surgical,,Colombia,58179,procedures,2022,ISAPS,2022 ISAPS International Survey on Aesthetic/Cosmetic Procedures Performed in 2022,https://www.isaps.org/media/a0qfm4h3/isaps-global-survey_2022.pdf,ISAPS page 23 country procedure table.,official_association_report
E:\shared\行业报告\2022isaps-global-survey.pdf,procedure_volume,Injectables,Botulinum Toxin,,Colombia,96368,procedures,2022,ISAPS,2022 ISAPS International Survey on Aesthetic/Cosmetic Procedures Performed in 2022,https://www.isaps.org/media/a0qfm4h3/isaps-global-survey_2022.pdf,ISAPS page 23 country procedure table.,official_association_report
E:\shared\行业报告\2022isaps-global-survey.pdf,procedure_volume,Injectables,Calcium Hydroxylapatite,,Colombia,8797,procedures,2022,ISAPS,2022 ISAPS International Survey on Aesthetic/Cosmetic Procedures Performed in 2022,https://www.isaps.org/media/a0qfm4h3/isaps-global-survey_2022.pdf,ISAPS page 23 country procedure table.,official_association_report
E:\shared\行业报告\2022isaps-global-survey.pdf,procedure_volume,Injectables,Hyaluronic Acid,,Colombia,71734,procedures,2022,ISAPS,2022 ISAPS International Survey on Aesthetic/Cosmetic Procedures Performed in 2022,https://www.isaps.org/media/a0qfm4h3/isaps-global-survey_2022.pdf,ISAPS page 23 country procedure table.,official_association_report
E:\shared\行业报告\2022isaps-global-survey.pdf,procedure_volume,Facial rejuvenation,Chemical Peel,,Colombia,5556,procedures,2022,ISAPS,2022 ISAPS International Survey on Aesthetic/Cosmetic Procedures Performed in 2022,https://www.isaps.org/media/a0qfm4h3/isaps-global-survey_2022.pdf,ISAPS page 23 country procedure table.,official_association_report
E:\shared\行业报告\2022isaps-global-survey.pdf,procedure_volume,Facial rejuvenation,Full Field Ablative,,Colombia,6534,procedures,2022,ISAPS,2022 ISAPS International Survey on Aesthetic/Cosmetic Procedures Performed in 2022,https://www.isaps.org/media/a0qfm4h3/isaps-global-survey_2022.pdf,ISAPS page 23 country procedure table.,official_association_report
E:\shared\行业报告\2022isaps-global-survey.pdf,procedure_volume,Facial rejuvenation,Non-Surgical Skin Tightening,,Colombia,19162,procedures,2022,ISAPS,2022 ISAPS International Survey on Aesthetic/Cosmetic Procedures Performed in 2022,https://www.isaps.org/media/a0qfm4h3/isaps-global-survey_2022.pdf,ISAPS page 23 country procedure table.,official_association_report
E:\shared\行业报告\2022isaps-global-survey.pdf,procedure_volume,Other non-surgical,Cellulite Treatment,,Colombia,14323,procedures,2022,ISAPS,2022 ISAPS International Survey on Aesthetic/Cosmetic Procedures Performed in 2022,https://www.isaps.org/media/a0qfm4h3/isaps-global-survey_2022.pdf,ISAPS page 23 country procedure table.,official_association_report
E:\shared\行业报告\2022isaps-global-survey.pdf,procedure_volume,Other non-surgical,Hair Removal,,Colombia,10411,procedures,2022,ISAPS,2022 ISAPS International Survey on Aesthetic/Cosmetic Procedures Performed in 2022,https://www.isaps.org/media/a0qfm4h3/isaps-global-survey_2022.pdf,ISAPS page 23 country procedure table.,official_association_report
E:\shared\行业报告\2022isaps-global-survey.pdf,procedure_volume,Other non-surgical,Non-Surgical Fat Reduction,,Colombia,33445,procedures,2022,ISAPS,2022 ISAPS International Survey on Aesthetic/Cosmetic Procedures Performed in 2022,https://www.isaps.org/media/a0qfm4h3/isaps-global-survey_2022.pdf,ISAPS page 23 country procedure table.,official_association_report
E:\shared\行业报告\2022isaps-global-survey.pdf,procedure_volume,All procedures,Country total procedures,,India,711922,procedures,2022,ISAPS,2022 ISAPS International Survey on Aesthetic/Cosmetic Procedures Performed in 2022,https://www.isaps.org/media/a0qfm4h3/isaps-global-survey_2022.pdf,ISAPS page 24 country procedure table.,official_association_report
E:\shared\行业报告\2022isaps-global-survey.pdf,procedure_volume,Surgical procedures,Country surgical procedures,,India,387767,procedures,2022,ISAPS,2022 ISAPS International Survey on Aesthetic/Cosmetic Procedures Performed in 2022,https://www.isaps.org/media/a0qfm4h3/isaps-global-survey_2022.pdf,ISAPS page 24 country procedure table.,official_association_report
E:\shared\行业报告\2022isaps-global-survey.pdf,procedure_volume,Non-surgical procedures,Country non-surgical procedures,,India,324155,procedures,2022,ISAPS,2022 ISAPS International Survey on Aesthetic/Cosmetic Procedures Performed in 2022,https://www.isaps.org/media/a0qfm4h3/isaps-global-survey_2022.pdf,ISAPS page 24 country procedure table.,official_association_report
E:\shared\行业报告\2022isaps-global-survey.pdf,procedure_volume,Injectables,Country total injectables,,India,112033,procedures,2022,ISAPS,2022 ISAPS International Survey on Aesthetic/Cosmetic Procedures Performed in 2022,https://www.isaps.org/media/a0qfm4h3/isaps-global-survey_2022.pdf,ISAPS page 24 country procedure table.,official_association_report
E:\shared\行业报告\2022isaps-global-survey.pdf,procedure_volume,Facial rejuvenation,Country total facial rejuvenation,,India,86884,procedures,2022,ISAPS,2022 ISAPS International Survey on Aesthetic/Cosmetic Procedures Performed in 2022,https://www.isaps.org/media/a0qfm4h3/isaps-global-survey_2022.pdf,ISAPS page 24 country procedure table.,official_association_report
E:\shared\行业报告\2022isaps-global-survey.pdf,procedure_volume,Other non-surgical,Country total other non-surgical,,India,125238,procedures,2022,ISAPS,2022 ISAPS International Survey on Aesthetic/Cosmetic Procedures Performed in 2022,https://www.isaps.org/media/a0qfm4h3/isaps-global-survey_2022.pdf,ISAPS page 24 country procedure table.,official_association_report
E:\shared\行业报告\2022isaps-global-survey.pdf,procedure_volume,Injectables,Botulinum Toxin,,India,60129,procedures,2022,ISAPS,2022 ISAPS International Survey on Aesthetic/Cosmetic Procedures Performed in 2022,https://www.isaps.org/media/a0qfm4h3/isaps-global-survey_2022.pdf,ISAPS page 24 country procedure table.,official_association_report
E:\shared\行业报告\2022isaps-global-survey.pdf,procedure_volume,Injectables,Calcium Hydroxylapatite,,India,1539,procedures,2022,ISAPS,2022 ISAPS International Survey on Aesthetic/Cosmetic Procedures Performed in 2022,https://www.isaps.org/media/a0qfm4h3/isaps-global-survey_2022.pdf,ISAPS page 24 country procedure table.,official_association_report
E:\shared\行业报告\2022isaps-global-survey.pdf,procedure_volume,Injectables,Hyaluronic Acid,,India,50365,procedures,2022,ISAPS,2022 ISAPS International Survey on Aesthetic/Cosmetic Procedures Performed in 2022,https://www.isaps.org/media/a0qfm4h3/isaps-global-survey_2022.pdf,ISAPS page 24 country procedure table.,official_association_report
E:\shared\行业报告\2022isaps-global-survey.pdf,procedure_volume,Facial rejuvenation,Chemical Peel,,India,41142,procedures,2022,ISAPS,2022 ISAPS International Survey on Aesthetic/Cosmetic Procedures Performed in 2022,https://www.isaps.org/media/a0qfm4h3/isaps-global-survey_2022.pdf,ISAPS page 24 country procedure table.,official_association_report
E:\shared\行业报告\2022isaps-global-survey.pdf,procedure_volume,Facial rejuvenation,Full Field Ablative,,India,17220,procedures,2022,ISAPS,2022 ISAPS International Survey on Aesthetic/Cosmetic Procedures Performed in 2022,https://www.isaps.org/media/a0qfm4h3/isaps-global-survey_2022.pdf,ISAPS page 24 country procedure table.,official_association_report
E:\shared\行业报告\2022isaps-global-survey.pdf,procedure_volume,Facial rejuvenation,Non-Surgical Skin Tightening,,India,28521,procedures,2022,ISAPS,2022 ISAPS International Survey on Aesthetic/Cosmetic Procedures Performed in 2022,https://www.isaps.org/media/a0qfm4h3/isaps-global-survey_2022.pdf,ISAPS page 24 country procedure table.,official_association_report
E:\shared\行业报告\2022isaps-global-survey.pdf,procedure_volume,Other non-surgical,Cellulite Treatment,,India,2578,procedures,2022,ISAPS,2022 ISAPS International Survey on Aesthetic/Cosmetic Procedures Performed in 2022,https://www.isaps.org/media/a0qfm4h3/isaps-global-survey_2022.pdf,ISAPS page 24 country procedure table.,official_association_report
E:\shared\行业报告\2022isaps-global-survey.pdf,procedure_volume,Other non-surgical,Hair Removal,,India,98008,procedures,2022,ISAPS,2022 ISAPS International Survey on Aesthetic/Cosmetic Procedures Performed in 2022,https://www.isaps.org/media/a0qfm4h3/isaps-global-survey_2022.pdf,ISAPS page 24 country procedure table.,official_association_report
E:\shared\行业报告\2022isaps-global-survey.pdf,procedure_volume,Other non-surgical,Non-Surgical Fat Reduction,,India,24653,procedures,2022,ISAPS,2022 ISAPS International Survey on Aesthetic/Cosmetic Procedures Performed in 2022,https://www.isaps.org/media/a0qfm4h3/isaps-global-survey_2022.pdf,ISAPS page 24 country procedure table.,official_association_report
E:\shared\行业报告\2022isaps-global-survey.pdf,procedure_volume,All procedures,Country total procedures,,Spain,431315,procedures,2022,ISAPS,2022 ISAPS International Survey on Aesthetic/Cosmetic Procedures Performed in 2022,https://www.isaps.org/media/a0qfm4h3/isaps-global-survey_2022.pdf,ISAPS page 25 country procedure table.,official_association_report
E:\shared\行业报告\2022isaps-global-survey.pdf,procedure_volume,Surgical procedures,Country surgical procedures,,Spain,220960,procedures,2022,ISAPS,2022 ISAPS International Survey on Aesthetic/Cosmetic Procedures Performed in 2022,https://www.isaps.org/media/a0qfm4h3/isaps-global-survey_2022.pdf,ISAPS page 25 country procedure table.,official_association_report
E:\shared\行业报告\2022isaps-global-survey.pdf,procedure_volume,Non-surgical procedures,Country non-surgical procedures,,Spain,210355,procedures,2022,ISAPS,2022 ISAPS International Survey on Aesthetic/Cosmetic Procedures Performed in 2022,https://www.isaps.org/media/a0qfm4h3/isaps-global-survey_2022.pdf,ISAPS page 25 country procedure table.,official_association_report
E:\shared\行业报告\2022isaps-global-survey.pdf,procedure_volume,Injectables,Country total injectables,,Spain,155261,procedures,2022,ISAPS,2022 ISAPS International Survey on Aesthetic/Cosmetic Procedures Performed in 2022,https://www.isaps.org/media/a0qfm4h3/isaps-global-survey_2022.pdf,ISAPS page 25 country procedure table.,official_association_report
E:\shared\行业报告\2022isaps-global-survey.pdf,procedure_volume,Facial rejuvenation,Country total facial rejuvenation,,Spain,20565,procedures,2022,ISAPS,2022 ISAPS International Survey on Aesthetic/Cosmetic Procedures Performed in 2022,https://www.isaps.org/media/a0qfm4h3/isaps-global-survey_2022.pdf,ISAPS page 25 country procedure table.,official_association_report
E:\shared\行业报告\2022isaps-global-survey.pdf,procedure_volume,Other non-surgical,Country total other non-surgical,,Spain,34529,procedures,2022,ISAPS,2022 ISAPS International Survey on Aesthetic/Cosmetic Procedures Performed in 2022,https://www.isaps.org/media/a0qfm4h3/isaps-global-survey_2022.pdf,ISAPS page 25 country procedure table.,official_association_report
E:\shared\行业报告\2022isaps-global-survey.pdf,procedure_volume,Injectables,Botulinum Toxin,,Spain,74826,procedures,2022,ISAPS,2022 ISAPS International Survey on Aesthetic/Cosmetic Procedures Performed in 2022,https://www.isaps.org/media/a0qfm4h3/isaps-global-survey_2022.pdf,ISAPS page 25 country procedure table.,official_association_report
E:\shared\行业报告\2022isaps-global-survey.pdf,procedure_volume,Injectables,Calcium Hydroxylapatite,,Spain,4612,procedures,2022,ISAPS,2022 ISAPS International Survey on Aesthetic/Cosmetic Procedures Performed in 2022,https://www.isaps.org/media/a0qfm4h3/isaps-global-survey_2022.pdf,ISAPS page 25 country procedure table.,official_association_report
E:\shared\行业报告\2022isaps-global-survey.pdf,procedure_volume,Injectables,Hyaluronic Acid,,Spain,75823,procedures,2022,ISAPS,2022 ISAPS International Survey on Aesthetic/Cosmetic Procedures Performed in 2022,https://www.isaps.org/media/a0qfm4h3/isaps-global-survey_2022.pdf,ISAPS page 25 country procedure table.,official_association_report
E:\shared\行业报告\2022isaps-global-survey.pdf,procedure_volume,Facial rejuvenation,Chemical Peel,,Spain,8227,procedures,2022,ISAPS,2022 ISAPS International Survey on Aesthetic/Cosmetic Procedures Performed in 2022,https://www.isaps.org/media/a0qfm4h3/isaps-global-survey_2022.pdf,ISAPS page 25 country procedure table.,official_association_report
E:\shared\行业报告\2022isaps-global-survey.pdf,procedure_volume,Facial rejuvenation,Full Field Ablative,,Spain,5476,procedures,2022,ISAPS,2022 ISAPS International Survey on Aesthetic/Cosmetic Procedures Performed in 2022,https://www.isaps.org/media/a0qfm4h3/isaps-global-survey_2022.pdf,ISAPS page 25 country procedure table.,official_association_report
E:\shared\行业报告\2022isaps-global-survey.pdf,procedure_volume,Facial rejuvenation,Non-Surgical Skin Tightening,,Spain,6862,procedures,2022,ISAPS,2022 ISAPS International Survey on Aesthetic/Cosmetic Procedures Performed in 2022,https://www.isaps.org/media/a0qfm4h3/isaps-global-survey_2022.pdf,ISAPS page 25 country procedure table.,official_association_report
E:\shared\行业报告\2022isaps-global-survey.pdf,procedure_volume,Other non-surgical,Cellulite Treatment,,Spain,16277,procedures,2022,ISAPS,2022 ISAPS International Survey on Aesthetic/Cosmetic Procedures Performed in 2022,https://www.isaps.org/media/a0qfm4h3/isaps-global-survey_2022.pdf,ISAPS page 25 country procedure table.,official_association_report
E:\shared\行业报告\2022isaps-global-survey.pdf,procedure_volume,Other non-surgical,Hair Removal,,Spain,11731,procedures,2022,ISAPS,2022 ISAPS International Survey on Aesthetic/Cosmetic Procedures Performed in 2022,https://www.isaps.org/media/a0qfm4h3/isaps-global-survey_2022.pdf,ISAPS page 25 country procedure table.,official_association_report
E:\shared\行业报告\2022isaps-global-survey.pdf,procedure_volume,Other non-surgical,Non-Surgical Fat Reduction,,Spain,6521,procedures,2022,ISAPS,2022 ISAPS International Survey on Aesthetic/Cosmetic Procedures Performed in 2022,https://www.isaps.org/media/a0qfm4h3/isaps-global-survey_2022.pdf,ISAPS page 25 country procedure table.,official_association_report
E:\shared\行业报告\2022isaps-global-survey.pdf,procedure_volume,All procedures,Country total procedures,,Greece,426323,procedures,2022,ISAPS,2022 ISAPS International Survey on Aesthetic/Cosmetic Procedures Performed in 2022,https://www.isaps.org/media/a0qfm4h3/isaps-global-survey_2022.pdf,ISAPS page 26 country procedure table.,official_association_report
E:\shared\行业报告\2022isaps-global-survey.pdf,procedure_volume,Surgical procedures,Country surgical procedures,,Greece,102437,procedures,2022,ISAPS,2022 ISAPS International Survey on Aesthetic/Cosmetic Procedures Performed in 2022,https://www.isaps.org/media/a0qfm4h3/isaps-global-survey_2022.pdf,ISAPS page 26 country procedure table.,official_association_report
E:\shared\行业报告\2022isaps-global-survey.pdf,procedure_volume,Non-surgical procedures,Country non-surgical procedures,,Greece,323886,procedures,2022,ISAPS,2022 ISAPS International Survey on Aesthetic/Cosmetic Procedures Performed in 2022,https://www.isaps.org/media/a0qfm4h3/isaps-global-survey_2022.pdf,ISAPS page 26 country procedure table.,official_association_report
E:\shared\行业报告\2022isaps-global-survey.pdf,procedure_volume,Injectables,Country total injectables,,Greece,214265,procedures,2022,ISAPS,2022 ISAPS International Survey on Aesthetic/Cosmetic Procedures Performed in 2022,https://www.isaps.org/media/a0qfm4h3/isaps-global-survey_2022.pdf,ISAPS page 26 country procedure table.,official_association_report
E:\shared\行业报告\2022isaps-global-survey.pdf,procedure_volume,Facial rejuvenation,Country total facial rejuvenation,,Greece,28005,procedures,2022,ISAPS,2022 ISAPS International Survey on Aesthetic/Cosmetic Procedures Performed in 2022,https://www.isaps.org/media/a0qfm4h3/isaps-global-survey_2022.pdf,ISAPS page 26 country procedure table.,official_association_report
E:\shared\行业报告\2022isaps-global-survey.pdf,procedure_volume,Other non-surgical,Country total other non-surgical,,Greece,81616,procedures,2022,ISAPS,2022 ISAPS International Survey on Aesthetic/Cosmetic Procedures Performed in 2022,https://www.isaps.org/media/a0qfm4h3/isaps-global-survey_2022.pdf,ISAPS page 26 country procedure table.,official_association_report
E:\shared\行业报告\2022isaps-global-survey.pdf,procedure_volume,Injectables,Botulinum Toxin,,Greece,104368,procedures,2022,ISAPS,2022 ISAPS International Survey on Aesthetic/Cosmetic Procedures Performed in 2022,https://www.isaps.org/media/a0qfm4h3/isaps-global-survey_2022.pdf,ISAPS page 26 country procedure table.,official_association_report
E:\shared\行业报告\2022isaps-global-survey.pdf,procedure_volume,Injectables,Calcium Hydroxylapatite,,Greece,2405,procedures,2022,ISAPS,2022 ISAPS International Survey on Aesthetic/Cosmetic Procedures Performed in 2022,https://www.isaps.org/media/a0qfm4h3/isaps-global-survey_2022.pdf,ISAPS page 26 country procedure table.,official_association_report
E:\shared\行业报告\2022isaps-global-survey.pdf,procedure_volume,Injectables,Hyaluronic Acid,,Greece,107493,procedures,2022,ISAPS,2022 ISAPS International Survey on Aesthetic/Cosmetic Procedures Performed in 2022,https://www.isaps.org/media/a0qfm4h3/isaps-global-survey_2022.pdf,ISAPS page 26 country procedure table.,official_association_report
E:\shared\行业报告\2022isaps-global-survey.pdf,procedure_volume,Facial rejuvenation,Chemical Peel,,Greece,8887,procedures,2022,ISAPS,2022 ISAPS International Survey on Aesthetic/Cosmetic Procedures Performed in 2022,https://www.isaps.org/media/a0qfm4h3/isaps-global-survey_2022.pdf,ISAPS page 26 country procedure table.,official_association_report
E:\shared\行业报告\2022isaps-global-survey.pdf,procedure_volume,Facial rejuvenation,Full Field Ablative,,Greece,9823,procedures,2022,ISAPS,2022 ISAPS International Survey on Aesthetic/Cosmetic Procedures Performed in 2022,https://www.isaps.org/media/a0qfm4h3/isaps-global-survey_2022.pdf,ISAPS page 26 country procedure table.,official_association_report
E:\shared\行业报告\2022isaps-global-survey.pdf,procedure_volume,Facial rejuvenation,Non-Surgical Skin Tightening,,Greece,9294,procedures,2022,ISAPS,2022 ISAPS International Survey on Aesthetic/Cosmetic Procedures Performed in 2022,https://www.isaps.org/media/a0qfm4h3/isaps-global-survey_2022.pdf,ISAPS page 26 country procedure table.,official_association_report
E:\shared\行业报告\2022isaps-global-survey.pdf,procedure_volume,Other non-surgical,Cellulite Treatment,,Greece,13592,procedures,2022,ISAPS,2022 ISAPS International Survey on Aesthetic/Cosmetic Procedures Performed in 2022,https://www.isaps.org/media/a0qfm4h3/isaps-global-survey_2022.pdf,ISAPS page 26 country procedure table.,official_association_report
E:\shared\行业报告\2022isaps-global-survey.pdf,procedure_volume,Other non-surgical,Hair Removal,,Greece,56773,procedures,2022,ISAPS,2022 ISAPS International Survey on Aesthetic/Cosmetic Procedures Performed in 2022,https://www.isaps.org/media/a0qfm4h3/isaps-global-survey_2022.pdf,ISAPS page 26 country procedure table.,official_association_report
E:\shared\行业报告\2022isaps-global-survey.pdf,procedure_volume,Other non-surgical,Non-Surgical Fat Reduction,,Greece,11251,procedures,2022,ISAPS,2022 ISAPS International Survey on Aesthetic/Cosmetic Procedures Performed in 2022,https://www.isaps.org/media/a0qfm4h3/isaps-global-survey_2022.pdf,ISAPS page 26 country procedure table.,official_association_report
E:\shared\行业报告\2022isaps-global-survey.pdf,procedure_volume,All procedures,Country total procedures,,Iran,321094,procedures,2022,ISAPS,2022 ISAPS International Survey on Aesthetic/Cosmetic Procedures Performed in 2022,https://www.isaps.org/media/a0qfm4h3/isaps-global-survey_2022.pdf,ISAPS page 27 country procedure table.,official_association_report
E:\shared\行业报告\2022isaps-global-survey.pdf,procedure_volume,Surgical procedures,Country surgical procedures,,Iran,182814,procedures,2022,ISAPS,2022 ISAPS International Survey on Aesthetic/Cosmetic Procedures Performed in 2022,https://www.isaps.org/media/a0qfm4h3/isaps-global-survey_2022.pdf,ISAPS page 27 country procedure table.,official_association_report
E:\shared\行业报告\2022isaps-global-survey.pdf,procedure_volume,Non-surgical procedures,Country non-surgical procedures,,Iran,138280,procedures,2022,ISAPS,2022 ISAPS International Survey on Aesthetic/Cosmetic Procedures Performed in 2022,https://www.isaps.org/media/a0qfm4h3/isaps-global-survey_2022.pdf,ISAPS page 27 country procedure table.,official_association_report
E:\shared\行业报告\2022isaps-global-survey.pdf,procedure_volume,Injectables,Country total injectables,,Iran,126431,procedures,2022,ISAPS,2022 ISAPS International Survey on Aesthetic/Cosmetic Procedures Performed in 2022,https://www.isaps.org/media/a0qfm4h3/isaps-global-survey_2022.pdf,ISAPS page 27 country procedure table.,official_association_report
E:\shared\行业报告\2022isaps-global-survey.pdf,procedure_volume,Facial rejuvenation,Country total facial rejuvenation,,Iran,3925,procedures,2022,ISAPS,2022 ISAPS International Survey on Aesthetic/Cosmetic Procedures Performed in 2022,https://www.isaps.org/media/a0qfm4h3/isaps-global-survey_2022.pdf,ISAPS page 27 country procedure table.,official_association_report
E:\shared\行业报告\2022isaps-global-survey.pdf,procedure_volume,Other non-surgical,Country total other non-surgical,,Iran,7924,procedures,2022,ISAPS,2022 ISAPS International Survey on Aesthetic/Cosmetic Procedures Performed in 2022,https://www.isaps.org/media/a0qfm4h3/isaps-global-survey_2022.pdf,ISAPS page 27 country procedure table.,official_association_report
E:\shared\行业报告\2022isaps-global-survey.pdf,procedure_volume,Injectables,Botulinum Toxin,,Iran,85157,procedures,2022,ISAPS,2022 ISAPS International Survey on Aesthetic/Cosmetic Procedures Performed in 2022,https://www.isaps.org/media/a0qfm4h3/isaps-global-survey_2022.pdf,ISAPS page 27 country procedure table.,official_association_report
E:\shared\行业报告\2022isaps-global-survey.pdf,procedure_volume,Injectables,Calcium Hydroxylapatite,,Iran,0,procedures,2022,ISAPS,2022 ISAPS International Survey on Aesthetic/Cosmetic Procedures Performed in 2022,https://www.isaps.org/media/a0qfm4h3/isaps-global-survey_2022.pdf,ISAPS page 27 country procedure table.,official_association_report
E:\shared\行业报告\2022isaps-global-survey.pdf,procedure_volume,Injectables,Hyaluronic Acid,,Iran,41274,procedures,2022,ISAPS,2022 ISAPS International Survey on Aesthetic/Cosmetic Procedures Performed in 2022,https://www.isaps.org/media/a0qfm4h3/isaps-global-survey_2022.pdf,ISAPS page 27 country procedure table.,official_association_report
E:\shared\行业报告\2022isaps-global-survey.pdf,procedure_volume,Facial rejuvenation,Chemical Peel,,Iran,39,procedures,2022,ISAPS,2022 ISAPS International Survey on Aesthetic/Cosmetic Procedures Performed in 2022,https://www.isaps.org/media/a0qfm4h3/isaps-global-survey_2022.pdf,ISAPS page 27 country procedure table.,official_association_report
E:\shared\行业报告\2022isaps-global-survey.pdf,procedure_volume,Facial rejuvenation,Full Field Ablative,,Iran,2462,procedures,2022,ISAPS,2022 ISAPS International Survey on Aesthetic/Cosmetic Procedures Performed in 2022,https://www.isaps.org/media/a0qfm4h3/isaps-global-survey_2022.pdf,ISAPS page 27 country procedure table.,official_association_report
E:\shared\行业报告\2022isaps-global-survey.pdf,procedure_volume,Facial rejuvenation,Non-Surgical Skin Tightening,,Iran,1424,procedures,2022,ISAPS,2022 ISAPS International Survey on Aesthetic/Cosmetic Procedures Performed in 2022,https://www.isaps.org/media/a0qfm4h3/isaps-global-survey_2022.pdf,ISAPS page 27 country procedure table.,official_association_report
E:\shared\行业报告\2022isaps-global-survey.pdf,procedure_volume,Other non-surgical,Cellulite Treatment,,Iran,982,procedures,2022,ISAPS,2022 ISAPS International Survey on Aesthetic/Cosmetic Procedures Performed in 2022,https://www.isaps.org/media/a0qfm4h3/isaps-global-survey_2022.pdf,ISAPS page 27 country procedure table.,official_association_report
E:\shared\行业报告\2022isaps-global-survey.pdf,procedure_volume,Other non-surgical,Hair Removal,,Iran,5577,procedures,2022,ISAPS,2022 ISAPS International Survey on Aesthetic/Cosmetic Procedures Performed in 2022,https://www.isaps.org/media/a0qfm4h3/isaps-global-survey_2022.pdf,ISAPS page 27 country procedure table.,official_association_report
E:\shared\行业报告\2022isaps-global-survey.pdf,procedure_volume,Other non-surgical,Non-Surgical Fat Reduction,,Iran,1364,procedures,2022,ISAPS,2022 ISAPS International Survey on Aesthetic/Cosmetic Procedures Performed in 2022,https://www.isaps.org/media/a0qfm4h3/isaps-global-survey_2022.pdf,ISAPS page 27 country procedure table.,official_association_report
E:\shared\行业报告\2022isaps-global-survey.pdf,procedure_volume,All procedures,Country total procedures,,Romania,235604,procedures,2022,ISAPS,2022 ISAPS International Survey on Aesthetic/Cosmetic Procedures Performed in 2022,https://www.isaps.org/media/a0qfm4h3/isaps-global-survey_2022.pdf,ISAPS page 28 country procedure table.,official_association_report
E:\shared\行业报告\2022isaps-global-survey.pdf,procedure_volume,Surgical procedures,Country surgical procedures,,Romania,93558,procedures,2022,ISAPS,2022 ISAPS International Survey on Aesthetic/Cosmetic Procedures Performed in 2022,https://www.isaps.org/media/a0qfm4h3/isaps-global-survey_2022.pdf,ISAPS page 28 country procedure table.,official_association_report
E:\shared\行业报告\2022isaps-global-survey.pdf,procedure_volume,Non-surgical procedures,Country non-surgical procedures,,Romania,142046,procedures,2022,ISAPS,2022 ISAPS International Survey on Aesthetic/Cosmetic Procedures Performed in 2022,https://www.isaps.org/media/a0qfm4h3/isaps-global-survey_2022.pdf,ISAPS page 28 country procedure table.,official_association_report
E:\shared\行业报告\2022isaps-global-survey.pdf,procedure_volume,Injectables,Country total injectables,,Romania,119876,procedures,2022,ISAPS,2022 ISAPS International Survey on Aesthetic/Cosmetic Procedures Performed in 2022,https://www.isaps.org/media/a0qfm4h3/isaps-global-survey_2022.pdf,ISAPS page 28 country procedure table.,official_association_report
E:\shared\行业报告\2022isaps-global-survey.pdf,procedure_volume,Facial rejuvenation,Country total facial rejuvenation,,Romania,10698,procedures,2022,ISAPS,2022 ISAPS International Survey on Aesthetic/Cosmetic Procedures Performed in 2022,https://www.isaps.org/media/a0qfm4h3/isaps-global-survey_2022.pdf,ISAPS page 28 country procedure table.,official_association_report
E:\shared\行业报告\2022isaps-global-survey.pdf,procedure_volume,Other non-surgical,Country total other non-surgical,,Romania,11472,procedures,2022,ISAPS,2022 ISAPS International Survey on Aesthetic/Cosmetic Procedures Performed in 2022,https://www.isaps.org/media/a0qfm4h3/isaps-global-survey_2022.pdf,ISAPS page 28 country procedure table.,official_association_report
E:\shared\行业报告\2022isaps-global-survey.pdf,procedure_volume,Injectables,Botulinum Toxin,,Romania,65935,procedures,2022,ISAPS,2022 ISAPS International Survey on Aesthetic/Cosmetic Procedures Performed in 2022,https://www.isaps.org/media/a0qfm4h3/isaps-global-survey_2022.pdf,ISAPS page 28 country procedure table.,official_association_report
E:\shared\行业报告\2022isaps-global-survey.pdf,procedure_volume,Injectables,Calcium Hydroxylapatite,,Romania,3373,procedures,2022,ISAPS,2022 ISAPS International Survey on Aesthetic/Cosmetic Procedures Performed in 2022,https://www.isaps.org/media/a0qfm4h3/isaps-global-survey_2022.pdf,ISAPS page 28 country procedure table.,official_association_report
E:\shared\行业报告\2022isaps-global-survey.pdf,procedure_volume,Injectables,Hyaluronic Acid,,Romania,50568,procedures,2022,ISAPS,2022 ISAPS International Survey on Aesthetic/Cosmetic Procedures Performed in 2022,https://www.isaps.org/media/a0qfm4h3/isaps-global-survey_2022.pdf,ISAPS page 28 country procedure table.,official_association_report
E:\shared\行业报告\2022isaps-global-survey.pdf,procedure_volume,Facial rejuvenation,Chemical Peel,,Romania,4313,procedures,2022,ISAPS,2022 ISAPS International Survey on Aesthetic/Cosmetic Procedures Performed in 2022,https://www.isaps.org/media/a0qfm4h3/isaps-global-survey_2022.pdf,ISAPS page 28 country procedure table.,official_association_report
E:\shared\行业报告\2022isaps-global-survey.pdf,procedure_volume,Facial rejuvenation,Full Field Ablative,,Romania,2218,procedures,2022,ISAPS,2022 ISAPS International Survey on Aesthetic/Cosmetic Procedures Performed in 2022,https://www.isaps.org/media/a0qfm4h3/isaps-global-survey_2022.pdf,ISAPS page 28 country procedure table.,official_association_report
E:\shared\行业报告\2022isaps-global-survey.pdf,procedure_volume,Facial rejuvenation,Non-Surgical Skin Tightening,,Romania,4166,procedures,2022,ISAPS,2022 ISAPS International Survey on Aesthetic/Cosmetic Procedures Performed in 2022,https://www.isaps.org/media/a0qfm4h3/isaps-global-survey_2022.pdf,ISAPS page 28 country procedure table.,official_association_report
E:\shared\行业报告\2022isaps-global-survey.pdf,procedure_volume,Other non-surgical,Cellulite Treatment,,Romania,2543,procedures,2022,ISAPS,2022 ISAPS International Survey on Aesthetic/Cosmetic Procedures Performed in 2022,https://www.isaps.org/media/a0qfm4h3/isaps-global-survey_2022.pdf,ISAPS page 28 country procedure table.,official_association_report
E:\shared\行业报告\2022isaps-global-survey.pdf,procedure_volume,Other non-surgical,Hair Removal,,Romania,6175,procedures,2022,ISAPS,2022 ISAPS International Survey on Aesthetic/Cosmetic Procedures Performed in 2022,https://www.isaps.org/media/a0qfm4h3/isaps-global-survey_2022.pdf,ISAPS page 28 country procedure table.,official_association_report
E:\shared\行业报告\2022isaps-global-survey.pdf,procedure_volume,Other non-surgical,Non-Surgical Fat Reduction,,Romania,2753,procedures,2022,ISAPS,2022 ISAPS International Survey on Aesthetic/Cosmetic Procedures Performed in 2022,https://www.isaps.org/media/a0qfm4h3/isaps-global-survey_2022.pdf,ISAPS page 28 country procedure table.,official_association_report
E:\shared\行业报告\2022isaps-global-survey.pdf,procedure_volume,All procedures,Country total procedures,,UK,208296,procedures,2022,ISAPS,2022 ISAPS International Survey on Aesthetic/Cosmetic Procedures Performed in 2022,https://www.isaps.org/media/a0qfm4h3/isaps-global-survey_2022.pdf,ISAPS page 29 country procedure table.,official_association_report
E:\shared\行业报告\2022isaps-global-survey.pdf,procedure_volume,Surgical procedures,Country surgical procedures,,UK,130372,procedures,2022,ISAPS,2022 ISAPS International Survey on Aesthetic/Cosmetic Procedures Performed in 2022,https://www.isaps.org/media/a0qfm4h3/isaps-global-survey_2022.pdf,ISAPS page 29 country procedure table.,official_association_report
E:\shared\行业报告\2022isaps-global-survey.pdf,procedure_volume,Non-surgical procedures,Country non-surgical procedures,,UK,77924,procedures,2022,ISAPS,2022 ISAPS International Survey on Aesthetic/Cosmetic Procedures Performed in 2022,https://www.isaps.org/media/a0qfm4h3/isaps-global-survey_2022.pdf,ISAPS page 29 country procedure table.,official_association_report
E:\shared\行业报告\2022isaps-global-survey.pdf,procedure_volume,Injectables,Country total injectables,,UK,63792,procedures,2022,ISAPS,2022 ISAPS International Survey on Aesthetic/Cosmetic Procedures Performed in 2022,https://www.isaps.org/media/a0qfm4h3/isaps-global-survey_2022.pdf,ISAPS page 29 country procedure table.,official_association_report
E:\shared\行业报告\2022isaps-global-survey.pdf,procedure_volume,Facial rejuvenation,Country total facial rejuvenation,,UK,5874,procedures,2022,ISAPS,2022 ISAPS International Survey on Aesthetic/Cosmetic Procedures Performed in 2022,https://www.isaps.org/media/a0qfm4h3/isaps-global-survey_2022.pdf,ISAPS page 29 country procedure table.,official_association_report
E:\shared\行业报告\2022isaps-global-survey.pdf,procedure_volume,Other non-surgical,Country total other non-surgical,,UK,8258,procedures,2022,ISAPS,2022 ISAPS International Survey on Aesthetic/Cosmetic Procedures Performed in 2022,https://www.isaps.org/media/a0qfm4h3/isaps-global-survey_2022.pdf,ISAPS page 29 country procedure table.,official_association_report
E:\shared\行业报告\2022isaps-global-survey.pdf,procedure_volume,Injectables,Botulinum Toxin,,UK,35232,procedures,2022,ISAPS,2022 ISAPS International Survey on Aesthetic/Cosmetic Procedures Performed in 2022,https://www.isaps.org/media/a0qfm4h3/isaps-global-survey_2022.pdf,ISAPS page 29 country procedure table.,official_association_report
E:\shared\行业报告\2022isaps-global-survey.pdf,procedure_volume,Injectables,Calcium Hydroxylapatite,,UK,1546,procedures,2022,ISAPS,2022 ISAPS International Survey on Aesthetic/Cosmetic Procedures Performed in 2022,https://www.isaps.org/media/a0qfm4h3/isaps-global-survey_2022.pdf,ISAPS page 29 country procedure table.,official_association_report
E:\shared\行业报告\2022isaps-global-survey.pdf,procedure_volume,Injectables,Hyaluronic Acid,,UK,27015,procedures,2022,ISAPS,2022 ISAPS International Survey on Aesthetic/Cosmetic Procedures Performed in 2022,https://www.isaps.org/media/a0qfm4h3/isaps-global-survey_2022.pdf,ISAPS page 29 country procedure table.,official_association_report
E:\shared\行业报告\2022isaps-global-survey.pdf,procedure_volume,Facial rejuvenation,Chemical Peel,,UK,1571,procedures,2022,ISAPS,2022 ISAPS International Survey on Aesthetic/Cosmetic Procedures Performed in 2022,https://www.isaps.org/media/a0qfm4h3/isaps-global-survey_2022.pdf,ISAPS page 29 country procedure table.,official_association_report
E:\shared\行业报告\2022isaps-global-survey.pdf,procedure_volume,Facial rejuvenation,Full Field Ablative,,UK,1136,procedures,2022,ISAPS,2022 ISAPS International Survey on Aesthetic/Cosmetic Procedures Performed in 2022,https://www.isaps.org/media/a0qfm4h3/isaps-global-survey_2022.pdf,ISAPS page 29 country procedure table.,official_association_report
E:\shared\行业报告\2022isaps-global-survey.pdf,procedure_volume,Facial rejuvenation,Non-Surgical Skin Tightening,,UK,3167,procedures,2022,ISAPS,2022 ISAPS International Survey on Aesthetic/Cosmetic Procedures Performed in 2022,https://www.isaps.org/media/a0qfm4h3/isaps-global-survey_2022.pdf,ISAPS page 29 country procedure table.,official_association_report
E:\shared\行业报告\2022isaps-global-survey.pdf,procedure_volume,Other non-surgical,Cellulite Treatment,,UK,1679,procedures,2022,ISAPS,2022 ISAPS International Survey on Aesthetic/Cosmetic Procedures Performed in 2022,https://www.isaps.org/media/a0qfm4h3/isaps-global-survey_2022.pdf,ISAPS page 29 country procedure table.,official_association_report
E:\shared\行业报告\2022isaps-global-survey.pdf,procedure_volume,Other non-surgical,Hair Removal,,UK,4436,procedures,2022,ISAPS,2022 ISAPS International Survey on Aesthetic/Cosmetic Procedures Performed in 2022,https://www.isaps.org/media/a0qfm4h3/isaps-global-survey_2022.pdf,ISAPS page 29 country procedure table.,official_association_report
E:\shared\行业报告\2022isaps-global-survey.pdf,procedure_volume,Other non-surgical,Non-Surgical Fat Reduction,,UK,2142,procedures,2022,ISAPS,2022 ISAPS International Survey on Aesthetic/Cosmetic Procedures Performed in 2022,https://www.isaps.org/media/a0qfm4h3/isaps-global-survey_2022.pdf,ISAPS page 29 country procedure table.,official_association_report
E:\shared\行业报告\2022isaps-global-survey.pdf,procedure_volume,All procedures,Country total procedures,,Thailand,170664,procedures,2022,ISAPS,2022 ISAPS International Survey on Aesthetic/Cosmetic Procedures Performed in 2022,https://www.isaps.org/media/a0qfm4h3/isaps-global-survey_2022.pdf,ISAPS page 30 country procedure table.,official_association_report
E:\shared\行业报告\2022isaps-global-survey.pdf,procedure_volume,Surgical procedures,Country surgical procedures,,Thailand,127235,procedures,2022,ISAPS,2022 ISAPS International Survey on Aesthetic/Cosmetic Procedures Performed in 2022,https://www.isaps.org/media/a0qfm4h3/isaps-global-survey_2022.pdf,ISAPS page 30 country procedure table.,official_association_report
E:\shared\行业报告\2022isaps-global-survey.pdf,procedure_volume,Non-surgical procedures,Country non-surgical procedures,,Thailand,43429,procedures,2022,ISAPS,2022 ISAPS International Survey on Aesthetic/Cosmetic Procedures Performed in 2022,https://www.isaps.org/media/a0qfm4h3/isaps-global-survey_2022.pdf,ISAPS page 30 country procedure table.,official_association_report
E:\shared\行业报告\2022isaps-global-survey.pdf,procedure_volume,Injectables,Country total injectables,,Thailand,37569,procedures,2022,ISAPS,2022 ISAPS International Survey on Aesthetic/Cosmetic Procedures Performed in 2022,https://www.isaps.org/media/a0qfm4h3/isaps-global-survey_2022.pdf,ISAPS page 30 country procedure table.,official_association_report
E:\shared\行业报告\2022isaps-global-survey.pdf,procedure_volume,Facial rejuvenation,Country total facial rejuvenation,,Thailand,2365,procedures,2022,ISAPS,2022 ISAPS International Survey on Aesthetic/Cosmetic Procedures Performed in 2022,https://www.isaps.org/media/a0qfm4h3/isaps-global-survey_2022.pdf,ISAPS page 30 country procedure table.,official_association_report
E:\shared\行业报告\2022isaps-global-survey.pdf,procedure_volume,Other non-surgical,Country total other non-surgical,,Thailand,3495,procedures,2022,ISAPS,2022 ISAPS International Survey on Aesthetic/Cosmetic Procedures Performed in 2022,https://www.isaps.org/media/a0qfm4h3/isaps-global-survey_2022.pdf,ISAPS page 30 country procedure table.,official_association_report
E:\shared\行业报告\2022isaps-global-survey.pdf,procedure_volume,Injectables,Botulinum Toxin,,Thailand,30330,procedures,2022,ISAPS,2022 ISAPS International Survey on Aesthetic/Cosmetic Procedures Performed in 2022,https://www.isaps.org/media/a0qfm4h3/isaps-global-survey_2022.pdf,ISAPS page 30 country procedure table.,official_association_report
E:\shared\行业报告\2022isaps-global-survey.pdf,procedure_volume,Injectables,Calcium Hydroxylapatite,,Thailand,6,procedures,2022,ISAPS,2022 ISAPS International Survey on Aesthetic/Cosmetic Procedures Performed in 2022,https://www.isaps.org/media/a0qfm4h3/isaps-global-survey_2022.pdf,ISAPS page 30 country procedure table.,official_association_report
E:\shared\行业报告\2022isaps-global-survey.pdf,procedure_volume,Injectables,Hyaluronic Acid,,Thailand,7233,procedures,2022,ISAPS,2022 ISAPS International Survey on Aesthetic/Cosmetic Procedures Performed in 2022,https://www.isaps.org/media/a0qfm4h3/isaps-global-survey_2022.pdf,ISAPS page 30 country procedure table.,official_association_report
E:\shared\行业报告\2022isaps-global-survey.pdf,procedure_volume,Facial rejuvenation,Chemical Peel,,Thailand,35,procedures,2022,ISAPS,2022 ISAPS International Survey on Aesthetic/Cosmetic Procedures Performed in 2022,https://www.isaps.org/media/a0qfm4h3/isaps-global-survey_2022.pdf,ISAPS page 30 country procedure table.,official_association_report
E:\shared\行业报告\2022isaps-global-survey.pdf,procedure_volume,Facial rejuvenation,Full Field Ablative,,Thailand,131,procedures,2022,ISAPS,2022 ISAPS International Survey on Aesthetic/Cosmetic Procedures Performed in 2022,https://www.isaps.org/media/a0qfm4h3/isaps-global-survey_2022.pdf,ISAPS page 30 country procedure table.,official_association_report
E:\shared\行业报告\2022isaps-global-survey.pdf,procedure_volume,Facial rejuvenation,Non-Surgical Skin Tightening,,Thailand,2199,procedures,2022,ISAPS,2022 ISAPS International Survey on Aesthetic/Cosmetic Procedures Performed in 2022,https://www.isaps.org/media/a0qfm4h3/isaps-global-survey_2022.pdf,ISAPS page 30 country procedure table.,official_association_report
E:\shared\行业报告\2022isaps-global-survey.pdf,procedure_volume,Other non-surgical,Cellulite Treatment,,Thailand,13,procedures,2022,ISAPS,2022 ISAPS International Survey on Aesthetic/Cosmetic Procedures Performed in 2022,https://www.isaps.org/media/a0qfm4h3/isaps-global-survey_2022.pdf,ISAPS page 30 country procedure table.,official_association_report
E:\shared\行业报告\2022isaps-global-survey.pdf,procedure_volume,Other non-surgical,Hair Removal,,Thailand,894,procedures,2022,ISAPS,2022 ISAPS International Survey on Aesthetic/Cosmetic Procedures Performed in 2022,https://www.isaps.org/media/a0qfm4h3/isaps-global-survey_2022.pdf,ISAPS page 30 country procedure table.,official_association_report
E:\shared\行业报告\2022isaps-global-survey.pdf,procedure_volume,Other non-surgical,Non-Surgical Fat Reduction,,Thailand,2588,procedures,2022,ISAPS,2022 ISAPS International Survey on Aesthetic/Cosmetic Procedures Performed in 2022,https://www.isaps.org/media/a0qfm4h3/isaps-global-survey_2022.pdf,ISAPS page 30 country procedure table.,official_association_report
E:\shared\行业报告\2022isaps-global-survey.pdf,estimated_plastic_surgeons,Workforce,Estimated plastic surgeons,,United States,7461,surgeons,2022,ISAPS,2022 ISAPS International Survey on Aesthetic/Cosmetic Procedures Performed in 2022,https://www.isaps.org/media/a0qfm4h3/isaps-global-survey_2022.pdf,ISAPS page 38 ranked estimated number of plastic surgeons.,official_association_report
E:\shared\行业报告\2022isaps-global-survey.pdf,estimated_plastic_surgeons,Workforce,Estimated plastic surgeons,,Brazil,6200,surgeons,2022,ISAPS,2022 ISAPS International Survey on Aesthetic/Cosmetic Procedures Performed in 2022,https://www.isaps.org/media/a0qfm4h3/isaps-global-survey_2022.pdf,ISAPS page 38 ranked estimated number of plastic surgeons.,official_association_report
E:\shared\行业报告\2022isaps-global-survey.pdf,estimated_plastic_surgeons,Workforce,Estimated plastic surgeons,,Japan,3050,surgeons,2022,ISAPS,2022 ISAPS International Survey on Aesthetic/Cosmetic Procedures Performed in 2022,https://www.isaps.org/media/a0qfm4h3/isaps-global-survey_2022.pdf,ISAPS page 38 ranked estimated number of plastic surgeons.,official_association_report
E:\shared\行业报告\2022isaps-global-survey.pdf,estimated_plastic_surgeons,Workforce,Estimated plastic surgeons,,China,3000,surgeons,2022,ISAPS,2022 ISAPS International Survey on Aesthetic/Cosmetic Procedures Performed in 2022,https://www.isaps.org/media/a0qfm4h3/isaps-global-survey_2022.pdf,ISAPS page 38 ranked estimated number of plastic surgeons.,official_association_report
E:\shared\行业报告\2022isaps-global-survey.pdf,estimated_plastic_surgeons,Workforce,Estimated plastic surgeons,,South Korea,2718,surgeons,2022,ISAPS,2022 ISAPS International Survey on Aesthetic/Cosmetic Procedures Performed in 2022,https://www.isaps.org/media/a0qfm4h3/isaps-global-survey_2022.pdf,ISAPS page 38 ranked estimated number of plastic surgeons.,official_association_report
E:\shared\行业报告\2022isaps-global-survey.pdf,estimated_plastic_surgeons,Workforce,Estimated plastic surgeons,,India,2600,surgeons,2022,ISAPS,2022 ISAPS International Survey on Aesthetic/Cosmetic Procedures Performed in 2022,https://www.isaps.org/media/a0qfm4h3/isaps-global-survey_2022.pdf,ISAPS page 38 ranked estimated number of plastic surgeons.,official_association_report
E:\shared\行业报告\2022isaps-global-survey.pdf,estimated_plastic_surgeons,Workforce,Estimated plastic surgeons,,Mexico,2394,surgeons,2022,ISAPS,2022 ISAPS International Survey on Aesthetic/Cosmetic Procedures Performed in 2022,https://www.isaps.org/media/a0qfm4h3/isaps-global-survey_2022.pdf,ISAPS page 38 ranked estimated number of plastic surgeons.,official_association_report
E:\shared\行业报告\2022isaps-global-survey.pdf,estimated_plastic_surgeons,Workforce,Estimated plastic surgeons,,Argentina,2200,surgeons,2022,ISAPS,2022 ISAPS International Survey on Aesthetic/Cosmetic Procedures Performed in 2022,https://www.isaps.org/media/a0qfm4h3/isaps-global-survey_2022.pdf,ISAPS page 38 ranked estimated number of plastic surgeons.,official_association_report
E:\shared\行业报告\2022isaps-global-survey.pdf,estimated_plastic_surgeons,Workforce,Estimated plastic surgeons,,Russia,2000,surgeons,2022,ISAPS,2022 ISAPS International Survey on Aesthetic/Cosmetic Procedures Performed in 2022,https://www.isaps.org/media/a0qfm4h3/isaps-global-survey_2022.pdf,ISAPS page 38 ranked estimated number of plastic surgeons.,official_association_report
E:\shared\行业报告\2022isaps-global-survey.pdf,estimated_plastic_surgeons,Workforce,Estimated plastic surgeons,,Germany,1550,surgeons,2022,ISAPS,2022 ISAPS International Survey on Aesthetic/Cosmetic Procedures Performed in 2022,https://www.isaps.org/media/a0qfm4h3/isaps-global-survey_2022.pdf,ISAPS page 38 ranked estimated number of plastic surgeons.,official_association_report
E:\shared\行业报告\2022isaps-global-survey.pdf,estimated_plastic_surgeons,Workforce,Estimated plastic surgeons,,Egypt,1450,surgeons,2022,ISAPS,2022 ISAPS International Survey on Aesthetic/Cosmetic Procedures Performed in 2022,https://www.isaps.org/media/a0qfm4h3/isaps-global-survey_2022.pdf,ISAPS page 38 ranked estimated number of plastic surgeons.,official_association_report
E:\shared\行业报告\2022isaps-global-survey.pdf,estimated_plastic_surgeons,Workforce,Estimated plastic surgeons,,Turkiye,1300,surgeons,2022,ISAPS,2022 ISAPS International Survey on Aesthetic/Cosmetic Procedures Performed in 2022,https://www.isaps.org/media/a0qfm4h3/isaps-global-survey_2022.pdf,ISAPS page 38 ranked estimated number of plastic surgeons.,official_association_report
E:\shared\行业报告\2022isaps-global-survey.pdf,estimated_plastic_surgeons,Workforce,Estimated plastic surgeons,,Colombia,1200,surgeons,2022,ISAPS,2022 ISAPS International Survey on Aesthetic/Cosmetic Procedures Performed in 2022,https://www.isaps.org/media/a0qfm4h3/isaps-global-survey_2022.pdf,ISAPS page 38 ranked estimated number of plastic surgeons.,official_association_report
E:\shared\行业报告\2022isaps-global-survey.pdf,estimated_plastic_surgeons,Workforce,Estimated plastic surgeons,,Italy,1151,surgeons,2022,ISAPS,2022 ISAPS International Survey on Aesthetic/Cosmetic Procedures Performed in 2022,https://www.isaps.org/media/a0qfm4h3/isaps-global-survey_2022.pdf,ISAPS page 38 ranked estimated number of plastic surgeons.,official_association_report
E:\shared\行业报告\2022isaps-global-survey.pdf,estimated_plastic_surgeons,Workforce,Estimated plastic surgeons,,France,1000,surgeons,2022,ISAPS,2022 ISAPS International Survey on Aesthetic/Cosmetic Procedures Performed in 2022,https://www.isaps.org/media/a0qfm4h3/isaps-global-survey_2022.pdf,ISAPS page 38 ranked estimated number of plastic surgeons.,official_association_report
E:\shared\行业报告\2022isaps-global-survey.pdf,estimated_plastic_surgeons,Workforce,Estimated plastic surgeons,,Spain,900,surgeons,2022,ISAPS,2022 ISAPS International Survey on Aesthetic/Cosmetic Procedures Performed in 2022,https://www.isaps.org/media/a0qfm4h3/isaps-global-survey_2022.pdf,ISAPS page 38 ranked estimated number of plastic surgeons.,official_association_report
E:\shared\行业报告\2022isaps-global-survey.pdf,estimated_plastic_surgeons,Workforce,Estimated plastic surgeons,,Chinese Taipei,750,surgeons,2022,ISAPS,2022 ISAPS International Survey on Aesthetic/Cosmetic Procedures Performed in 2022,https://www.isaps.org/media/a0qfm4h3/isaps-global-survey_2022.pdf,ISAPS page 38 ranked estimated number of plastic surgeons.,official_association_report
E:\shared\行业报告\2022isaps-global-survey.pdf,estimated_plastic_surgeons,Workforce,Estimated plastic surgeons,,Venezuela,674,surgeons,2022,ISAPS,2022 ISAPS International Survey on Aesthetic/Cosmetic Procedures Performed in 2022,https://www.isaps.org/media/a0qfm4h3/isaps-global-survey_2022.pdf,ISAPS page 38 ranked estimated number of plastic surgeons.,official_association_report
E:\shared\行业报告\2022isaps-global-survey.pdf,estimated_plastic_surgeons,Workforce,Estimated plastic surgeons,,Netherlands,600,surgeons,2022,ISAPS,2022 ISAPS International Survey on Aesthetic/Cosmetic Procedures Performed in 2022,https://www.isaps.org/media/a0qfm4h3/isaps-global-survey_2022.pdf,ISAPS page 38 ranked estimated number of plastic surgeons.,official_association_report
E:\shared\行业报告\2022isaps-global-survey.pdf,estimated_plastic_surgeons,Workforce,Estimated plastic surgeons,,UK,600,surgeons,2022,ISAPS,2022 ISAPS International Survey on Aesthetic/Cosmetic Procedures Performed in 2022,https://www.isaps.org/media/a0qfm4h3/isaps-global-survey_2022.pdf,ISAPS page 38 ranked estimated number of plastic surgeons.,official_association_report
E:\shared\行业报告\2022isaps-global-survey.pdf,estimated_plastic_surgeons,Workforce,Estimated plastic surgeons,,Peru,575,surgeons,2022,ISAPS,2022 ISAPS International Survey on Aesthetic/Cosmetic Procedures Performed in 2022,https://www.isaps.org/media/a0qfm4h3/isaps-global-survey_2022.pdf,ISAPS page 38 ranked estimated number of plastic surgeons.,official_association_report
E:\shared\行业报告\2022isaps-global-survey.pdf,estimated_plastic_surgeons,Workforce,Estimated plastic surgeons,,Thailand,475,surgeons,2022,ISAPS,2022 ISAPS International Survey on Aesthetic/Cosmetic Procedures Performed in 2022,https://www.isaps.org/media/a0qfm4h3/isaps-global-survey_2022.pdf,ISAPS page 38 ranked estimated number of plastic surgeons.,official_association_report
E:\shared\行业报告\2022isaps-global-survey.pdf,estimated_plastic_surgeons,Workforce,Estimated plastic surgeons,,Canada,450,surgeons,2022,ISAPS,2022 ISAPS International Survey on Aesthetic/Cosmetic Procedures Performed in 2022,https://www.isaps.org/media/a0qfm4h3/isaps-global-survey_2022.pdf,ISAPS page 38 ranked estimated number of plastic surgeons.,official_association_report
E:\shared\行业报告\2022isaps-global-survey.pdf,estimated_plastic_surgeons,Workforce,Estimated plastic surgeons,,Iran,429,surgeons,2022,ISAPS,2022 ISAPS International Survey on Aesthetic/Cosmetic Procedures Performed in 2022,https://www.isaps.org/media/a0qfm4h3/isaps-global-survey_2022.pdf,ISAPS page 38 ranked estimated number of plastic surgeons.,official_association_report
E:\shared\行业报告\2022isaps-global-survey.pdf,estimated_plastic_surgeons,Workforce,Estimated plastic surgeons,,Australia,425,surgeons,2022,ISAPS,2022 ISAPS International Survey on Aesthetic/Cosmetic Procedures Performed in 2022,https://www.isaps.org/media/a0qfm4h3/isaps-global-survey_2022.pdf,ISAPS page 38 ranked estimated number of plastic surgeons.,official_association_report
E:\shared\行业报告\2022isaps-global-survey.pdf,estimated_plastic_surgeons,Workforce,Estimated plastic surgeons,,Greece,400,surgeons,2022,ISAPS,2022 ISAPS International Survey on Aesthetic/Cosmetic Procedures Performed in 2022,https://www.isaps.org/media/a0qfm4h3/isaps-global-survey_2022.pdf,ISAPS page 38 ranked estimated number of plastic surgeons.,official_association_report
E:\shared\行业报告\2022isaps-global-survey.pdf,estimated_plastic_surgeons,Workforce,Estimated plastic surgeons,,Romania,350,surgeons,2022,ISAPS,2022 ISAPS International Survey on Aesthetic/Cosmetic Procedures Performed in 2022,https://www.isaps.org/media/a0qfm4h3/isaps-global-survey_2022.pdf,ISAPS page 38 ranked estimated number of plastic surgeons.,official_association_report
E:\shared\行业报告\2022isaps-global-survey.pdf,estimated_plastic_surgeons,Workforce,Estimated plastic surgeons,,Ukraine,350,surgeons,2022,ISAPS,2022 ISAPS International Survey on Aesthetic/Cosmetic Procedures Performed in 2022,https://www.isaps.org/media/a0qfm4h3/isaps-global-survey_2022.pdf,ISAPS page 38 ranked estimated number of plastic surgeons.,official_association_report
E:\shared\行业报告\2022isaps-global-survey.pdf,estimated_plastic_surgeons,Workforce,Estimated plastic surgeons,,Belgium,335,surgeons,2022,ISAPS,2022 ISAPS International Survey on Aesthetic/Cosmetic Procedures Performed in 2022,https://www.isaps.org/media/a0qfm4h3/isaps-global-survey_2022.pdf,ISAPS page 38 ranked estimated number of plastic surgeons.,official_association_report
E:\shared\行业报告\2022isaps-global-survey.pdf,estimated_plastic_surgeons,Workforce,Estimated plastic surgeons,,Indonesia,298,surgeons,2022,ISAPS,2022 ISAPS International Survey on Aesthetic/Cosmetic Procedures Performed in 2022,https://www.isaps.org/media/a0qfm4h3/isaps-global-survey_2022.pdf,ISAPS page 38 ranked estimated number of plastic surgeons.,official_association_report
E:\shared\行业报告\2021isaps-global-survey.pdf,procedure_volume,All procedures,Total surgical and non-surgical,,Global,30439576,procedures,2021,ISAPS,2021 ISAPS International Survey on Aesthetic/Cosmetic Procedures Performed in 2021,https://www.isaps.org/media/vdpdanke/isaps-global-survey_2021.pdf,ISAPS page 12 total procedures.,official_association_report
E:\shared\行业报告\2021isaps-global-survey.pdf,procedure_volume,Surgical procedures,Total surgical procedures,,Global,12840688,procedures,2021,ISAPS,2021 ISAPS International Survey on Aesthetic/Cosmetic Procedures Performed in 2021,https://www.isaps.org/media/vdpdanke/isaps-global-survey_2021.pdf,ISAPS page 9 global surgical total.,official_association_report
E:\shared\行业报告\2021isaps-global-survey.pdf,procedure_volume,Non-surgical procedures,Total non-surgical procedures,,Global,17598888,procedures,2021,ISAPS,2021 ISAPS International Survey on Aesthetic/Cosmetic Procedures Performed in 2021,https://www.isaps.org/media/vdpdanke/isaps-global-survey_2021.pdf,ISAPS page 10/page 12 global non-surgical total.,official_association_report
E:\shared\行业报告\2021isaps-global-survey.pdf,procedure_volume,Injectables,Total injectable procedures,,Global,12882055,procedures,2021,ISAPS,2021 ISAPS International Survey on Aesthetic/Cosmetic Procedures Performed in 2021,https://www.isaps.org/media/vdpdanke/isaps-global-survey_2021.pdf,ISAPS page 12 injectable procedure group.,official_association_report
E:\shared\行业报告\2021isaps-global-survey.pdf,procedure_volume,Facial rejuvenation,Total facial rejuvenation procedures,,Global,1770517,procedures,2021,ISAPS,2021 ISAPS International Survey on Aesthetic/Cosmetic Procedures Performed in 2021,https://www.isaps.org/media/vdpdanke/isaps-global-survey_2021.pdf,ISAPS page 12 non-surgical facial rejuvenation group.,official_association_report
E:\shared\行业报告\2021isaps-global-survey.pdf,procedure_volume,Other non-surgical,Total other procedures,,Global,2946316,procedures,2021,ISAPS,2021 ISAPS International Survey on Aesthetic/Cosmetic Procedures Performed in 2021,https://www.isaps.org/media/vdpdanke/isaps-global-survey_2021.pdf,ISAPS page 12 other non-surgical group.,official_association_report
E:\shared\行业报告\2021isaps-global-survey.pdf,procedure_volume,Injectables,Botulinum Toxin,,Global,7312616,procedures,2021,ISAPS,2021 ISAPS International Survey on Aesthetic/Cosmetic Procedures Performed in 2021,https://www.isaps.org/media/vdpdanke/isaps-global-survey_2021.pdf,ISAPS page 10 worldwide non-surgical procedure table.,official_association_report
E:\shared\行业报告\2021isaps-global-survey.pdf,procedure_volume,Injectables,Hyaluronic Acid,,Global,5279344,procedures,2021,ISAPS,2021 ISAPS International Survey on Aesthetic/Cosmetic Procedures Performed in 2021,https://www.isaps.org/media/vdpdanke/isaps-global-survey_2021.pdf,ISAPS page 10 worldwide non-surgical procedure table.,official_association_report
E:\shared\行业报告\2021isaps-global-survey.pdf,procedure_volume,Other non-surgical,Hair Removal,,Global,1836111,procedures,2021,ISAPS,2021 ISAPS International Survey on Aesthetic/Cosmetic Procedures Performed in 2021,https://www.isaps.org/media/vdpdanke/isaps-global-survey_2021.pdf,ISAPS page 10 worldwide non-surgical procedure table.,official_association_report
E:\shared\行业报告\2021isaps-global-survey.pdf,procedure_volume,Facial rejuvenation,Non-Surgical Skin Tightening,,Global,1003731,procedures,2021,ISAPS,2021 ISAPS International Survey on Aesthetic/Cosmetic Procedures Performed in 2021,https://www.isaps.org/media/vdpdanke/isaps-global-survey_2021.pdf,ISAPS page 10 worldwide non-surgical procedure table.,official_association_report
E:\shared\行业报告\2021isaps-global-survey.pdf,procedure_volume,Other non-surgical,Non-Surgical Fat Reduction,,Global,730980,procedures,2021,ISAPS,2021 ISAPS International Survey on Aesthetic/Cosmetic Procedures Performed in 2021,https://www.isaps.org/media/vdpdanke/isaps-global-survey_2021.pdf,ISAPS page 10 worldwide non-surgical procedure table.,official_association_report
E:\shared\行业报告\2021isaps-global-survey.pdf,procedure_volume,Facial rejuvenation,Chemical Peel,,Global,534831,procedures,2021,ISAPS,2021 ISAPS International Survey on Aesthetic/Cosmetic Procedures Performed in 2021,https://www.isaps.org/media/vdpdanke/isaps-global-survey_2021.pdf,ISAPS page 10 worldwide non-surgical procedure table.,official_association_report
E:\shared\行业报告\2021isaps-global-survey.pdf,procedure_volume,Other non-surgical,Cellulite Treatment,,Global,379224,procedures,2021,ISAPS,2021 ISAPS International Survey on Aesthetic/Cosmetic Procedures Performed in 2021,https://www.isaps.org/media/vdpdanke/isaps-global-survey_2021.pdf,ISAPS page 10 worldwide non-surgical procedure table.,official_association_report
E:\shared\行业报告\2021isaps-global-survey.pdf,procedure_volume,Injectables,Calcium Hydroxylapatite,,Global,290095,procedures,2021,ISAPS,2021 ISAPS International Survey on Aesthetic/Cosmetic Procedures Performed in 2021,https://www.isaps.org/media/vdpdanke/isaps-global-survey_2021.pdf,ISAPS page 10 worldwide non-surgical procedure table.,official_association_report
E:\shared\行业报告\2021isaps-global-survey.pdf,procedure_volume,Facial rejuvenation,Full Field Ablative,,Global,231955,procedures,2021,ISAPS,2021 ISAPS International Survey on Aesthetic/Cosmetic Procedures Performed in 2021,https://www.isaps.org/media/vdpdanke/isaps-global-survey_2021.pdf,ISAPS page 10 worldwide non-surgical procedure table.,official_association_report
E:\shared\行业报告\2021isaps-global-survey.pdf,procedure_volume,All procedures,Country total procedures,,United States,7347900,procedures,2021,ISAPS,2021 ISAPS International Survey on Aesthetic/Cosmetic Procedures Performed in 2021,https://www.isaps.org/media/vdpdanke/isaps-global-survey_2021.pdf,ISAPS page 15 country procedure table.,official_association_report
E:\shared\行业报告\2021isaps-global-survey.pdf,procedure_volume,Surgical procedures,Country surgical procedures,,United States,1992296,procedures,2021,ISAPS,2021 ISAPS International Survey on Aesthetic/Cosmetic Procedures Performed in 2021,https://www.isaps.org/media/vdpdanke/isaps-global-survey_2021.pdf,ISAPS page 15 country procedure table.,official_association_report
E:\shared\行业报告\2021isaps-global-survey.pdf,procedure_volume,Non-surgical procedures,Country non-surgical procedures,,United States,5355604,procedures,2021,ISAPS,2021 ISAPS International Survey on Aesthetic/Cosmetic Procedures Performed in 2021,https://www.isaps.org/media/vdpdanke/isaps-global-survey_2021.pdf,ISAPS page 15 country procedure table.,official_association_report
E:\shared\行业报告\2021isaps-global-survey.pdf,procedure_volume,Injectables,Country total injectables,,United States,4284472,procedures,2021,ISAPS,2021 ISAPS International Survey on Aesthetic/Cosmetic Procedures Performed in 2021,https://www.isaps.org/media/vdpdanke/isaps-global-survey_2021.pdf,ISAPS page 15 country procedure table.,official_association_report
E:\shared\行业报告\2021isaps-global-survey.pdf,procedure_volume,Facial rejuvenation,Country total facial rejuvenation,,United States,542605,procedures,2021,ISAPS,2021 ISAPS International Survey on Aesthetic/Cosmetic Procedures Performed in 2021,https://www.isaps.org/media/vdpdanke/isaps-global-survey_2021.pdf,ISAPS page 15 country procedure table.,official_association_report
E:\shared\行业报告\2021isaps-global-survey.pdf,procedure_volume,Other non-surgical,Country total other non-surgical,,United States,528527,procedures,2021,ISAPS,2021 ISAPS International Survey on Aesthetic/Cosmetic Procedures Performed in 2021,https://www.isaps.org/media/vdpdanke/isaps-global-survey_2021.pdf,ISAPS page 15 country procedure table.,official_association_report
E:\shared\行业报告\2021isaps-global-survey.pdf,procedure_volume,Injectables,Botulinum Toxin,,United States,2520000,procedures,2021,ISAPS,2021 ISAPS International Survey on Aesthetic/Cosmetic Procedures Performed in 2021,https://www.isaps.org/media/vdpdanke/isaps-global-survey_2021.pdf,ISAPS page 15 country procedure table.,official_association_report
E:\shared\行业报告\2021isaps-global-survey.pdf,procedure_volume,Injectables,Calcium Hydroxylapatite,,United States,92867,procedures,2021,ISAPS,2021 ISAPS International Survey on Aesthetic/Cosmetic Procedures Performed in 2021,https://www.isaps.org/media/vdpdanke/isaps-global-survey_2021.pdf,ISAPS page 15 country procedure table.,official_association_report
E:\shared\行业报告\2021isaps-global-survey.pdf,procedure_volume,Injectables,Hyaluronic Acid,,United States,1671605,procedures,2021,ISAPS,2021 ISAPS International Survey on Aesthetic/Cosmetic Procedures Performed in 2021,https://www.isaps.org/media/vdpdanke/isaps-global-survey_2021.pdf,ISAPS page 15 country procedure table.,official_association_report
E:\shared\行业报告\2021isaps-global-survey.pdf,procedure_volume,Facial rejuvenation,Chemical Peel,,United States,105000,procedures,2021,ISAPS,2021 ISAPS International Survey on Aesthetic/Cosmetic Procedures Performed in 2021,https://www.isaps.org/media/vdpdanke/isaps-global-survey_2021.pdf,ISAPS page 15 country procedure table.,official_association_report
E:\shared\行业报告\2021isaps-global-survey.pdf,procedure_volume,Facial rejuvenation,Full Field Ablative,,United States,45750,procedures,2021,ISAPS,2021 ISAPS International Survey on Aesthetic/Cosmetic Procedures Performed in 2021,https://www.isaps.org/media/vdpdanke/isaps-global-survey_2021.pdf,ISAPS page 15 country procedure table.,official_association_report
E:\shared\行业报告\2021isaps-global-survey.pdf,procedure_volume,Facial rejuvenation,Non-Surgical Skin Tightening,,United States,391855,procedures,2021,ISAPS,2021 ISAPS International Survey on Aesthetic/Cosmetic Procedures Performed in 2021,https://www.isaps.org/media/vdpdanke/isaps-global-survey_2021.pdf,ISAPS page 15 country procedure table.,official_association_report
E:\shared\行业报告\2021isaps-global-survey.pdf,procedure_volume,Other non-surgical,Cellulite Treatment,,United States,6000,procedures,2021,ISAPS,2021 ISAPS International Survey on Aesthetic/Cosmetic Procedures Performed in 2021,https://www.isaps.org/media/vdpdanke/isaps-global-survey_2021.pdf,ISAPS page 15 country procedure table.,official_association_report
E:\shared\行业报告\2021isaps-global-survey.pdf,procedure_volume,Other non-surgical,Hair Removal,,United States,305250,procedures,2021,ISAPS,2021 ISAPS International Survey on Aesthetic/Cosmetic Procedures Performed in 2021,https://www.isaps.org/media/vdpdanke/isaps-global-survey_2021.pdf,ISAPS page 15 country procedure table.,official_association_report
E:\shared\行业报告\2021isaps-global-survey.pdf,procedure_volume,Other non-surgical,Non-Surgical Fat Reduction,,United States,217277,procedures,2021,ISAPS,2021 ISAPS International Survey on Aesthetic/Cosmetic Procedures Performed in 2021,https://www.isaps.org/media/vdpdanke/isaps-global-survey_2021.pdf,ISAPS page 15 country procedure table.,official_association_report
E:\shared\行业报告\2021isaps-global-survey.pdf,procedure_volume,All procedures,Country total procedures,,Brazil,2723640,procedures,2021,ISAPS,2021 ISAPS International Survey on Aesthetic/Cosmetic Procedures Performed in 2021,https://www.isaps.org/media/vdpdanke/isaps-global-survey_2021.pdf,ISAPS page 16 country procedure table.,official_association_report
E:\shared\行业报告\2021isaps-global-survey.pdf,procedure_volume,Surgical procedures,Country surgical procedures,,Brazil,1634220,procedures,2021,ISAPS,2021 ISAPS International Survey on Aesthetic/Cosmetic Procedures Performed in 2021,https://www.isaps.org/media/vdpdanke/isaps-global-survey_2021.pdf,ISAPS page 16 country procedure table.,official_association_report
E:\shared\行业报告\2021isaps-global-survey.pdf,procedure_volume,Non-surgical procedures,Country non-surgical procedures,,Brazil,1089420,procedures,2021,ISAPS,2021 ISAPS International Survey on Aesthetic/Cosmetic Procedures Performed in 2021,https://www.isaps.org/media/vdpdanke/isaps-global-survey_2021.pdf,ISAPS page 16 country procedure table.,official_association_report
E:\shared\行业报告\2021isaps-global-survey.pdf,procedure_volume,Injectables,Country total injectables,,Brazil,924660,procedures,2021,ISAPS,2021 ISAPS International Survey on Aesthetic/Cosmetic Procedures Performed in 2021,https://www.isaps.org/media/vdpdanke/isaps-global-survey_2021.pdf,ISAPS page 16 country procedure table.,official_association_report
E:\shared\行业报告\2021isaps-global-survey.pdf,procedure_volume,Facial rejuvenation,Country total facial rejuvenation,,Brazil,88860,procedures,2021,ISAPS,2021 ISAPS International Survey on Aesthetic/Cosmetic Procedures Performed in 2021,https://www.isaps.org/media/vdpdanke/isaps-global-survey_2021.pdf,ISAPS page 16 country procedure table.,official_association_report
E:\shared\行业报告\2021isaps-global-survey.pdf,procedure_volume,Other non-surgical,Country total other non-surgical,,Brazil,75900,procedures,2021,ISAPS,2021 ISAPS International Survey on Aesthetic/Cosmetic Procedures Performed in 2021,https://www.isaps.org/media/vdpdanke/isaps-global-survey_2021.pdf,ISAPS page 16 country procedure table.,official_association_report
E:\shared\行业报告\2021isaps-global-survey.pdf,procedure_volume,Injectables,Botulinum Toxin,,Brazil,542520,procedures,2021,ISAPS,2021 ISAPS International Survey on Aesthetic/Cosmetic Procedures Performed in 2021,https://www.isaps.org/media/vdpdanke/isaps-global-survey_2021.pdf,ISAPS page 16 country procedure table.,official_association_report
E:\shared\行业报告\2021isaps-global-survey.pdf,procedure_volume,Injectables,Calcium Hydroxylapatite,,Brazil,34140,procedures,2021,ISAPS,2021 ISAPS International Survey on Aesthetic/Cosmetic Procedures Performed in 2021,https://www.isaps.org/media/vdpdanke/isaps-global-survey_2021.pdf,ISAPS page 16 country procedure table.,official_association_report
E:\shared\行业报告\2021isaps-global-survey.pdf,procedure_volume,Injectables,Hyaluronic Acid,,Brazil,348000,procedures,2021,ISAPS,2021 ISAPS International Survey on Aesthetic/Cosmetic Procedures Performed in 2021,https://www.isaps.org/media/vdpdanke/isaps-global-survey_2021.pdf,ISAPS page 16 country procedure table.,official_association_report
E:\shared\行业报告\2021isaps-global-survey.pdf,procedure_volume,Facial rejuvenation,Chemical Peel,,Brazil,18480,procedures,2021,ISAPS,2021 ISAPS International Survey on Aesthetic/Cosmetic Procedures Performed in 2021,https://www.isaps.org/media/vdpdanke/isaps-global-survey_2021.pdf,ISAPS page 16 country procedure table.,official_association_report
E:\shared\行业报告\2021isaps-global-survey.pdf,procedure_volume,Facial rejuvenation,Full Field Ablative,,Brazil,25860,procedures,2021,ISAPS,2021 ISAPS International Survey on Aesthetic/Cosmetic Procedures Performed in 2021,https://www.isaps.org/media/vdpdanke/isaps-global-survey_2021.pdf,ISAPS page 16 country procedure table.,official_association_report
E:\shared\行业报告\2021isaps-global-survey.pdf,procedure_volume,Facial rejuvenation,Non-Surgical Skin Tightening,,Brazil,44520,procedures,2021,ISAPS,2021 ISAPS International Survey on Aesthetic/Cosmetic Procedures Performed in 2021,https://www.isaps.org/media/vdpdanke/isaps-global-survey_2021.pdf,ISAPS page 16 country procedure table.,official_association_report
E:\shared\行业报告\2021isaps-global-survey.pdf,procedure_volume,Other non-surgical,Cellulite Treatment,,Brazil,38280,procedures,2021,ISAPS,2021 ISAPS International Survey on Aesthetic/Cosmetic Procedures Performed in 2021,https://www.isaps.org/media/vdpdanke/isaps-global-survey_2021.pdf,ISAPS page 16 country procedure table.,official_association_report
E:\shared\行业报告\2021isaps-global-survey.pdf,procedure_volume,Other non-surgical,Hair Removal,,Brazil,3900,procedures,2021,ISAPS,2021 ISAPS International Survey on Aesthetic/Cosmetic Procedures Performed in 2021,https://www.isaps.org/media/vdpdanke/isaps-global-survey_2021.pdf,ISAPS page 16 country procedure table.,official_association_report
E:\shared\行业报告\2021isaps-global-survey.pdf,procedure_volume,Other non-surgical,Non-Surgical Fat Reduction,,Brazil,33720,procedures,2021,ISAPS,2021 ISAPS International Survey on Aesthetic/Cosmetic Procedures Performed in 2021,https://www.isaps.org/media/vdpdanke/isaps-global-survey_2021.pdf,ISAPS page 16 country procedure table.,official_association_report
E:\shared\行业报告\2021isaps-global-survey.pdf,procedure_volume,All procedures,Country total procedures,,Japan,1745621,procedures,2021,ISAPS,2021 ISAPS International Survey on Aesthetic/Cosmetic Procedures Performed in 2021,https://www.isaps.org/media/vdpdanke/isaps-global-survey_2021.pdf,ISAPS page 17 country procedure table.,official_association_report
E:\shared\行业报告\2021isaps-global-survey.pdf,procedure_volume,Surgical procedures,Country surgical procedures,,Japan,265733,procedures,2021,ISAPS,2021 ISAPS International Survey on Aesthetic/Cosmetic Procedures Performed in 2021,https://www.isaps.org/media/vdpdanke/isaps-global-survey_2021.pdf,ISAPS page 17 country procedure table.,official_association_report
E:\shared\行业报告\2021isaps-global-survey.pdf,procedure_volume,Non-surgical procedures,Country non-surgical procedures,,Japan,1479888,procedures,2021,ISAPS,2021 ISAPS International Survey on Aesthetic/Cosmetic Procedures Performed in 2021,https://www.isaps.org/media/vdpdanke/isaps-global-survey_2021.pdf,ISAPS page 17 country procedure table.,official_association_report
E:\shared\行业报告\2021isaps-global-survey.pdf,procedure_volume,Injectables,Country total injectables,,Japan,565441,procedures,2021,ISAPS,2021 ISAPS International Survey on Aesthetic/Cosmetic Procedures Performed in 2021,https://www.isaps.org/media/vdpdanke/isaps-global-survey_2021.pdf,ISAPS page 17 country procedure table.,official_association_report
E:\shared\行业报告\2021isaps-global-survey.pdf,procedure_volume,Facial rejuvenation,Country total facial rejuvenation,,Japan,306056,procedures,2021,ISAPS,2021 ISAPS International Survey on Aesthetic/Cosmetic Procedures Performed in 2021,https://www.isaps.org/media/vdpdanke/isaps-global-survey_2021.pdf,ISAPS page 17 country procedure table.,official_association_report
E:\shared\行业报告\2021isaps-global-survey.pdf,procedure_volume,Other non-surgical,Country total other non-surgical,,Japan,608391,procedures,2021,ISAPS,2021 ISAPS International Survey on Aesthetic/Cosmetic Procedures Performed in 2021,https://www.isaps.org/media/vdpdanke/isaps-global-survey_2021.pdf,ISAPS page 17 country procedure table.,official_association_report
E:\shared\行业报告\2021isaps-global-survey.pdf,procedure_volume,Injectables,Botulinum Toxin,,Japan,458749,procedures,2021,ISAPS,2021 ISAPS International Survey on Aesthetic/Cosmetic Procedures Performed in 2021,https://www.isaps.org/media/vdpdanke/isaps-global-survey_2021.pdf,ISAPS page 17 country procedure table.,official_association_report
E:\shared\行业报告\2021isaps-global-survey.pdf,procedure_volume,Injectables,Calcium Hydroxylapatite,,Japan,79,procedures,2021,ISAPS,2021 ISAPS International Survey on Aesthetic/Cosmetic Procedures Performed in 2021,https://www.isaps.org/media/vdpdanke/isaps-global-survey_2021.pdf,ISAPS page 17 country procedure table.,official_association_report
E:\shared\行业报告\2021isaps-global-survey.pdf,procedure_volume,Injectables,Hyaluronic Acid,,Japan,106613,procedures,2021,ISAPS,2021 ISAPS International Survey on Aesthetic/Cosmetic Procedures Performed in 2021,https://www.isaps.org/media/vdpdanke/isaps-global-survey_2021.pdf,ISAPS page 17 country procedure table.,official_association_report
E:\shared\行业报告\2021isaps-global-survey.pdf,procedure_volume,Facial rejuvenation,Chemical Peel,,Japan,158990,procedures,2021,ISAPS,2021 ISAPS International Survey on Aesthetic/Cosmetic Procedures Performed in 2021,https://www.isaps.org/media/vdpdanke/isaps-global-survey_2021.pdf,ISAPS page 17 country procedure table.,official_association_report
E:\shared\行业报告\2021isaps-global-survey.pdf,procedure_volume,Facial rejuvenation,Full Field Ablative,,Japan,851,procedures,2021,ISAPS,2021 ISAPS International Survey on Aesthetic/Cosmetic Procedures Performed in 2021,https://www.isaps.org/media/vdpdanke/isaps-global-survey_2021.pdf,ISAPS page 17 country procedure table.,official_association_report
E:\shared\行业报告\2021isaps-global-survey.pdf,procedure_volume,Facial rejuvenation,Non-Surgical Skin Tightening,,Japan,146215,procedures,2021,ISAPS,2021 ISAPS International Survey on Aesthetic/Cosmetic Procedures Performed in 2021,https://www.isaps.org/media/vdpdanke/isaps-global-survey_2021.pdf,ISAPS page 17 country procedure table.,official_association_report
E:\shared\行业报告\2021isaps-global-survey.pdf,procedure_volume,Other non-surgical,Cellulite Treatment,,Japan,1166,procedures,2021,ISAPS,2021 ISAPS International Survey on Aesthetic/Cosmetic Procedures Performed in 2021,https://www.isaps.org/media/vdpdanke/isaps-global-survey_2021.pdf,ISAPS page 17 country procedure table.,official_association_report
E:\shared\行业报告\2021isaps-global-survey.pdf,procedure_volume,Other non-surgical,Hair Removal,,Japan,484529,procedures,2021,ISAPS,2021 ISAPS International Survey on Aesthetic/Cosmetic Procedures Performed in 2021,https://www.isaps.org/media/vdpdanke/isaps-global-survey_2021.pdf,ISAPS page 17 country procedure table.,official_association_report
E:\shared\行业报告\2021isaps-global-survey.pdf,procedure_volume,Other non-surgical,Non-Surgical Fat Reduction,,Japan,122696,procedures,2021,ISAPS,2021 ISAPS International Survey on Aesthetic/Cosmetic Procedures Performed in 2021,https://www.isaps.org/media/vdpdanke/isaps-global-survey_2021.pdf,ISAPS page 17 country procedure table.,official_association_report
E:\shared\行业报告\2021isaps-global-survey.pdf,procedure_volume,All procedures,Country total procedures,,Mexico,1270605,procedures,2021,ISAPS,2021 ISAPS International Survey on Aesthetic/Cosmetic Procedures Performed in 2021,https://www.isaps.org/media/vdpdanke/isaps-global-survey_2021.pdf,ISAPS page 18 country procedure table.,official_association_report
E:\shared\行业报告\2021isaps-global-survey.pdf,procedure_volume,Surgical procedures,Country surgical procedures,,Mexico,672683,procedures,2021,ISAPS,2021 ISAPS International Survey on Aesthetic/Cosmetic Procedures Performed in 2021,https://www.isaps.org/media/vdpdanke/isaps-global-survey_2021.pdf,ISAPS page 18 country procedure table.,official_association_report
E:\shared\行业报告\2021isaps-global-survey.pdf,procedure_volume,Non-surgical procedures,Country non-surgical procedures,,Mexico,597923,procedures,2021,ISAPS,2021 ISAPS International Survey on Aesthetic/Cosmetic Procedures Performed in 2021,https://www.isaps.org/media/vdpdanke/isaps-global-survey_2021.pdf,ISAPS page 18 country procedure table.,official_association_report
E:\shared\行业报告\2021isaps-global-survey.pdf,procedure_volume,Injectables,Country total injectables,,Mexico,445620,procedures,2021,ISAPS,2021 ISAPS International Survey on Aesthetic/Cosmetic Procedures Performed in 2021,https://www.isaps.org/media/vdpdanke/isaps-global-survey_2021.pdf,ISAPS page 18 country procedure table.,official_association_report
E:\shared\行业报告\2021isaps-global-survey.pdf,procedure_volume,Facial rejuvenation,Country total facial rejuvenation,,Mexico,44468,procedures,2021,ISAPS,2021 ISAPS International Survey on Aesthetic/Cosmetic Procedures Performed in 2021,https://www.isaps.org/media/vdpdanke/isaps-global-survey_2021.pdf,ISAPS page 18 country procedure table.,official_association_report
E:\shared\行业报告\2021isaps-global-survey.pdf,procedure_volume,Other non-surgical,Country total other non-surgical,,Mexico,107835,procedures,2021,ISAPS,2021 ISAPS International Survey on Aesthetic/Cosmetic Procedures Performed in 2021,https://www.isaps.org/media/vdpdanke/isaps-global-survey_2021.pdf,ISAPS page 18 country procedure table.,official_association_report
E:\shared\行业报告\2021isaps-global-survey.pdf,procedure_volume,Injectables,Botulinum Toxin,,Mexico,266928,procedures,2021,ISAPS,2021 ISAPS International Survey on Aesthetic/Cosmetic Procedures Performed in 2021,https://www.isaps.org/media/vdpdanke/isaps-global-survey_2021.pdf,ISAPS page 18 country procedure table.,official_association_report
E:\shared\行业报告\2021isaps-global-survey.pdf,procedure_volume,Injectables,Calcium Hydroxylapatite,,Mexico,11095,procedures,2021,ISAPS,2021 ISAPS International Survey on Aesthetic/Cosmetic Procedures Performed in 2021,https://www.isaps.org/media/vdpdanke/isaps-global-survey_2021.pdf,ISAPS page 18 country procedure table.,official_association_report
E:\shared\行业报告\2021isaps-global-survey.pdf,procedure_volume,Injectables,Hyaluronic Acid,,Mexico,167598,procedures,2021,ISAPS,2021 ISAPS International Survey on Aesthetic/Cosmetic Procedures Performed in 2021,https://www.isaps.org/media/vdpdanke/isaps-global-survey_2021.pdf,ISAPS page 18 country procedure table.,official_association_report
E:\shared\行业报告\2021isaps-global-survey.pdf,procedure_volume,Facial rejuvenation,Chemical Peel,,Mexico,9240,procedures,2021,ISAPS,2021 ISAPS International Survey on Aesthetic/Cosmetic Procedures Performed in 2021,https://www.isaps.org/media/vdpdanke/isaps-global-survey_2021.pdf,ISAPS page 18 country procedure table.,official_association_report
E:\shared\行业报告\2021isaps-global-survey.pdf,procedure_volume,Facial rejuvenation,Full Field Ablative,,Mexico,9573,procedures,2021,ISAPS,2021 ISAPS International Survey on Aesthetic/Cosmetic Procedures Performed in 2021,https://www.isaps.org/media/vdpdanke/isaps-global-survey_2021.pdf,ISAPS page 18 country procedure table.,official_association_report
E:\shared\行业报告\2021isaps-global-survey.pdf,procedure_volume,Facial rejuvenation,Non-Surgical Skin Tightening,,Mexico,25655,procedures,2021,ISAPS,2021 ISAPS International Survey on Aesthetic/Cosmetic Procedures Performed in 2021,https://www.isaps.org/media/vdpdanke/isaps-global-survey_2021.pdf,ISAPS page 18 country procedure table.,official_association_report
E:\shared\行业报告\2021isaps-global-survey.pdf,procedure_volume,Other non-surgical,Cellulite Treatment,,Mexico,31115,procedures,2021,ISAPS,2021 ISAPS International Survey on Aesthetic/Cosmetic Procedures Performed in 2021,https://www.isaps.org/media/vdpdanke/isaps-global-survey_2021.pdf,ISAPS page 18 country procedure table.,official_association_report
E:\shared\行业报告\2021isaps-global-survey.pdf,procedure_volume,Other non-surgical,Hair Removal,,Mexico,48825,procedures,2021,ISAPS,2021 ISAPS International Survey on Aesthetic/Cosmetic Procedures Performed in 2021,https://www.isaps.org/media/vdpdanke/isaps-global-survey_2021.pdf,ISAPS page 18 country procedure table.,official_association_report
E:\shared\行业报告\2021isaps-global-survey.pdf,procedure_volume,Other non-surgical,Non-Surgical Fat Reduction,,Mexico,27895,procedures,2021,ISAPS,2021 ISAPS International Survey on Aesthetic/Cosmetic Procedures Performed in 2021,https://www.isaps.org/media/vdpdanke/isaps-global-survey_2021.pdf,ISAPS page 18 country procedure table.,official_association_report
E:\shared\行业报告\2021isaps-global-survey.pdf,procedure_volume,All procedures,Country total procedures,,Germany,1082892,procedures,2021,ISAPS,2021 ISAPS International Survey on Aesthetic/Cosmetic Procedures Performed in 2021,https://www.isaps.org/media/vdpdanke/isaps-global-survey_2021.pdf,ISAPS page 19 country procedure table.,official_association_report
E:\shared\行业报告\2021isaps-global-survey.pdf,procedure_volume,Surgical procedures,Country surgical procedures,,Germany,476951,procedures,2021,ISAPS,2021 ISAPS International Survey on Aesthetic/Cosmetic Procedures Performed in 2021,https://www.isaps.org/media/vdpdanke/isaps-global-survey_2021.pdf,ISAPS page 19 country procedure table.,official_association_report
E:\shared\行业报告\2021isaps-global-survey.pdf,procedure_volume,Non-surgical procedures,Country non-surgical procedures,,Germany,605942,procedures,2021,ISAPS,2021 ISAPS International Survey on Aesthetic/Cosmetic Procedures Performed in 2021,https://www.isaps.org/media/vdpdanke/isaps-global-survey_2021.pdf,ISAPS page 19 country procedure table.,official_association_report
E:\shared\行业报告\2021isaps-global-survey.pdf,procedure_volume,Injectables,Country total injectables,,Germany,570586,procedures,2021,ISAPS,2021 ISAPS International Survey on Aesthetic/Cosmetic Procedures Performed in 2021,https://www.isaps.org/media/vdpdanke/isaps-global-survey_2021.pdf,ISAPS page 19 country procedure table.,official_association_report
E:\shared\行业报告\2021isaps-global-survey.pdf,procedure_volume,Facial rejuvenation,Country total facial rejuvenation,,Germany,23157,procedures,2021,ISAPS,2021 ISAPS International Survey on Aesthetic/Cosmetic Procedures Performed in 2021,https://www.isaps.org/media/vdpdanke/isaps-global-survey_2021.pdf,ISAPS page 19 country procedure table.,official_association_report
E:\shared\行业报告\2021isaps-global-survey.pdf,procedure_volume,Other non-surgical,Country total other non-surgical,,Germany,12199,procedures,2021,ISAPS,2021 ISAPS International Survey on Aesthetic/Cosmetic Procedures Performed in 2021,https://www.isaps.org/media/vdpdanke/isaps-global-survey_2021.pdf,ISAPS page 19 country procedure table.,official_association_report
E:\shared\行业报告\2021isaps-global-survey.pdf,procedure_volume,Injectables,Botulinum Toxin,,Germany,306296,procedures,2021,ISAPS,2021 ISAPS International Survey on Aesthetic/Cosmetic Procedures Performed in 2021,https://www.isaps.org/media/vdpdanke/isaps-global-survey_2021.pdf,ISAPS page 19 country procedure table.,official_association_report
E:\shared\行业报告\2021isaps-global-survey.pdf,procedure_volume,Injectables,Calcium Hydroxylapatite,,Germany,9548,procedures,2021,ISAPS,2021 ISAPS International Survey on Aesthetic/Cosmetic Procedures Performed in 2021,https://www.isaps.org/media/vdpdanke/isaps-global-survey_2021.pdf,ISAPS page 19 country procedure table.,official_association_report
E:\shared\行业报告\2021isaps-global-survey.pdf,procedure_volume,Injectables,Hyaluronic Acid,,Germany,254743,procedures,2021,ISAPS,2021 ISAPS International Survey on Aesthetic/Cosmetic Procedures Performed in 2021,https://www.isaps.org/media/vdpdanke/isaps-global-survey_2021.pdf,ISAPS page 19 country procedure table.,official_association_report
E:\shared\行业报告\2021isaps-global-survey.pdf,procedure_volume,Facial rejuvenation,Chemical Peel,,Germany,806,procedures,2021,ISAPS,2021 ISAPS International Survey on Aesthetic/Cosmetic Procedures Performed in 2021,https://www.isaps.org/media/vdpdanke/isaps-global-survey_2021.pdf,ISAPS page 19 country procedure table.,official_association_report
E:\shared\行业报告\2021isaps-global-survey.pdf,procedure_volume,Facial rejuvenation,Full Field Ablative,,Germany,4604,procedures,2021,ISAPS,2021 ISAPS International Survey on Aesthetic/Cosmetic Procedures Performed in 2021,https://www.isaps.org/media/vdpdanke/isaps-global-survey_2021.pdf,ISAPS page 19 country procedure table.,official_association_report
E:\shared\行业报告\2021isaps-global-survey.pdf,procedure_volume,Facial rejuvenation,Non-Surgical Skin Tightening,,Germany,17748,procedures,2021,ISAPS,2021 ISAPS International Survey on Aesthetic/Cosmetic Procedures Performed in 2021,https://www.isaps.org/media/vdpdanke/isaps-global-survey_2021.pdf,ISAPS page 19 country procedure table.,official_association_report
E:\shared\行业报告\2021isaps-global-survey.pdf,procedure_volume,Other non-surgical,Cellulite Treatment,,Germany,744,procedures,2021,ISAPS,2021 ISAPS International Survey on Aesthetic/Cosmetic Procedures Performed in 2021,https://www.isaps.org/media/vdpdanke/isaps-global-survey_2021.pdf,ISAPS page 19 country procedure table.,official_association_report
E:\shared\行业报告\2021isaps-global-survey.pdf,procedure_volume,Other non-surgical,Hair Removal,,Germany,0,procedures,2021,ISAPS,2021 ISAPS International Survey on Aesthetic/Cosmetic Procedures Performed in 2021,https://www.isaps.org/media/vdpdanke/isaps-global-survey_2021.pdf,ISAPS page 19 country procedure table.,official_association_report
E:\shared\行业报告\2021isaps-global-survey.pdf,procedure_volume,Other non-surgical,Non-Surgical Fat Reduction,,Germany,11455,procedures,2021,ISAPS,2021 ISAPS International Survey on Aesthetic/Cosmetic Procedures Performed in 2021,https://www.isaps.org/media/vdpdanke/isaps-global-survey_2021.pdf,ISAPS page 19 country procedure table.,official_association_report
E:\shared\行业报告\2021isaps-global-survey.pdf,procedure_volume,All procedures,Country total procedures,,Argentina,1068260,procedures,2021,ISAPS,2021 ISAPS International Survey on Aesthetic/Cosmetic Procedures Performed in 2021,https://www.isaps.org/media/vdpdanke/isaps-global-survey_2021.pdf,ISAPS page 20 country procedure table.,official_association_report
E:\shared\行业报告\2021isaps-global-survey.pdf,procedure_volume,Surgical procedures,Country surgical procedures,,Argentina,398980,procedures,2021,ISAPS,2021 ISAPS International Survey on Aesthetic/Cosmetic Procedures Performed in 2021,https://www.isaps.org/media/vdpdanke/isaps-global-survey_2021.pdf,ISAPS page 20 country procedure table.,official_association_report
E:\shared\行业报告\2021isaps-global-survey.pdf,procedure_volume,Non-surgical procedures,Country non-surgical procedures,,Argentina,669280,procedures,2021,ISAPS,2021 ISAPS International Survey on Aesthetic/Cosmetic Procedures Performed in 2021,https://www.isaps.org/media/vdpdanke/isaps-global-survey_2021.pdf,ISAPS page 20 country procedure table.,official_association_report
E:\shared\行业报告\2021isaps-global-survey.pdf,procedure_volume,Injectables,Country total injectables,,Argentina,350320,procedures,2021,ISAPS,2021 ISAPS International Survey on Aesthetic/Cosmetic Procedures Performed in 2021,https://www.isaps.org/media/vdpdanke/isaps-global-survey_2021.pdf,ISAPS page 20 country procedure table.,official_association_report
E:\shared\行业报告\2021isaps-global-survey.pdf,procedure_volume,Facial rejuvenation,Country total facial rejuvenation,,Argentina,73740,procedures,2021,ISAPS,2021 ISAPS International Survey on Aesthetic/Cosmetic Procedures Performed in 2021,https://www.isaps.org/media/vdpdanke/isaps-global-survey_2021.pdf,ISAPS page 20 country procedure table.,official_association_report
E:\shared\行业报告\2021isaps-global-survey.pdf,procedure_volume,Other non-surgical,Country total other non-surgical,,Argentina,245220,procedures,2021,ISAPS,2021 ISAPS International Survey on Aesthetic/Cosmetic Procedures Performed in 2021,https://www.isaps.org/media/vdpdanke/isaps-global-survey_2021.pdf,ISAPS page 20 country procedure table.,official_association_report
E:\shared\行业报告\2021isaps-global-survey.pdf,procedure_volume,Injectables,Botulinum Toxin,,Argentina,158900,procedures,2021,ISAPS,2021 ISAPS International Survey on Aesthetic/Cosmetic Procedures Performed in 2021,https://www.isaps.org/media/vdpdanke/isaps-global-survey_2021.pdf,ISAPS page 20 country procedure table.,official_association_report
E:\shared\行业报告\2021isaps-global-survey.pdf,procedure_volume,Injectables,Calcium Hydroxylapatite,,Argentina,15880,procedures,2021,ISAPS,2021 ISAPS International Survey on Aesthetic/Cosmetic Procedures Performed in 2021,https://www.isaps.org/media/vdpdanke/isaps-global-survey_2021.pdf,ISAPS page 20 country procedure table.,official_association_report
E:\shared\行业报告\2021isaps-global-survey.pdf,procedure_volume,Injectables,Hyaluronic Acid,,Argentina,175540,procedures,2021,ISAPS,2021 ISAPS International Survey on Aesthetic/Cosmetic Procedures Performed in 2021,https://www.isaps.org/media/vdpdanke/isaps-global-survey_2021.pdf,ISAPS page 20 country procedure table.,official_association_report
E:\shared\行业报告\2021isaps-global-survey.pdf,procedure_volume,Facial rejuvenation,Chemical Peel,,Argentina,11800,procedures,2021,ISAPS,2021 ISAPS International Survey on Aesthetic/Cosmetic Procedures Performed in 2021,https://www.isaps.org/media/vdpdanke/isaps-global-survey_2021.pdf,ISAPS page 20 country procedure table.,official_association_report
E:\shared\行业报告\2021isaps-global-survey.pdf,procedure_volume,Facial rejuvenation,Full Field Ablative,,Argentina,13160,procedures,2021,ISAPS,2021 ISAPS International Survey on Aesthetic/Cosmetic Procedures Performed in 2021,https://www.isaps.org/media/vdpdanke/isaps-global-survey_2021.pdf,ISAPS page 20 country procedure table.,official_association_report
E:\shared\行业报告\2021isaps-global-survey.pdf,procedure_volume,Facial rejuvenation,Non-Surgical Skin Tightening,,Argentina,48780,procedures,2021,ISAPS,2021 ISAPS International Survey on Aesthetic/Cosmetic Procedures Performed in 2021,https://www.isaps.org/media/vdpdanke/isaps-global-survey_2021.pdf,ISAPS page 20 country procedure table.,official_association_report
E:\shared\行业报告\2021isaps-global-survey.pdf,procedure_volume,Other non-surgical,Cellulite Treatment,,Argentina,56700,procedures,2021,ISAPS,2021 ISAPS International Survey on Aesthetic/Cosmetic Procedures Performed in 2021,https://www.isaps.org/media/vdpdanke/isaps-global-survey_2021.pdf,ISAPS page 20 country procedure table.,official_association_report
E:\shared\行业报告\2021isaps-global-survey.pdf,procedure_volume,Other non-surgical,Hair Removal,,Argentina,133160,procedures,2021,ISAPS,2021 ISAPS International Survey on Aesthetic/Cosmetic Procedures Performed in 2021,https://www.isaps.org/media/vdpdanke/isaps-global-survey_2021.pdf,ISAPS page 20 country procedure table.,official_association_report
E:\shared\行业报告\2021isaps-global-survey.pdf,procedure_volume,Other non-surgical,Non-Surgical Fat Reduction,,Argentina,55360,procedures,2021,ISAPS,2021 ISAPS International Survey on Aesthetic/Cosmetic Procedures Performed in 2021,https://www.isaps.org/media/vdpdanke/isaps-global-survey_2021.pdf,ISAPS page 20 country procedure table.,official_association_report
E:\shared\行业报告\2021isaps-global-survey.pdf,procedure_volume,All procedures,Country total procedures,,Turkiye,950365,procedures,2021,ISAPS,2021 ISAPS International Survey on Aesthetic/Cosmetic Procedures Performed in 2021,https://www.isaps.org/media/vdpdanke/isaps-global-survey_2021.pdf,ISAPS page 21 country procedure table.,official_association_report
E:\shared\行业报告\2021isaps-global-survey.pdf,procedure_volume,Surgical procedures,Country surgical procedures,,Turkiye,464490,procedures,2021,ISAPS,2021 ISAPS International Survey on Aesthetic/Cosmetic Procedures Performed in 2021,https://www.isaps.org/media/vdpdanke/isaps-global-survey_2021.pdf,ISAPS page 21 country procedure table.,official_association_report
E:\shared\行业报告\2021isaps-global-survey.pdf,procedure_volume,Non-surgical procedures,Country non-surgical procedures,,Turkiye,485875,procedures,2021,ISAPS,2021 ISAPS International Survey on Aesthetic/Cosmetic Procedures Performed in 2021,https://www.isaps.org/media/vdpdanke/isaps-global-survey_2021.pdf,ISAPS page 21 country procedure table.,official_association_report
E:\shared\行业报告\2021isaps-global-survey.pdf,procedure_volume,Injectables,Country total injectables,,Turkiye,430469,procedures,2021,ISAPS,2021 ISAPS International Survey on Aesthetic/Cosmetic Procedures Performed in 2021,https://www.isaps.org/media/vdpdanke/isaps-global-survey_2021.pdf,ISAPS page 21 country procedure table.,official_association_report
E:\shared\行业报告\2021isaps-global-survey.pdf,procedure_volume,Facial rejuvenation,Country total facial rejuvenation,,Turkiye,23023,procedures,2021,ISAPS,2021 ISAPS International Survey on Aesthetic/Cosmetic Procedures Performed in 2021,https://www.isaps.org/media/vdpdanke/isaps-global-survey_2021.pdf,ISAPS page 21 country procedure table.,official_association_report
E:\shared\行业报告\2021isaps-global-survey.pdf,procedure_volume,Other non-surgical,Country total other non-surgical,,Turkiye,32383,procedures,2021,ISAPS,2021 ISAPS International Survey on Aesthetic/Cosmetic Procedures Performed in 2021,https://www.isaps.org/media/vdpdanke/isaps-global-survey_2021.pdf,ISAPS page 21 country procedure table.,official_association_report
E:\shared\行业报告\2021isaps-global-survey.pdf,procedure_volume,Injectables,Botulinum Toxin,,Turkiye,229346,procedures,2021,ISAPS,2021 ISAPS International Survey on Aesthetic/Cosmetic Procedures Performed in 2021,https://www.isaps.org/media/vdpdanke/isaps-global-survey_2021.pdf,ISAPS page 21 country procedure table.,official_association_report
E:\shared\行业报告\2021isaps-global-survey.pdf,procedure_volume,Injectables,Calcium Hydroxylapatite,,Turkiye,9100,procedures,2021,ISAPS,2021 ISAPS International Survey on Aesthetic/Cosmetic Procedures Performed in 2021,https://www.isaps.org/media/vdpdanke/isaps-global-survey_2021.pdf,ISAPS page 21 country procedure table.,official_association_report
E:\shared\行业报告\2021isaps-global-survey.pdf,procedure_volume,Injectables,Hyaluronic Acid,,Turkiye,192023,procedures,2021,ISAPS,2021 ISAPS International Survey on Aesthetic/Cosmetic Procedures Performed in 2021,https://www.isaps.org/media/vdpdanke/isaps-global-survey_2021.pdf,ISAPS page 21 country procedure table.,official_association_report
E:\shared\行业报告\2021isaps-global-survey.pdf,procedure_volume,Facial rejuvenation,Chemical Peel,,Turkiye,975,procedures,2021,ISAPS,2021 ISAPS International Survey on Aesthetic/Cosmetic Procedures Performed in 2021,https://www.isaps.org/media/vdpdanke/isaps-global-survey_2021.pdf,ISAPS page 21 country procedure table.,official_association_report
E:\shared\行业报告\2021isaps-global-survey.pdf,procedure_volume,Facial rejuvenation,Full Field Ablative,,Turkiye,6500,procedures,2021,ISAPS,2021 ISAPS International Survey on Aesthetic/Cosmetic Procedures Performed in 2021,https://www.isaps.org/media/vdpdanke/isaps-global-survey_2021.pdf,ISAPS page 21 country procedure table.,official_association_report
E:\shared\行业报告\2021isaps-global-survey.pdf,procedure_volume,Facial rejuvenation,Non-Surgical Skin Tightening,,Turkiye,15548,procedures,2021,ISAPS,2021 ISAPS International Survey on Aesthetic/Cosmetic Procedures Performed in 2021,https://www.isaps.org/media/vdpdanke/isaps-global-survey_2021.pdf,ISAPS page 21 country procedure table.,official_association_report
E:\shared\行业报告\2021isaps-global-survey.pdf,procedure_volume,Other non-surgical,Cellulite Treatment,,Turkiye,1573,procedures,2021,ISAPS,2021 ISAPS International Survey on Aesthetic/Cosmetic Procedures Performed in 2021,https://www.isaps.org/media/vdpdanke/isaps-global-survey_2021.pdf,ISAPS page 21 country procedure table.,official_association_report
E:\shared\行业报告\2021isaps-global-survey.pdf,procedure_volume,Other non-surgical,Hair Removal,,Turkiye,28171,procedures,2021,ISAPS,2021 ISAPS International Survey on Aesthetic/Cosmetic Procedures Performed in 2021,https://www.isaps.org/media/vdpdanke/isaps-global-survey_2021.pdf,ISAPS page 21 country procedure table.,official_association_report
E:\shared\行业报告\2021isaps-global-survey.pdf,procedure_volume,Other non-surgical,Non-Surgical Fat Reduction,,Turkiye,2639,procedures,2021,ISAPS,2021 ISAPS International Survey on Aesthetic/Cosmetic Procedures Performed in 2021,https://www.isaps.org/media/vdpdanke/isaps-global-survey_2021.pdf,ISAPS page 21 country procedure table.,official_association_report
E:\shared\行业报告\2021isaps-global-survey.pdf,procedure_volume,All procedures,Country total procedures,,India,774672,procedures,2021,ISAPS,2021 ISAPS International Survey on Aesthetic/Cosmetic Procedures Performed in 2021,https://www.isaps.org/media/vdpdanke/isaps-global-survey_2021.pdf,ISAPS page 22 country procedure table.,official_association_report
E:\shared\行业报告\2021isaps-global-survey.pdf,procedure_volume,Surgical procedures,Country surgical procedures,,India,370656,procedures,2021,ISAPS,2021 ISAPS International Survey on Aesthetic/Cosmetic Procedures Performed in 2021,https://www.isaps.org/media/vdpdanke/isaps-global-survey_2021.pdf,ISAPS page 22 country procedure table.,official_association_report
E:\shared\行业报告\2021isaps-global-survey.pdf,procedure_volume,Non-surgical procedures,Country non-surgical procedures,,India,404016,procedures,2021,ISAPS,2021 ISAPS International Survey on Aesthetic/Cosmetic Procedures Performed in 2021,https://www.isaps.org/media/vdpdanke/isaps-global-survey_2021.pdf,ISAPS page 22 country procedure table.,official_association_report
E:\shared\行业报告\2021isaps-global-survey.pdf,procedure_volume,Injectables,Country total injectables,,India,166344,procedures,2021,ISAPS,2021 ISAPS International Survey on Aesthetic/Cosmetic Procedures Performed in 2021,https://www.isaps.org/media/vdpdanke/isaps-global-survey_2021.pdf,ISAPS page 22 country procedure table.,official_association_report
E:\shared\行业报告\2021isaps-global-survey.pdf,procedure_volume,Facial rejuvenation,Country total facial rejuvenation,,India,91992,procedures,2021,ISAPS,2021 ISAPS International Survey on Aesthetic/Cosmetic Procedures Performed in 2021,https://www.isaps.org/media/vdpdanke/isaps-global-survey_2021.pdf,ISAPS page 22 country procedure table.,official_association_report
E:\shared\行业报告\2021isaps-global-survey.pdf,procedure_volume,Other non-surgical,Country total other non-surgical,,India,145680,procedures,2021,ISAPS,2021 ISAPS International Survey on Aesthetic/Cosmetic Procedures Performed in 2021,https://www.isaps.org/media/vdpdanke/isaps-global-survey_2021.pdf,ISAPS page 22 country procedure table.,official_association_report
E:\shared\行业报告\2021isaps-global-survey.pdf,procedure_volume,Injectables,Botulinum Toxin,,India,99384,procedures,2021,ISAPS,2021 ISAPS International Survey on Aesthetic/Cosmetic Procedures Performed in 2021,https://www.isaps.org/media/vdpdanke/isaps-global-survey_2021.pdf,ISAPS page 22 country procedure table.,official_association_report
E:\shared\行业报告\2021isaps-global-survey.pdf,procedure_volume,Injectables,Calcium Hydroxylapatite,,India,168,procedures,2021,ISAPS,2021 ISAPS International Survey on Aesthetic/Cosmetic Procedures Performed in 2021,https://www.isaps.org/media/vdpdanke/isaps-global-survey_2021.pdf,ISAPS page 22 country procedure table.,official_association_report
E:\shared\行业报告\2021isaps-global-survey.pdf,procedure_volume,Injectables,Hyaluronic Acid,,India,66792,procedures,2021,ISAPS,2021 ISAPS International Survey on Aesthetic/Cosmetic Procedures Performed in 2021,https://www.isaps.org/media/vdpdanke/isaps-global-survey_2021.pdf,ISAPS page 22 country procedure table.,official_association_report
E:\shared\行业报告\2021isaps-global-survey.pdf,procedure_volume,Facial rejuvenation,Chemical Peel,,India,53280,procedures,2021,ISAPS,2021 ISAPS International Survey on Aesthetic/Cosmetic Procedures Performed in 2021,https://www.isaps.org/media/vdpdanke/isaps-global-survey_2021.pdf,ISAPS page 22 country procedure table.,official_association_report
E:\shared\行业报告\2021isaps-global-survey.pdf,procedure_volume,Facial rejuvenation,Full Field Ablative,,India,10008,procedures,2021,ISAPS,2021 ISAPS International Survey on Aesthetic/Cosmetic Procedures Performed in 2021,https://www.isaps.org/media/vdpdanke/isaps-global-survey_2021.pdf,ISAPS page 22 country procedure table.,official_association_report
E:\shared\行业报告\2021isaps-global-survey.pdf,procedure_volume,Facial rejuvenation,Non-Surgical Skin Tightening,,India,28704,procedures,2021,ISAPS,2021 ISAPS International Survey on Aesthetic/Cosmetic Procedures Performed in 2021,https://www.isaps.org/media/vdpdanke/isaps-global-survey_2021.pdf,ISAPS page 22 country procedure table.,official_association_report
E:\shared\行业报告\2021isaps-global-survey.pdf,procedure_volume,Other non-surgical,Cellulite Treatment,,India,8352,procedures,2021,ISAPS,2021 ISAPS International Survey on Aesthetic/Cosmetic Procedures Performed in 2021,https://www.isaps.org/media/vdpdanke/isaps-global-survey_2021.pdf,ISAPS page 22 country procedure table.,official_association_report
E:\shared\行业报告\2021isaps-global-survey.pdf,procedure_volume,Other non-surgical,Hair Removal,,India,127728,procedures,2021,ISAPS,2021 ISAPS International Survey on Aesthetic/Cosmetic Procedures Performed in 2021,https://www.isaps.org/media/vdpdanke/isaps-global-survey_2021.pdf,ISAPS page 22 country procedure table.,official_association_report
E:\shared\行业报告\2021isaps-global-survey.pdf,procedure_volume,Other non-surgical,Non-Surgical Fat Reduction,,India,9600,procedures,2021,ISAPS,2021 ISAPS International Survey on Aesthetic/Cosmetic Procedures Performed in 2021,https://www.isaps.org/media/vdpdanke/isaps-global-survey_2021.pdf,ISAPS page 22 country procedure table.,official_association_report
E:\shared\行业报告\2021isaps-global-survey.pdf,procedure_volume,All procedures,Country total procedures,,Italy,668784,procedures,2021,ISAPS,2021 ISAPS International Survey on Aesthetic/Cosmetic Procedures Performed in 2021,https://www.isaps.org/media/vdpdanke/isaps-global-survey_2021.pdf,ISAPS page 23 country procedure table.,official_association_report
E:\shared\行业报告\2021isaps-global-survey.pdf,procedure_volume,Surgical procedures,Country surgical procedures,,Italy,283668,procedures,2021,ISAPS,2021 ISAPS International Survey on Aesthetic/Cosmetic Procedures Performed in 2021,https://www.isaps.org/media/vdpdanke/isaps-global-survey_2021.pdf,ISAPS page 23 country procedure table.,official_association_report
E:\shared\行业报告\2021isaps-global-survey.pdf,procedure_volume,Non-surgical procedures,Country non-surgical procedures,,Italy,385116,procedures,2021,ISAPS,2021 ISAPS International Survey on Aesthetic/Cosmetic Procedures Performed in 2021,https://www.isaps.org/media/vdpdanke/isaps-global-survey_2021.pdf,ISAPS page 23 country procedure table.,official_association_report
E:\shared\行业报告\2021isaps-global-survey.pdf,procedure_volume,Injectables,Country total injectables,,Italy,317880,procedures,2021,ISAPS,2021 ISAPS International Survey on Aesthetic/Cosmetic Procedures Performed in 2021,https://www.isaps.org/media/vdpdanke/isaps-global-survey_2021.pdf,ISAPS page 23 country procedure table.,official_association_report
E:\shared\行业报告\2021isaps-global-survey.pdf,procedure_volume,Facial rejuvenation,Country total facial rejuvenation,,Italy,35148,procedures,2021,ISAPS,2021 ISAPS International Survey on Aesthetic/Cosmetic Procedures Performed in 2021,https://www.isaps.org/media/vdpdanke/isaps-global-survey_2021.pdf,ISAPS page 23 country procedure table.,official_association_report
E:\shared\行业报告\2021isaps-global-survey.pdf,procedure_volume,Other non-surgical,Country total other non-surgical,,Italy,32088,procedures,2021,ISAPS,2021 ISAPS International Survey on Aesthetic/Cosmetic Procedures Performed in 2021,https://www.isaps.org/media/vdpdanke/isaps-global-survey_2021.pdf,ISAPS page 23 country procedure table.,official_association_report
E:\shared\行业报告\2021isaps-global-survey.pdf,procedure_volume,Injectables,Botulinum Toxin,,Italy,129720,procedures,2021,ISAPS,2021 ISAPS International Survey on Aesthetic/Cosmetic Procedures Performed in 2021,https://www.isaps.org/media/vdpdanke/isaps-global-survey_2021.pdf,ISAPS page 23 country procedure table.,official_association_report
E:\shared\行业报告\2021isaps-global-survey.pdf,procedure_volume,Injectables,Calcium Hydroxylapatite,,Italy,8496,procedures,2021,ISAPS,2021 ISAPS International Survey on Aesthetic/Cosmetic Procedures Performed in 2021,https://www.isaps.org/media/vdpdanke/isaps-global-survey_2021.pdf,ISAPS page 23 country procedure table.,official_association_report
E:\shared\行业报告\2021isaps-global-survey.pdf,procedure_volume,Injectables,Hyaluronic Acid,,Italy,179664,procedures,2021,ISAPS,2021 ISAPS International Survey on Aesthetic/Cosmetic Procedures Performed in 2021,https://www.isaps.org/media/vdpdanke/isaps-global-survey_2021.pdf,ISAPS page 23 country procedure table.,official_association_report
E:\shared\行业报告\2021isaps-global-survey.pdf,procedure_volume,Facial rejuvenation,Chemical Peel,,Italy,16128,procedures,2021,ISAPS,2021 ISAPS International Survey on Aesthetic/Cosmetic Procedures Performed in 2021,https://www.isaps.org/media/vdpdanke/isaps-global-survey_2021.pdf,ISAPS page 23 country procedure table.,official_association_report
E:\shared\行业报告\2021isaps-global-survey.pdf,procedure_volume,Facial rejuvenation,Full Field Ablative,,Italy,6036,procedures,2021,ISAPS,2021 ISAPS International Survey on Aesthetic/Cosmetic Procedures Performed in 2021,https://www.isaps.org/media/vdpdanke/isaps-global-survey_2021.pdf,ISAPS page 23 country procedure table.,official_association_report
E:\shared\行业报告\2021isaps-global-survey.pdf,procedure_volume,Facial rejuvenation,Non-Surgical Skin Tightening,,Italy,12984,procedures,2021,ISAPS,2021 ISAPS International Survey on Aesthetic/Cosmetic Procedures Performed in 2021,https://www.isaps.org/media/vdpdanke/isaps-global-survey_2021.pdf,ISAPS page 23 country procedure table.,official_association_report
E:\shared\行业报告\2021isaps-global-survey.pdf,procedure_volume,Other non-surgical,Cellulite Treatment,,Italy,10368,procedures,2021,ISAPS,2021 ISAPS International Survey on Aesthetic/Cosmetic Procedures Performed in 2021,https://www.isaps.org/media/vdpdanke/isaps-global-survey_2021.pdf,ISAPS page 23 country procedure table.,official_association_report
E:\shared\行业报告\2021isaps-global-survey.pdf,procedure_volume,Other non-surgical,Hair Removal,,Italy,11904,procedures,2021,ISAPS,2021 ISAPS International Survey on Aesthetic/Cosmetic Procedures Performed in 2021,https://www.isaps.org/media/vdpdanke/isaps-global-survey_2021.pdf,ISAPS page 23 country procedure table.,official_association_report
E:\shared\行业报告\2021isaps-global-survey.pdf,procedure_volume,Other non-surgical,Non-Surgical Fat Reduction,,Italy,9816,procedures,2021,ISAPS,2021 ISAPS International Survey on Aesthetic/Cosmetic Procedures Performed in 2021,https://www.isaps.org/media/vdpdanke/isaps-global-survey_2021.pdf,ISAPS page 23 country procedure table.,official_association_report
E:\shared\行业报告\2021isaps-global-survey.pdf,procedure_volume,All procedures,Country total procedures,,Colombia,555276,procedures,2021,ISAPS,2021 ISAPS International Survey on Aesthetic/Cosmetic Procedures Performed in 2021,https://www.isaps.org/media/vdpdanke/isaps-global-survey_2021.pdf,ISAPS page 24 country procedure table.,official_association_report
E:\shared\行业报告\2021isaps-global-survey.pdf,procedure_volume,Surgical procedures,Country surgical procedures,,Colombia,374076,procedures,2021,ISAPS,2021 ISAPS International Survey on Aesthetic/Cosmetic Procedures Performed in 2021,https://www.isaps.org/media/vdpdanke/isaps-global-survey_2021.pdf,ISAPS page 24 country procedure table.,official_association_report
E:\shared\行业报告\2021isaps-global-survey.pdf,procedure_volume,Non-surgical procedures,Country non-surgical procedures,,Colombia,181200,procedures,2021,ISAPS,2021 ISAPS International Survey on Aesthetic/Cosmetic Procedures Performed in 2021,https://www.isaps.org/media/vdpdanke/isaps-global-survey_2021.pdf,ISAPS page 24 country procedure table.,official_association_report
E:\shared\行业报告\2021isaps-global-survey.pdf,procedure_volume,Injectables,Country total injectables,,Colombia,119964,procedures,2021,ISAPS,2021 ISAPS International Survey on Aesthetic/Cosmetic Procedures Performed in 2021,https://www.isaps.org/media/vdpdanke/isaps-global-survey_2021.pdf,ISAPS page 24 country procedure table.,official_association_report
E:\shared\行业报告\2021isaps-global-survey.pdf,procedure_volume,Facial rejuvenation,Country total facial rejuvenation,,Colombia,15204,procedures,2021,ISAPS,2021 ISAPS International Survey on Aesthetic/Cosmetic Procedures Performed in 2021,https://www.isaps.org/media/vdpdanke/isaps-global-survey_2021.pdf,ISAPS page 24 country procedure table.,official_association_report
E:\shared\行业报告\2021isaps-global-survey.pdf,procedure_volume,Other non-surgical,Country total other non-surgical,,Colombia,46032,procedures,2021,ISAPS,2021 ISAPS International Survey on Aesthetic/Cosmetic Procedures Performed in 2021,https://www.isaps.org/media/vdpdanke/isaps-global-survey_2021.pdf,ISAPS page 24 country procedure table.,official_association_report
E:\shared\行业报告\2021isaps-global-survey.pdf,procedure_volume,Injectables,Botulinum Toxin,,Colombia,66804,procedures,2021,ISAPS,2021 ISAPS International Survey on Aesthetic/Cosmetic Procedures Performed in 2021,https://www.isaps.org/media/vdpdanke/isaps-global-survey_2021.pdf,ISAPS page 24 country procedure table.,official_association_report
E:\shared\行业报告\2021isaps-global-survey.pdf,procedure_volume,Injectables,Calcium Hydroxylapatite,,Colombia,4044,procedures,2021,ISAPS,2021 ISAPS International Survey on Aesthetic/Cosmetic Procedures Performed in 2021,https://www.isaps.org/media/vdpdanke/isaps-global-survey_2021.pdf,ISAPS page 24 country procedure table.,official_association_report
E:\shared\行业报告\2021isaps-global-survey.pdf,procedure_volume,Injectables,Hyaluronic Acid,,Colombia,49116,procedures,2021,ISAPS,2021 ISAPS International Survey on Aesthetic/Cosmetic Procedures Performed in 2021,https://www.isaps.org/media/vdpdanke/isaps-global-survey_2021.pdf,ISAPS page 24 country procedure table.,official_association_report
E:\shared\行业报告\2021isaps-global-survey.pdf,procedure_volume,Facial rejuvenation,Chemical Peel,,Colombia,5520,procedures,2021,ISAPS,2021 ISAPS International Survey on Aesthetic/Cosmetic Procedures Performed in 2021,https://www.isaps.org/media/vdpdanke/isaps-global-survey_2021.pdf,ISAPS page 24 country procedure table.,official_association_report
E:\shared\行业报告\2021isaps-global-survey.pdf,procedure_volume,Facial rejuvenation,Full Field Ablative,,Colombia,1644,procedures,2021,ISAPS,2021 ISAPS International Survey on Aesthetic/Cosmetic Procedures Performed in 2021,https://www.isaps.org/media/vdpdanke/isaps-global-survey_2021.pdf,ISAPS page 24 country procedure table.,official_association_report
E:\shared\行业报告\2021isaps-global-survey.pdf,procedure_volume,Facial rejuvenation,Non-Surgical Skin Tightening,,Colombia,8040,procedures,2021,ISAPS,2021 ISAPS International Survey on Aesthetic/Cosmetic Procedures Performed in 2021,https://www.isaps.org/media/vdpdanke/isaps-global-survey_2021.pdf,ISAPS page 24 country procedure table.,official_association_report
E:\shared\行业报告\2021isaps-global-survey.pdf,procedure_volume,Other non-surgical,Cellulite Treatment,,Colombia,3840,procedures,2021,ISAPS,2021 ISAPS International Survey on Aesthetic/Cosmetic Procedures Performed in 2021,https://www.isaps.org/media/vdpdanke/isaps-global-survey_2021.pdf,ISAPS page 24 country procedure table.,official_association_report
E:\shared\行业报告\2021isaps-global-survey.pdf,procedure_volume,Other non-surgical,Hair Removal,,Colombia,30996,procedures,2021,ISAPS,2021 ISAPS International Survey on Aesthetic/Cosmetic Procedures Performed in 2021,https://www.isaps.org/media/vdpdanke/isaps-global-survey_2021.pdf,ISAPS page 24 country procedure table.,official_association_report
E:\shared\行业报告\2021isaps-global-survey.pdf,procedure_volume,Other non-surgical,Non-Surgical Fat Reduction,,Colombia,11196,procedures,2021,ISAPS,2021 ISAPS International Survey on Aesthetic/Cosmetic Procedures Performed in 2021,https://www.isaps.org/media/vdpdanke/isaps-global-survey_2021.pdf,ISAPS page 24 country procedure table.,official_association_report
E:\shared\行业报告\2021isaps-global-survey.pdf,procedure_volume,All procedures,Country total procedures,,Spain,428364,procedures,2021,ISAPS,2021 ISAPS International Survey on Aesthetic/Cosmetic Procedures Performed in 2021,https://www.isaps.org/media/vdpdanke/isaps-global-survey_2021.pdf,ISAPS page 25 country procedure table.,official_association_report
E:\shared\行业报告\2021isaps-global-survey.pdf,procedure_volume,Surgical procedures,Country surgical procedures,,Spain,219600,procedures,2021,ISAPS,2021 ISAPS International Survey on Aesthetic/Cosmetic Procedures Performed in 2021,https://www.isaps.org/media/vdpdanke/isaps-global-survey_2021.pdf,ISAPS page 25 country procedure table.,official_association_report
E:\shared\行业报告\2021isaps-global-survey.pdf,procedure_volume,Non-surgical procedures,Country non-surgical procedures,,Spain,208764,procedures,2021,ISAPS,2021 ISAPS International Survey on Aesthetic/Cosmetic Procedures Performed in 2021,https://www.isaps.org/media/vdpdanke/isaps-global-survey_2021.pdf,ISAPS page 25 country procedure table.,official_association_report
E:\shared\行业报告\2021isaps-global-survey.pdf,procedure_volume,Injectables,Country total injectables,,Spain,168228,procedures,2021,ISAPS,2021 ISAPS International Survey on Aesthetic/Cosmetic Procedures Performed in 2021,https://www.isaps.org/media/vdpdanke/isaps-global-survey_2021.pdf,ISAPS page 25 country procedure table.,official_association_report
E:\shared\行业报告\2021isaps-global-survey.pdf,procedure_volume,Facial rejuvenation,Country total facial rejuvenation,,Spain,17100,procedures,2021,ISAPS,2021 ISAPS International Survey on Aesthetic/Cosmetic Procedures Performed in 2021,https://www.isaps.org/media/vdpdanke/isaps-global-survey_2021.pdf,ISAPS page 25 country procedure table.,official_association_report
E:\shared\行业报告\2021isaps-global-survey.pdf,procedure_volume,Other non-surgical,Country total other non-surgical,,Spain,23436,procedures,2021,ISAPS,2021 ISAPS International Survey on Aesthetic/Cosmetic Procedures Performed in 2021,https://www.isaps.org/media/vdpdanke/isaps-global-survey_2021.pdf,ISAPS page 25 country procedure table.,official_association_report
E:\shared\行业报告\2021isaps-global-survey.pdf,procedure_volume,Injectables,Botulinum Toxin,,Spain,75348,procedures,2021,ISAPS,2021 ISAPS International Survey on Aesthetic/Cosmetic Procedures Performed in 2021,https://www.isaps.org/media/vdpdanke/isaps-global-survey_2021.pdf,ISAPS page 25 country procedure table.,official_association_report
E:\shared\行业报告\2021isaps-global-survey.pdf,procedure_volume,Injectables,Calcium Hydroxylapatite,,Spain,3996,procedures,2021,ISAPS,2021 ISAPS International Survey on Aesthetic/Cosmetic Procedures Performed in 2021,https://www.isaps.org/media/vdpdanke/isaps-global-survey_2021.pdf,ISAPS page 25 country procedure table.,official_association_report
E:\shared\行业报告\2021isaps-global-survey.pdf,procedure_volume,Injectables,Hyaluronic Acid,,Spain,88884,procedures,2021,ISAPS,2021 ISAPS International Survey on Aesthetic/Cosmetic Procedures Performed in 2021,https://www.isaps.org/media/vdpdanke/isaps-global-survey_2021.pdf,ISAPS page 25 country procedure table.,official_association_report
E:\shared\行业报告\2021isaps-global-survey.pdf,procedure_volume,Facial rejuvenation,Chemical Peel,,Spain,9648,procedures,2021,ISAPS,2021 ISAPS International Survey on Aesthetic/Cosmetic Procedures Performed in 2021,https://www.isaps.org/media/vdpdanke/isaps-global-survey_2021.pdf,ISAPS page 25 country procedure table.,official_association_report
E:\shared\行业报告\2021isaps-global-survey.pdf,procedure_volume,Facial rejuvenation,Full Field Ablative,,Spain,2952,procedures,2021,ISAPS,2021 ISAPS International Survey on Aesthetic/Cosmetic Procedures Performed in 2021,https://www.isaps.org/media/vdpdanke/isaps-global-survey_2021.pdf,ISAPS page 25 country procedure table.,official_association_report
E:\shared\行业报告\2021isaps-global-survey.pdf,procedure_volume,Facial rejuvenation,Non-Surgical Skin Tightening,,Spain,4500,procedures,2021,ISAPS,2021 ISAPS International Survey on Aesthetic/Cosmetic Procedures Performed in 2021,https://www.isaps.org/media/vdpdanke/isaps-global-survey_2021.pdf,ISAPS page 25 country procedure table.,official_association_report
E:\shared\行业报告\2021isaps-global-survey.pdf,procedure_volume,Other non-surgical,Cellulite Treatment,,Spain,6264,procedures,2021,ISAPS,2021 ISAPS International Survey on Aesthetic/Cosmetic Procedures Performed in 2021,https://www.isaps.org/media/vdpdanke/isaps-global-survey_2021.pdf,ISAPS page 25 country procedure table.,official_association_report
E:\shared\行业报告\2021isaps-global-survey.pdf,procedure_volume,Other non-surgical,Hair Removal,,Spain,10116,procedures,2021,ISAPS,2021 ISAPS International Survey on Aesthetic/Cosmetic Procedures Performed in 2021,https://www.isaps.org/media/vdpdanke/isaps-global-survey_2021.pdf,ISAPS page 25 country procedure table.,official_association_report
E:\shared\行业报告\2021isaps-global-survey.pdf,procedure_volume,Other non-surgical,Non-Surgical Fat Reduction,,Spain,7056,procedures,2021,ISAPS,2021 ISAPS International Survey on Aesthetic/Cosmetic Procedures Performed in 2021,https://www.isaps.org/media/vdpdanke/isaps-global-survey_2021.pdf,ISAPS page 25 country procedure table.,official_association_report
E:\shared\行业报告\2021isaps-global-survey.pdf,procedure_volume,All procedures,Country total procedures,,Greece,309089,procedures,2021,ISAPS,2021 ISAPS International Survey on Aesthetic/Cosmetic Procedures Performed in 2021,https://www.isaps.org/media/vdpdanke/isaps-global-survey_2021.pdf,ISAPS page 26 country procedure table.,official_association_report
E:\shared\行业报告\2021isaps-global-survey.pdf,procedure_volume,Surgical procedures,Country surgical procedures,,Greece,66164,procedures,2021,ISAPS,2021 ISAPS International Survey on Aesthetic/Cosmetic Procedures Performed in 2021,https://www.isaps.org/media/vdpdanke/isaps-global-survey_2021.pdf,ISAPS page 26 country procedure table.,official_association_report
E:\shared\行业报告\2021isaps-global-survey.pdf,procedure_volume,Non-surgical procedures,Country non-surgical procedures,,Greece,242925,procedures,2021,ISAPS,2021 ISAPS International Survey on Aesthetic/Cosmetic Procedures Performed in 2021,https://www.isaps.org/media/vdpdanke/isaps-global-survey_2021.pdf,ISAPS page 26 country procedure table.,official_association_report
E:\shared\行业报告\2021isaps-global-survey.pdf,procedure_volume,Injectables,Country total injectables,,Greece,152513,procedures,2021,ISAPS,2021 ISAPS International Survey on Aesthetic/Cosmetic Procedures Performed in 2021,https://www.isaps.org/media/vdpdanke/isaps-global-survey_2021.pdf,ISAPS page 26 country procedure table.,official_association_report
E:\shared\行业报告\2021isaps-global-survey.pdf,procedure_volume,Facial rejuvenation,Country total facial rejuvenation,,Greece,20584,procedures,2021,ISAPS,2021 ISAPS International Survey on Aesthetic/Cosmetic Procedures Performed in 2021,https://www.isaps.org/media/vdpdanke/isaps-global-survey_2021.pdf,ISAPS page 26 country procedure table.,official_association_report
E:\shared\行业报告\2021isaps-global-survey.pdf,procedure_volume,Other non-surgical,Country total other non-surgical,,Greece,69829,procedures,2021,ISAPS,2021 ISAPS International Survey on Aesthetic/Cosmetic Procedures Performed in 2021,https://www.isaps.org/media/vdpdanke/isaps-global-survey_2021.pdf,ISAPS page 26 country procedure table.,official_association_report
E:\shared\行业报告\2021isaps-global-survey.pdf,procedure_volume,Injectables,Botulinum Toxin,,Greece,76626,procedures,2021,ISAPS,2021 ISAPS International Survey on Aesthetic/Cosmetic Procedures Performed in 2021,https://www.isaps.org/media/vdpdanke/isaps-global-survey_2021.pdf,ISAPS page 26 country procedure table.,official_association_report
E:\shared\行业报告\2021isaps-global-survey.pdf,procedure_volume,Injectables,Calcium Hydroxylapatite,,Greece,844,procedures,2021,ISAPS,2021 ISAPS International Survey on Aesthetic/Cosmetic Procedures Performed in 2021,https://www.isaps.org/media/vdpdanke/isaps-global-survey_2021.pdf,ISAPS page 26 country procedure table.,official_association_report
E:\shared\行业报告\2021isaps-global-survey.pdf,procedure_volume,Injectables,Hyaluronic Acid,,Greece,75044,procedures,2021,ISAPS,2021 ISAPS International Survey on Aesthetic/Cosmetic Procedures Performed in 2021,https://www.isaps.org/media/vdpdanke/isaps-global-survey_2021.pdf,ISAPS page 26 country procedure table.,official_association_report
E:\shared\行业报告\2021isaps-global-survey.pdf,procedure_volume,Facial rejuvenation,Chemical Peel,,Greece,6934,procedures,2021,ISAPS,2021 ISAPS International Survey on Aesthetic/Cosmetic Procedures Performed in 2021,https://www.isaps.org/media/vdpdanke/isaps-global-survey_2021.pdf,ISAPS page 26 country procedure table.,official_association_report
E:\shared\行业报告\2021isaps-global-survey.pdf,procedure_volume,Facial rejuvenation,Full Field Ablative,,Greece,6573,procedures,2021,ISAPS,2021 ISAPS International Survey on Aesthetic/Cosmetic Procedures Performed in 2021,https://www.isaps.org/media/vdpdanke/isaps-global-survey_2021.pdf,ISAPS page 26 country procedure table.,official_association_report
E:\shared\行业报告\2021isaps-global-survey.pdf,procedure_volume,Facial rejuvenation,Non-Surgical Skin Tightening,,Greece,7077,procedures,2021,ISAPS,2021 ISAPS International Survey on Aesthetic/Cosmetic Procedures Performed in 2021,https://www.isaps.org/media/vdpdanke/isaps-global-survey_2021.pdf,ISAPS page 26 country procedure table.,official_association_report
E:\shared\行业报告\2021isaps-global-survey.pdf,procedure_volume,Other non-surgical,Cellulite Treatment,,Greece,8554,procedures,2021,ISAPS,2021 ISAPS International Survey on Aesthetic/Cosmetic Procedures Performed in 2021,https://www.isaps.org/media/vdpdanke/isaps-global-survey_2021.pdf,ISAPS page 26 country procedure table.,official_association_report
E:\shared\行业报告\2021isaps-global-survey.pdf,procedure_volume,Other non-surgical,Hair Removal,,Greece,49077,procedures,2021,ISAPS,2021 ISAPS International Survey on Aesthetic/Cosmetic Procedures Performed in 2021,https://www.isaps.org/media/vdpdanke/isaps-global-survey_2021.pdf,ISAPS page 26 country procedure table.,official_association_report
E:\shared\行业报告\2021isaps-global-survey.pdf,procedure_volume,Other non-surgical,Non-Surgical Fat Reduction,,Greece,12198,procedures,2021,ISAPS,2021 ISAPS International Survey on Aesthetic/Cosmetic Procedures Performed in 2021,https://www.isaps.org/media/vdpdanke/isaps-global-survey_2021.pdf,ISAPS page 26 country procedure table.,official_association_report
E:\shared\行业报告\2021isaps-global-survey.pdf,procedure_volume,All procedures,Country total procedures,,Romania,170650,procedures,2021,ISAPS,2021 ISAPS International Survey on Aesthetic/Cosmetic Procedures Performed in 2021,https://www.isaps.org/media/vdpdanke/isaps-global-survey_2021.pdf,ISAPS page 27 country procedure table.,official_association_report
E:\shared\行业报告\2021isaps-global-survey.pdf,procedure_volume,Surgical procedures,Country surgical procedures,,Romania,59245,procedures,2021,ISAPS,2021 ISAPS International Survey on Aesthetic/Cosmetic Procedures Performed in 2021,https://www.isaps.org/media/vdpdanke/isaps-global-survey_2021.pdf,ISAPS page 27 country procedure table.,official_association_report
E:\shared\行业报告\2021isaps-global-survey.pdf,procedure_volume,Non-surgical procedures,Country non-surgical procedures,,Romania,111405,procedures,2021,ISAPS,2021 ISAPS International Survey on Aesthetic/Cosmetic Procedures Performed in 2021,https://www.isaps.org/media/vdpdanke/isaps-global-survey_2021.pdf,ISAPS page 27 country procedure table.,official_association_report
E:\shared\行业报告\2021isaps-global-survey.pdf,procedure_volume,Injectables,Country total injectables,,Romania,90486,procedures,2021,ISAPS,2021 ISAPS International Survey on Aesthetic/Cosmetic Procedures Performed in 2021,https://www.isaps.org/media/vdpdanke/isaps-global-survey_2021.pdf,ISAPS page 27 country procedure table.,official_association_report
E:\shared\行业报告\2021isaps-global-survey.pdf,procedure_volume,Facial rejuvenation,Country total facial rejuvenation,,Romania,7287,procedures,2021,ISAPS,2021 ISAPS International Survey on Aesthetic/Cosmetic Procedures Performed in 2021,https://www.isaps.org/media/vdpdanke/isaps-global-survey_2021.pdf,ISAPS page 27 country procedure table.,official_association_report
E:\shared\行业报告\2021isaps-global-survey.pdf,procedure_volume,Other non-surgical,Country total other non-surgical,,Romania,13633,procedures,2021,ISAPS,2021 ISAPS International Survey on Aesthetic/Cosmetic Procedures Performed in 2021,https://www.isaps.org/media/vdpdanke/isaps-global-survey_2021.pdf,ISAPS page 27 country procedure table.,official_association_report
E:\shared\行业报告\2021isaps-global-survey.pdf,procedure_volume,Injectables,Botulinum Toxin,,Romania,42924,procedures,2021,ISAPS,2021 ISAPS International Survey on Aesthetic/Cosmetic Procedures Performed in 2021,https://www.isaps.org/media/vdpdanke/isaps-global-survey_2021.pdf,ISAPS page 27 country procedure table.,official_association_report
E:\shared\行业报告\2021isaps-global-survey.pdf,procedure_volume,Injectables,Calcium Hydroxylapatite,,Romania,2205,procedures,2021,ISAPS,2021 ISAPS International Survey on Aesthetic/Cosmetic Procedures Performed in 2021,https://www.isaps.org/media/vdpdanke/isaps-global-survey_2021.pdf,ISAPS page 27 country procedure table.,official_association_report
E:\shared\行业报告\2021isaps-global-survey.pdf,procedure_volume,Injectables,Hyaluronic Acid,,Romania,45357,procedures,2021,ISAPS,2021 ISAPS International Survey on Aesthetic/Cosmetic Procedures Performed in 2021,https://www.isaps.org/media/vdpdanke/isaps-global-survey_2021.pdf,ISAPS page 27 country procedure table.,official_association_report
E:\shared\行业报告\2021isaps-global-survey.pdf,procedure_volume,Facial rejuvenation,Chemical Peel,,Romania,2863,procedures,2021,ISAPS,2021 ISAPS International Survey on Aesthetic/Cosmetic Procedures Performed in 2021,https://www.isaps.org/media/vdpdanke/isaps-global-survey_2021.pdf,ISAPS page 27 country procedure table.,official_association_report
E:\shared\行业报告\2021isaps-global-survey.pdf,procedure_volume,Facial rejuvenation,Full Field Ablative,,Romania,270,procedures,2021,ISAPS,2021 ISAPS International Survey on Aesthetic/Cosmetic Procedures Performed in 2021,https://www.isaps.org/media/vdpdanke/isaps-global-survey_2021.pdf,ISAPS page 27 country procedure table.,official_association_report
E:\shared\行业报告\2021isaps-global-survey.pdf,procedure_volume,Facial rejuvenation,Non-Surgical Skin Tightening,,Romania,4155,procedures,2021,ISAPS,2021 ISAPS International Survey on Aesthetic/Cosmetic Procedures Performed in 2021,https://www.isaps.org/media/vdpdanke/isaps-global-survey_2021.pdf,ISAPS page 27 country procedure table.,official_association_report
E:\shared\行业报告\2021isaps-global-survey.pdf,procedure_volume,Other non-surgical,Cellulite Treatment,,Romania,3724,procedures,2021,ISAPS,2021 ISAPS International Survey on Aesthetic/Cosmetic Procedures Performed in 2021,https://www.isaps.org/media/vdpdanke/isaps-global-survey_2021.pdf,ISAPS page 27 country procedure table.,official_association_report
E:\shared\行业报告\2021isaps-global-survey.pdf,procedure_volume,Other non-surgical,Hair Removal,,Romania,6195,procedures,2021,ISAPS,2021 ISAPS International Survey on Aesthetic/Cosmetic Procedures Performed in 2021,https://www.isaps.org/media/vdpdanke/isaps-global-survey_2021.pdf,ISAPS page 27 country procedure table.,official_association_report
E:\shared\行业报告\2021isaps-global-survey.pdf,procedure_volume,Other non-surgical,Non-Surgical Fat Reduction,,Romania,3714,procedures,2021,ISAPS,2021 ISAPS International Survey on Aesthetic/Cosmetic Procedures Performed in 2021,https://www.isaps.org/media/vdpdanke/isaps-global-survey_2021.pdf,ISAPS page 27 country procedure table.,official_association_report
E:\shared\行业报告\2021isaps-global-survey.pdf,procedure_volume,All procedures,Country total procedures,,Thailand,136211,procedures,2021,ISAPS,2021 ISAPS International Survey on Aesthetic/Cosmetic Procedures Performed in 2021,https://www.isaps.org/media/vdpdanke/isaps-global-survey_2021.pdf,ISAPS page 28 country procedure table.,official_association_report
E:\shared\行业报告\2021isaps-global-survey.pdf,procedure_volume,Surgical procedures,Country surgical procedures,,Thailand,106372,procedures,2021,ISAPS,2021 ISAPS International Survey on Aesthetic/Cosmetic Procedures Performed in 2021,https://www.isaps.org/media/vdpdanke/isaps-global-survey_2021.pdf,ISAPS page 28 country procedure table.,official_association_report
E:\shared\行业报告\2021isaps-global-survey.pdf,procedure_volume,Non-surgical procedures,Country non-surgical procedures,,Thailand,29840,procedures,2021,ISAPS,2021 ISAPS International Survey on Aesthetic/Cosmetic Procedures Performed in 2021,https://www.isaps.org/media/vdpdanke/isaps-global-survey_2021.pdf,ISAPS page 28 country procedure table.,official_association_report
E:\shared\行业报告\2021isaps-global-survey.pdf,procedure_volume,Injectables,Country total injectables,,Thailand,27089,procedures,2021,ISAPS,2021 ISAPS International Survey on Aesthetic/Cosmetic Procedures Performed in 2021,https://www.isaps.org/media/vdpdanke/isaps-global-survey_2021.pdf,ISAPS page 28 country procedure table.,official_association_report
E:\shared\行业报告\2021isaps-global-survey.pdf,procedure_volume,Facial rejuvenation,Country total facial rejuvenation,,Thailand,1211,procedures,2021,ISAPS,2021 ISAPS International Survey on Aesthetic/Cosmetic Procedures Performed in 2021,https://www.isaps.org/media/vdpdanke/isaps-global-survey_2021.pdf,ISAPS page 28 country procedure table.,official_association_report
E:\shared\行业报告\2021isaps-global-survey.pdf,procedure_volume,Other non-surgical,Country total other non-surgical,,Thailand,1539,procedures,2021,ISAPS,2021 ISAPS International Survey on Aesthetic/Cosmetic Procedures Performed in 2021,https://www.isaps.org/media/vdpdanke/isaps-global-survey_2021.pdf,ISAPS page 28 country procedure table.,official_association_report
E:\shared\行业报告\2021isaps-global-survey.pdf,procedure_volume,Injectables,Botulinum Toxin,,Thailand,22952,procedures,2021,ISAPS,2021 ISAPS International Survey on Aesthetic/Cosmetic Procedures Performed in 2021,https://www.isaps.org/media/vdpdanke/isaps-global-survey_2021.pdf,ISAPS page 28 country procedure table.,official_association_report
E:\shared\行业报告\2021isaps-global-survey.pdf,procedure_volume,Injectables,Calcium Hydroxylapatite,,Thailand,0,procedures,2021,ISAPS,2021 ISAPS International Survey on Aesthetic/Cosmetic Procedures Performed in 2021,https://www.isaps.org/media/vdpdanke/isaps-global-survey_2021.pdf,ISAPS page 28 country procedure table.,official_association_report
E:\shared\行业报告\2021isaps-global-survey.pdf,procedure_volume,Injectables,Hyaluronic Acid,,Thailand,4137,procedures,2021,ISAPS,2021 ISAPS International Survey on Aesthetic/Cosmetic Procedures Performed in 2021,https://www.isaps.org/media/vdpdanke/isaps-global-survey_2021.pdf,ISAPS page 28 country procedure table.,official_association_report
E:\shared\行业报告\2021isaps-global-survey.pdf,procedure_volume,Facial rejuvenation,Chemical Peel,,Thailand,138,procedures,2021,ISAPS,2021 ISAPS International Survey on Aesthetic/Cosmetic Procedures Performed in 2021,https://www.isaps.org/media/vdpdanke/isaps-global-survey_2021.pdf,ISAPS page 28 country procedure table.,official_association_report
E:\shared\行业报告\2021isaps-global-survey.pdf,procedure_volume,Facial rejuvenation,Full Field Ablative,,Thailand,138,procedures,2021,ISAPS,2021 ISAPS International Survey on Aesthetic/Cosmetic Procedures Performed in 2021,https://www.isaps.org/media/vdpdanke/isaps-global-survey_2021.pdf,ISAPS page 28 country procedure table.,official_association_report
E:\shared\行业报告\2021isaps-global-survey.pdf,procedure_volume,Facial rejuvenation,Non-Surgical Skin Tightening,,Thailand,936,procedures,2021,ISAPS,2021 ISAPS International Survey on Aesthetic/Cosmetic Procedures Performed in 2021,https://www.isaps.org/media/vdpdanke/isaps-global-survey_2021.pdf,ISAPS page 28 country procedure table.,official_association_report
E:\shared\行业报告\2021isaps-global-survey.pdf,procedure_volume,Other non-surgical,Cellulite Treatment,,Thailand,0,procedures,2021,ISAPS,2021 ISAPS International Survey on Aesthetic/Cosmetic Procedures Performed in 2021,https://www.isaps.org/media/vdpdanke/isaps-global-survey_2021.pdf,ISAPS page 28 country procedure table.,official_association_report
E:\shared\行业报告\2021isaps-global-survey.pdf,procedure_volume,Other non-surgical,Hair Removal,,Thailand,352,procedures,2021,ISAPS,2021 ISAPS International Survey on Aesthetic/Cosmetic Procedures Performed in 2021,https://www.isaps.org/media/vdpdanke/isaps-global-survey_2021.pdf,ISAPS page 28 country procedure table.,official_association_report
E:\shared\行业报告\2021isaps-global-survey.pdf,procedure_volume,Other non-surgical,Non-Surgical Fat Reduction,,Thailand,1188,procedures,2021,ISAPS,2021 ISAPS International Survey on Aesthetic/Cosmetic Procedures Performed in 2021,https://www.isaps.org/media/vdpdanke/isaps-global-survey_2021.pdf,ISAPS page 28 country procedure table.,official_association_report
E:\shared\行业报告\2021isaps-global-survey.pdf,estimated_plastic_surgeons,Workforce,Estimated plastic surgeons,,United States,7500,surgeons,2021,ISAPS,2021 ISAPS International Survey on Aesthetic/Cosmetic Procedures Performed in 2021,https://www.isaps.org/media/vdpdanke/isaps-global-survey_2021.pdf,ISAPS page 36 ranked estimated number of plastic surgeons.,official_association_report
E:\shared\行业报告\2021isaps-global-survey.pdf,estimated_plastic_surgeons,Workforce,Estimated plastic surgeons,,Brazil,6000,surgeons,2021,ISAPS,2021 ISAPS International Survey on Aesthetic/Cosmetic Procedures Performed in 2021,https://www.isaps.org/media/vdpdanke/isaps-global-survey_2021.pdf,ISAPS page 36 ranked estimated number of plastic surgeons.,official_association_report
E:\shared\行业报告\2021isaps-global-survey.pdf,estimated_plastic_surgeons,Workforce,Estimated plastic surgeons,,China,3000,surgeons,2021,ISAPS,2021 ISAPS International Survey on Aesthetic/Cosmetic Procedures Performed in 2021,https://www.isaps.org/media/vdpdanke/isaps-global-survey_2021.pdf,ISAPS page 36 ranked estimated number of plastic surgeons.,official_association_report
E:\shared\行业报告\2021isaps-global-survey.pdf,estimated_plastic_surgeons,Workforce,Estimated plastic surgeons,,Japan,2750,surgeons,2021,ISAPS,2021 ISAPS International Survey on Aesthetic/Cosmetic Procedures Performed in 2021,https://www.isaps.org/media/vdpdanke/isaps-global-survey_2021.pdf,ISAPS page 36 ranked estimated number of plastic surgeons.,official_association_report
E:\shared\行业报告\2021isaps-global-survey.pdf,estimated_plastic_surgeons,Workforce,Estimated plastic surgeons,,South Korea,2600,surgeons,2021,ISAPS,2021 ISAPS International Survey on Aesthetic/Cosmetic Procedures Performed in 2021,https://www.isaps.org/media/vdpdanke/isaps-global-survey_2021.pdf,ISAPS page 36 ranked estimated number of plastic surgeons.,official_association_report
E:\shared\行业报告\2021isaps-global-survey.pdf,estimated_plastic_surgeons,Workforce,Estimated plastic surgeons,,India,2400,surgeons,2021,ISAPS,2021 ISAPS International Survey on Aesthetic/Cosmetic Procedures Performed in 2021,https://www.isaps.org/media/vdpdanke/isaps-global-survey_2021.pdf,ISAPS page 36 ranked estimated number of plastic surgeons.,official_association_report
E:\shared\行业报告\2021isaps-global-survey.pdf,estimated_plastic_surgeons,Workforce,Estimated plastic surgeons,,Russia,2000,surgeons,2021,ISAPS,2021 ISAPS International Survey on Aesthetic/Cosmetic Procedures Performed in 2021,https://www.isaps.org/media/vdpdanke/isaps-global-survey_2021.pdf,ISAPS page 36 ranked estimated number of plastic surgeons.,official_association_report
E:\shared\行业报告\2021isaps-global-survey.pdf,estimated_plastic_surgeons,Workforce,Estimated plastic surgeons,,Argentina,2000,surgeons,2021,ISAPS,2021 ISAPS International Survey on Aesthetic/Cosmetic Procedures Performed in 2021,https://www.isaps.org/media/vdpdanke/isaps-global-survey_2021.pdf,ISAPS page 36 ranked estimated number of plastic surgeons.,official_association_report
E:\shared\行业报告\2021isaps-global-survey.pdf,estimated_plastic_surgeons,Workforce,Estimated plastic surgeons,,Mexico,1750,surgeons,2021,ISAPS,2021 ISAPS International Survey on Aesthetic/Cosmetic Procedures Performed in 2021,https://www.isaps.org/media/vdpdanke/isaps-global-survey_2021.pdf,ISAPS page 36 ranked estimated number of plastic surgeons.,official_association_report
E:\shared\行业报告\2021isaps-global-survey.pdf,estimated_plastic_surgeons,Workforce,Estimated plastic surgeons,,Germany,1550,surgeons,2021,ISAPS,2021 ISAPS International Survey on Aesthetic/Cosmetic Procedures Performed in 2021,https://www.isaps.org/media/vdpdanke/isaps-global-survey_2021.pdf,ISAPS page 36 ranked estimated number of plastic surgeons.,official_association_report
E:\shared\行业报告\2021isaps-global-survey.pdf,estimated_plastic_surgeons,Workforce,Estimated plastic surgeons,,Turkiye,1300,surgeons,2021,ISAPS,2021 ISAPS International Survey on Aesthetic/Cosmetic Procedures Performed in 2021,https://www.isaps.org/media/vdpdanke/isaps-global-survey_2021.pdf,ISAPS page 36 ranked estimated number of plastic surgeons.,official_association_report
E:\shared\行业报告\2021isaps-global-survey.pdf,estimated_plastic_surgeons,Workforce,Estimated plastic surgeons,,Italy,1200,surgeons,2021,ISAPS,2021 ISAPS International Survey on Aesthetic/Cosmetic Procedures Performed in 2021,https://www.isaps.org/media/vdpdanke/isaps-global-survey_2021.pdf,ISAPS page 36 ranked estimated number of plastic surgeons.,official_association_report
E:\shared\行业报告\2021isaps-global-survey.pdf,estimated_plastic_surgeons,Workforce,Estimated plastic surgeons,,Colombia,1200,surgeons,2021,ISAPS,2021 ISAPS International Survey on Aesthetic/Cosmetic Procedures Performed in 2021,https://www.isaps.org/media/vdpdanke/isaps-global-survey_2021.pdf,ISAPS page 36 ranked estimated number of plastic surgeons.,official_association_report
E:\shared\行业报告\2021isaps-global-survey.pdf,estimated_plastic_surgeons,Workforce,Estimated plastic surgeons,,France,1000,surgeons,2021,ISAPS,2021 ISAPS International Survey on Aesthetic/Cosmetic Procedures Performed in 2021,https://www.isaps.org/media/vdpdanke/isaps-global-survey_2021.pdf,ISAPS page 36 ranked estimated number of plastic surgeons.,official_association_report
E:\shared\行业报告\2021isaps-global-survey.pdf,estimated_plastic_surgeons,Workforce,Estimated plastic surgeons,,Spain,900,surgeons,2021,ISAPS,2021 ISAPS International Survey on Aesthetic/Cosmetic Procedures Performed in 2021,https://www.isaps.org/media/vdpdanke/isaps-global-survey_2021.pdf,ISAPS page 36 ranked estimated number of plastic surgeons.,official_association_report
E:\shared\行业报告\2021isaps-global-survey.pdf,estimated_plastic_surgeons,Workforce,Estimated plastic surgeons,,Chinese Taipei,750,surgeons,2021,ISAPS,2021 ISAPS International Survey on Aesthetic/Cosmetic Procedures Performed in 2021,https://www.isaps.org/media/vdpdanke/isaps-global-survey_2021.pdf,ISAPS page 36 ranked estimated number of plastic surgeons.,official_association_report
E:\shared\行业报告\2021isaps-global-survey.pdf,estimated_plastic_surgeons,Workforce,Estimated plastic surgeons,,Venezuela,700,surgeons,2021,ISAPS,2021 ISAPS International Survey on Aesthetic/Cosmetic Procedures Performed in 2021,https://www.isaps.org/media/vdpdanke/isaps-global-survey_2021.pdf,ISAPS page 36 ranked estimated number of plastic surgeons.,official_association_report
E:\shared\行业报告\2021isaps-global-survey.pdf,estimated_plastic_surgeons,Workforce,Estimated plastic surgeons,,UK,600,surgeons,2021,ISAPS,2021 ISAPS International Survey on Aesthetic/Cosmetic Procedures Performed in 2021,https://www.isaps.org/media/vdpdanke/isaps-global-survey_2021.pdf,ISAPS page 36 ranked estimated number of plastic surgeons.,official_association_report
E:\shared\行业报告\2021isaps-global-survey.pdf,estimated_plastic_surgeons,Workforce,Estimated plastic surgeons,,Netherlands,600,surgeons,2021,ISAPS,2021 ISAPS International Survey on Aesthetic/Cosmetic Procedures Performed in 2021,https://www.isaps.org/media/vdpdanke/isaps-global-survey_2021.pdf,ISAPS page 36 ranked estimated number of plastic surgeons.,official_association_report
E:\shared\行业报告\2021isaps-global-survey.pdf,estimated_plastic_surgeons,Workforce,Estimated plastic surgeons,,Egypt,600,surgeons,2021,ISAPS,2021 ISAPS International Survey on Aesthetic/Cosmetic Procedures Performed in 2021,https://www.isaps.org/media/vdpdanke/isaps-global-survey_2021.pdf,ISAPS page 36 ranked estimated number of plastic surgeons.,official_association_report
E:\shared\行业报告\2021isaps-global-survey.pdf,estimated_plastic_surgeons,Workforce,Estimated plastic surgeons,,Peru,575,surgeons,2021,ISAPS,2021 ISAPS International Survey on Aesthetic/Cosmetic Procedures Performed in 2021,https://www.isaps.org/media/vdpdanke/isaps-global-survey_2021.pdf,ISAPS page 36 ranked estimated number of plastic surgeons.,official_association_report
E:\shared\行业报告\2021isaps-global-survey.pdf,estimated_plastic_surgeons,Workforce,Estimated plastic surgeons,,Thailand,475,surgeons,2021,ISAPS,2021 ISAPS International Survey on Aesthetic/Cosmetic Procedures Performed in 2021,https://www.isaps.org/media/vdpdanke/isaps-global-survey_2021.pdf,ISAPS page 36 ranked estimated number of plastic surgeons.,official_association_report
E:\shared\行业报告\2021isaps-global-survey.pdf,estimated_plastic_surgeons,Workforce,Estimated plastic surgeons,,Canada,450,surgeons,2021,ISAPS,2021 ISAPS International Survey on Aesthetic/Cosmetic Procedures Performed in 2021,https://www.isaps.org/media/vdpdanke/isaps-global-survey_2021.pdf,ISAPS page 36 ranked estimated number of plastic surgeons.,official_association_report
E:\shared\行业报告\2021isaps-global-survey.pdf,estimated_plastic_surgeons,Workforce,Estimated plastic surgeons,,Australia,425,surgeons,2021,ISAPS,2021 ISAPS International Survey on Aesthetic/Cosmetic Procedures Performed in 2021,https://www.isaps.org/media/vdpdanke/isaps-global-survey_2021.pdf,ISAPS page 36 ranked estimated number of plastic surgeons.,official_association_report
E:\shared\行业报告\2021isaps-global-survey.pdf,estimated_plastic_surgeons,Workforce,Estimated plastic surgeons,,Greece,350,surgeons,2021,ISAPS,2021 ISAPS International Survey on Aesthetic/Cosmetic Procedures Performed in 2021,https://www.isaps.org/media/vdpdanke/isaps-global-survey_2021.pdf,ISAPS page 36 ranked estimated number of plastic surgeons.,official_association_report
E:\shared\行业报告\2021isaps-global-survey.pdf,estimated_plastic_surgeons,Workforce,Estimated plastic surgeons,,Ukraine,350,surgeons,2021,ISAPS,2021 ISAPS International Survey on Aesthetic/Cosmetic Procedures Performed in 2021,https://www.isaps.org/media/vdpdanke/isaps-global-survey_2021.pdf,ISAPS page 36 ranked estimated number of plastic surgeons.,official_association_report
E:\shared\行业报告\2021isaps-global-survey.pdf,estimated_plastic_surgeons,Workforce,Estimated plastic surgeons,,Romania,350,surgeons,2021,ISAPS,2021 ISAPS International Survey on Aesthetic/Cosmetic Procedures Performed in 2021,https://www.isaps.org/media/vdpdanke/isaps-global-survey_2021.pdf,ISAPS page 36 ranked estimated number of plastic surgeons.,official_association_report
E:\shared\行业报告\2021isaps-global-survey.pdf,estimated_plastic_surgeons,Workforce,Estimated plastic surgeons,,Iran,300,surgeons,2021,ISAPS,2021 ISAPS International Survey on Aesthetic/Cosmetic Procedures Performed in 2021,https://www.isaps.org/media/vdpdanke/isaps-global-survey_2021.pdf,ISAPS page 36 ranked estimated number of plastic surgeons.,official_association_report
E:\shared\行业报告\2021isaps-global-survey.pdf,estimated_plastic_surgeons,Workforce,Estimated plastic surgeons,,Belgium,275,surgeons,2021,ISAPS,2021 ISAPS International Survey on Aesthetic/Cosmetic Procedures Performed in 2021,https://www.isaps.org/media/vdpdanke/isaps-global-survey_2021.pdf,ISAPS page 36 ranked estimated number of plastic surgeons.,official_association_report
E:\shared\行业报告\2021isaps-global-survey.pdf,estimated_plastic_surgeons,Workforce,Estimated plastic surgeons,,Austria,250,surgeons,2021,ISAPS,2021 ISAPS International Survey on Aesthetic/Cosmetic Procedures Performed in 2021,https://www.isaps.org/media/vdpdanke/isaps-global-survey_2021.pdf,ISAPS page 36 ranked estimated number of plastic surgeons.,official_association_report
E:\shared\行业报告\2020isaps-global-survey.pdf,procedure_volume,All procedures,Total surgical and non-surgical,,Global,24529875,procedures,2020,ISAPS,2020 ISAPS International Survey on Aesthetic/Cosmetic Procedures Performed in 2020,https://www.isaps.org/media/dzjfg50s/isaps-global-survey_2020.pdf,ISAPS page 12 total procedures.,official_association_report
E:\shared\行业报告\2020isaps-global-survey.pdf,procedure_volume,Surgical procedures,Total surgical procedures,,Global,10129528,procedures,2020,ISAPS,2020 ISAPS International Survey on Aesthetic/Cosmetic Procedures Performed in 2020,https://www.isaps.org/media/dzjfg50s/isaps-global-survey_2020.pdf,ISAPS page 9 global surgical total.,official_association_report
E:\shared\行业报告\2020isaps-global-survey.pdf,procedure_volume,Non-surgical procedures,Total non-surgical procedures,,Global,14400347,procedures,2020,ISAPS,2020 ISAPS International Survey on Aesthetic/Cosmetic Procedures Performed in 2020,https://www.isaps.org/media/dzjfg50s/isaps-global-survey_2020.pdf,ISAPS page 10/page 12 global nonsurgical total.,official_association_report
E:\shared\行业报告\2020isaps-global-survey.pdf,procedure_volume,Injectables,Total injectable procedures,,Global,10610748,procedures,2020,ISAPS,2020 ISAPS International Survey on Aesthetic/Cosmetic Procedures Performed in 2020,https://www.isaps.org/media/dzjfg50s/isaps-global-survey_2020.pdf,ISAPS page 12 injectable procedure group.,official_association_report
E:\shared\行业报告\2020isaps-global-survey.pdf,procedure_volume,Facial rejuvenation,Total facial rejuvenation procedures,,Global,1392083,procedures,2020,ISAPS,2020 ISAPS International Survey on Aesthetic/Cosmetic Procedures Performed in 2020,https://www.isaps.org/media/dzjfg50s/isaps-global-survey_2020.pdf,ISAPS page 12 nonsurgical facial rejuvenation group.,official_association_report
E:\shared\行业报告\2020isaps-global-survey.pdf,procedure_volume,Other non-surgical,Total other procedures,,Global,2397516,procedures,2020,ISAPS,2020 ISAPS International Survey on Aesthetic/Cosmetic Procedures Performed in 2020,https://www.isaps.org/media/dzjfg50s/isaps-global-survey_2020.pdf,ISAPS page 12 other nonsurgical group.,official_association_report
E:\shared\行业报告\2020isaps-global-survey.pdf,procedure_volume,Injectables,Botulinum Toxin,,Global,6213859,procedures,2020,ISAPS,2020 ISAPS International Survey on Aesthetic/Cosmetic Procedures Performed in 2020,https://www.isaps.org/media/dzjfg50s/isaps-global-survey_2020.pdf,ISAPS page 10 worldwide nonsurgical procedure table.,official_association_report
E:\shared\行业报告\2020isaps-global-survey.pdf,procedure_volume,Injectables,Hyaluronic Acid,,Global,4053016,procedures,2020,ISAPS,2020 ISAPS International Survey on Aesthetic/Cosmetic Procedures Performed in 2020,https://www.isaps.org/media/dzjfg50s/isaps-global-survey_2020.pdf,ISAPS page 10 worldwide nonsurgical procedure table.,official_association_report
E:\shared\行业报告\2020isaps-global-survey.pdf,procedure_volume,Other non-surgical,Hair Removal,,Global,1837052,procedures,2020,ISAPS,2020 ISAPS International Survey on Aesthetic/Cosmetic Procedures Performed in 2020,https://www.isaps.org/media/dzjfg50s/isaps-global-survey_2020.pdf,ISAPS page 10 worldwide nonsurgical procedure table.,official_association_report
E:\shared\行业报告\2020isaps-global-survey.pdf,procedure_volume,Other non-surgical,Non-Surgical Fat Reduction,,Global,560464,procedures,2020,ISAPS,2020 ISAPS International Survey on Aesthetic/Cosmetic Procedures Performed in 2020,https://www.isaps.org/media/dzjfg50s/isaps-global-survey_2020.pdf,ISAPS page 10 worldwide nonsurgical procedure table.,official_association_report
E:\shared\行业报告\2020isaps-global-survey.pdf,procedure_volume,Facial rejuvenation,Photo Rejuvenation,,Global,517675,procedures,2020,ISAPS,2020 ISAPS International Survey on Aesthetic/Cosmetic Procedures Performed in 2020,https://www.isaps.org/media/dzjfg50s/isaps-global-survey_2020.pdf,ISAPS page 10 worldwide nonsurgical procedure table.,official_association_report
E:\shared\行业报告\2020isaps-global-survey.pdf,procedure_volume,Facial rejuvenation,Chemical Peel,,Global,409054,procedures,2020,ISAPS,2020 ISAPS International Survey on Aesthetic/Cosmetic Procedures Performed in 2020,https://www.isaps.org/media/dzjfg50s/isaps-global-survey_2020.pdf,ISAPS page 10 worldwide nonsurgical procedure table.,official_association_report
E:\shared\行业报告\2020isaps-global-survey.pdf,procedure_volume,Facial rejuvenation,Micro-Ablative Resurfacing,,Global,240213,procedures,2020,ISAPS,2020 ISAPS International Survey on Aesthetic/Cosmetic Procedures Performed in 2020,https://www.isaps.org/media/dzjfg50s/isaps-global-survey_2020.pdf,ISAPS page 10 worldwide nonsurgical procedure table.,official_association_report
E:\shared\行业报告\2020isaps-global-survey.pdf,procedure_volume,Facial rejuvenation,Full Field Ablative,,Global,225141,procedures,2020,ISAPS,2020 ISAPS International Survey on Aesthetic/Cosmetic Procedures Performed in 2020,https://www.isaps.org/media/dzjfg50s/isaps-global-survey_2020.pdf,ISAPS page 10 worldwide nonsurgical procedure table.,official_association_report
E:\shared\行业报告\2020isaps-global-survey.pdf,procedure_volume,Injectables,Calcium Hydroxylapatite,,Global,222785,procedures,2020,ISAPS,2020 ISAPS International Survey on Aesthetic/Cosmetic Procedures Performed in 2020,https://www.isaps.org/media/dzjfg50s/isaps-global-survey_2020.pdf,ISAPS page 10 worldwide nonsurgical procedure table.,official_association_report
E:\shared\行业报告\2020isaps-global-survey.pdf,procedure_volume,Injectables,Poly-L-Lactic Acid,,Global,121087,procedures,2020,ISAPS,2020 ISAPS International Survey on Aesthetic/Cosmetic Procedures Performed in 2020,https://www.isaps.org/media/dzjfg50s/isaps-global-survey_2020.pdf,ISAPS page 10 worldwide nonsurgical procedure table.,official_association_report
E:\shared\行业报告\2020isaps-global-survey.pdf,procedure_volume,All procedures,Country total procedures,,United States,4667931,procedures,2020,ISAPS,2020 ISAPS International Survey on Aesthetic/Cosmetic Procedures Performed in 2020,https://www.isaps.org/media/dzjfg50s/isaps-global-survey_2020.pdf,ISAPS page 15 country procedure table.,official_association_report
E:\shared\行业报告\2020isaps-global-survey.pdf,procedure_volume,Surgical procedures,Country surgical procedures,,United States,1485116,procedures,2020,ISAPS,2020 ISAPS International Survey on Aesthetic/Cosmetic Procedures Performed in 2020,https://www.isaps.org/media/dzjfg50s/isaps-global-survey_2020.pdf,ISAPS page 15 country procedure table.,official_association_report
E:\shared\行业报告\2020isaps-global-survey.pdf,procedure_volume,Non-surgical procedures,Country non-surgical procedures,,United States,3182815,procedures,2020,ISAPS,2020 ISAPS International Survey on Aesthetic/Cosmetic Procedures Performed in 2020,https://www.isaps.org/media/dzjfg50s/isaps-global-survey_2020.pdf,ISAPS page 15 country procedure table.,official_association_report
E:\shared\行业报告\2020isaps-global-survey.pdf,procedure_volume,Injectables,Country total injectables,,United States,2380973,procedures,2020,ISAPS,2020 ISAPS International Survey on Aesthetic/Cosmetic Procedures Performed in 2020,https://www.isaps.org/media/dzjfg50s/isaps-global-survey_2020.pdf,ISAPS page 15 country procedure table.,official_association_report
E:\shared\行业报告\2020isaps-global-survey.pdf,procedure_volume,Facial rejuvenation,Country total facial rejuvenation,,United States,389900,procedures,2020,ISAPS,2020 ISAPS International Survey on Aesthetic/Cosmetic Procedures Performed in 2020,https://www.isaps.org/media/dzjfg50s/isaps-global-survey_2020.pdf,ISAPS page 15 country procedure table.,official_association_report
E:\shared\行业报告\2020isaps-global-survey.pdf,procedure_volume,Other non-surgical,Country total other non-surgical,,United States,411942,procedures,2020,ISAPS,2020 ISAPS International Survey on Aesthetic/Cosmetic Procedures Performed in 2020,https://www.isaps.org/media/dzjfg50s/isaps-global-survey_2020.pdf,ISAPS page 15 country procedure table.,official_association_report
E:\shared\行业报告\2020isaps-global-survey.pdf,procedure_volume,Injectables,Botulinum Toxin,,United States,1477000,procedures,2020,ISAPS,2020 ISAPS International Survey on Aesthetic/Cosmetic Procedures Performed in 2020,https://www.isaps.org/media/dzjfg50s/isaps-global-survey_2020.pdf,ISAPS page 15 country procedure table.,official_association_report
E:\shared\行业报告\2020isaps-global-survey.pdf,procedure_volume,Injectables,Calcium Hydroxylapatite,,United States,48688,procedures,2020,ISAPS,2020 ISAPS International Survey on Aesthetic/Cosmetic Procedures Performed in 2020,https://www.isaps.org/media/dzjfg50s/isaps-global-survey_2020.pdf,ISAPS page 15 country procedure table.,official_association_report
E:\shared\行业报告\2020isaps-global-survey.pdf,procedure_volume,Injectables,Hyaluronic Acid,,United States,807870,procedures,2020,ISAPS,2020 ISAPS International Survey on Aesthetic/Cosmetic Procedures Performed in 2020,https://www.isaps.org/media/dzjfg50s/isaps-global-survey_2020.pdf,ISAPS page 15 country procedure table.,official_association_report
E:\shared\行业报告\2020isaps-global-survey.pdf,procedure_volume,Injectables,Poly-L-Lactic Acid,,United States,47415,procedures,2020,ISAPS,2020 ISAPS International Survey on Aesthetic/Cosmetic Procedures Performed in 2020,https://www.isaps.org/media/dzjfg50s/isaps-global-survey_2020.pdf,ISAPS page 15 country procedure table.,official_association_report
E:\shared\行业报告\2020isaps-global-survey.pdf,procedure_volume,Facial rejuvenation,Chemical Peel,,United States,102900,procedures,2020,ISAPS,2020 ISAPS International Survey on Aesthetic/Cosmetic Procedures Performed in 2020,https://www.isaps.org/media/dzjfg50s/isaps-global-survey_2020.pdf,ISAPS page 15 country procedure table.,official_association_report
E:\shared\行业报告\2020isaps-global-survey.pdf,procedure_volume,Facial rejuvenation,Full Field Ablative,,United States,42700,procedures,2020,ISAPS,2020 ISAPS International Survey on Aesthetic/Cosmetic Procedures Performed in 2020,https://www.isaps.org/media/dzjfg50s/isaps-global-survey_2020.pdf,ISAPS page 15 country procedure table.,official_association_report
E:\shared\行业报告\2020isaps-global-survey.pdf,procedure_volume,Facial rejuvenation,Micro-Ablative Resurfacing,,United States,70000,procedures,2020,ISAPS,2020 ISAPS International Survey on Aesthetic/Cosmetic Procedures Performed in 2020,https://www.isaps.org/media/dzjfg50s/isaps-global-survey_2020.pdf,ISAPS page 15 country procedure table.,official_association_report
E:\shared\行业报告\2020isaps-global-survey.pdf,procedure_volume,Facial rejuvenation,Photo Rejuvenation,,United States,174300,procedures,2020,ISAPS,2020 ISAPS International Survey on Aesthetic/Cosmetic Procedures Performed in 2020,https://www.isaps.org/media/dzjfg50s/isaps-global-survey_2020.pdf,ISAPS page 15 country procedure table.,official_association_report
E:\shared\行业报告\2020isaps-global-survey.pdf,procedure_volume,Other non-surgical,Hair Removal,,United States,271628,procedures,2020,ISAPS,2020 ISAPS International Survey on Aesthetic/Cosmetic Procedures Performed in 2020,https://www.isaps.org/media/dzjfg50s/isaps-global-survey_2020.pdf,ISAPS page 15 country procedure table.,official_association_report
E:\shared\行业报告\2020isaps-global-survey.pdf,procedure_volume,Other non-surgical,Non-Surgical Fat Reduction,,United States,140314,procedures,2020,ISAPS,2020 ISAPS International Survey on Aesthetic/Cosmetic Procedures Performed in 2020,https://www.isaps.org/media/dzjfg50s/isaps-global-survey_2020.pdf,ISAPS page 15 country procedure table.,official_association_report
E:\shared\行业报告\2020isaps-global-survey.pdf,procedure_volume,All procedures,Country total procedures,,Brazil,1929359,procedures,2020,ISAPS,2020 ISAPS International Survey on Aesthetic/Cosmetic Procedures Performed in 2020,https://www.isaps.org/media/dzjfg50s/isaps-global-survey_2020.pdf,ISAPS page 16 country procedure table.,official_association_report
E:\shared\行业报告\2020isaps-global-survey.pdf,procedure_volume,Surgical procedures,Country surgical procedures,,Brazil,1306962,procedures,2020,ISAPS,2020 ISAPS International Survey on Aesthetic/Cosmetic Procedures Performed in 2020,https://www.isaps.org/media/dzjfg50s/isaps-global-survey_2020.pdf,ISAPS page 16 country procedure table.,official_association_report
E:\shared\行业报告\2020isaps-global-survey.pdf,procedure_volume,Non-surgical procedures,Country non-surgical procedures,,Brazil,622396,procedures,2020,ISAPS,2020 ISAPS International Survey on Aesthetic/Cosmetic Procedures Performed in 2020,https://www.isaps.org/media/dzjfg50s/isaps-global-survey_2020.pdf,ISAPS page 16 country procedure table.,official_association_report
E:\shared\行业报告\2020isaps-global-survey.pdf,procedure_volume,Injectables,Country total injectables,,Brazil,529376,procedures,2020,ISAPS,2020 ISAPS International Survey on Aesthetic/Cosmetic Procedures Performed in 2020,https://www.isaps.org/media/dzjfg50s/isaps-global-survey_2020.pdf,ISAPS page 16 country procedure table.,official_association_report
E:\shared\行业报告\2020isaps-global-survey.pdf,procedure_volume,Facial rejuvenation,Country total facial rejuvenation,,Brazil,45342,procedures,2020,ISAPS,2020 ISAPS International Survey on Aesthetic/Cosmetic Procedures Performed in 2020,https://www.isaps.org/media/dzjfg50s/isaps-global-survey_2020.pdf,ISAPS page 16 country procedure table.,official_association_report
E:\shared\行业报告\2020isaps-global-survey.pdf,procedure_volume,Other non-surgical,Country total other non-surgical,,Brazil,47679,procedures,2020,ISAPS,2020 ISAPS International Survey on Aesthetic/Cosmetic Procedures Performed in 2020,https://www.isaps.org/media/dzjfg50s/isaps-global-survey_2020.pdf,ISAPS page 16 country procedure table.,official_association_report
E:\shared\行业报告\2020isaps-global-survey.pdf,procedure_volume,Injectables,Botulinum Toxin,,Brazil,334220,procedures,2020,ISAPS,2020 ISAPS International Survey on Aesthetic/Cosmetic Procedures Performed in 2020,https://www.isaps.org/media/dzjfg50s/isaps-global-survey_2020.pdf,ISAPS page 16 country procedure table.,official_association_report
E:\shared\行业报告\2020isaps-global-survey.pdf,procedure_volume,Injectables,Calcium Hydroxylapatite,,Brazil,15426,procedures,2020,ISAPS,2020 ISAPS International Survey on Aesthetic/Cosmetic Procedures Performed in 2020,https://www.isaps.org/media/dzjfg50s/isaps-global-survey_2020.pdf,ISAPS page 16 country procedure table.,official_association_report
E:\shared\行业报告\2020isaps-global-survey.pdf,procedure_volume,Injectables,Hyaluronic Acid,,Brazil,165707,procedures,2020,ISAPS,2020 ISAPS International Survey on Aesthetic/Cosmetic Procedures Performed in 2020,https://www.isaps.org/media/dzjfg50s/isaps-global-survey_2020.pdf,ISAPS page 16 country procedure table.,official_association_report
E:\shared\行业报告\2020isaps-global-survey.pdf,procedure_volume,Injectables,Poly-L-Lactic Acid,,Brazil,14023,procedures,2020,ISAPS,2020 ISAPS International Survey on Aesthetic/Cosmetic Procedures Performed in 2020,https://www.isaps.org/media/dzjfg50s/isaps-global-survey_2020.pdf,ISAPS page 16 country procedure table.,official_association_report
E:\shared\行业报告\2020isaps-global-survey.pdf,procedure_volume,Facial rejuvenation,Chemical Peel,,Brazil,23372,procedures,2020,ISAPS,2020 ISAPS International Survey on Aesthetic/Cosmetic Procedures Performed in 2020,https://www.isaps.org/media/dzjfg50s/isaps-global-survey_2020.pdf,ISAPS page 16 country procedure table.,official_association_report
E:\shared\行业报告\2020isaps-global-survey.pdf,procedure_volume,Facial rejuvenation,Full Field Ablative,,Brazil,12855,procedures,2020,ISAPS,2020 ISAPS International Survey on Aesthetic/Cosmetic Procedures Performed in 2020,https://www.isaps.org/media/dzjfg50s/isaps-global-survey_2020.pdf,ISAPS page 16 country procedure table.,official_association_report
E:\shared\行业报告\2020isaps-global-survey.pdf,procedure_volume,Facial rejuvenation,Micro-Ablative Resurfacing,,Brazil,0,procedures,2020,ISAPS,2020 ISAPS International Survey on Aesthetic/Cosmetic Procedures Performed in 2020,https://www.isaps.org/media/dzjfg50s/isaps-global-survey_2020.pdf,ISAPS page 16 country procedure table.,official_association_report
E:\shared\行业报告\2020isaps-global-survey.pdf,procedure_volume,Facial rejuvenation,Photo Rejuvenation,,Brazil,9115,procedures,2020,ISAPS,2020 ISAPS International Survey on Aesthetic/Cosmetic Procedures Performed in 2020,https://www.isaps.org/media/dzjfg50s/isaps-global-survey_2020.pdf,ISAPS page 16 country procedure table.,official_association_report
E:\shared\行业报告\2020isaps-global-survey.pdf,procedure_volume,Other non-surgical,Hair Removal,,Brazil,47679,procedures,2020,ISAPS,2020 ISAPS International Survey on Aesthetic/Cosmetic Procedures Performed in 2020,https://www.isaps.org/media/dzjfg50s/isaps-global-survey_2020.pdf,ISAPS page 16 country procedure table.,official_association_report
E:\shared\行业报告\2020isaps-global-survey.pdf,procedure_volume,Other non-surgical,Non-Surgical Fat Reduction,,Brazil,0,procedures,2020,ISAPS,2020 ISAPS International Survey on Aesthetic/Cosmetic Procedures Performed in 2020,https://www.isaps.org/media/dzjfg50s/isaps-global-survey_2020.pdf,ISAPS page 16 country procedure table.,official_association_report
E:\shared\行业报告\2020isaps-global-survey.pdf,procedure_volume,All procedures,Country total procedures,,Germany,1157738,procedures,2020,ISAPS,2020 ISAPS International Survey on Aesthetic/Cosmetic Procedures Performed in 2020,https://www.isaps.org/media/dzjfg50s/isaps-global-survey_2020.pdf,ISAPS page 17 country procedure table.,official_association_report
E:\shared\行业报告\2020isaps-global-survey.pdf,procedure_volume,Surgical procedures,Country surgical procedures,,Germany,425855,procedures,2020,ISAPS,2020 ISAPS International Survey on Aesthetic/Cosmetic Procedures Performed in 2020,https://www.isaps.org/media/dzjfg50s/isaps-global-survey_2020.pdf,ISAPS page 17 country procedure table.,official_association_report
E:\shared\行业报告\2020isaps-global-survey.pdf,procedure_volume,Non-surgical procedures,Country non-surgical procedures,,Germany,731883,procedures,2020,ISAPS,2020 ISAPS International Survey on Aesthetic/Cosmetic Procedures Performed in 2020,https://www.isaps.org/media/dzjfg50s/isaps-global-survey_2020.pdf,ISAPS page 17 country procedure table.,official_association_report
E:\shared\行业报告\2020isaps-global-survey.pdf,procedure_volume,Injectables,Country total injectables,,Germany,695315,procedures,2020,ISAPS,2020 ISAPS International Survey on Aesthetic/Cosmetic Procedures Performed in 2020,https://www.isaps.org/media/dzjfg50s/isaps-global-survey_2020.pdf,ISAPS page 17 country procedure table.,official_association_report
E:\shared\行业报告\2020isaps-global-survey.pdf,procedure_volume,Facial rejuvenation,Country total facial rejuvenation,,Germany,14270,procedures,2020,ISAPS,2020 ISAPS International Survey on Aesthetic/Cosmetic Procedures Performed in 2020,https://www.isaps.org/media/dzjfg50s/isaps-global-survey_2020.pdf,ISAPS page 17 country procedure table.,official_association_report
E:\shared\行业报告\2020isaps-global-survey.pdf,procedure_volume,Other non-surgical,Country total other non-surgical,,Germany,22298,procedures,2020,ISAPS,2020 ISAPS International Survey on Aesthetic/Cosmetic Procedures Performed in 2020,https://www.isaps.org/media/dzjfg50s/isaps-global-survey_2020.pdf,ISAPS page 17 country procedure table.,official_association_report
E:\shared\行业报告\2020isaps-global-survey.pdf,procedure_volume,Injectables,Botulinum Toxin,,Germany,400259,procedures,2020,ISAPS,2020 ISAPS International Survey on Aesthetic/Cosmetic Procedures Performed in 2020,https://www.isaps.org/media/dzjfg50s/isaps-global-survey_2020.pdf,ISAPS page 17 country procedure table.,official_association_report
E:\shared\行业报告\2020isaps-global-survey.pdf,procedure_volume,Injectables,Calcium Hydroxylapatite,,Germany,7428,procedures,2020,ISAPS,2020 ISAPS International Survey on Aesthetic/Cosmetic Procedures Performed in 2020,https://www.isaps.org/media/dzjfg50s/isaps-global-survey_2020.pdf,ISAPS page 17 country procedure table.,official_association_report
E:\shared\行业报告\2020isaps-global-survey.pdf,procedure_volume,Injectables,Hyaluronic Acid,,Germany,284407,procedures,2020,ISAPS,2020 ISAPS International Survey on Aesthetic/Cosmetic Procedures Performed in 2020,https://www.isaps.org/media/dzjfg50s/isaps-global-survey_2020.pdf,ISAPS page 17 country procedure table.,official_association_report
E:\shared\行业报告\2020isaps-global-survey.pdf,procedure_volume,Injectables,Poly-L-Lactic Acid,,Germany,3221,procedures,2020,ISAPS,2020 ISAPS International Survey on Aesthetic/Cosmetic Procedures Performed in 2020,https://www.isaps.org/media/dzjfg50s/isaps-global-survey_2020.pdf,ISAPS page 17 country procedure table.,official_association_report
E:\shared\行业报告\2020isaps-global-survey.pdf,procedure_volume,Facial rejuvenation,Chemical Peel,,Germany,1356,procedures,2020,ISAPS,2020 ISAPS International Survey on Aesthetic/Cosmetic Procedures Performed in 2020,https://www.isaps.org/media/dzjfg50s/isaps-global-survey_2020.pdf,ISAPS page 17 country procedure table.,official_association_report
E:\shared\行业报告\2020isaps-global-survey.pdf,procedure_volume,Facial rejuvenation,Full Field Ablative,,Germany,3899,procedures,2020,ISAPS,2020 ISAPS International Survey on Aesthetic/Cosmetic Procedures Performed in 2020,https://www.isaps.org/media/dzjfg50s/isaps-global-survey_2020.pdf,ISAPS page 17 country procedure table.,official_association_report
E:\shared\行业报告\2020isaps-global-survey.pdf,procedure_volume,Facial rejuvenation,Micro-Ablative Resurfacing,,Germany,5255,procedures,2020,ISAPS,2020 ISAPS International Survey on Aesthetic/Cosmetic Procedures Performed in 2020,https://www.isaps.org/media/dzjfg50s/isaps-global-survey_2020.pdf,ISAPS page 17 country procedure table.,official_association_report
E:\shared\行业报告\2020isaps-global-survey.pdf,procedure_volume,Facial rejuvenation,Photo Rejuvenation,,Germany,3760,procedures,2020,ISAPS,2020 ISAPS International Survey on Aesthetic/Cosmetic Procedures Performed in 2020,https://www.isaps.org/media/dzjfg50s/isaps-global-survey_2020.pdf,ISAPS page 17 country procedure table.,official_association_report
E:\shared\行业报告\2020isaps-global-survey.pdf,procedure_volume,Other non-surgical,Hair Removal,,Germany,0,procedures,2020,ISAPS,2020 ISAPS International Survey on Aesthetic/Cosmetic Procedures Performed in 2020,https://www.isaps.org/media/dzjfg50s/isaps-global-survey_2020.pdf,ISAPS page 17 country procedure table.,official_association_report
E:\shared\行业报告\2020isaps-global-survey.pdf,procedure_volume,Other non-surgical,Non-Surgical Fat Reduction,,Germany,22298,procedures,2020,ISAPS,2020 ISAPS International Survey on Aesthetic/Cosmetic Procedures Performed in 2020,https://www.isaps.org/media/dzjfg50s/isaps-global-survey_2020.pdf,ISAPS page 17 country procedure table.,official_association_report
E:\shared\行业报告\2020isaps-global-survey.pdf,procedure_volume,All procedures,Country total procedures,,Japan,1058198,procedures,2020,ISAPS,2020 ISAPS International Survey on Aesthetic/Cosmetic Procedures Performed in 2020,https://www.isaps.org/media/dzjfg50s/isaps-global-survey_2020.pdf,ISAPS page 18 country procedure table.,official_association_report
E:\shared\行业报告\2020isaps-global-survey.pdf,procedure_volume,Surgical procedures,Country surgical procedures,,Japan,222642,procedures,2020,ISAPS,2020 ISAPS International Survey on Aesthetic/Cosmetic Procedures Performed in 2020,https://www.isaps.org/media/dzjfg50s/isaps-global-survey_2020.pdf,ISAPS page 18 country procedure table.,official_association_report
E:\shared\行业报告\2020isaps-global-survey.pdf,procedure_volume,Non-surgical procedures,Country non-surgical procedures,,Japan,835556,procedures,2020,ISAPS,2020 ISAPS International Survey on Aesthetic/Cosmetic Procedures Performed in 2020,https://www.isaps.org/media/dzjfg50s/isaps-global-survey_2020.pdf,ISAPS page 18 country procedure table.,official_association_report
E:\shared\行业报告\2020isaps-global-survey.pdf,procedure_volume,Injectables,Country total injectables,,Japan,273821,procedures,2020,ISAPS,2020 ISAPS International Survey on Aesthetic/Cosmetic Procedures Performed in 2020,https://www.isaps.org/media/dzjfg50s/isaps-global-survey_2020.pdf,ISAPS page 18 country procedure table.,official_association_report
E:\shared\行业报告\2020isaps-global-survey.pdf,procedure_volume,Facial rejuvenation,Country total facial rejuvenation,,Japan,109602,procedures,2020,ISAPS,2020 ISAPS International Survey on Aesthetic/Cosmetic Procedures Performed in 2020,https://www.isaps.org/media/dzjfg50s/isaps-global-survey_2020.pdf,ISAPS page 18 country procedure table.,official_association_report
E:\shared\行业报告\2020isaps-global-survey.pdf,procedure_volume,Other non-surgical,Country total other non-surgical,,Japan,452133,procedures,2020,ISAPS,2020 ISAPS International Survey on Aesthetic/Cosmetic Procedures Performed in 2020,https://www.isaps.org/media/dzjfg50s/isaps-global-survey_2020.pdf,ISAPS page 18 country procedure table.,official_association_report
E:\shared\行业报告\2020isaps-global-survey.pdf,procedure_volume,Injectables,Botulinum Toxin,,Japan,206634,procedures,2020,ISAPS,2020 ISAPS International Survey on Aesthetic/Cosmetic Procedures Performed in 2020,https://www.isaps.org/media/dzjfg50s/isaps-global-survey_2020.pdf,ISAPS page 18 country procedure table.,official_association_report
E:\shared\行业报告\2020isaps-global-survey.pdf,procedure_volume,Injectables,Calcium Hydroxylapatite,,Japan,471,procedures,2020,ISAPS,2020 ISAPS International Survey on Aesthetic/Cosmetic Procedures Performed in 2020,https://www.isaps.org/media/dzjfg50s/isaps-global-survey_2020.pdf,ISAPS page 18 country procedure table.,official_association_report
E:\shared\行业报告\2020isaps-global-survey.pdf,procedure_volume,Injectables,Hyaluronic Acid,,Japan,66712,procedures,2020,ISAPS,2020 ISAPS International Survey on Aesthetic/Cosmetic Procedures Performed in 2020,https://www.isaps.org/media/dzjfg50s/isaps-global-survey_2020.pdf,ISAPS page 18 country procedure table.,official_association_report
E:\shared\行业报告\2020isaps-global-survey.pdf,procedure_volume,Injectables,Poly-L-Lactic Acid,,Japan,4,procedures,2020,ISAPS,2020 ISAPS International Survey on Aesthetic/Cosmetic Procedures Performed in 2020,https://www.isaps.org/media/dzjfg50s/isaps-global-survey_2020.pdf,ISAPS page 18 country procedure table.,official_association_report
E:\shared\行业报告\2020isaps-global-survey.pdf,procedure_volume,Facial rejuvenation,Chemical Peel,,Japan,41156,procedures,2020,ISAPS,2020 ISAPS International Survey on Aesthetic/Cosmetic Procedures Performed in 2020,https://www.isaps.org/media/dzjfg50s/isaps-global-survey_2020.pdf,ISAPS page 18 country procedure table.,official_association_report
E:\shared\行业报告\2020isaps-global-survey.pdf,procedure_volume,Facial rejuvenation,Full Field Ablative,,Japan,7994,procedures,2020,ISAPS,2020 ISAPS International Survey on Aesthetic/Cosmetic Procedures Performed in 2020,https://www.isaps.org/media/dzjfg50s/isaps-global-survey_2020.pdf,ISAPS page 18 country procedure table.,official_association_report
E:\shared\行业报告\2020isaps-global-survey.pdf,procedure_volume,Facial rejuvenation,Micro-Ablative Resurfacing,,Japan,12679,procedures,2020,ISAPS,2020 ISAPS International Survey on Aesthetic/Cosmetic Procedures Performed in 2020,https://www.isaps.org/media/dzjfg50s/isaps-global-survey_2020.pdf,ISAPS page 18 country procedure table.,official_association_report
E:\shared\行业报告\2020isaps-global-survey.pdf,procedure_volume,Facial rejuvenation,Photo Rejuvenation,,Japan,47773,procedures,2020,ISAPS,2020 ISAPS International Survey on Aesthetic/Cosmetic Procedures Performed in 2020,https://www.isaps.org/media/dzjfg50s/isaps-global-survey_2020.pdf,ISAPS page 18 country procedure table.,official_association_report
E:\shared\行业报告\2020isaps-global-survey.pdf,procedure_volume,Other non-surgical,Hair Removal,,Japan,387793,procedures,2020,ISAPS,2020 ISAPS International Survey on Aesthetic/Cosmetic Procedures Performed in 2020,https://www.isaps.org/media/dzjfg50s/isaps-global-survey_2020.pdf,ISAPS page 18 country procedure table.,official_association_report
E:\shared\行业报告\2020isaps-global-survey.pdf,procedure_volume,Other non-surgical,Non-Surgical Fat Reduction,,Japan,64340,procedures,2020,ISAPS,2020 ISAPS International Survey on Aesthetic/Cosmetic Procedures Performed in 2020,https://www.isaps.org/media/dzjfg50s/isaps-global-survey_2020.pdf,ISAPS page 18 country procedure table.,official_association_report
E:\shared\行业报告\2020isaps-global-survey.pdf,procedure_volume,All procedures,Country total procedures,,Turkiye,945477,procedures,2020,ISAPS,2020 ISAPS International Survey on Aesthetic/Cosmetic Procedures Performed in 2020,https://www.isaps.org/media/dzjfg50s/isaps-global-survey_2020.pdf,ISAPS page 19 country procedure table.,official_association_report
E:\shared\行业报告\2020isaps-global-survey.pdf,procedure_volume,Surgical procedures,Country surgical procedures,,Turkiye,360542,procedures,2020,ISAPS,2020 ISAPS International Survey on Aesthetic/Cosmetic Procedures Performed in 2020,https://www.isaps.org/media/dzjfg50s/isaps-global-survey_2020.pdf,ISAPS page 19 country procedure table.,official_association_report
E:\shared\行业报告\2020isaps-global-survey.pdf,procedure_volume,Non-surgical procedures,Country non-surgical procedures,,Turkiye,584935,procedures,2020,ISAPS,2020 ISAPS International Survey on Aesthetic/Cosmetic Procedures Performed in 2020,https://www.isaps.org/media/dzjfg50s/isaps-global-survey_2020.pdf,ISAPS page 19 country procedure table.,official_association_report
E:\shared\行业报告\2020isaps-global-survey.pdf,procedure_volume,Injectables,Country total injectables,,Turkiye,528229,procedures,2020,ISAPS,2020 ISAPS International Survey on Aesthetic/Cosmetic Procedures Performed in 2020,https://www.isaps.org/media/dzjfg50s/isaps-global-survey_2020.pdf,ISAPS page 19 country procedure table.,official_association_report
E:\shared\行业报告\2020isaps-global-survey.pdf,procedure_volume,Facial rejuvenation,Country total facial rejuvenation,,Turkiye,20358,procedures,2020,ISAPS,2020 ISAPS International Survey on Aesthetic/Cosmetic Procedures Performed in 2020,https://www.isaps.org/media/dzjfg50s/isaps-global-survey_2020.pdf,ISAPS page 19 country procedure table.,official_association_report
E:\shared\行业报告\2020isaps-global-survey.pdf,procedure_volume,Other non-surgical,Country total other non-surgical,,Turkiye,36348,procedures,2020,ISAPS,2020 ISAPS International Survey on Aesthetic/Cosmetic Procedures Performed in 2020,https://www.isaps.org/media/dzjfg50s/isaps-global-survey_2020.pdf,ISAPS page 19 country procedure table.,official_association_report
E:\shared\行业报告\2020isaps-global-survey.pdf,procedure_volume,Injectables,Botulinum Toxin,,Turkiye,357201,procedures,2020,ISAPS,2020 ISAPS International Survey on Aesthetic/Cosmetic Procedures Performed in 2020,https://www.isaps.org/media/dzjfg50s/isaps-global-survey_2020.pdf,ISAPS page 19 country procedure table.,official_association_report
E:\shared\行业报告\2020isaps-global-survey.pdf,procedure_volume,Injectables,Calcium Hydroxylapatite,,Turkiye,6149,procedures,2020,ISAPS,2020 ISAPS International Survey on Aesthetic/Cosmetic Procedures Performed in 2020,https://www.isaps.org/media/dzjfg50s/isaps-global-survey_2020.pdf,ISAPS page 19 country procedure table.,official_association_report
E:\shared\行业报告\2020isaps-global-survey.pdf,procedure_volume,Injectables,Hyaluronic Acid,,Turkiye,162240,procedures,2020,ISAPS,2020 ISAPS International Survey on Aesthetic/Cosmetic Procedures Performed in 2020,https://www.isaps.org/media/dzjfg50s/isaps-global-survey_2020.pdf,ISAPS page 19 country procedure table.,official_association_report
E:\shared\行业报告\2020isaps-global-survey.pdf,procedure_volume,Injectables,Poly-L-Lactic Acid,,Turkiye,2639,procedures,2020,ISAPS,2020 ISAPS International Survey on Aesthetic/Cosmetic Procedures Performed in 2020,https://www.isaps.org/media/dzjfg50s/isaps-global-survey_2020.pdf,ISAPS page 19 country procedure table.,official_association_report
E:\shared\行业报告\2020isaps-global-survey.pdf,procedure_volume,Facial rejuvenation,Chemical Peel,,Turkiye,299,procedures,2020,ISAPS,2020 ISAPS International Survey on Aesthetic/Cosmetic Procedures Performed in 2020,https://www.isaps.org/media/dzjfg50s/isaps-global-survey_2020.pdf,ISAPS page 19 country procedure table.,official_association_report
E:\shared\行业报告\2020isaps-global-survey.pdf,procedure_volume,Facial rejuvenation,Full Field Ablative,,Turkiye,5031,procedures,2020,ISAPS,2020 ISAPS International Survey on Aesthetic/Cosmetic Procedures Performed in 2020,https://www.isaps.org/media/dzjfg50s/isaps-global-survey_2020.pdf,ISAPS page 19 country procedure table.,official_association_report
E:\shared\行业报告\2020isaps-global-survey.pdf,procedure_volume,Facial rejuvenation,Micro-Ablative Resurfacing,,Turkiye,5499,procedures,2020,ISAPS,2020 ISAPS International Survey on Aesthetic/Cosmetic Procedures Performed in 2020,https://www.isaps.org/media/dzjfg50s/isaps-global-survey_2020.pdf,ISAPS page 19 country procedure table.,official_association_report
E:\shared\行业报告\2020isaps-global-survey.pdf,procedure_volume,Facial rejuvenation,Photo Rejuvenation,,Turkiye,9529,procedures,2020,ISAPS,2020 ISAPS International Survey on Aesthetic/Cosmetic Procedures Performed in 2020,https://www.isaps.org/media/dzjfg50s/isaps-global-survey_2020.pdf,ISAPS page 19 country procedure table.,official_association_report
E:\shared\行业报告\2020isaps-global-survey.pdf,procedure_volume,Other non-surgical,Hair Removal,,Turkiye,25779,procedures,2020,ISAPS,2020 ISAPS International Survey on Aesthetic/Cosmetic Procedures Performed in 2020,https://www.isaps.org/media/dzjfg50s/isaps-global-survey_2020.pdf,ISAPS page 19 country procedure table.,official_association_report
E:\shared\行业报告\2020isaps-global-survey.pdf,procedure_volume,Other non-surgical,Non-Surgical Fat Reduction,,Turkiye,10569,procedures,2020,ISAPS,2020 ISAPS International Survey on Aesthetic/Cosmetic Procedures Performed in 2020,https://www.isaps.org/media/dzjfg50s/isaps-global-survey_2020.pdf,ISAPS page 19 country procedure table.,official_association_report
E:\shared\行业报告\2020isaps-global-survey.pdf,procedure_volume,All procedures,Country total procedures,,Mexico,860718,procedures,2020,ISAPS,2020 ISAPS International Survey on Aesthetic/Cosmetic Procedures Performed in 2020,https://www.isaps.org/media/dzjfg50s/isaps-global-survey_2020.pdf,ISAPS page 20 country procedure table.,official_association_report
E:\shared\行业报告\2020isaps-global-survey.pdf,procedure_volume,Surgical procedures,Country surgical procedures,,Mexico,456489,procedures,2020,ISAPS,2020 ISAPS International Survey on Aesthetic/Cosmetic Procedures Performed in 2020,https://www.isaps.org/media/dzjfg50s/isaps-global-survey_2020.pdf,ISAPS page 20 country procedure table.,official_association_report
E:\shared\行业报告\2020isaps-global-survey.pdf,procedure_volume,Non-surgical procedures,Country non-surgical procedures,,Mexico,404229,procedures,2020,ISAPS,2020 ISAPS International Survey on Aesthetic/Cosmetic Procedures Performed in 2020,https://www.isaps.org/media/dzjfg50s/isaps-global-survey_2020.pdf,ISAPS page 20 country procedure table.,official_association_report
E:\shared\行业报告\2020isaps-global-survey.pdf,procedure_volume,Injectables,Country total injectables,,Mexico,331348,procedures,2020,ISAPS,2020 ISAPS International Survey on Aesthetic/Cosmetic Procedures Performed in 2020,https://www.isaps.org/media/dzjfg50s/isaps-global-survey_2020.pdf,ISAPS page 20 country procedure table.,official_association_report
E:\shared\行业报告\2020isaps-global-survey.pdf,procedure_volume,Facial rejuvenation,Country total facial rejuvenation,,Mexico,20831,procedures,2020,ISAPS,2020 ISAPS International Survey on Aesthetic/Cosmetic Procedures Performed in 2020,https://www.isaps.org/media/dzjfg50s/isaps-global-survey_2020.pdf,ISAPS page 20 country procedure table.,official_association_report
E:\shared\行业报告\2020isaps-global-survey.pdf,procedure_volume,Other non-surgical,Country total other non-surgical,,Mexico,52050,procedures,2020,ISAPS,2020 ISAPS International Survey on Aesthetic/Cosmetic Procedures Performed in 2020,https://www.isaps.org/media/dzjfg50s/isaps-global-survey_2020.pdf,ISAPS page 20 country procedure table.,official_association_report
E:\shared\行业报告\2020isaps-global-survey.pdf,procedure_volume,Injectables,Botulinum Toxin,,Mexico,194226,procedures,2020,ISAPS,2020 ISAPS International Survey on Aesthetic/Cosmetic Procedures Performed in 2020,https://www.isaps.org/media/dzjfg50s/isaps-global-survey_2020.pdf,ISAPS page 20 country procedure table.,official_association_report
E:\shared\行业报告\2020isaps-global-survey.pdf,procedure_volume,Injectables,Calcium Hydroxylapatite,,Mexico,11159,procedures,2020,ISAPS,2020 ISAPS International Survey on Aesthetic/Cosmetic Procedures Performed in 2020,https://www.isaps.org/media/dzjfg50s/isaps-global-survey_2020.pdf,ISAPS page 20 country procedure table.,official_association_report
E:\shared\行业报告\2020isaps-global-survey.pdf,procedure_volume,Injectables,Hyaluronic Acid,,Mexico,123707,procedures,2020,ISAPS,2020 ISAPS International Survey on Aesthetic/Cosmetic Procedures Performed in 2020,https://www.isaps.org/media/dzjfg50s/isaps-global-survey_2020.pdf,ISAPS page 20 country procedure table.,official_association_report
E:\shared\行业报告\2020isaps-global-survey.pdf,procedure_volume,Injectables,Poly-L-Lactic Acid,,Mexico,2256,procedures,2020,ISAPS,2020 ISAPS International Survey on Aesthetic/Cosmetic Procedures Performed in 2020,https://www.isaps.org/media/dzjfg50s/isaps-global-survey_2020.pdf,ISAPS page 20 country procedure table.,official_association_report
E:\shared\行业报告\2020isaps-global-survey.pdf,procedure_volume,Facial rejuvenation,Chemical Peel,,Mexico,3778,procedures,2020,ISAPS,2020 ISAPS International Survey on Aesthetic/Cosmetic Procedures Performed in 2020,https://www.isaps.org/media/dzjfg50s/isaps-global-survey_2020.pdf,ISAPS page 20 country procedure table.,official_association_report
E:\shared\行业报告\2020isaps-global-survey.pdf,procedure_volume,Facial rejuvenation,Full Field Ablative,,Mexico,6296,procedures,2020,ISAPS,2020 ISAPS International Survey on Aesthetic/Cosmetic Procedures Performed in 2020,https://www.isaps.org/media/dzjfg50s/isaps-global-survey_2020.pdf,ISAPS page 20 country procedure table.,official_association_report
E:\shared\行业报告\2020isaps-global-survey.pdf,procedure_volume,Facial rejuvenation,Micro-Ablative Resurfacing,,Mexico,3061,procedures,2020,ISAPS,2020 ISAPS International Survey on Aesthetic/Cosmetic Procedures Performed in 2020,https://www.isaps.org/media/dzjfg50s/isaps-global-survey_2020.pdf,ISAPS page 20 country procedure table.,official_association_report
E:\shared\行业报告\2020isaps-global-survey.pdf,procedure_volume,Facial rejuvenation,Photo Rejuvenation,,Mexico,7696,procedures,2020,ISAPS,2020 ISAPS International Survey on Aesthetic/Cosmetic Procedures Performed in 2020,https://www.isaps.org/media/dzjfg50s/isaps-global-survey_2020.pdf,ISAPS page 20 country procedure table.,official_association_report
E:\shared\行业报告\2020isaps-global-survey.pdf,procedure_volume,Other non-surgical,Hair Removal,,Mexico,25815,procedures,2020,ISAPS,2020 ISAPS International Survey on Aesthetic/Cosmetic Procedures Performed in 2020,https://www.isaps.org/media/dzjfg50s/isaps-global-survey_2020.pdf,ISAPS page 20 country procedure table.,official_association_report
E:\shared\行业报告\2020isaps-global-survey.pdf,procedure_volume,Other non-surgical,Non-Surgical Fat Reduction,,Mexico,26235,procedures,2020,ISAPS,2020 ISAPS International Survey on Aesthetic/Cosmetic Procedures Performed in 2020,https://www.isaps.org/media/dzjfg50s/isaps-global-survey_2020.pdf,ISAPS page 20 country procedure table.,official_association_report
E:\shared\行业报告\2020isaps-global-survey.pdf,procedure_volume,All procedures,Country total procedures,,Argentina,850840,procedures,2020,ISAPS,2020 ISAPS International Survey on Aesthetic/Cosmetic Procedures Performed in 2020,https://www.isaps.org/media/dzjfg50s/isaps-global-survey_2020.pdf,ISAPS page 21 country procedure table.,official_association_report
E:\shared\行业报告\2020isaps-global-survey.pdf,procedure_volume,Surgical procedures,Country surgical procedures,,Argentina,284320,procedures,2020,ISAPS,2020 ISAPS International Survey on Aesthetic/Cosmetic Procedures Performed in 2020,https://www.isaps.org/media/dzjfg50s/isaps-global-survey_2020.pdf,ISAPS page 21 country procedure table.,official_association_report
E:\shared\行业报告\2020isaps-global-survey.pdf,procedure_volume,Non-surgical procedures,Country non-surgical procedures,,Argentina,566520,procedures,2020,ISAPS,2020 ISAPS International Survey on Aesthetic/Cosmetic Procedures Performed in 2020,https://www.isaps.org/media/dzjfg50s/isaps-global-survey_2020.pdf,ISAPS page 21 country procedure table.,official_association_report
E:\shared\行业报告\2020isaps-global-survey.pdf,procedure_volume,Injectables,Country total injectables,,Argentina,372360,procedures,2020,ISAPS,2020 ISAPS International Survey on Aesthetic/Cosmetic Procedures Performed in 2020,https://www.isaps.org/media/dzjfg50s/isaps-global-survey_2020.pdf,ISAPS page 21 country procedure table.,official_association_report
E:\shared\行业报告\2020isaps-global-survey.pdf,procedure_volume,Facial rejuvenation,Country total facial rejuvenation,,Argentina,37840,procedures,2020,ISAPS,2020 ISAPS International Survey on Aesthetic/Cosmetic Procedures Performed in 2020,https://www.isaps.org/media/dzjfg50s/isaps-global-survey_2020.pdf,ISAPS page 21 country procedure table.,official_association_report
E:\shared\行业报告\2020isaps-global-survey.pdf,procedure_volume,Other non-surgical,Country total other non-surgical,,Argentina,156320,procedures,2020,ISAPS,2020 ISAPS International Survey on Aesthetic/Cosmetic Procedures Performed in 2020,https://www.isaps.org/media/dzjfg50s/isaps-global-survey_2020.pdf,ISAPS page 21 country procedure table.,official_association_report
E:\shared\行业报告\2020isaps-global-survey.pdf,procedure_volume,Injectables,Botulinum Toxin,,Argentina,188000,procedures,2020,ISAPS,2020 ISAPS International Survey on Aesthetic/Cosmetic Procedures Performed in 2020,https://www.isaps.org/media/dzjfg50s/isaps-global-survey_2020.pdf,ISAPS page 21 country procedure table.,official_association_report
E:\shared\行业报告\2020isaps-global-survey.pdf,procedure_volume,Injectables,Calcium Hydroxylapatite,,Argentina,10940,procedures,2020,ISAPS,2020 ISAPS International Survey on Aesthetic/Cosmetic Procedures Performed in 2020,https://www.isaps.org/media/dzjfg50s/isaps-global-survey_2020.pdf,ISAPS page 21 country procedure table.,official_association_report
E:\shared\行业报告\2020isaps-global-survey.pdf,procedure_volume,Injectables,Hyaluronic Acid,,Argentina,173360,procedures,2020,ISAPS,2020 ISAPS International Survey on Aesthetic/Cosmetic Procedures Performed in 2020,https://www.isaps.org/media/dzjfg50s/isaps-global-survey_2020.pdf,ISAPS page 21 country procedure table.,official_association_report
E:\shared\行业报告\2020isaps-global-survey.pdf,procedure_volume,Injectables,Poly-L-Lactic Acid,,Argentina,60,procedures,2020,ISAPS,2020 ISAPS International Survey on Aesthetic/Cosmetic Procedures Performed in 2020,https://www.isaps.org/media/dzjfg50s/isaps-global-survey_2020.pdf,ISAPS page 21 country procedure table.,official_association_report
E:\shared\行业报告\2020isaps-global-survey.pdf,procedure_volume,Facial rejuvenation,Chemical Peel,,Argentina,5420,procedures,2020,ISAPS,2020 ISAPS International Survey on Aesthetic/Cosmetic Procedures Performed in 2020,https://www.isaps.org/media/dzjfg50s/isaps-global-survey_2020.pdf,ISAPS page 21 country procedure table.,official_association_report
E:\shared\行业报告\2020isaps-global-survey.pdf,procedure_volume,Facial rejuvenation,Full Field Ablative,,Argentina,6680,procedures,2020,ISAPS,2020 ISAPS International Survey on Aesthetic/Cosmetic Procedures Performed in 2020,https://www.isaps.org/media/dzjfg50s/isaps-global-survey_2020.pdf,ISAPS page 21 country procedure table.,official_association_report
E:\shared\行业报告\2020isaps-global-survey.pdf,procedure_volume,Facial rejuvenation,Micro-Ablative Resurfacing,,Argentina,8060,procedures,2020,ISAPS,2020 ISAPS International Survey on Aesthetic/Cosmetic Procedures Performed in 2020,https://www.isaps.org/media/dzjfg50s/isaps-global-survey_2020.pdf,ISAPS page 21 country procedure table.,official_association_report
E:\shared\行业报告\2020isaps-global-survey.pdf,procedure_volume,Facial rejuvenation,Photo Rejuvenation,,Argentina,17680,procedures,2020,ISAPS,2020 ISAPS International Survey on Aesthetic/Cosmetic Procedures Performed in 2020,https://www.isaps.org/media/dzjfg50s/isaps-global-survey_2020.pdf,ISAPS page 21 country procedure table.,official_association_report
E:\shared\行业报告\2020isaps-global-survey.pdf,procedure_volume,Other non-surgical,Hair Removal,,Argentina,124000,procedures,2020,ISAPS,2020 ISAPS International Survey on Aesthetic/Cosmetic Procedures Performed in 2020,https://www.isaps.org/media/dzjfg50s/isaps-global-survey_2020.pdf,ISAPS page 21 country procedure table.,official_association_report
E:\shared\行业报告\2020isaps-global-survey.pdf,procedure_volume,Other non-surgical,Non-Surgical Fat Reduction,,Argentina,32320,procedures,2020,ISAPS,2020 ISAPS International Survey on Aesthetic/Cosmetic Procedures Performed in 2020,https://www.isaps.org/media/dzjfg50s/isaps-global-survey_2020.pdf,ISAPS page 21 country procedure table.,official_association_report
E:\shared\行业报告\2020isaps-global-survey.pdf,procedure_volume,All procedures,Country total procedures,,Italy,830868,procedures,2020,ISAPS,2020 ISAPS International Survey on Aesthetic/Cosmetic Procedures Performed in 2020,https://www.isaps.org/media/dzjfg50s/isaps-global-survey_2020.pdf,ISAPS page 22 country procedure table.,official_association_report
E:\shared\行业报告\2020isaps-global-survey.pdf,procedure_volume,Surgical procedures,Country surgical procedures,,Italy,245400,procedures,2020,ISAPS,2020 ISAPS International Survey on Aesthetic/Cosmetic Procedures Performed in 2020,https://www.isaps.org/media/dzjfg50s/isaps-global-survey_2020.pdf,ISAPS page 22 country procedure table.,official_association_report
E:\shared\行业报告\2020isaps-global-survey.pdf,procedure_volume,Non-surgical procedures,Country non-surgical procedures,,Italy,585468,procedures,2020,ISAPS,2020 ISAPS International Survey on Aesthetic/Cosmetic Procedures Performed in 2020,https://www.isaps.org/media/dzjfg50s/isaps-global-survey_2020.pdf,ISAPS page 22 country procedure table.,official_association_report
E:\shared\行业报告\2020isaps-global-survey.pdf,procedure_volume,Injectables,Country total injectables,,Italy,460560,procedures,2020,ISAPS,2020 ISAPS International Survey on Aesthetic/Cosmetic Procedures Performed in 2020,https://www.isaps.org/media/dzjfg50s/isaps-global-survey_2020.pdf,ISAPS page 22 country procedure table.,official_association_report
E:\shared\行业报告\2020isaps-global-survey.pdf,procedure_volume,Facial rejuvenation,Country total facial rejuvenation,,Italy,80268,procedures,2020,ISAPS,2020 ISAPS International Survey on Aesthetic/Cosmetic Procedures Performed in 2020,https://www.isaps.org/media/dzjfg50s/isaps-global-survey_2020.pdf,ISAPS page 22 country procedure table.,official_association_report
E:\shared\行业报告\2020isaps-global-survey.pdf,procedure_volume,Other non-surgical,Country total other non-surgical,,Italy,44640,procedures,2020,ISAPS,2020 ISAPS International Survey on Aesthetic/Cosmetic Procedures Performed in 2020,https://www.isaps.org/media/dzjfg50s/isaps-global-survey_2020.pdf,ISAPS page 22 country procedure table.,official_association_report
E:\shared\行业报告\2020isaps-global-survey.pdf,procedure_volume,Injectables,Botulinum Toxin,,Italy,204084,procedures,2020,ISAPS,2020 ISAPS International Survey on Aesthetic/Cosmetic Procedures Performed in 2020,https://www.isaps.org/media/dzjfg50s/isaps-global-survey_2020.pdf,ISAPS page 22 country procedure table.,official_association_report
E:\shared\行业报告\2020isaps-global-survey.pdf,procedure_volume,Injectables,Calcium Hydroxylapatite,,Italy,12732,procedures,2020,ISAPS,2020 ISAPS International Survey on Aesthetic/Cosmetic Procedures Performed in 2020,https://www.isaps.org/media/dzjfg50s/isaps-global-survey_2020.pdf,ISAPS page 22 country procedure table.,official_association_report
E:\shared\行业报告\2020isaps-global-survey.pdf,procedure_volume,Injectables,Hyaluronic Acid,,Italy,240264,procedures,2020,ISAPS,2020 ISAPS International Survey on Aesthetic/Cosmetic Procedures Performed in 2020,https://www.isaps.org/media/dzjfg50s/isaps-global-survey_2020.pdf,ISAPS page 22 country procedure table.,official_association_report
E:\shared\行业报告\2020isaps-global-survey.pdf,procedure_volume,Injectables,Poly-L-Lactic Acid,,Italy,3480,procedures,2020,ISAPS,2020 ISAPS International Survey on Aesthetic/Cosmetic Procedures Performed in 2020,https://www.isaps.org/media/dzjfg50s/isaps-global-survey_2020.pdf,ISAPS page 22 country procedure table.,official_association_report
E:\shared\行业报告\2020isaps-global-survey.pdf,procedure_volume,Facial rejuvenation,Chemical Peel,,Italy,30648,procedures,2020,ISAPS,2020 ISAPS International Survey on Aesthetic/Cosmetic Procedures Performed in 2020,https://www.isaps.org/media/dzjfg50s/isaps-global-survey_2020.pdf,ISAPS page 22 country procedure table.,official_association_report
E:\shared\行业报告\2020isaps-global-survey.pdf,procedure_volume,Facial rejuvenation,Full Field Ablative,,Italy,13908,procedures,2020,ISAPS,2020 ISAPS International Survey on Aesthetic/Cosmetic Procedures Performed in 2020,https://www.isaps.org/media/dzjfg50s/isaps-global-survey_2020.pdf,ISAPS page 22 country procedure table.,official_association_report
E:\shared\行业报告\2020isaps-global-survey.pdf,procedure_volume,Facial rejuvenation,Micro-Ablative Resurfacing,,Italy,13668,procedures,2020,ISAPS,2020 ISAPS International Survey on Aesthetic/Cosmetic Procedures Performed in 2020,https://www.isaps.org/media/dzjfg50s/isaps-global-survey_2020.pdf,ISAPS page 22 country procedure table.,official_association_report
E:\shared\行业报告\2020isaps-global-survey.pdf,procedure_volume,Facial rejuvenation,Photo Rejuvenation,,Italy,22044,procedures,2020,ISAPS,2020 ISAPS International Survey on Aesthetic/Cosmetic Procedures Performed in 2020,https://www.isaps.org/media/dzjfg50s/isaps-global-survey_2020.pdf,ISAPS page 22 country procedure table.,official_association_report
E:\shared\行业报告\2020isaps-global-survey.pdf,procedure_volume,Other non-surgical,Hair Removal,,Italy,27840,procedures,2020,ISAPS,2020 ISAPS International Survey on Aesthetic/Cosmetic Procedures Performed in 2020,https://www.isaps.org/media/dzjfg50s/isaps-global-survey_2020.pdf,ISAPS page 22 country procedure table.,official_association_report
E:\shared\行业报告\2020isaps-global-survey.pdf,procedure_volume,Other non-surgical,Non-Surgical Fat Reduction,,Italy,16800,procedures,2020,ISAPS,2020 ISAPS International Survey on Aesthetic/Cosmetic Procedures Performed in 2020,https://www.isaps.org/media/dzjfg50s/isaps-global-survey_2020.pdf,ISAPS page 22 country procedure table.,official_association_report
E:\shared\行业报告\2020isaps-global-survey.pdf,procedure_volume,All procedures,Country total procedures,,Russia,621600,procedures,2020,ISAPS,2020 ISAPS International Survey on Aesthetic/Cosmetic Procedures Performed in 2020,https://www.isaps.org/media/dzjfg50s/isaps-global-survey_2020.pdf,ISAPS page 23 country procedure table.,official_association_report
E:\shared\行业报告\2020isaps-global-survey.pdf,procedure_volume,Surgical procedures,Country surgical procedures,,Russia,478200,procedures,2020,ISAPS,2020 ISAPS International Survey on Aesthetic/Cosmetic Procedures Performed in 2020,https://www.isaps.org/media/dzjfg50s/isaps-global-survey_2020.pdf,ISAPS page 23 country procedure table.,official_association_report
E:\shared\行业报告\2020isaps-global-survey.pdf,procedure_volume,Non-surgical procedures,Country non-surgical procedures,,Russia,143400,procedures,2020,ISAPS,2020 ISAPS International Survey on Aesthetic/Cosmetic Procedures Performed in 2020,https://www.isaps.org/media/dzjfg50s/isaps-global-survey_2020.pdf,ISAPS page 23 country procedure table.,official_association_report
E:\shared\行业报告\2020isaps-global-survey.pdf,procedure_volume,Injectables,Country total injectables,,Russia,109320,procedures,2020,ISAPS,2020 ISAPS International Survey on Aesthetic/Cosmetic Procedures Performed in 2020,https://www.isaps.org/media/dzjfg50s/isaps-global-survey_2020.pdf,ISAPS page 23 country procedure table.,official_association_report
E:\shared\行业报告\2020isaps-global-survey.pdf,procedure_volume,Facial rejuvenation,Country total facial rejuvenation,,Russia,21080,procedures,2020,ISAPS,2020 ISAPS International Survey on Aesthetic/Cosmetic Procedures Performed in 2020,https://www.isaps.org/media/dzjfg50s/isaps-global-survey_2020.pdf,ISAPS page 23 country procedure table.,official_association_report
E:\shared\行业报告\2020isaps-global-survey.pdf,procedure_volume,Other non-surgical,Country total other non-surgical,,Russia,13000,procedures,2020,ISAPS,2020 ISAPS International Survey on Aesthetic/Cosmetic Procedures Performed in 2020,https://www.isaps.org/media/dzjfg50s/isaps-global-survey_2020.pdf,ISAPS page 23 country procedure table.,official_association_report
E:\shared\行业报告\2020isaps-global-survey.pdf,procedure_volume,Injectables,Botulinum Toxin,,Russia,46700,procedures,2020,ISAPS,2020 ISAPS International Survey on Aesthetic/Cosmetic Procedures Performed in 2020,https://www.isaps.org/media/dzjfg50s/isaps-global-survey_2020.pdf,ISAPS page 23 country procedure table.,official_association_report
E:\shared\行业报告\2020isaps-global-survey.pdf,procedure_volume,Injectables,Calcium Hydroxylapatite,,Russia,7840,procedures,2020,ISAPS,2020 ISAPS International Survey on Aesthetic/Cosmetic Procedures Performed in 2020,https://www.isaps.org/media/dzjfg50s/isaps-global-survey_2020.pdf,ISAPS page 23 country procedure table.,official_association_report
E:\shared\行业报告\2020isaps-global-survey.pdf,procedure_volume,Injectables,Hyaluronic Acid,,Russia,49080,procedures,2020,ISAPS,2020 ISAPS International Survey on Aesthetic/Cosmetic Procedures Performed in 2020,https://www.isaps.org/media/dzjfg50s/isaps-global-survey_2020.pdf,ISAPS page 23 country procedure table.,official_association_report
E:\shared\行业报告\2020isaps-global-survey.pdf,procedure_volume,Injectables,Poly-L-Lactic Acid,,Russia,5700,procedures,2020,ISAPS,2020 ISAPS International Survey on Aesthetic/Cosmetic Procedures Performed in 2020,https://www.isaps.org/media/dzjfg50s/isaps-global-survey_2020.pdf,ISAPS page 23 country procedure table.,official_association_report
E:\shared\行业报告\2020isaps-global-survey.pdf,procedure_volume,Facial rejuvenation,Chemical Peel,,Russia,80,procedures,2020,ISAPS,2020 ISAPS International Survey on Aesthetic/Cosmetic Procedures Performed in 2020,https://www.isaps.org/media/dzjfg50s/isaps-global-survey_2020.pdf,ISAPS page 23 country procedure table.,official_association_report
E:\shared\行业报告\2020isaps-global-survey.pdf,procedure_volume,Facial rejuvenation,Full Field Ablative,,Russia,14700,procedures,2020,ISAPS,2020 ISAPS International Survey on Aesthetic/Cosmetic Procedures Performed in 2020,https://www.isaps.org/media/dzjfg50s/isaps-global-survey_2020.pdf,ISAPS page 23 country procedure table.,official_association_report
E:\shared\行业报告\2020isaps-global-survey.pdf,procedure_volume,Facial rejuvenation,Micro-Ablative Resurfacing,,Russia,920,procedures,2020,ISAPS,2020 ISAPS International Survey on Aesthetic/Cosmetic Procedures Performed in 2020,https://www.isaps.org/media/dzjfg50s/isaps-global-survey_2020.pdf,ISAPS page 23 country procedure table.,official_association_report
E:\shared\行业报告\2020isaps-global-survey.pdf,procedure_volume,Facial rejuvenation,Photo Rejuvenation,,Russia,5380,procedures,2020,ISAPS,2020 ISAPS International Survey on Aesthetic/Cosmetic Procedures Performed in 2020,https://www.isaps.org/media/dzjfg50s/isaps-global-survey_2020.pdf,ISAPS page 23 country procedure table.,official_association_report
E:\shared\行业报告\2020isaps-global-survey.pdf,procedure_volume,Other non-surgical,Hair Removal,,Russia,9920,procedures,2020,ISAPS,2020 ISAPS International Survey on Aesthetic/Cosmetic Procedures Performed in 2020,https://www.isaps.org/media/dzjfg50s/isaps-global-survey_2020.pdf,ISAPS page 23 country procedure table.,official_association_report
E:\shared\行业报告\2020isaps-global-survey.pdf,procedure_volume,Other non-surgical,Non-Surgical Fat Reduction,,Russia,3080,procedures,2020,ISAPS,2020 ISAPS International Survey on Aesthetic/Cosmetic Procedures Performed in 2020,https://www.isaps.org/media/dzjfg50s/isaps-global-survey_2020.pdf,ISAPS page 23 country procedure table.,official_association_report
E:\shared\行业报告\2020isaps-global-survey.pdf,procedure_volume,All procedures,Country total procedures,,India,524064,procedures,2020,ISAPS,2020 ISAPS International Survey on Aesthetic/Cosmetic Procedures Performed in 2020,https://www.isaps.org/media/dzjfg50s/isaps-global-survey_2020.pdf,ISAPS page 24 country procedure table.,official_association_report
E:\shared\行业报告\2020isaps-global-survey.pdf,procedure_volume,Surgical procedures,Country surgical procedures,,India,255528,procedures,2020,ISAPS,2020 ISAPS International Survey on Aesthetic/Cosmetic Procedures Performed in 2020,https://www.isaps.org/media/dzjfg50s/isaps-global-survey_2020.pdf,ISAPS page 24 country procedure table.,official_association_report
E:\shared\行业报告\2020isaps-global-survey.pdf,procedure_volume,Non-surgical procedures,Country non-surgical procedures,,India,268536,procedures,2020,ISAPS,2020 ISAPS International Survey on Aesthetic/Cosmetic Procedures Performed in 2020,https://www.isaps.org/media/dzjfg50s/isaps-global-survey_2020.pdf,ISAPS page 24 country procedure table.,official_association_report
E:\shared\行业报告\2020isaps-global-survey.pdf,procedure_volume,Injectables,Country total injectables,,India,90384,procedures,2020,ISAPS,2020 ISAPS International Survey on Aesthetic/Cosmetic Procedures Performed in 2020,https://www.isaps.org/media/dzjfg50s/isaps-global-survey_2020.pdf,ISAPS page 24 country procedure table.,official_association_report
E:\shared\行业报告\2020isaps-global-survey.pdf,procedure_volume,Facial rejuvenation,Country total facial rejuvenation,,India,70416,procedures,2020,ISAPS,2020 ISAPS International Survey on Aesthetic/Cosmetic Procedures Performed in 2020,https://www.isaps.org/media/dzjfg50s/isaps-global-survey_2020.pdf,ISAPS page 24 country procedure table.,official_association_report
E:\shared\行业报告\2020isaps-global-survey.pdf,procedure_volume,Other non-surgical,Country total other non-surgical,,India,107736,procedures,2020,ISAPS,2020 ISAPS International Survey on Aesthetic/Cosmetic Procedures Performed in 2020,https://www.isaps.org/media/dzjfg50s/isaps-global-survey_2020.pdf,ISAPS page 24 country procedure table.,official_association_report
E:\shared\行业报告\2020isaps-global-survey.pdf,procedure_volume,Injectables,Botulinum Toxin,,India,44880,procedures,2020,ISAPS,2020 ISAPS International Survey on Aesthetic/Cosmetic Procedures Performed in 2020,https://www.isaps.org/media/dzjfg50s/isaps-global-survey_2020.pdf,ISAPS page 24 country procedure table.,official_association_report
E:\shared\行业报告\2020isaps-global-survey.pdf,procedure_volume,Injectables,Calcium Hydroxylapatite,,India,384,procedures,2020,ISAPS,2020 ISAPS International Survey on Aesthetic/Cosmetic Procedures Performed in 2020,https://www.isaps.org/media/dzjfg50s/isaps-global-survey_2020.pdf,ISAPS page 24 country procedure table.,official_association_report
E:\shared\行业报告\2020isaps-global-survey.pdf,procedure_volume,Injectables,Hyaluronic Acid,,India,45120,procedures,2020,ISAPS,2020 ISAPS International Survey on Aesthetic/Cosmetic Procedures Performed in 2020,https://www.isaps.org/media/dzjfg50s/isaps-global-survey_2020.pdf,ISAPS page 24 country procedure table.,official_association_report
E:\shared\行业报告\2020isaps-global-survey.pdf,procedure_volume,Injectables,Poly-L-Lactic Acid,,India,0,procedures,2020,ISAPS,2020 ISAPS International Survey on Aesthetic/Cosmetic Procedures Performed in 2020,https://www.isaps.org/media/dzjfg50s/isaps-global-survey_2020.pdf,ISAPS page 24 country procedure table.,official_association_report
E:\shared\行业报告\2020isaps-global-survey.pdf,procedure_volume,Facial rejuvenation,Chemical Peel,,India,44784,procedures,2020,ISAPS,2020 ISAPS International Survey on Aesthetic/Cosmetic Procedures Performed in 2020,https://www.isaps.org/media/dzjfg50s/isaps-global-survey_2020.pdf,ISAPS page 24 country procedure table.,official_association_report
E:\shared\行业报告\2020isaps-global-survey.pdf,procedure_volume,Facial rejuvenation,Full Field Ablative,,India,8832,procedures,2020,ISAPS,2020 ISAPS International Survey on Aesthetic/Cosmetic Procedures Performed in 2020,https://www.isaps.org/media/dzjfg50s/isaps-global-survey_2020.pdf,ISAPS page 24 country procedure table.,official_association_report
E:\shared\行业报告\2020isaps-global-survey.pdf,procedure_volume,Facial rejuvenation,Micro-Ablative Resurfacing,,India,5784,procedures,2020,ISAPS,2020 ISAPS International Survey on Aesthetic/Cosmetic Procedures Performed in 2020,https://www.isaps.org/media/dzjfg50s/isaps-global-survey_2020.pdf,ISAPS page 24 country procedure table.,official_association_report
E:\shared\行业报告\2020isaps-global-survey.pdf,procedure_volume,Facial rejuvenation,Photo Rejuvenation,,India,11016,procedures,2020,ISAPS,2020 ISAPS International Survey on Aesthetic/Cosmetic Procedures Performed in 2020,https://www.isaps.org/media/dzjfg50s/isaps-global-survey_2020.pdf,ISAPS page 24 country procedure table.,official_association_report
E:\shared\行业报告\2020isaps-global-survey.pdf,procedure_volume,Other non-surgical,Hair Removal,,India,97920,procedures,2020,ISAPS,2020 ISAPS International Survey on Aesthetic/Cosmetic Procedures Performed in 2020,https://www.isaps.org/media/dzjfg50s/isaps-global-survey_2020.pdf,ISAPS page 24 country procedure table.,official_association_report
E:\shared\行业报告\2020isaps-global-survey.pdf,procedure_volume,Other non-surgical,Non-Surgical Fat Reduction,,India,9816,procedures,2020,ISAPS,2020 ISAPS International Survey on Aesthetic/Cosmetic Procedures Performed in 2020,https://www.isaps.org/media/dzjfg50s/isaps-global-survey_2020.pdf,ISAPS page 24 country procedure table.,official_association_report
E:\shared\行业报告\2020isaps-global-survey.pdf,procedure_volume,All procedures,Country total procedures,,Spain,397512,procedures,2020,ISAPS,2020 ISAPS International Survey on Aesthetic/Cosmetic Procedures Performed in 2020,https://www.isaps.org/media/dzjfg50s/isaps-global-survey_2020.pdf,ISAPS page 25 country procedure table.,official_association_report
E:\shared\行业报告\2020isaps-global-survey.pdf,procedure_volume,Surgical procedures,Country surgical procedures,,Spain,165906,procedures,2020,ISAPS,2020 ISAPS International Survey on Aesthetic/Cosmetic Procedures Performed in 2020,https://www.isaps.org/media/dzjfg50s/isaps-global-survey_2020.pdf,ISAPS page 25 country procedure table.,official_association_report
E:\shared\行业报告\2020isaps-global-survey.pdf,procedure_volume,Non-surgical procedures,Country non-surgical procedures,,Spain,231606,procedures,2020,ISAPS,2020 ISAPS International Survey on Aesthetic/Cosmetic Procedures Performed in 2020,https://www.isaps.org/media/dzjfg50s/isaps-global-survey_2020.pdf,ISAPS page 25 country procedure table.,official_association_report
E:\shared\行业报告\2020isaps-global-survey.pdf,procedure_volume,Injectables,Country total injectables,,Spain,208494,procedures,2020,ISAPS,2020 ISAPS International Survey on Aesthetic/Cosmetic Procedures Performed in 2020,https://www.isaps.org/media/dzjfg50s/isaps-global-survey_2020.pdf,ISAPS page 25 country procedure table.,official_association_report
E:\shared\行业报告\2020isaps-global-survey.pdf,procedure_volume,Facial rejuvenation,Country total facial rejuvenation,,Spain,11097,procedures,2020,ISAPS,2020 ISAPS International Survey on Aesthetic/Cosmetic Procedures Performed in 2020,https://www.isaps.org/media/dzjfg50s/isaps-global-survey_2020.pdf,ISAPS page 25 country procedure table.,official_association_report
E:\shared\行业报告\2020isaps-global-survey.pdf,procedure_volume,Other non-surgical,Country total other non-surgical,,Spain,12015,procedures,2020,ISAPS,2020 ISAPS International Survey on Aesthetic/Cosmetic Procedures Performed in 2020,https://www.isaps.org/media/dzjfg50s/isaps-global-survey_2020.pdf,ISAPS page 25 country procedure table.,official_association_report
E:\shared\行业报告\2020isaps-global-survey.pdf,procedure_volume,Injectables,Botulinum Toxin,,Spain,100296,procedures,2020,ISAPS,2020 ISAPS International Survey on Aesthetic/Cosmetic Procedures Performed in 2020,https://www.isaps.org/media/dzjfg50s/isaps-global-survey_2020.pdf,ISAPS page 25 country procedure table.,official_association_report
E:\shared\行业报告\2020isaps-global-survey.pdf,procedure_volume,Injectables,Calcium Hydroxylapatite,,Spain,8604,procedures,2020,ISAPS,2020 ISAPS International Survey on Aesthetic/Cosmetic Procedures Performed in 2020,https://www.isaps.org/media/dzjfg50s/isaps-global-survey_2020.pdf,ISAPS page 25 country procedure table.,official_association_report
E:\shared\行业报告\2020isaps-global-survey.pdf,procedure_volume,Injectables,Hyaluronic Acid,,Spain,98829,procedures,2020,ISAPS,2020 ISAPS International Survey on Aesthetic/Cosmetic Procedures Performed in 2020,https://www.isaps.org/media/dzjfg50s/isaps-global-survey_2020.pdf,ISAPS page 25 country procedure table.,official_association_report
E:\shared\行业报告\2020isaps-global-survey.pdf,procedure_volume,Injectables,Poly-L-Lactic Acid,,Spain,765,procedures,2020,ISAPS,2020 ISAPS International Survey on Aesthetic/Cosmetic Procedures Performed in 2020,https://www.isaps.org/media/dzjfg50s/isaps-global-survey_2020.pdf,ISAPS page 25 country procedure table.,official_association_report
E:\shared\行业报告\2020isaps-global-survey.pdf,procedure_volume,Facial rejuvenation,Chemical Peel,,Spain,6867,procedures,2020,ISAPS,2020 ISAPS International Survey on Aesthetic/Cosmetic Procedures Performed in 2020,https://www.isaps.org/media/dzjfg50s/isaps-global-survey_2020.pdf,ISAPS page 25 country procedure table.,official_association_report
E:\shared\行业报告\2020isaps-global-survey.pdf,procedure_volume,Facial rejuvenation,Full Field Ablative,,Spain,963,procedures,2020,ISAPS,2020 ISAPS International Survey on Aesthetic/Cosmetic Procedures Performed in 2020,https://www.isaps.org/media/dzjfg50s/isaps-global-survey_2020.pdf,ISAPS page 25 country procedure table.,official_association_report
E:\shared\行业报告\2020isaps-global-survey.pdf,procedure_volume,Facial rejuvenation,Micro-Ablative Resurfacing,,Spain,1863,procedures,2020,ISAPS,2020 ISAPS International Survey on Aesthetic/Cosmetic Procedures Performed in 2020,https://www.isaps.org/media/dzjfg50s/isaps-global-survey_2020.pdf,ISAPS page 25 country procedure table.,official_association_report
E:\shared\行业报告\2020isaps-global-survey.pdf,procedure_volume,Facial rejuvenation,Photo Rejuvenation,,Spain,1404,procedures,2020,ISAPS,2020 ISAPS International Survey on Aesthetic/Cosmetic Procedures Performed in 2020,https://www.isaps.org/media/dzjfg50s/isaps-global-survey_2020.pdf,ISAPS page 25 country procedure table.,official_association_report
E:\shared\行业报告\2020isaps-global-survey.pdf,procedure_volume,Other non-surgical,Hair Removal,,Spain,11250,procedures,2020,ISAPS,2020 ISAPS International Survey on Aesthetic/Cosmetic Procedures Performed in 2020,https://www.isaps.org/media/dzjfg50s/isaps-global-survey_2020.pdf,ISAPS page 25 country procedure table.,official_association_report
E:\shared\行业报告\2020isaps-global-survey.pdf,procedure_volume,Other non-surgical,Non-Surgical Fat Reduction,,Spain,765,procedures,2020,ISAPS,2020 ISAPS International Survey on Aesthetic/Cosmetic Procedures Performed in 2020,https://www.isaps.org/media/dzjfg50s/isaps-global-survey_2020.pdf,ISAPS page 25 country procedure table.,official_association_report
E:\shared\行业报告\2020isaps-global-survey.pdf,procedure_volume,All procedures,Country total procedures,,Greece,397033,procedures,2020,ISAPS,2020 ISAPS International Survey on Aesthetic/Cosmetic Procedures Performed in 2020,https://www.isaps.org/media/dzjfg50s/isaps-global-survey_2020.pdf,ISAPS page 26 country procedure table.,official_association_report
E:\shared\行业报告\2020isaps-global-survey.pdf,procedure_volume,Surgical procedures,Country surgical procedures,,Greece,78131,procedures,2020,ISAPS,2020 ISAPS International Survey on Aesthetic/Cosmetic Procedures Performed in 2020,https://www.isaps.org/media/dzjfg50s/isaps-global-survey_2020.pdf,ISAPS page 26 country procedure table.,official_association_report
E:\shared\行业报告\2020isaps-global-survey.pdf,procedure_volume,Non-surgical procedures,Country non-surgical procedures,,Greece,318903,procedures,2020,ISAPS,2020 ISAPS International Survey on Aesthetic/Cosmetic Procedures Performed in 2020,https://www.isaps.org/media/dzjfg50s/isaps-global-survey_2020.pdf,ISAPS page 26 country procedure table.,official_association_report
E:\shared\行业报告\2020isaps-global-survey.pdf,procedure_volume,Injectables,Country total injectables,,Greece,180838,procedures,2020,ISAPS,2020 ISAPS International Survey on Aesthetic/Cosmetic Procedures Performed in 2020,https://www.isaps.org/media/dzjfg50s/isaps-global-survey_2020.pdf,ISAPS page 26 country procedure table.,official_association_report
E:\shared\行业报告\2020isaps-global-survey.pdf,procedure_volume,Facial rejuvenation,Country total facial rejuvenation,,Greece,32564,procedures,2020,ISAPS,2020 ISAPS International Survey on Aesthetic/Cosmetic Procedures Performed in 2020,https://www.isaps.org/media/dzjfg50s/isaps-global-survey_2020.pdf,ISAPS page 26 country procedure table.,official_association_report
E:\shared\行业报告\2020isaps-global-survey.pdf,procedure_volume,Other non-surgical,Country total other non-surgical,,Greece,105501,procedures,2020,ISAPS,2020 ISAPS International Survey on Aesthetic/Cosmetic Procedures Performed in 2020,https://www.isaps.org/media/dzjfg50s/isaps-global-survey_2020.pdf,ISAPS page 26 country procedure table.,official_association_report
E:\shared\行业报告\2020isaps-global-survey.pdf,procedure_volume,Injectables,Botulinum Toxin,,Greece,97213,procedures,2020,ISAPS,2020 ISAPS International Survey on Aesthetic/Cosmetic Procedures Performed in 2020,https://www.isaps.org/media/dzjfg50s/isaps-global-survey_2020.pdf,ISAPS page 26 country procedure table.,official_association_report
E:\shared\行业报告\2020isaps-global-survey.pdf,procedure_volume,Injectables,Calcium Hydroxylapatite,,Greece,1925,procedures,2020,ISAPS,2020 ISAPS International Survey on Aesthetic/Cosmetic Procedures Performed in 2020,https://www.isaps.org/media/dzjfg50s/isaps-global-survey_2020.pdf,ISAPS page 26 country procedure table.,official_association_report
E:\shared\行业报告\2020isaps-global-survey.pdf,procedure_volume,Injectables,Hyaluronic Acid,,Greece,80462,procedures,2020,ISAPS,2020 ISAPS International Survey on Aesthetic/Cosmetic Procedures Performed in 2020,https://www.isaps.org/media/dzjfg50s/isaps-global-survey_2020.pdf,ISAPS page 26 country procedure table.,official_association_report
E:\shared\行业报告\2020isaps-global-survey.pdf,procedure_volume,Injectables,Poly-L-Lactic Acid,,Greece,1239,procedures,2020,ISAPS,2020 ISAPS International Survey on Aesthetic/Cosmetic Procedures Performed in 2020,https://www.isaps.org/media/dzjfg50s/isaps-global-survey_2020.pdf,ISAPS page 26 country procedure table.,official_association_report
E:\shared\行业报告\2020isaps-global-survey.pdf,procedure_volume,Facial rejuvenation,Chemical Peel,,Greece,9163,procedures,2020,ISAPS,2020 ISAPS International Survey on Aesthetic/Cosmetic Procedures Performed in 2020,https://www.isaps.org/media/dzjfg50s/isaps-global-survey_2020.pdf,ISAPS page 26 country procedure table.,official_association_report
E:\shared\行业报告\2020isaps-global-survey.pdf,procedure_volume,Facial rejuvenation,Full Field Ablative,,Greece,4788,procedures,2020,ISAPS,2020 ISAPS International Survey on Aesthetic/Cosmetic Procedures Performed in 2020,https://www.isaps.org/media/dzjfg50s/isaps-global-survey_2020.pdf,ISAPS page 26 country procedure table.,official_association_report
E:\shared\行业报告\2020isaps-global-survey.pdf,procedure_volume,Facial rejuvenation,Micro-Ablative Resurfacing,,Greece,8901,procedures,2020,ISAPS,2020 ISAPS International Survey on Aesthetic/Cosmetic Procedures Performed in 2020,https://www.isaps.org/media/dzjfg50s/isaps-global-survey_2020.pdf,ISAPS page 26 country procedure table.,official_association_report
E:\shared\行业报告\2020isaps-global-survey.pdf,procedure_volume,Facial rejuvenation,Photo Rejuvenation,,Greece,9713,procedures,2020,ISAPS,2020 ISAPS International Survey on Aesthetic/Cosmetic Procedures Performed in 2020,https://www.isaps.org/media/dzjfg50s/isaps-global-survey_2020.pdf,ISAPS page 26 country procedure table.,official_association_report
E:\shared\行业报告\2020isaps-global-survey.pdf,procedure_volume,Other non-surgical,Hair Removal,,Greece,86289,procedures,2020,ISAPS,2020 ISAPS International Survey on Aesthetic/Cosmetic Procedures Performed in 2020,https://www.isaps.org/media/dzjfg50s/isaps-global-survey_2020.pdf,ISAPS page 26 country procedure table.,official_association_report
E:\shared\行业报告\2020isaps-global-survey.pdf,procedure_volume,Other non-surgical,Non-Surgical Fat Reduction,,Greece,19212,procedures,2020,ISAPS,2020 ISAPS International Survey on Aesthetic/Cosmetic Procedures Performed in 2020,https://www.isaps.org/media/dzjfg50s/isaps-global-survey_2020.pdf,ISAPS page 26 country procedure table.,official_association_report
E:\shared\行业报告\2020isaps-global-survey.pdf,procedure_volume,All procedures,Country total procedures,,Colombia,366312,procedures,2020,ISAPS,2020 ISAPS International Survey on Aesthetic/Cosmetic Procedures Performed in 2020,https://www.isaps.org/media/dzjfg50s/isaps-global-survey_2020.pdf,ISAPS page 27 country procedure table.,official_association_report
E:\shared\行业报告\2020isaps-global-survey.pdf,procedure_volume,Surgical procedures,Country surgical procedures,,Colombia,208416,procedures,2020,ISAPS,2020 ISAPS International Survey on Aesthetic/Cosmetic Procedures Performed in 2020,https://www.isaps.org/media/dzjfg50s/isaps-global-survey_2020.pdf,ISAPS page 27 country procedure table.,official_association_report
E:\shared\行业报告\2020isaps-global-survey.pdf,procedure_volume,Non-surgical procedures,Country non-surgical procedures,,Colombia,157896,procedures,2020,ISAPS,2020 ISAPS International Survey on Aesthetic/Cosmetic Procedures Performed in 2020,https://www.isaps.org/media/dzjfg50s/isaps-global-survey_2020.pdf,ISAPS page 27 country procedure table.,official_association_report
E:\shared\行业报告\2020isaps-global-survey.pdf,procedure_volume,Injectables,Country total injectables,,Colombia,111924,procedures,2020,ISAPS,2020 ISAPS International Survey on Aesthetic/Cosmetic Procedures Performed in 2020,https://www.isaps.org/media/dzjfg50s/isaps-global-survey_2020.pdf,ISAPS page 27 country procedure table.,official_association_report
E:\shared\行业报告\2020isaps-global-survey.pdf,procedure_volume,Facial rejuvenation,Country total facial rejuvenation,,Colombia,15336,procedures,2020,ISAPS,2020 ISAPS International Survey on Aesthetic/Cosmetic Procedures Performed in 2020,https://www.isaps.org/media/dzjfg50s/isaps-global-survey_2020.pdf,ISAPS page 27 country procedure table.,official_association_report
E:\shared\行业报告\2020isaps-global-survey.pdf,procedure_volume,Other non-surgical,Country total other non-surgical,,Colombia,30636,procedures,2020,ISAPS,2020 ISAPS International Survey on Aesthetic/Cosmetic Procedures Performed in 2020,https://www.isaps.org/media/dzjfg50s/isaps-global-survey_2020.pdf,ISAPS page 27 country procedure table.,official_association_report
E:\shared\行业报告\2020isaps-global-survey.pdf,procedure_volume,Injectables,Botulinum Toxin,,Colombia,59340,procedures,2020,ISAPS,2020 ISAPS International Survey on Aesthetic/Cosmetic Procedures Performed in 2020,https://www.isaps.org/media/dzjfg50s/isaps-global-survey_2020.pdf,ISAPS page 27 country procedure table.,official_association_report
E:\shared\行业报告\2020isaps-global-survey.pdf,procedure_volume,Injectables,Calcium Hydroxylapatite,,Colombia,4704,procedures,2020,ISAPS,2020 ISAPS International Survey on Aesthetic/Cosmetic Procedures Performed in 2020,https://www.isaps.org/media/dzjfg50s/isaps-global-survey_2020.pdf,ISAPS page 27 country procedure table.,official_association_report
E:\shared\行业报告\2020isaps-global-survey.pdf,procedure_volume,Injectables,Hyaluronic Acid,,Colombia,46752,procedures,2020,ISAPS,2020 ISAPS International Survey on Aesthetic/Cosmetic Procedures Performed in 2020,https://www.isaps.org/media/dzjfg50s/isaps-global-survey_2020.pdf,ISAPS page 27 country procedure table.,official_association_report
E:\shared\行业报告\2020isaps-global-survey.pdf,procedure_volume,Injectables,Poly-L-Lactic Acid,,Colombia,1128,procedures,2020,ISAPS,2020 ISAPS International Survey on Aesthetic/Cosmetic Procedures Performed in 2020,https://www.isaps.org/media/dzjfg50s/isaps-global-survey_2020.pdf,ISAPS page 27 country procedure table.,official_association_report
E:\shared\行业报告\2020isaps-global-survey.pdf,procedure_volume,Facial rejuvenation,Chemical Peel,,Colombia,1788,procedures,2020,ISAPS,2020 ISAPS International Survey on Aesthetic/Cosmetic Procedures Performed in 2020,https://www.isaps.org/media/dzjfg50s/isaps-global-survey_2020.pdf,ISAPS page 27 country procedure table.,official_association_report
E:\shared\行业报告\2020isaps-global-survey.pdf,procedure_volume,Facial rejuvenation,Full Field Ablative,,Colombia,4428,procedures,2020,ISAPS,2020 ISAPS International Survey on Aesthetic/Cosmetic Procedures Performed in 2020,https://www.isaps.org/media/dzjfg50s/isaps-global-survey_2020.pdf,ISAPS page 27 country procedure table.,official_association_report
E:\shared\行业报告\2020isaps-global-survey.pdf,procedure_volume,Facial rejuvenation,Micro-Ablative Resurfacing,,Colombia,4584,procedures,2020,ISAPS,2020 ISAPS International Survey on Aesthetic/Cosmetic Procedures Performed in 2020,https://www.isaps.org/media/dzjfg50s/isaps-global-survey_2020.pdf,ISAPS page 27 country procedure table.,official_association_report
E:\shared\行业报告\2020isaps-global-survey.pdf,procedure_volume,Facial rejuvenation,Photo Rejuvenation,,Colombia,4536,procedures,2020,ISAPS,2020 ISAPS International Survey on Aesthetic/Cosmetic Procedures Performed in 2020,https://www.isaps.org/media/dzjfg50s/isaps-global-survey_2020.pdf,ISAPS page 27 country procedure table.,official_association_report
E:\shared\行业报告\2020isaps-global-survey.pdf,procedure_volume,Other non-surgical,Hair Removal,,Colombia,21456,procedures,2020,ISAPS,2020 ISAPS International Survey on Aesthetic/Cosmetic Procedures Performed in 2020,https://www.isaps.org/media/dzjfg50s/isaps-global-survey_2020.pdf,ISAPS page 27 country procedure table.,official_association_report
E:\shared\行业报告\2020isaps-global-survey.pdf,procedure_volume,Other non-surgical,Non-Surgical Fat Reduction,,Colombia,9180,procedures,2020,ISAPS,2020 ISAPS International Survey on Aesthetic/Cosmetic Procedures Performed in 2020,https://www.isaps.org/media/dzjfg50s/isaps-global-survey_2020.pdf,ISAPS page 27 country procedure table.,official_association_report
E:\shared\行业报告\2020isaps-global-survey.pdf,procedure_volume,All procedures,Country total procedures,,Thailand,154547,procedures,2020,ISAPS,2020 ISAPS International Survey on Aesthetic/Cosmetic Procedures Performed in 2020,https://www.isaps.org/media/dzjfg50s/isaps-global-survey_2020.pdf,ISAPS page 28 country procedure table.,official_association_report
E:\shared\行业报告\2020isaps-global-survey.pdf,procedure_volume,Surgical procedures,Country surgical procedures,,Thailand,102407,procedures,2020,ISAPS,2020 ISAPS International Survey on Aesthetic/Cosmetic Procedures Performed in 2020,https://www.isaps.org/media/dzjfg50s/isaps-global-survey_2020.pdf,ISAPS page 28 country procedure table.,official_association_report
E:\shared\行业报告\2020isaps-global-survey.pdf,procedure_volume,Non-surgical procedures,Country non-surgical procedures,,Thailand,52140,procedures,2020,ISAPS,2020 ISAPS International Survey on Aesthetic/Cosmetic Procedures Performed in 2020,https://www.isaps.org/media/dzjfg50s/isaps-global-survey_2020.pdf,ISAPS page 28 country procedure table.,official_association_report
E:\shared\行业报告\2020isaps-global-survey.pdf,procedure_volume,Injectables,Country total injectables,,Thailand,48295,procedures,2020,ISAPS,2020 ISAPS International Survey on Aesthetic/Cosmetic Procedures Performed in 2020,https://www.isaps.org/media/dzjfg50s/isaps-global-survey_2020.pdf,ISAPS page 28 country procedure table.,official_association_report
E:\shared\行业报告\2020isaps-global-survey.pdf,procedure_volume,Facial rejuvenation,Country total facial rejuvenation,,Thailand,3060,procedures,2020,ISAPS,2020 ISAPS International Survey on Aesthetic/Cosmetic Procedures Performed in 2020,https://www.isaps.org/media/dzjfg50s/isaps-global-survey_2020.pdf,ISAPS page 28 country procedure table.,official_association_report
E:\shared\行业报告\2020isaps-global-survey.pdf,procedure_volume,Other non-surgical,Country total other non-surgical,,Thailand,786,procedures,2020,ISAPS,2020 ISAPS International Survey on Aesthetic/Cosmetic Procedures Performed in 2020,https://www.isaps.org/media/dzjfg50s/isaps-global-survey_2020.pdf,ISAPS page 28 country procedure table.,official_association_report
E:\shared\行业报告\2020isaps-global-survey.pdf,procedure_volume,Injectables,Botulinum Toxin,,Thailand,36721,procedures,2020,ISAPS,2020 ISAPS International Survey on Aesthetic/Cosmetic Procedures Performed in 2020,https://www.isaps.org/media/dzjfg50s/isaps-global-survey_2020.pdf,ISAPS page 28 country procedure table.,official_association_report
E:\shared\行业报告\2020isaps-global-survey.pdf,procedure_volume,Injectables,Calcium Hydroxylapatite,,Thailand,0,procedures,2020,ISAPS,2020 ISAPS International Survey on Aesthetic/Cosmetic Procedures Performed in 2020,https://www.isaps.org/media/dzjfg50s/isaps-global-survey_2020.pdf,ISAPS page 28 country procedure table.,official_association_report
E:\shared\行业报告\2020isaps-global-survey.pdf,procedure_volume,Injectables,Hyaluronic Acid,,Thailand,11574,procedures,2020,ISAPS,2020 ISAPS International Survey on Aesthetic/Cosmetic Procedures Performed in 2020,https://www.isaps.org/media/dzjfg50s/isaps-global-survey_2020.pdf,ISAPS page 28 country procedure table.,official_association_report
E:\shared\行业报告\2020isaps-global-survey.pdf,procedure_volume,Injectables,Poly-L-Lactic Acid,,Thailand,0,procedures,2020,ISAPS,2020 ISAPS International Survey on Aesthetic/Cosmetic Procedures Performed in 2020,https://www.isaps.org/media/dzjfg50s/isaps-global-survey_2020.pdf,ISAPS page 28 country procedure table.,official_association_report
E:\shared\行业报告\2020isaps-global-survey.pdf,procedure_volume,Facial rejuvenation,Chemical Peel,,Thailand,107,procedures,2020,ISAPS,2020 ISAPS International Survey on Aesthetic/Cosmetic Procedures Performed in 2020,https://www.isaps.org/media/dzjfg50s/isaps-global-survey_2020.pdf,ISAPS page 28 country procedure table.,official_association_report
E:\shared\行业报告\2020isaps-global-survey.pdf,procedure_volume,Facial rejuvenation,Full Field Ablative,,Thailand,0,procedures,2020,ISAPS,2020 ISAPS International Survey on Aesthetic/Cosmetic Procedures Performed in 2020,https://www.isaps.org/media/dzjfg50s/isaps-global-survey_2020.pdf,ISAPS page 28 country procedure table.,official_association_report
E:\shared\行业报告\2020isaps-global-survey.pdf,procedure_volume,Facial rejuvenation,Micro-Ablative Resurfacing,,Thailand,42,procedures,2020,ISAPS,2020 ISAPS International Survey on Aesthetic/Cosmetic Procedures Performed in 2020,https://www.isaps.org/media/dzjfg50s/isaps-global-survey_2020.pdf,ISAPS page 28 country procedure table.,official_association_report
E:\shared\行业报告\2020isaps-global-survey.pdf,procedure_volume,Facial rejuvenation,Photo Rejuvenation,,Thailand,2911,procedures,2020,ISAPS,2020 ISAPS International Survey on Aesthetic/Cosmetic Procedures Performed in 2020,https://www.isaps.org/media/dzjfg50s/isaps-global-survey_2020.pdf,ISAPS page 28 country procedure table.,official_association_report
E:\shared\行业报告\2020isaps-global-survey.pdf,procedure_volume,Other non-surgical,Hair Removal,,Thailand,586,procedures,2020,ISAPS,2020 ISAPS International Survey on Aesthetic/Cosmetic Procedures Performed in 2020,https://www.isaps.org/media/dzjfg50s/isaps-global-survey_2020.pdf,ISAPS page 28 country procedure table.,official_association_report
E:\shared\行业报告\2020isaps-global-survey.pdf,procedure_volume,Other non-surgical,Non-Surgical Fat Reduction,,Thailand,200,procedures,2020,ISAPS,2020 ISAPS International Survey on Aesthetic/Cosmetic Procedures Performed in 2020,https://www.isaps.org/media/dzjfg50s/isaps-global-survey_2020.pdf,ISAPS page 28 country procedure table.,official_association_report
E:\shared\行业报告\2020isaps-global-survey.pdf,estimated_plastic_surgeons,Workforce,Estimated plastic surgeons,,United States,7000,surgeons,2020,ISAPS,2020 ISAPS International Survey on Aesthetic/Cosmetic Procedures Performed in 2020,https://www.isaps.org/media/dzjfg50s/isaps-global-survey_2020.pdf,ISAPS page 36 ranked estimated number of plastic surgeons.,official_association_report
E:\shared\行业报告\2020isaps-global-survey.pdf,estimated_plastic_surgeons,Workforce,Estimated plastic surgeons,,Brazil,5843,surgeons,2020,ISAPS,2020 ISAPS International Survey on Aesthetic/Cosmetic Procedures Performed in 2020,https://www.isaps.org/media/dzjfg50s/isaps-global-survey_2020.pdf,ISAPS page 36 ranked estimated number of plastic surgeons.,official_association_report
E:\shared\行业报告\2020isaps-global-survey.pdf,estimated_plastic_surgeons,Workforce,Estimated plastic surgeons,,China,3000,surgeons,2020,ISAPS,2020 ISAPS International Survey on Aesthetic/Cosmetic Procedures Performed in 2020,https://www.isaps.org/media/dzjfg50s/isaps-global-survey_2020.pdf,ISAPS page 36 ranked estimated number of plastic surgeons.,official_association_report
E:\shared\行业报告\2020isaps-global-survey.pdf,estimated_plastic_surgeons,Workforce,Estimated plastic surgeons,,Japan,2707,surgeons,2020,ISAPS,2020 ISAPS International Survey on Aesthetic/Cosmetic Procedures Performed in 2020,https://www.isaps.org/media/dzjfg50s/isaps-global-survey_2020.pdf,ISAPS page 36 ranked estimated number of plastic surgeons.,official_association_report
E:\shared\行业报告\2020isaps-global-survey.pdf,estimated_plastic_surgeons,Workforce,Estimated plastic surgeons,,South Korea,2581,surgeons,2020,ISAPS,2020 ISAPS International Survey on Aesthetic/Cosmetic Procedures Performed in 2020,https://www.isaps.org/media/dzjfg50s/isaps-global-survey_2020.pdf,ISAPS page 36 ranked estimated number of plastic surgeons.,official_association_report
E:\shared\行业报告\2020isaps-global-survey.pdf,estimated_plastic_surgeons,Workforce,Estimated plastic surgeons,,India,2400,surgeons,2020,ISAPS,2020 ISAPS International Survey on Aesthetic/Cosmetic Procedures Performed in 2020,https://www.isaps.org/media/dzjfg50s/isaps-global-survey_2020.pdf,ISAPS page 36 ranked estimated number of plastic surgeons.,official_association_report
E:\shared\行业报告\2020isaps-global-survey.pdf,estimated_plastic_surgeons,Workforce,Estimated plastic surgeons,,Russia,2000,surgeons,2020,ISAPS,2020 ISAPS International Survey on Aesthetic/Cosmetic Procedures Performed in 2020,https://www.isaps.org/media/dzjfg50s/isaps-global-survey_2020.pdf,ISAPS page 36 ranked estimated number of plastic surgeons.,official_association_report
E:\shared\行业报告\2020isaps-global-survey.pdf,estimated_plastic_surgeons,Workforce,Estimated plastic surgeons,,Argentina,2000,surgeons,2020,ISAPS,2020 ISAPS International Survey on Aesthetic/Cosmetic Procedures Performed in 2020,https://www.isaps.org/media/dzjfg50s/isaps-global-survey_2020.pdf,ISAPS page 36 ranked estimated number of plastic surgeons.,official_association_report
E:\shared\行业报告\2020isaps-global-survey.pdf,estimated_plastic_surgeons,Workforce,Estimated plastic surgeons,,Mexico,1749,surgeons,2020,ISAPS,2020 ISAPS International Survey on Aesthetic/Cosmetic Procedures Performed in 2020,https://www.isaps.org/media/dzjfg50s/isaps-global-survey_2020.pdf,ISAPS page 36 ranked estimated number of plastic surgeons.,official_association_report
E:\shared\行业报告\2020isaps-global-survey.pdf,estimated_plastic_surgeons,Workforce,Estimated plastic surgeons,,Germany,1541,surgeons,2020,ISAPS,2020 ISAPS International Survey on Aesthetic/Cosmetic Procedures Performed in 2020,https://www.isaps.org/media/dzjfg50s/isaps-global-survey_2020.pdf,ISAPS page 36 ranked estimated number of plastic surgeons.,official_association_report
E:\shared\行业报告\2020isaps-global-survey.pdf,estimated_plastic_surgeons,Workforce,Estimated plastic surgeons,,Turkiye,1300,surgeons,2020,ISAPS,2020 ISAPS International Survey on Aesthetic/Cosmetic Procedures Performed in 2020,https://www.isaps.org/media/dzjfg50s/isaps-global-survey_2020.pdf,ISAPS page 36 ranked estimated number of plastic surgeons.,official_association_report
E:\shared\行业报告\2020isaps-global-survey.pdf,estimated_plastic_surgeons,Workforce,Estimated plastic surgeons,,Italy,1200,surgeons,2020,ISAPS,2020 ISAPS International Survey on Aesthetic/Cosmetic Procedures Performed in 2020,https://www.isaps.org/media/dzjfg50s/isaps-global-survey_2020.pdf,ISAPS page 36 ranked estimated number of plastic surgeons.,official_association_report
E:\shared\行业报告\2020isaps-global-survey.pdf,estimated_plastic_surgeons,Workforce,Estimated plastic surgeons,,Colombia,1200,surgeons,2020,ISAPS,2020 ISAPS International Survey on Aesthetic/Cosmetic Procedures Performed in 2020,https://www.isaps.org/media/dzjfg50s/isaps-global-survey_2020.pdf,ISAPS page 36 ranked estimated number of plastic surgeons.,official_association_report
E:\shared\行业报告\2020isaps-global-survey.pdf,estimated_plastic_surgeons,Workforce,Estimated plastic surgeons,,France,1020,surgeons,2020,ISAPS,2020 ISAPS International Survey on Aesthetic/Cosmetic Procedures Performed in 2020,https://www.isaps.org/media/dzjfg50s/isaps-global-survey_2020.pdf,ISAPS page 36 ranked estimated number of plastic surgeons.,official_association_report
E:\shared\行业报告\2020isaps-global-survey.pdf,estimated_plastic_surgeons,Workforce,Estimated plastic surgeons,,Spain,900,surgeons,2020,ISAPS,2020 ISAPS International Survey on Aesthetic/Cosmetic Procedures Performed in 2020,https://www.isaps.org/media/dzjfg50s/isaps-global-survey_2020.pdf,ISAPS page 36 ranked estimated number of plastic surgeons.,official_association_report
E:\shared\行业报告\2020isaps-global-survey.pdf,estimated_plastic_surgeons,Workforce,Estimated plastic surgeons,,Chinese Taipei,759,surgeons,2020,ISAPS,2020 ISAPS International Survey on Aesthetic/Cosmetic Procedures Performed in 2020,https://www.isaps.org/media/dzjfg50s/isaps-global-survey_2020.pdf,ISAPS page 36 ranked estimated number of plastic surgeons.,official_association_report
E:\shared\行业报告\2020isaps-global-survey.pdf,estimated_plastic_surgeons,Workforce,Estimated plastic surgeons,,Venezuela,700,surgeons,2020,ISAPS,2020 ISAPS International Survey on Aesthetic/Cosmetic Procedures Performed in 2020,https://www.isaps.org/media/dzjfg50s/isaps-global-survey_2020.pdf,ISAPS page 36 ranked estimated number of plastic surgeons.,official_association_report
E:\shared\行业报告\2020isaps-global-survey.pdf,estimated_plastic_surgeons,Workforce,Estimated plastic surgeons,,UK,619,surgeons,2020,ISAPS,2020 ISAPS International Survey on Aesthetic/Cosmetic Procedures Performed in 2020,https://www.isaps.org/media/dzjfg50s/isaps-global-survey_2020.pdf,ISAPS page 36 ranked estimated number of plastic surgeons.,official_association_report
E:\shared\行业报告\2020isaps-global-survey.pdf,estimated_plastic_surgeons,Workforce,Estimated plastic surgeons,,Netherlands,605,surgeons,2020,ISAPS,2020 ISAPS International Survey on Aesthetic/Cosmetic Procedures Performed in 2020,https://www.isaps.org/media/dzjfg50s/isaps-global-survey_2020.pdf,ISAPS page 36 ranked estimated number of plastic surgeons.,official_association_report
E:\shared\行业报告\2020isaps-global-survey.pdf,estimated_plastic_surgeons,Workforce,Estimated plastic surgeons,,Egypt,570,surgeons,2020,ISAPS,2020 ISAPS International Survey on Aesthetic/Cosmetic Procedures Performed in 2020,https://www.isaps.org/media/dzjfg50s/isaps-global-survey_2020.pdf,ISAPS page 36 ranked estimated number of plastic surgeons.,official_association_report
E:\shared\行业报告\2020isaps-global-survey.pdf,estimated_plastic_surgeons,Workforce,Estimated plastic surgeons,,Peru,563,surgeons,2020,ISAPS,2020 ISAPS International Survey on Aesthetic/Cosmetic Procedures Performed in 2020,https://www.isaps.org/media/dzjfg50s/isaps-global-survey_2020.pdf,ISAPS page 36 ranked estimated number of plastic surgeons.,official_association_report
E:\shared\行业报告\2020isaps-global-survey.pdf,estimated_plastic_surgeons,Workforce,Estimated plastic surgeons,,Thailand,465,surgeons,2020,ISAPS,2020 ISAPS International Survey on Aesthetic/Cosmetic Procedures Performed in 2020,https://www.isaps.org/media/dzjfg50s/isaps-global-survey_2020.pdf,ISAPS page 36 ranked estimated number of plastic surgeons.,official_association_report
E:\shared\行业报告\2020isaps-global-survey.pdf,estimated_plastic_surgeons,Workforce,Estimated plastic surgeons,,Canada,460,surgeons,2020,ISAPS,2020 ISAPS International Survey on Aesthetic/Cosmetic Procedures Performed in 2020,https://www.isaps.org/media/dzjfg50s/isaps-global-survey_2020.pdf,ISAPS page 36 ranked estimated number of plastic surgeons.,official_association_report
E:\shared\行业报告\2020isaps-global-survey.pdf,estimated_plastic_surgeons,Workforce,Estimated plastic surgeons,,Australia,424,surgeons,2020,ISAPS,2020 ISAPS International Survey on Aesthetic/Cosmetic Procedures Performed in 2020,https://www.isaps.org/media/dzjfg50s/isaps-global-survey_2020.pdf,ISAPS page 36 ranked estimated number of plastic surgeons.,official_association_report
E:\shared\行业报告\2020isaps-global-survey.pdf,estimated_plastic_surgeons,Workforce,Estimated plastic surgeons,,Greece,350,surgeons,2020,ISAPS,2020 ISAPS International Survey on Aesthetic/Cosmetic Procedures Performed in 2020,https://www.isaps.org/media/dzjfg50s/isaps-global-survey_2020.pdf,ISAPS page 36 ranked estimated number of plastic surgeons.,official_association_report
E:\shared\行业报告\2020isaps-global-survey.pdf,estimated_plastic_surgeons,Workforce,Estimated plastic surgeons,,Ukraine,350,surgeons,2020,ISAPS,2020 ISAPS International Survey on Aesthetic/Cosmetic Procedures Performed in 2020,https://www.isaps.org/media/dzjfg50s/isaps-global-survey_2020.pdf,ISAPS page 36 ranked estimated number of plastic surgeons.,official_association_report
E:\shared\行业报告\2020isaps-global-survey.pdf,estimated_plastic_surgeons,Workforce,Estimated plastic surgeons,,Romania,342,surgeons,2020,ISAPS,2020 ISAPS International Survey on Aesthetic/Cosmetic Procedures Performed in 2020,https://www.isaps.org/media/dzjfg50s/isaps-global-survey_2020.pdf,ISAPS page 36 ranked estimated number of plastic surgeons.,official_association_report
E:\shared\行业报告\2020isaps-global-survey.pdf,estimated_plastic_surgeons,Workforce,Estimated plastic surgeons,,Iran,310,surgeons,2020,ISAPS,2020 ISAPS International Survey on Aesthetic/Cosmetic Procedures Performed in 2020,https://www.isaps.org/media/dzjfg50s/isaps-global-survey_2020.pdf,ISAPS page 36 ranked estimated number of plastic surgeons.,official_association_report
E:\shared\行业报告\2020isaps-global-survey.pdf,estimated_plastic_surgeons,Workforce,Estimated plastic surgeons,,Belgium,280,surgeons,2020,ISAPS,2020 ISAPS International Survey on Aesthetic/Cosmetic Procedures Performed in 2020,https://www.isaps.org/media/dzjfg50s/isaps-global-survey_2020.pdf,ISAPS page 36 ranked estimated number of plastic surgeons.,official_association_report
E:\shared\行业报告\2020isaps-global-survey.pdf,estimated_plastic_surgeons,Workforce,Estimated plastic surgeons,,Austria,260,surgeons,2020,ISAPS,2020 ISAPS International Survey on Aesthetic/Cosmetic Procedures Performed in 2020,https://www.isaps.org/media/dzjfg50s/isaps-global-survey_2020.pdf,ISAPS page 36 ranked estimated number of plastic surgeons.,official_association_report
